===== playlive_2026-08-04_12-25-49.log =====
   [travel] no clean path from (7, 0) AND no NPC-allowing path (npcs nearby=[(10, 9)]) - genuine wall/zone gap, will time out
   [travel] !! TRAVEL WEDGE: identical fp x4 retries at (7, 0) map=(3, 37) (reason=no_route) -> returning to roam LOUD (no inner spin)
   [travel] start map=(3, 37) coords=(7, 0) -> map (3, 38) (budget 300s)
   [travel] west connection band rows: [0, 1, 2, 3, 4, 5, 6, 7, 8, 9, 10, 11, 12, 13, 14, 15, 16, 17, 18, 19, 20, 21, 22, 23, 24, 25, 26, 27, 28, 29, 30, 31, 32, 33, 34, 35, 36, 37, 38, 39]
   [travel] path blocked at (7, 0) (NPC on the gap?) - waiting
   [travel] no clean path from (7, 0) AND no NPC-allowing path (npcs nearby=[(10, 9)]) - genuine wall/zone gap, will time out
   [travel] !! TRAVEL WEDGE: identical fp x4 retries at (7, 0) map=(3, 37) (reason=no_route) -> returning to roam LOUD (no inner spin)
   [travel] start map=(3, 37) coords=(7, 0) -> map (3, 7) (budget 300s)
   [travel] north connection band cols: [7, 8, 9, 10, 11, 12, 13, 14, 15, 16]
   [travel] MAP TRANSITION (3, 37) -> (3, 7)
   [travel] north connection band cols: [0, 1, 2, 3, 4, 5, 6, 7, 8, 9, 10, 11, 12, 13, 14, 15, 16, 17, 18, 19, 20, 21, 22, 23, 24, 25, 26, 27, 28, 29, 30, 31, 32, 33, 34, 35, 36, 37, 38, 39, 40, 41, 42, 43, 44, 45, 46, 47, 48]
   [travel] ARRIVED at target map (3, 7) coords=(19, 39)
   [travel] start map=(3, 7) coords=(19, 39) -> map (3, 37) (budget 300s)
   [travel] south connection band cols: [0, 1, 2, 3, 4, 5, 6, 7, 8, 9, 10, 11, 19, 20, 21, 22, 23, 24, 25, 26, 27, 28, 36, 37, 38, 39, 40, 41, 42, 43, 44, 45, 46, 47, 48]
   [travel] MAP TRANSITION (3, 7) -> (3, 37)
   [travel] south connection band cols: [0, 1, 2, 3, 4, 5, 6, 7, 8, 9, 10, 11, 12, 13, 14, 15, 16, 17, 18, 19, 20, 21, 22, 23, 24]
   [travel] ARRIVED at target map (3, 37) coords=(7, 0)
   [travel] start map=(3, 37) coords=(7, 0) -> map (3, 38) (budget 300s)
   [travel] west connection band rows: [0, 1, 2, 3, 4, 5, 6, 7, 8, 9, 10, 11, 12, 13, 14, 15, 16, 17, 18, 19, 20, 21, 22, 23, 24, 25, 26, 27, 28, 29, 30, 31, 32, 33, 34, 35, 36, 37, 38, 39]
   [travel] path blocked at (7, 0) (NPC on the gap?) - waiting
   [travel] no clean path from (7, 0) AND no NPC-allowing path (npcs nearby=[(10, 9)]) - genuine wall/zone gap, will time out
   [travel] !! TRAVEL WEDGE: identical fp x4 retries at (7, 0) map=(3, 37) (reason=no_route) -> returning to roam LOUD (no inner spin)
   [travel] start map=(3, 37) coords=(7, 0) -> map (3, 38) (budget 300s)
   [travel] west connection band rows: [0, 1, 2, 3, 4, 5, 6, 7, 8, 9, 10, 11, 12, 13, 14, 15, 16, 17, 18, 19, 20, 21, 22, 23, 24, 25, 26, 27, 28, 29, 30, 31, 32, 33, 34, 35, 36, 37, 38, 39]
   [travel] path blocked at (7, 0) (NPC on the gap?) - waiting
   [travel] no clean path from (7, 0) AND no NPC-allowing path (npcs nearby=[(10, 9)]) - genuine wall/zone gap, will time out
   [travel] !! TRAVEL WEDGE: identical fp x4 retries at (7, 0) map=(3, 37) (reason=no_route) -> returning to roam LOUD (no inner spin)
   [travel] start map=(3, 37) coords=(7, 0) -> map (3, 7) (budget 300s)
   [travel] north connection band cols: [7, 8, 9, 10, 11, 12, 13, 14, 15, 16]
   [travel] MAP TRANSITION (3, 37) -> (3, 7)
   [travel] north connection band cols: [0, 1, 2, 3, 4, 5, 6, 7, 8, 9, 10, 11, 12, 13, 14, 15, 16, 17, 18, 19, 20, 21, 22, 23, 24, 25, 26, 27, 28, 29, 30, 31, 32, 33, 34, 35, 36, 37, 38, 39, 40, 41, 42, 43, 44, 45, 46, 47, 48]
   [travel] ARRIVED at target map (3, 7) coords=(19, 39)
   [travel] start map=(3, 7) coords=(19, 39) -> map (3, 37) (budget 300s)
   [travel] south connection band cols: [0, 1, 2, 3, 4, 5, 6, 7, 8, 9, 10, 11, 19, 20, 21, 22, 23, 24, 25, 26, 27, 28, 36, 37, 38, 39, 40, 41, 42, 43, 44, 45, 46, 47, 48]
   [travel] MAP TRANSITION (3, 7) -> (3, 37)
   [travel] south connection band cols: [0, 1, 2, 3, 4, 5, 6, 7, 8, 9, 10, 11, 12, 13, 14, 15, 16, 17, 18, 19, 20, 21, 22, 23, 24]
   [travel] ARRIVED at target map (3, 37) coords=(7, 0)
   [travel] start map=(3, 37) coords=(7, 0) -> map (3, 38) (budget 300s)
   [travel] west connection band rows: [0, 1, 2, 3, 4, 5, 6, 7, 8, 9, 10, 11, 12, 13, 14, 15, 16, 17, 18, 19, 20, 21, 22, 23, 24, 25, 26, 27, 28, 29, 30, 31, 32, 33, 34, 35, 36, 37, 38, 39]
   [travel] path blocked at (7, 0) (NPC on the gap?) - waiting
   [travel] no clean path from (7, 0) AND no NPC-allowing path (npcs nearby=[(10, 9)]) - genuine wall/zone gap, will time out
   [travel] !! TRAVEL WEDGE: identical fp x4 retries at (7, 0) map=(3, 37) (reason=no_route) -> returning to roam LOUD (no inner spin)
   [travel] start map=(3, 37) coords=(7, 0) -> map (3, 38) (budget 300s)
   [travel] west connection band rows: [0, 1, 2, 3, 4, 5, 6, 7, 8, 9, 10, 11, 12, 13, 14, 15, 16, 17, 18, 19, 20, 21, 22, 23, 24, 25, 26, 27, 28, 29, 30, 31, 32, 33, 34, 35, 36, 37, 38, 39]
   [travel] path blocked at (7, 0) (NPC on the gap?) - waiting
   [travel] no clean path from (7, 0) AND no NPC-allowing path (npcs nearby=[(10, 9)]) - genuine wall/zone gap, will time out
   [travel] !! TRAVEL WEDGE: identical fp x4 retries at (7, 0) map=(3, 37) (reason=no_route) -> returning to roam LOUD (no inner spin)
   [travel] start map=(3, 37) coords=(7, 0) -> map (3, 7) (budget 300s)
   [travel] north connection band cols: [7, 8, 9, 10, 11, 12, 13, 14, 15, 16]
   [travel] MAP TRANSITION (3, 37) -> (3, 7)
   [travel] north connection band cols: [0, 1, 2, 3, 4, 5, 6, 7, 8, 9, 10, 11, 12, 13, 14, 15, 16, 17, 18, 19, 20, 21, 22, 23, 24, 25, 26, 27, 28, 29, 30, 31, 32, 33, 34, 35, 36, 37, 38, 39, 40, 41, 42, 43, 44, 45, 46, 47, 48]
   [travel] ARRIVED at target map (3, 7) coords=(19, 39)
   [travel] start map=(3, 7) coords=(19, 39) -> map (3, 37) (budget 300s)
   [travel] south connection band cols: [0, 1, 2, 3, 4, 5, 6, 7, 8, 9, 10, 11, 19, 20, 21, 22, 23, 24, 25, 26, 27, 28, 36, 37, 38, 39, 40, 41, 42, 43, 44, 45, 46, 47, 48]
   [travel] MAP TRANSITION (3, 7) -> (3, 37)
   [travel] south connection band cols: [0, 1, 2, 3, 4, 5, 6, 7, 8, 9, 10, 11, 12, 13, 14, 15, 16, 17, 18, 19, 20, 21, 22, 23, 24]
   [travel] ARRIVED at target map (3, 37) coords=(7, 0)
   [travel] start map=(3, 37) coords=(7, 0) -> map (3, 38) (budget 300s)
   [travel] west connection band rows: [0, 1, 2, 3, 4, 5, 6, 7, 8, 9, 10, 11, 12, 13, 14, 15, 16, 17, 18, 19, 20, 21, 22, 23, 24, 25, 26, 27, 28, 29, 30, 31, 32, 33, 34, 35, 36, 37, 38, 39]
   [travel] path blocked at (7, 0) (NPC on the gap?) - waiting
   [travel] no clean path from (7, 0) AND no NPC-allowing path (npcs nearby=[(10, 9)]) - genuine wall/zone gap, will time out
   [travel] !! TRAVEL WEDGE: identical fp x4 retries at (7, 0) map=(3, 37) (reason=no_route) -> returning to roam LOUD (no inner spin)
   [travel] start map=(3, 37) coords=(7, 0) -> map (3, 38) (budget 300s)
   [travel] west connection band rows: [0, 1, 2, 3, 4, 5, 6, 7, 8, 9, 10, 11, 12, 13, 14, 15, 16, 17, 18, 19, 20, 21, 22, 23, 24, 25, 26, 27, 28, 29, 30, 31, 32, 33, 34, 35, 36, 37, 38, 39]
   [travel] path blocked at (7, 0) (NPC on the gap?) - waiting
   [travel] no clean path from (7, 0) AND no NPC-allowing path (npcs nearby=[(10, 9)]) - genuine wall/zone gap, will time out
   [travel] !! TRAVEL WEDGE: identical fp x4 retries at (7, 0) map=(3, 37) (reason=no_route) -> returning to roam LOUD (no inner spin)
   [travel] start map=(3, 37) coords=(7, 0) -> map (3, 7) (budget 300s)
   [travel] north connection band cols: [7, 8, 9, 10, 11, 12, 13, 14, 15, 16]
   [travel] MAP TRANSITION (3, 37) -> (3, 7)
   [travel] north connection band cols: [0, 1, 2, 3, 4, 5, 6, 7, 8, 9, 10, 11, 12, 13, 14, 15, 16, 17, 18, 19, 20, 21, 22, 23, 24, 25, 26, 27, 28, 29, 30, 31, 32, 33, 34, 35, 36, 37, 38, 39, 40, 41, 42, 43, 44, 45, 46, 47, 48]
   [travel] ARRIVED at target map (3, 7) coords=(19, 39)
   [travel] start map=(3, 7) coords=(19, 39) -> map (3, 37) (budget 300s)
   [travel] south connection band cols: [0, 1, 2, 3, 4, 5, 6, 7, 8, 9, 10, 11, 19, 20, 21, 22, 23, 24, 25, 26, 27, 28, 36, 37, 38, 39, 40, 41, 42, 43, 44, 45, 46, 47, 48]
   [travel] MAP TRANSITION (3, 7) -> (3, 37)
   [travel] south connection band cols: [0, 1, 2, 3, 4, 5, 6, 7, 8, 9, 10, 11, 12, 13, 14, 15, 16, 17, 18, 19, 20, 21, 22, 23, 24]
   [travel] ARRIVED at target map (3, 37) coords=(7, 0)
   [travel] start map=(3, 37) coords=(7, 0) -> map (3, 38) (budget 300s)
   [travel] west connection band rows: [0, 1, 2, 3, 4, 5, 6, 7, 8, 9, 10, 11, 12, 13, 14, 15, 16, 17, 18, 19, 20, 21, 22, 23, 24, 25, 26, 27, 28, 29, 30, 31, 32, 33, 34, 35, 36, 37, 38, 39]
   [travel] path blocked at (7, 0) (NPC on the gap?) - waiting
   [travel] no clean path from (7, 0) AND no NPC-allowing path (npcs nearby=[(10, 9)]) - genuine wall/zone gap, will time out
   [travel] !! TRAVEL WEDGE: identical fp x4 retries at (7, 0) map=(3, 37) (reason=no_route) -> returning to roam LOUD (no inner spin)
   [travel] start map=(3, 37) coords=(7, 0) -> map (3, 38) (budget 300s)
   [travel] west connection band rows: [0, 1, 2, 3, 4, 5, 6, 7, 8, 9, 10, 11, 12, 13, 14, 15, 16, 17, 18, 19, 20, 21, 22, 23, 24, 25, 26, 27, 28, 29, 30, 31, 32, 33, 34, 35, 36, 37, 38, 39]
   [travel] path blocked at (7, 0) (NPC on the gap?) - waiting
   [travel] no clean path from (7, 0) AND no NPC-allowing path (npcs nearby=[(10, 9)]) - genuine wall/zone gap, will time out
   [travel] !! TRAVEL WEDGE: identical fp x4 retries at (7, 0) map=(3, 37) (reason=no_route) -> returning to roam LOUD (no inner spin)
   [travel] start map=(3, 37) coords=(7, 0) -> map (3, 7) (budget 300s)
   [travel] north connection band cols: [7, 8, 9, 10, 11, 12, 13, 14, 15, 16]
   [travel] MAP TRANSITION (3, 37) -> (3, 7)
   [travel] north connection band cols: [0, 1, 2, 3, 4, 5, 6, 7, 8, 9, 10, 11, 12, 13, 14, 15, 16, 17, 18, 19, 20, 21, 22, 23, 24, 25, 26, 27, 28, 29, 30, 31, 32, 33, 34, 35, 36, 37, 38, 39, 40, 41, 42, 43, 44, 45, 46, 47, 48]
   [travel] ARRIVED at target map (3, 7) coords=(19, 39)
   [travel] start map=(3, 7) coords=(19, 39) -> map (3, 37) (budget 300s)
   [travel] south connection band cols: [0, 1, 2, 3, 4, 5, 6, 7, 8, 9, 10, 11, 19, 20, 21, 22, 23, 24, 25, 26, 27, 28, 36, 37, 38, 39, 40, 41, 42, 43, 44, 45, 46, 47, 48]
   [travel] MAP TRANSITION (3, 7) -> (3, 37)
   [travel] south connection band cols: [0, 1, 2, 3, 4, 5, 6, 7, 8, 9, 10, 11, 12, 13, 14, 15, 16, 17, 18, 19, 20, 21, 22, 23, 24]
   [travel] ARRIVED at target map (3, 37) coords=(7, 0)
   [travel] start map=(3, 37) coords=(7, 0) -> map (3, 38) (budget 300s)
   [travel] west connection band rows: [0, 1, 2, 3, 4, 5, 6, 7, 8, 9, 10, 11, 12, 13, 14, 15, 16, 17, 18, 19, 20, 21, 22, 23, 24, 25, 26, 27, 28, 29, 30, 31, 32, 33, 34, 35, 36, 37, 38, 39]
   [travel] path blocked at (7, 0) (NPC on the gap?) - waiting
   [travel] no clean path from (7, 0) AND no NPC-allowing path (npcs nearby=[(10, 9)]) - genuine wall/zone gap, will time out
   [travel] !! TRAVEL WEDGE: identical fp x4 retries at (7, 0) map=(3, 37) (reason=no_route) -> returning to roam LOUD (no inner spin)
   [travel] start map=(3, 37) coords=(7, 0) -> map (3, 7) (budget 300s)
   [travel] north connection band cols: [7, 8, 9, 10, 11, 12, 13, 14, 15, 16]
   [travel] MAP TRANSITION (3, 37) -> (3, 7)
   [travel] north connection band cols: [0, 1, 2, 3, 4, 5, 6, 7, 8, 9, 10, 11, 12, 13, 14, 15, 16, 17, 18, 19, 20, 21, 22, 23, 24, 25, 26, 27, 28, 29, 30, 31, 32, 33, 34, 35, 36, 37, 38, 39, 40, 41, 42, 43, 44, 45, 46, 47, 48]
   [travel] ARRIVED at target map (3, 7) coords=(19, 39)
   [travel] start map=(3, 7) coords=(19, 39) -> coord (20, 24) (budget 90s)
   [travel] step 0: (19, 39)->(19, 38) map=(3, 7) (path 34 to exit)
   [travel] step 10: (22, 32)->(23, 32) map=(3, 7) (path 24 to exit)
   [travel] step 20: (29, 29)->(29, 28) map=(3, 7) (path 15 to exit)
   [travel] step 30: (24, 24)->(23, 24) map=(3, 7) (path 5 to exit)
   [travel] reached target coord (20, 24)
   [travel] start map=(3, 7) coords=(20, 24) -> coord (19, 18) (budget 90s)
   [travel] step 0: (20, 24)->(20, 23) map=(3, 7) (path 44 to exit)
   [travel] step 10: (26, 20)->(26, 19) map=(3, 7) (path 34 to exit)
   [travel] step 20: (32, 18)->(33, 18) map=(3, 7) (path 46 to exit)
   [travel] step 30: (41, 17)->(42, 17) map=(3, 7) (path 36 to exit)
   [travel] HEARTBEAT step=40 map=(3, 7) coords=(38, 12) elapsed=5s
   [travel] step 40: (38, 12)->(37, 12) map=(3, 7) (path 26 to exit)
   [travel] step 50: (28, 12)->(27, 12) map=(3, 7) (path 16 to exit)
   [travel] step 60: (24, 18)->(23, 18) map=(3, 7) (path 6 to exit)
   [travel] reached target coord (19, 18)
   [travel] start map=(3, 7) coords=(19, 18) -> coord (15, 16) (budget 90s)
   [travel] step 0: (19, 18)->(19, 17) map=(3, 7) (path 7 to exit)
   [travel] reached target coord (15, 16)
   [travel] start map=(3, 7) coords=(15, 16) -> coord (11, 16) (budget 300s)
   [travel] step 0: (15, 16)->(14, 16) map=(3, 7) (path 5 to exit)
   [travel] reached target coord (11, 16)
   [travel] start map=(11, 1) coords=(2, 5) -> coord (4, 6) (budget 60s)
   [travel] step 0: (2, 5)->(3, 5) map=(11, 1) (path 4 to exit)
   [travel] reached target coord (4, 6)
   [travel] start map=(3, 7) coords=(11, 16) -> coord (14, 16) (budget 60s)
   [travel] step 0: (11, 16)->(12, 16) map=(3, 7) (path 4 to exit)
   [travel] reached target coord (14, 16)
   [campaign]    [dlg npc-talk] 'Did you try the SAFARI GAME? There are some rare POK.MON that can only b'
   [campaign]    [dlg-pace npc-talk] box 'Did you try the SAFARI GAME? There are some rare' visible 3.98s (sink 0ms, hold 0.11s, end=closed)
   [travel] start map=(3, 7) coords=(14, 16) -> coord (24, 23) (budget 60s)
   [travel] step 0: (14, 16)->(14, 15) map=(3, 7) (path 42 to exit)
   [travel] step 10: (22, 14)->(23, 14) map=(3, 7) (path 32 to exit)
   [travel] step 20: (30, 12)->(31, 12) map=(3, 7) (path 22 to exit)
   [travel] step 30: (34, 12)->(35, 12) map=(3, 7) (path 40 to exit)
   [travel] HEARTBEAT step=40 map=(3, 7) coords=(42, 14) elapsed=5s
   [travel] step 40: (42, 14)->(42, 15) map=(3, 7) (path 30 to exit)
   [travel] step 50: (36, 18)->(36, 17) map=(3, 7) (path 20 to exit)
   [travel] step 60: (29, 19)->(29, 20) map=(3, 7) (path 10 to exit)
   [travel] reached target coord (24, 23)
   [campaign]    [dlg npc-talk] 'This tree looks like it can be CUT down! Would you like to CUT it?'
   [campaign]    [dlg npc-talk] 'RATTATA used CUT!'
   [campaign]    [dlg-pace npc-talk] box 'This tree looks like it can be CUT down! Would y' visible 3.04s (sink 0ms, hold 0.10s, end=next_box)
   [campaign]    [dlg-pace npc-talk] box 'RATTATA used CUT!' visible 4.26s (sink 0ms, hold 0.04s, end=closed)
   [travel] start map=(3, 7) coords=(24, 23) -> map (3, 37) (budget 300s)
   [travel] south connection band cols: [0, 1, 2, 3, 4, 5, 6, 7, 8, 9, 10, 11, 19, 20, 21, 22, 23, 24, 25, 26, 27, 28, 36, 37, 38, 39, 40, 41, 42, 43, 44, 45, 46, 47, 48]
   [travel] step 0: (24, 23)->(24, 24) map=(3, 7) (path 58 to exit)
   [travel] step 10: (16, 25)->(15, 25) map=(3, 7) (path 48 to exit)
   [travel] step 20: (6, 25)->(5, 25) map=(3, 7) (path 38 to exit)
   [travel] step 30: (3, 32)->(3, 33) map=(3, 7) (path 28 to exit)
   [travel] HEARTBEAT step=40 map=(3, 7) coords=(9, 36) elapsed=5s
   [travel] step 40: (9, 36)->(9, 35) map=(3, 7) (path 18 to exit)
   [travel] step 50: (17, 34)->(18, 34) map=(3, 7) (path 8 to exit)
   [travel] MAP TRANSITION (3, 7) -> (3, 37)
   [travel] south connection band cols: [0, 1, 2, 3, 4, 5, 6, 7, 8, 9, 10, 11, 12, 13, 14, 15, 16, 17, 18, 19, 20, 21, 22, 23, 24]
   [travel] ARRIVED at target map (3, 37) coords=(7, 0)
   [travel] start map=(3, 37) coords=(7, 0) -> map (3, 38) (budget 300s)
   [travel] west connection band rows: [0, 1, 2, 3, 4, 5, 6, 7, 8, 9, 10, 11, 12, 13, 14, 15, 16, 17, 18, 19, 20, 21, 22, 23, 24, 25, 26, 27, 28, 29, 30, 31, 32, 33, 34, 35, 36, 37, 38, 39]
   [travel] path blocked at (7, 0) (NPC on the gap?) - waiting
   [travel] no clean path from (7, 0) AND no NPC-allowing path (npcs nearby=[(10, 9)]) - genuine wall/zone gap, will time out
   [travel] !! TRAVEL WEDGE: identical fp x4 retries at (7, 0) map=(3, 37) (reason=no_route) -> returning to roam LOUD (no inner spin)
   [travel] start map=(3, 37) coords=(7, 0) -> map (3, 38) (budget 300s)
   [travel] west connection band rows: [0, 1, 2, 3, 4, 5, 6, 7, 8, 9, 10, 11, 12, 13, 14, 15, 16, 17, 18, 19, 20, 21, 22, 23, 24, 25, 26, 27, 28, 29, 30, 31, 32, 33, 34, 35, 36, 37, 38, 39]
   [travel] path blocked at (7, 0) (NPC on the gap?) - waiting
   [travel] no clean path from (7, 0) AND no NPC-allowing path (npcs nearby=[(10, 9)]) - genuine wall/zone gap, will time out
   [travel] !! TRAVEL WEDGE: identical fp x4 retries at (7, 0) map=(3, 37) (reason=no_route) -> returning to roam LOUD (no inner spin)
   [travel] start map=(3, 37) coords=(7, 0) -> map (3, 7) (budget 300s)
   [travel] north connection band cols: [7, 8, 9, 10, 11, 12, 13, 14, 15, 16]
   [travel] MAP TRANSITION (3, 37) -> (3, 7)
   [travel] north connection band cols: [0, 1, 2, 3, 4, 5, 6, 7, 8, 9, 10, 11, 12, 13, 14, 15, 16, 17, 18, 19, 20, 21, 22, 23, 24, 25, 26, 27, 28, 29, 30, 31, 32, 33, 34, 35, 36, 37, 38, 39, 40, 41, 42, 43, 44, 45, 46, 47, 48]
   [travel] ARRIVED at target map (3, 7) coords=(19, 39)
   [travel] start map=(3, 7) coords=(19, 39) -> map (3, 37) (budget 300s)
   [travel] south connection band cols: [0, 1, 2, 3, 4, 5, 6, 7, 8, 9, 10, 11, 19, 20, 21, 22, 23, 24, 25, 26, 27, 28, 36, 37, 38, 39, 40, 41, 42, 43, 44, 45, 46, 47, 48]
   [travel] MAP TRANSITION (3, 7) -> (3, 37)
   [travel] south connection band cols: [0, 1, 2, 3, 4, 5, 6, 7, 8, 9, 10, 11, 12, 13, 14, 15, 16, 17, 18, 19, 20, 21, 22, 23, 24]
   [travel] ARRIVED at target map (3, 37) coords=(7, 0)
   [travel] start map=(3, 37) coords=(7, 0) -> map (3, 38) (budget 300s)
   [travel] west connection band rows: [0, 1, 2, 3, 4, 5, 6, 7, 8, 9, 10, 11, 12, 13, 14, 15, 16, 17, 18, 19, 20, 21, 22, 23, 24, 25, 26, 27, 28, 29, 30, 31, 32, 33, 34, 35, 36, 37, 38, 39]
   [travel] path blocked at (7, 0) (NPC on the gap?) - waiting
   [travel] no clean path from (7, 0) AND no NPC-allowing path (npcs nearby=[(10, 9)]) - genuine wall/zone gap, will time out
   [travel] !! TRAVEL WEDGE: identical fp x4 retries at (7, 0) map=(3, 37) (reason=no_route) -> returning to roam LOUD (no inner spin)
   [travel] start map=(3, 37) coords=(7, 0) -> map (3, 38) (budget 300s)
   [travel] west connection band rows: [0, 1, 2, 3, 4, 5, 6, 7, 8, 9, 10, 11, 12, 13, 14, 15, 16, 17, 18, 19, 20, 21, 22, 23, 24, 25, 26, 27, 28, 29, 30, 31, 32, 33, 34, 35, 36, 37, 38, 39]
   [travel] path blocked at (7, 0) (NPC on the gap?) - waiting
   [travel] no clean path from (7, 0) AND no NPC-allowing path (npcs nearby=[(10, 9)]) - genuine wall/zone gap, will time out
   [travel] !! TRAVEL WEDGE: identical fp x4 retries at (7, 0) map=(3, 37) (reason=no_route) -> returning to roam LOUD (no inner spin)
   [travel] start map=(3, 37) coords=(7, 0) -> map (3, 7) (budget 300s)
   [travel] north connection band cols: [7, 8, 9, 10, 11, 12, 13, 14, 15, 16]
   [travel] MAP TRANSITION (3, 37) -> (3, 7)
   [travel] north connection band cols: [0, 1, 2, 3, 4, 5, 6, 7, 8, 9, 10, 11, 12, 13, 14, 15, 16, 17, 18, 19, 20, 21, 22, 23, 24, 25, 26, 27, 28, 29, 30, 31, 32, 33, 34, 35, 36, 37, 38, 39, 40, 41, 42, 43, 44, 45, 46, 47, 48]
   [travel] ARRIVED at target map (3, 7) coords=(19, 39)
   [travel] start map=(3, 7) coords=(19, 39) -> map (3, 37) (budget 300s)
   [travel] south connection band cols: [0, 1, 2, 3, 4, 5, 6, 7, 8, 9, 10, 11, 19, 20, 21, 22, 23, 24, 25, 26, 27, 28, 36, 37, 38, 39, 40, 41, 42, 43, 44, 45, 46, 47, 48]
   [travel] MAP TRANSITION (3, 7) -> (3, 37)
   [travel] south connection band cols: [0, 1, 2, 3, 4, 5, 6, 7, 8, 9, 10, 11, 12, 13, 14, 15, 16, 17, 18, 19, 20, 21, 22, 23, 24]
   [travel] ARRIVED at target map (3, 37) coords=(7, 0)
   [travel] start map=(3, 37) coords=(7, 0) -> map (3, 38) (budget 300s)
   [travel] west connection band rows: [0, 1, 2, 3, 4, 5, 6, 7, 8, 9, 10, 11, 12, 13, 14, 15, 16, 17, 18, 19, 20, 21, 22, 23, 24, 25, 26, 27, 28, 29, 30, 31, 32, 33, 34, 35, 36, 37, 38, 39]
   [travel] path blocked at (7, 0) (NPC on the gap?) - waiting
   [travel] no clean path from (7, 0) AND no NPC-allowing path (npcs nearby=[(10, 9)]) - genuine wall/zone gap, will time out
   [travel] !! TRAVEL WEDGE: identical fp x4 retries at (7, 0) map=(3, 37) (reason=no_route) -> returning to roam LOUD (no inner spin)
   [travel] start map=(3, 37) coords=(7, 0) -> map (3, 38) (budget 300s)
   [travel] west connection band rows: [0, 1, 2, 3, 4, 5, 6, 7, 8, 9, 10, 11, 12, 13, 14, 15, 16, 17, 18, 19, 20, 21, 22, 23, 24, 25, 26, 27, 28, 29, 30, 31, 32, 33, 34, 35, 36, 37, 38, 39]
   [travel] path blocked at (7, 0) (NPC on the gap?) - waiting
   [travel] no clean path from (7, 0) AND no NPC-allowing path (npcs nearby=[(10, 9)]) - genuine wall/zone gap, will time out
   [travel] !! TRAVEL WEDGE: identical fp x4 retries at (7, 0) map=(3, 37) (reason=no_route) -> returning to roam LOUD (no inner spin)
   [travel] start map=(3, 37) coords=(7, 0) -> map (3, 7) (budget 300s)
   [travel] north connection band cols: [7, 8, 9, 10, 11, 12, 13, 14, 15, 16]
   [travel] MAP TRANSITION (3, 37) -> (3, 7)
   [travel] north connection band cols: [0, 1, 2, 3, 4, 5, 6, 7, 8, 9, 10, 11, 12, 13, 14, 15, 16, 17, 18, 19, 20, 21, 22, 23, 24, 25, 26, 27, 28, 29, 30, 31, 32, 33, 34, 35, 36, 37, 38, 39, 40, 41, 42, 43, 44, 45, 46, 47, 48]
   [travel] ARRIVED at target map (3, 7) coords=(19, 39)
   [travel] start map=(3, 7) coords=(19, 39) -> map (3, 37) (budget 300s)
   [travel] south connection band cols: [0, 1, 2, 3, 4, 5, 6, 7, 8, 9, 10, 11, 19, 20, 21, 22, 23, 24, 25, 26, 27, 28, 36, 37, 38, 39, 40, 41, 42, 43, 44, 45, 46, 47, 48]
   [travel] MAP TRANSITION (3, 7) -> (3, 37)
   [travel] south connection band cols: [0, 1, 2, 3, 4, 5, 6, 7, 8, 9, 10, 11, 12, 13, 14, 15, 16, 17, 18, 19, 20, 21, 22, 23, 24]
   [travel] ARRIVED at target map (3, 37) coords=(7, 0)
   [travel] start map=(3, 37) coords=(7, 0) -> map (3, 38) (budget 300s)
   [travel] west connection band rows: [0, 1, 2, 3, 4, 5, 6, 7, 8, 9, 10, 11, 12, 13, 14, 15, 16, 17, 18, 19, 20, 21, 22, 23, 24, 25, 26, 27, 28, 29, 30, 31, 32, 33, 34, 35, 36, 37, 38, 39]
   [travel] path blocked at (7, 0) (NPC on the gap?) - waiting
   [travel] no clean path from (7, 0) AND no NPC-allowing path (npcs nearby=[(10, 9)]) - genuine wall/zone gap, will time out
   [travel] !! TRAVEL WEDGE: identical fp x4 retries at (7, 0) map=(3, 37) (reason=no_route) -> returning to roam LOUD (no inner spin)
   [travel] start map=(3, 37) coords=(7, 0) -> map (3, 38) (budget 300s)
   [travel] west connection band rows: [0, 1, 2, 3, 4, 5, 6, 7, 8, 9, 10, 11, 12, 13, 14, 15, 16, 17, 18, 19, 20, 21, 22, 23, 24, 25, 26, 27, 28, 29, 30, 31, 32, 33, 34, 35, 36, 37, 38, 39]
   [travel] path blocked at (7, 0) (NPC on the gap?) - waiting
   [travel] no clean path from (7, 0) AND no NPC-allowing path (npcs nearby=[(10, 9)]) - genuine wall/zone gap, will time out
   [travel] !! TRAVEL WEDGE: identical fp x4 retries at (7, 0) map=(3, 37) (reason=no_route) -> returning to roam LOUD (no inner spin)
   [travel] start map=(3, 37) coords=(7, 0) -> map (3, 7) (budget 300s)
   [travel] north connection band cols: [7, 8, 9, 10, 11, 12, 13, 14, 15, 16]
   [travel] MAP TRANSITION (3, 37) -> (3, 7)
   [travel] north connection band cols: [0, 1, 2, 3, 4, 5, 6, 7, 8, 9, 10, 11, 12, 13, 14, 15, 16, 17, 18, 19, 20, 21, 22, 23, 24, 25, 26, 27, 28, 29, 30, 31, 32, 33, 34, 35, 36, 37, 38, 39, 40, 41, 42, 43, 44, 45, 46, 47, 48]
   [travel] ARRIVED at target map (3, 7) coords=(19, 39)
   [travel] start map=(3, 7) coords=(19, 39) -> map (3, 37) (budget 300s)
   [travel] south connection band cols: [0, 1, 2, 3, 4, 5, 6, 7, 8, 9, 10, 11, 19, 20, 21, 22, 23, 24, 25, 26, 27, 28, 36, 37, 38, 39, 40, 41, 42, 43, 44, 45, 46, 47, 48]
   [travel] MAP TRANSITION (3, 7) -> (3, 37)
   [travel] south connection band cols: [0, 1, 2, 3, 4, 5, 6, 7, 8, 9, 10, 11, 12, 13, 14, 15, 16, 17, 18, 19, 20, 21, 22, 23, 24]
   [travel] ARRIVED at target map (3, 37) coords=(7, 0)
   [travel] start map=(3, 37) coords=(7, 0) -> map (3, 38) (budget 300s)
   [travel] west connection band rows: [0, 1, 2, 3, 4, 5, 6, 7, 8, 9, 10, 11, 12, 13, 14, 15, 16, 17, 18, 19, 20, 21, 22, 23, 24, 25, 26, 27, 28, 29, 30, 31, 32, 33, 34, 35, 36, 37, 38, 39]
   [travel] path blocked at (7, 0) (NPC on the gap?) - waiting
   [travel] no clean path from (7, 0) AND no NPC-allowing path (npcs nearby=[(10, 9)]) - genuine wall/zone gap, will time out
   [travel] !! TRAVEL WEDGE: identical fp x4 retries at (7, 0) map=(3, 37) (reason=no_route) -> returning to roam LOUD (no inner spin)
   [travel] start map=(3, 37) coords=(7, 0) -> map (3, 38) (budget 300s)
   [travel] west connection band rows: [0, 1, 2, 3, 4, 5, 6, 7, 8, 9, 10, 11, 12, 13, 14, 15, 16, 17, 18, 19, 20, 21, 22, 23, 24, 25, 26, 27, 28, 29, 30, 31, 32, 33, 34, 35, 36, 37, 38, 39]
   [travel] path blocked at (7, 0) (NPC on the gap?) - waiting
   [travel] no clean path from (7, 0) AND no NPC-allowing path (npcs nearby=[(10, 9)]) - genuine wall/zone gap, will time out
   [travel] !! TRAVEL WEDGE: identical fp x4 retries at (7, 0) map=(3, 37) (reason=no_route) -> returning to roam LOUD (no inner spin)
   [travel] start map=(3, 37) coords=(7, 0) -> map (3, 7) (budget 300s)
   [travel] north connection band cols: [7, 8, 9, 10, 11, 12, 13, 14, 15, 16]
   [travel] MAP TRANSITION (3, 37) -> (3, 7)
   [travel] north connection band cols: [0, 1, 2, 3, 4, 5, 6, 7, 8, 9, 10, 11, 12, 13, 14, 15, 16, 17, 18, 19, 20, 21, 22, 23, 24, 25, 26, 27, 28, 29, 30, 31, 32, 33, 34, 35, 36, 37, 38, 39, 40, 41, 42, 43, 44, 45, 46, 47, 48]
   [travel] ARRIVED at target map (3, 7) coords=(19, 39)
   [travel] start map=(3, 7) coords=(19, 39) -> map (3, 37) (budget 300s)
   [travel] south connection band cols: [0, 1, 2, 3, 4, 5, 6, 7, 8, 9, 10, 11, 19, 20, 21, 22, 23, 24, 25, 26, 27, 28, 36, 37, 38, 39, 40, 41, 42, 43, 44, 45, 46, 47, 48]
   [travel] MAP TRANSITION (3, 7) -> (3, 37)
   [travel] south connection band cols: [0, 1, 2, 3, 4, 5, 6, 7, 8, 9, 10, 11, 12, 13, 14, 15, 16, 17, 18, 19, 20, 21, 22, 23, 24]
   [travel] ARRIVED at target map (3, 37) coords=(7, 0)
   [travel] start map=(3, 37) coords=(7, 0) -> map (3, 7) (budget 300s)
   [travel] north connection band cols: [7, 8, 9, 10, 11, 12, 13, 14, 15, 16]
   [travel] MAP TRANSITION (3, 37) -> (3, 7)
   [travel] north connection band cols: [0, 1, 2, 3, 4, 5, 6, 7, 8, 9, 10, 11, 12, 13, 14, 15, 16, 17, 18, 19, 20, 21, 22, 23, 24, 25, 26, 27, 28, 29, 30, 31, 32, 33, 34, 35, 36, 37, 38, 39, 40, 41, 42, 43, 44, 45, 46, 47, 48]
   [travel] ARRIVED at target map (3, 7) coords=(19, 39)
   [travel] start map=(3, 7) coords=(19, 39) -> coord (25, 32) (budget 90s)
   [travel] step 0: (19, 39)->(19, 38) map=(3, 7) (path 14 to exit)
   [travel] step 10: (22, 32)->(23, 32) map=(3, 7) (path 4 to exit)
   [travel] reached target coord (25, 32)
   [travel] start map=(3, 7) coords=(25, 32) -> coord (38, 32) (budget 240s)
   [travel] step 0: (25, 32)->(26, 32) map=(3, 7) (path 13 to exit)
   [travel] step 10: (35, 32)->(36, 32) map=(3, 7) (path 4 to exit)
   [travel] reached target coord (38, 32)
   [travel] start map=(11, 8) coords=(3, 8) -> coord (3, 1) (budget 110s)
   [travel] step 0: (3, 8)->(3, 7) map=(11, 8) (path 8 to exit)
   [travel] reached target coord (3, 1)
   [travel] start map=(3, 7) coords=(39, 26) -> coord (39, 27) (budget 60s)
   [travel] step 0: (39, 26)->(39, 27) map=(3, 7) (path 2 to exit)
   [travel] reached target coord (39, 27)
   [travel] start map=(11, 8) coords=(3, 2) -> coord (2, 9) (budget 110s)
   [travel] path blocked at (3, 2) (NPC on the gap?) - waiting
   [travel] no clean path from (3, 2) AND no NPC-allowing path (npcs nearby=[(6, 5)]) - genuine wall/zone gap, will time out
   [travel] !! TRAVEL WEDGE: identical fp x4 retries at (3, 2) map=(11, 8) (reason=no_route) -> returning to roam LOUD (no inner spin)
   [travel] start map=(11, 8) coords=(3, 2) -> coord (3, 7) (budget 60s)
   [travel] step 0: (3, 2)->(3, 3) map=(11, 8) (path 6 to exit)
   [travel] reached target coord (3, 7)
   [travel] start map=(3, 7) coords=(38, 32) -> coord (39, 29) (budget 240s)
   [travel] path blocked at (38, 32) (NPC on the gap?) - waiting
   [travel] no clean path from (38, 32) AND no NPC-allowing path (npcs nearby=[]) - genuine wall/zone gap, will time out
   [travel] !! TRAVEL WEDGE: identical fp x4 retries at (38, 32) map=(3, 7) (reason=no_route) -> returning to roam LOUD (no inner spin)
   [travel] start map=(3, 7) coords=(38, 32) -> map (3, 33) (budget 300s)
   [travel] east connection band rows: [0, 1, 2, 3, 4, 5, 6, 7, 8, 9, 20, 21, 22, 30, 31, 32, 33, 34, 35, 36, 37, 38, 39]
   [travel] step 0: (38, 32)->(39, 32) map=(3, 7) (path 21 to exit)
   [travel] step 10: (43, 27)->(43, 26) map=(3, 7) (path 11 to exit)
   [travel] MAP TRANSITION (3, 7) -> (3, 33)
   [travel] east connection band rows: [7, 10, 11, 12, 13, 14, 16]
   [travel] ARRIVED at target map (3, 33) coords=(0, 12)
   [travel] start map=(3, 33) coords=(0, 12) -> map (3, 7) (budget 300s)
   [travel] west connection band rows: [10, 11, 12, 13]
   [travel] MAP TRANSITION (3, 33) -> (3, 7)
   [travel] west connection band rows: [0, 1, 2, 3, 4, 5, 6, 7, 8, 9, 18, 19, 20, 30, 31, 32, 33, 34, 35, 36, 37, 38, 39]
   [travel] ARRIVED at target map (3, 7) coords=(47, 22)
   [travel] start map=(3, 7) coords=(47, 22) -> coord (25, 32) (budget 90s)
   [travel] step 0: (47, 22)->(46, 22) map=(3, 7) (path 85 to exit)
   [travel] step 10: (37, 22)->(36, 22) map=(3, 7) (path 75 to exit)
   [travel] step 20: (30, 25)->(29, 25) map=(3, 7) (path 65 to exit)
   [travel] step 30: (20, 25)->(19, 25) map=(3, 7) (path 55 to exit)
   [travel] HEARTBEAT step=40 map=(3, 7) coords=(10, 25) elapsed=5s
   [travel] step 40: (10, 25)->(9, 25) map=(3, 7) (path 45 to exit)
   [travel] step 50: (3, 28)->(3, 29) map=(3, 7) (path 35 to exit)
   [travel] step 60: (5, 36)->(6, 36) map=(3, 7) (path 25 to exit)
   [travel] step 70: (11, 32)->(12, 32) map=(3, 7) (path 15 to exit)
   [travel] HEARTBEAT step=80 map=(3, 7) coords=(21, 32) elapsed=11s
   [travel] step 80: (21, 32)->(22, 32) map=(3, 7) (path 5 to exit)
   [travel] reached target coord (25, 32)
   [travel] start map=(3, 7) coords=(25, 32) -> coord (38, 32) (budget 240s)
   [travel] step 0: (25, 32)->(26, 32) map=(3, 7) (path 13 to exit)
   [travel] step 10: (35, 32)->(36, 32) map=(3, 7) (path 4 to exit)
   [travel] reached target coord (38, 32)
   [travel] start map=(11, 8) coords=(3, 8) -> coord (3, 1) (budget 110s)
   [travel] step 0: (3, 8)->(3, 7) map=(11, 8) (path 8 to exit)
   [travel] reached target coord (3, 1)
   [travel] start map=(3, 7) coords=(39, 28) -> map (3, 33) (budget 300s)
   [travel] east connection band rows: [0, 1, 2, 3, 4, 5, 6, 7, 8, 9, 20, 21, 22, 30, 31, 32, 33, 34, 35, 36, 37, 38, 39]
   [travel] path blocked at (39, 28) (NPC on the gap?) - waiting
   [travel] no clean path from (39, 28) AND no NPC-allowing path (npcs nearby=[]) - genuine wall/zone gap, will time out
   [travel] !! TRAVEL WEDGE: identical fp x4 retries at (39, 28) map=(3, 7) (reason=no_route) -> returning to roam LOUD (no inner spin)
   [travel] start map=(3, 7) coords=(39, 28) -> map (3, 33) (budget 300s)
   [travel] east connection band rows: [0, 1, 2, 3, 4, 5, 6, 7, 8, 9, 20, 21, 22, 30, 31, 32, 33, 34, 35, 36, 37, 38, 39]
   [travel] path blocked at (39, 28) (NPC on the gap?) - waiting
   [travel] no clean path from (39, 28) AND no NPC-allowing path (npcs nearby=[]) - genuine wall/zone gap, will time out
   [travel] !! TRAVEL WEDGE: identical fp x4 retries at (39, 28) map=(3, 7) (reason=no_route) -> returning to roam LOUD (no inner spin)
   [travel] start map=(3, 7) coords=(39, 28) -> map (3, 33) (budget 300s)
   [travel] east connection band rows: [0, 1, 2, 3, 4, 5, 6, 7, 8, 9, 20, 21, 22, 30, 31, 32, 33, 34, 35, 36, 37, 38, 39]
   [travel] path blocked at (39, 28) (NPC on the gap?) - waiting
   [travel] no clean path from (39, 28) AND no NPC-allowing path (npcs nearby=[]) - genuine wall/zone gap, will time out
   [travel] !! TRAVEL WEDGE: identical fp x4 retries at (39, 28) map=(3, 7) (reason=no_route) -> returning to roam LOUD (no inner spin)
   [travel] start map=(3, 7) coords=(39, 28) -> map (3, 33) (budget 300s)
   [travel] east connection band rows: [0, 1, 2, 3, 4, 5, 6, 7, 8, 9, 20, 21, 22, 30, 31, 32, 33, 34, 35, 36, 37, 38, 39]
   [travel] path blocked at (39, 28) (NPC on the gap?) - waiting
   [travel] no clean path from (39, 28) AND no NPC-allowing path (npcs nearby=[]) - genuine wall/zone gap, will time out
   [travel] !! TRAVEL WEDGE: identical fp x4 retries at (39, 28) map=(3, 7) (reason=no_route) -> returning to roam LOUD (no inner spin)
   [travel] start map=(3, 7) coords=(39, 28) -> map (3, 33) (budget 300s)
   [travel] east connection band rows: [0, 1, 2, 3, 4, 5, 6, 7, 8, 9, 20, 21, 22, 30, 31, 32, 33, 34, 35, 36, 37, 38, 39]
   [travel] path blocked at (39, 28) (NPC on the gap?) - waiting
   [travel] no clean path from (39, 28) AND no NPC-allowing path (npcs nearby=[]) - genuine wall/zone gap, will time out
   [travel] !! TRAVEL WEDGE: identical fp x4 retries at (39, 28) map=(3, 7) (reason=no_route) -> returning to roam LOUD (no inner spin)
   [travel] start map=(3, 7) coords=(39, 28) -> map (3, 33) (budget 300s)
   [travel] east connection band rows: [0, 1, 2, 3, 4, 5, 6, 7, 8, 9, 20, 21, 22, 30, 31, 32, 33, 34, 35, 36, 37, 38, 39]
   [travel] path blocked at (39, 28) (NPC on the gap?) - waiting
   [travel] no clean path from (39, 28) AND no NPC-allowing path (npcs nearby=[]) - genuine wall/zone gap, will time out
   [travel] !! TRAVEL WEDGE: identical fp x4 retries at (39, 28) map=(3, 7) (reason=no_route) -> returning to roam LOUD (no inner spin)
   [travel] start map=(3, 7) coords=(39, 28) -> map (3, 33) (budget 300s)
   [travel] east connection band rows: [0, 1, 2, 3, 4, 5, 6, 7, 8, 9, 20, 21, 22, 30, 31, 32, 33, 34, 35, 36, 37, 38, 39]
   [travel] path blocked at (39, 28) (NPC on the gap?) - waiting
   [travel] no clean path from (39, 28) AND no NPC-allowing path (npcs nearby=[]) - genuine wall/zone gap, will time out
   [travel] !! TRAVEL WEDGE: identical fp x4 retries at (39, 28) map=(3, 7) (reason=no_route) -> returning to roam LOUD (no inner spin)
   [travel] start map=(3, 7) coords=(39, 28) -> map (3, 33) (budget 300s)
   [travel] east connection band rows: [0, 1, 2, 3, 4, 5, 6, 7, 8, 9, 20, 21, 22, 30, 31, 32, 33, 34, 35, 36, 37, 38, 39]
   [travel] path blocked at (39, 28) (NPC on the gap?) - waiting
   [travel] no clean path from (39, 28) AND no NPC-allowing path (npcs nearby=[]) - genuine wall/zone gap, will time out
   [travel] !! TRAVEL WEDGE: identical fp x4 retries at (39, 28) map=(3, 7) (reason=no_route) -> returning to roam LOUD (no inner spin)
   [travel] start map=(3, 7) coords=(25, 32) -> coord (38, 32) (budget 240s)
   [travel] step 0: (25, 32)->(26, 32) map=(3, 7) (path 13 to exit)
   [travel] step 10: (35, 32)->(36, 32) map=(3, 7) (path 4 to exit)
   [travel] reached target coord (38, 32)
   [travel] start map=(11, 8) coords=(3, 8) -> coord (3, 1) (budget 110s)
   [travel] step 0: (3, 8)->(3, 7) map=(11, 8) (path 8 to exit)
   [travel] reached target coord (3, 1)
   [travel] start map=(3, 7) coords=(39, 28) -> map (3, 33) (budget 300s)
   [travel] east connection band rows: [0, 1, 2, 3, 4, 5, 6, 7, 8, 9, 20, 21, 22, 30, 31, 32, 33, 34, 35, 36, 37, 38, 39]
   [travel] path blocked at (39, 28) (NPC on the gap?) - waiting
   [travel] no clean path from (39, 28) AND no NPC-allowing path (npcs nearby=[]) - genuine wall/zone gap, will time out
   [travel] !! TRAVEL WEDGE: identical fp x4 retries at (39, 28) map=(3, 7) (reason=no_route) -> returning to roam LOUD (no inner spin)
   [travel] start map=(3, 7) coords=(39, 28) -> map (3, 33) (budget 300s)
   [travel] east connection band rows: [0, 1, 2, 3, 4, 5, 6, 7, 8, 9, 20, 21, 22, 30, 31, 32, 33, 34, 35, 36, 37, 38, 39]
   [travel] path blocked at (39, 28) (NPC on the gap?) - waiting
   [travel] no clean path from (39, 28) AND no NPC-allowing path (npcs nearby=[]) - genuine wall/zone gap, will time out
   [travel] !! TRAVEL WEDGE: identical fp x4 retries at (39, 28) map=(3, 7) (reason=no_route) -> returning to roam LOUD (no inner spin)
   [travel] start map=(3, 7) coords=(39, 28) -> map (3, 33) (budget 300s)
   [travel] east connection band rows: [0, 1, 2, 3, 4, 5, 6, 7, 8, 9, 20, 21, 22, 30, 31, 32, 33, 34, 35, 36, 37, 38, 39]
   [travel] path blocked at (39, 28) (NPC on the gap?) - waiting
   [travel] no clean path from (39, 28) AND no NPC-allowing path (npcs nearby=[]) - genuine wall/zone gap, will time out
   [travel] !! TRAVEL WEDGE: identical fp x4 retries at (39, 28) map=(3, 7) (reason=no_route) -> returning to roam LOUD (no inner spin)
   [travel] start map=(3, 7) coords=(39, 28) -> map (3, 33) (budget 300s)
   [travel] east connection band rows: [0, 1, 2, 3, 4, 5, 6, 7, 8, 9, 20, 21, 22, 30, 31, 32, 33, 34, 35, 36, 37, 38, 39]
   [travel] path blocked at (39, 28) (NPC on the gap?) - waiting
   [travel] no clean path from (39, 28) AND no NPC-allowing path (npcs nearby=[]) - genuine wall/zone gap, will time out
   [travel] !! TRAVEL WEDGE: identical fp x4 retries at (39, 28) map=(3, 7) (reason=no_route) -> returning to roam LOUD (no inner spin)
   [travel] start map=(3, 7) coords=(39, 28) -> map (3, 33) (budget 300s)
   [travel] east connection band rows: [0, 1, 2, 3, 4, 5, 6, 7, 8, 9, 20, 21, 22, 30, 31, 32, 33, 34, 35, 36, 37, 38, 39]
   [travel] path blocked at (39, 28) (NPC on the gap?) - waiting
   [travel] no clean path from (39, 28) AND no NPC-allowing path (npcs nearby=[]) - genuine wall/zone gap, will time out
   [travel] !! TRAVEL WEDGE: identical fp x4 retries at (39, 28) map=(3, 7) (reason=no_route) -> returning to roam LOUD (no inner spin)
   [travel] start map=(3, 7) coords=(39, 28) -> map (3, 33) (budget 300s)
   [travel] east connection band rows: [0, 1, 2, 3, 4, 5, 6, 7, 8, 9, 20, 21, 22, 30, 31, 32, 33, 34, 35, 36, 37, 38, 39]
   [travel] path blocked at (39, 28) (NPC on the gap?) - waiting
   [travel] no clean path from (39, 28) AND no NPC-allowing path (npcs nearby=[]) - genuine wall/zone gap, will time out
   [travel] !! TRAVEL WEDGE: identical fp x4 retries at (39, 28) map=(3, 7) (reason=no_route) -> returning to roam LOUD (no inner spin)
   [travel] start map=(3, 7) coords=(39, 28) -> map (3, 33) (budget 300s)
   [travel] east connection band rows: [0, 1, 2, 3, 4, 5, 6, 7, 8, 9, 20, 21, 22, 30, 31, 32, 33, 34, 35, 36, 37, 38, 39]
   [travel] path blocked at (39, 28) (NPC on the gap?) - waiting
   [travel] no clean path from (39, 28) AND no NPC-allowing path (npcs nearby=[]) - genuine wall/zone gap, will time out
   [travel] !! TRAVEL WEDGE: identical fp x4 retries at (39, 28) map=(3, 7) (reason=no_route) -> returning to roam LOUD (no inner spin)
   [travel] start map=(3, 7) coords=(39, 28) -> map (3, 33) (budget 300s)
   [travel] east connection band rows: [0, 1, 2, 3, 4, 5, 6, 7, 8, 9, 20, 21, 22, 30, 31, 32, 33, 34, 35, 36, 37, 38, 39]
   [travel] path blocked at (39, 28) (NPC on the gap?) - waiting
   [travel] no clean path from (39, 28) AND no NPC-allowing path (npcs nearby=[]) - genuine wall/zone gap, will time out
   [travel] !! TRAVEL WEDGE: identical fp x4 retries at (39, 28) map=(3, 7) (reason=no_route) -> returning to roam LOUD (no inner spin)
   [travel] start map=(3, 7) coords=(25, 32) -> coord (38, 32) (budget 240s)
   [travel] step 0: (25, 32)->(26, 32) map=(3, 7) (path 13 to exit)
   [travel] step 10: (35, 32)->(36, 32) map=(3, 7) (path 4 to exit)
   [travel] reached target coord (38, 32)
   [travel] start map=(11, 8) coords=(3, 8) -> coord (3, 1) (budget 110s)
   [travel] step 0: (3, 8)->(3, 7) map=(11, 8) (path 8 to exit)
   [travel] reached target coord (3, 1)
   [travel] start map=(3, 7) coords=(39, 28) -> map (3, 33) (budget 300s)
   [travel] east connection band rows: [0, 1, 2, 3, 4, 5, 6, 7, 8, 9, 20, 21, 22, 30, 31, 32, 33, 34, 35, 36, 37, 38, 39]
   [travel] path blocked at (39, 28) (NPC on the gap?) - waiting
   [travel] no clean path from (39, 28) AND no NPC-allowing path (npcs nearby=[]) - genuine wall/zone gap, will time out
   [travel] !! TRAVEL WEDGE: identical fp x4 retries at (39, 28) map=(3, 7) (reason=no_route) -> returning to roam LOUD (no inner spin)
   [travel] start map=(3, 7) coords=(39, 28) -> map (3, 33) (budget 300s)
   [travel] east connection band rows: [0, 1, 2, 3, 4, 5, 6, 7, 8, 9, 20, 21, 22, 30, 31, 32, 33, 34, 35, 36, 37, 38, 39]
   [travel] path blocked at (39, 28) (NPC on the gap?) - waiting
   [travel] no clean path from (39, 28) AND no NPC-allowing path (npcs nearby=[]) - genuine wall/zone gap, will time out
   [travel] !! TRAVEL WEDGE: identical fp x4 retries at (39, 28) map=(3, 7) (reason=no_route) -> returning to roam LOUD (no inner spin)
   [travel] start map=(3, 7) coords=(39, 28) -> map (3, 33) (budget 300s)
   [travel] east connection band rows: [0, 1, 2, 3, 4, 5, 6, 7, 8, 9, 20, 21, 22, 30, 31, 32, 33, 34, 35, 36, 37, 38, 39]
   [travel] path blocked at (39, 28) (NPC on the gap?) - waiting
   [travel] no clean path from (39, 28) AND no NPC-allowing path (npcs nearby=[]) - genuine wall/zone gap, will time out
   [travel] !! TRAVEL WEDGE: identical fp x4 retries at (39, 28) map=(3, 7) (reason=no_route) -> returning to roam LOUD (no inner spin)
   [travel] start map=(3, 7) coords=(39, 28) -> map (3, 33) (budget 300s)
   [travel] east connection band rows: [0, 1, 2, 3, 4, 5, 6, 7, 8, 9, 20, 21, 22, 30, 31, 32, 33, 34, 35, 36, 37, 38, 39]
   [travel] path blocked at (39, 28) (NPC on the gap?) - waiting
   [travel] no clean path from (39, 28) AND no NPC-allowing path (npcs nearby=[]) - genuine wall/zone gap, will time out
   [travel] !! TRAVEL WEDGE: identical fp x4 retries at (39, 28) map=(3, 7) (reason=no_route) -> returning to roam LOUD (no inner spin)
   [travel] start map=(3, 7) coords=(39, 28) -> map (3, 33) (budget 300s)
   [travel] east connection band rows: [0, 1, 2, 3, 4, 5, 6, 7, 8, 9, 20, 21, 22, 30, 31, 32, 33, 34, 35, 36, 37, 38, 39]
   [travel] path blocked at (39, 28) (NPC on the gap?) - waiting
   [travel] no clean path from (39, 28) AND no NPC-allowing path (npcs nearby=[]) - genuine wall/zone gap, will time out
   [travel] !! TRAVEL WEDGE: identical fp x4 retries at (39, 28) map=(3, 7) (reason=no_route) -> returning to roam LOUD (no inner spin)
   [travel] start map=(3, 7) coords=(39, 28) -> map (3, 33) (budget 300s)
   [travel] east connection band rows: [0, 1, 2, 3, 4, 5, 6, 7, 8, 9, 20, 21, 22, 30, 31, 32, 33, 34, 35, 36, 37, 38, 39]
   [travel] path blocked at (39, 28) (NPC on the gap?) - waiting
   [travel] no clean path from (39, 28) AND no NPC-allowing path (npcs nearby=[]) - genuine wall/zone gap, will time out
   [travel] !! TRAVEL WEDGE: identical fp x4 retries at (39, 28) map=(3, 7) (reason=no_route) -> returning to roam LOUD (no inner spin)
   [travel] start map=(3, 7) coords=(39, 28) -> map (3, 33) (budget 300s)
   [travel] east connection band rows: [0, 1, 2, 3, 4, 5, 6, 7, 8, 9, 20, 21, 22, 30, 31, 32, 33, 34, 35, 36, 37, 38, 39]
   [travel] path blocked at (39, 28) (NPC on the gap?) - waiting
   [travel] no clean path from (39, 28) AND no NPC-allowing path (npcs nearby=[]) - genuine wall/zone gap, will time out
   [travel] !! TRAVEL WEDGE: identical fp x4 retries at (39, 28) map=(3, 7) (reason=no_route) -> returning to roam LOUD (no inner spin)
   [travel] start map=(3, 7) coords=(39, 28) -> map (3, 33) (budget 300s)
   [travel] east connection band rows: [0, 1, 2, 3, 4, 5, 6, 7, 8, 9, 20, 21, 22, 30, 31, 32, 33, 34, 35, 36, 37, 38, 39]
   [travel] path blocked at (39, 28) (NPC on the gap?) - waiting
   [travel] no clean path from (39, 28) AND no NPC-allowing path (npcs nearby=[]) - genuine wall/zone gap, will time out
   [travel] !! TRAVEL WEDGE: identical fp x4 retries at (39, 28) map=(3, 7) (reason=no_route) -> returning to roam LOUD (no inner spin)
   [travel] start map=(3, 7) coords=(25, 32) -> coord (38, 32) (budget 240s)
   [travel] step 0: (25, 32)->(26, 32) map=(3, 7) (path 13 to exit)
   [travel] step 10: (35, 32)->(36, 32) map=(3, 7) (path 4 to exit)
   [travel] reached target coord (38, 32)
   [travel] start map=(11, 8) coords=(3, 8) -> coord (3, 1) (budget 110s)
   [travel] step 0: (3, 8)->(3, 7) map=(11, 8) (path 8 to exit)
   [travel] reached target coord (3, 1)
   [travel] start map=(3, 7) coords=(39, 28) -> map (3, 33) (budget 300s)
   [travel] east connection band rows: [0, 1, 2, 3, 4, 5, 6, 7, 8, 9, 20, 21, 22, 30, 31, 32, 33, 34, 35, 36, 37, 38, 39]
   [travel] path blocked at (39, 28) (NPC on the gap?) - waiting
   [travel] no clean path from (39, 28) AND no NPC-allowing path (npcs nearby=[]) - genuine wall/zone gap, will time out
   [travel] !! TRAVEL WEDGE: identical fp x4 retries at (39, 28) map=(3, 7) (reason=no_route) -> returning to roam LOUD (no inner spin)
   [travel] start map=(3, 7) coords=(39, 28) -> map (3, 33) (budget 300s)
   [travel] east connection band rows: [0, 1, 2, 3, 4, 5, 6, 7, 8, 9, 20, 21, 22, 30, 31, 32, 33, 34, 35, 36, 37, 38, 39]
   [travel] path blocked at (39, 28) (NPC on the gap?) - waiting
   [travel] no clean path from (39, 28) AND no NPC-allowing path (npcs nearby=[]) - genuine wall/zone gap, will time out
   [travel] !! TRAVEL WEDGE: identical fp x4 retries at (39, 28) map=(3, 7) (reason=no_route) -> returning to roam LOUD (no inner spin)
   [travel] start map=(3, 7) coords=(39, 28) -> map (3, 33) (budget 300s)
   [travel] east connection band rows: [0, 1, 2, 3, 4, 5, 6, 7, 8, 9, 20, 21, 22, 30, 31, 32, 33, 34, 35, 36, 37, 38, 39]
   [travel] path blocked at (39, 28) (NPC on the gap?) - waiting
   [travel] no clean path from (39, 28) AND no NPC-allowing path (npcs nearby=[]) - genuine wall/zone gap, will time out
   [travel] !! TRAVEL WEDGE: identical fp x4 retries at (39, 28) map=(3, 7) (reason=no_route) -> returning to roam LOUD (no inner spin)
   [travel] start map=(3, 7) coords=(39, 28) -> map (3, 37) (budget 300s)
   [travel] south connection band cols: [0, 1, 2, 3, 4, 5, 6, 7, 8, 9, 10, 11, 19, 20, 21, 22, 23, 24, 25, 26, 27, 28, 36, 37, 38, 39, 40, 41, 42, 43, 44, 45, 46, 47, 48]
   [travel] path blocked at (39, 28) (NPC on the gap?) - waiting
   [travel] no clean path from (39, 28) AND no NPC-allowing path (npcs nearby=[]) - genuine wall/zone gap, will time out
   [travel] !! TRAVEL WEDGE: identical fp x4 retries at (39, 28) map=(3, 7) (reason=no_route) -> returning to roam LOUD (no inner spin)
   [travel] start map=(3, 7) coords=(39, 28) -> map (3, 37) (budget 300s)
   [travel] south connection band cols: [0, 1, 2, 3, 4, 5, 6, 7, 8, 9, 10, 11, 19, 20, 21, 22, 23, 24, 25, 26, 27, 28, 36, 37, 38, 39, 40, 41, 42, 43, 44, 45, 46, 47, 48]
   [travel] path blocked at (39, 28) (NPC on the gap?) - waiting
   [travel] no clean path from (39, 28) AND no NPC-allowing path (npcs nearby=[]) - genuine wall/zone gap, will time out
   [travel] !! TRAVEL WEDGE: identical fp x4 retries at (39, 28) map=(3, 7) (reason=no_route) -> returning to roam LOUD (no inner spin)
   [travel] start map=(3, 7) coords=(39, 28) -> map (3, 33) (budget 300s)
   [travel] east connection band rows: [0, 1, 2, 3, 4, 5, 6, 7, 8, 9, 20, 21, 22, 30, 31, 32, 33, 34, 35, 36, 37, 38, 39]
   [travel] path blocked at (39, 28) (NPC on the gap?) - waiting
   [travel] no clean path from (39, 28) AND no NPC-allowing path (npcs nearby=[]) - genuine wall/zone gap, will time out
   [travel] !! TRAVEL WEDGE: identical fp x4 retries at (39, 28) map=(3, 7) (reason=no_route) -> returning to roam LOUD (no inner spin)
   [travel] start map=(3, 7) coords=(39, 28) -> map (3, 33) (budget 300s)
   [travel] east connection band rows: [0, 1, 2, 3, 4, 5, 6, 7, 8, 9, 20, 21, 22, 30, 31, 32, 33, 34, 35, 36, 37, 38, 39]
   [travel] path blocked at (39, 28) (NPC on the gap?) - waiting
   [travel] no clean path from (39, 28) AND no NPC-allowing path (npcs nearby=[]) - genuine wall/zone gap, will time out
   [travel] !! TRAVEL WEDGE: identical fp x4 retries at (39, 28) map=(3, 7) (reason=no_route) -> returning to roam LOUD (no inner spin)
   [travel] start map=(3, 7) coords=(39, 28) -> map (3, 33) (budget 300s)
   [travel] east connection band rows: [0, 1, 2, 3, 4, 5, 6, 7, 8, 9, 20, 21, 22, 30, 31, 32, 33, 34, 35, 36, 37, 38, 39]
   [travel] path blocked at (39, 28) (NPC on the gap?) - waiting
   [travel] no clean path from (39, 28) AND no NPC-allowing path (npcs nearby=[]) - genuine wall/zone gap, will time out
   [travel] !! TRAVEL WEDGE: identical fp x4 retries at (39, 28) map=(3, 7) (reason=no_route) -> returning to roam LOUD (no inner spin)
   [travel] start map=(3, 7) coords=(25, 32) -> coord (38, 32) (budget 240s)
   [travel] step 0: (25, 32)->(26, 32) map=(3, 7) (path 13 to exit)
   [travel] step 10: (35, 32)->(36, 32) map=(3, 7) (path 4 to exit)
   [travel] reached target coord (38, 32)
   [travel] start map=(11, 8) coords=(3, 8) -> coord (3, 1) (budget 110s)
   [travel] step 0: (3, 8)->(3, 7) map=(11, 8) (path 8 to exit)
   [travel] reached target coord (3, 1)
   [travel] start map=(3, 7) coords=(39, 28) -> map (3, 37) (budget 300s)
   [travel] south connection band cols: [0, 1, 2, 3, 4, 5, 6, 7, 8, 9, 10, 11, 19, 20, 21, 22, 23, 24, 25, 26, 27, 28, 36, 37, 38, 39, 40, 41, 42, 43, 44, 45, 46, 47, 48]
   [travel] path blocked at (39, 28) (NPC on the gap?) - waiting
   [travel] no clean path from (39, 28) AND no NPC-allowing path (npcs nearby=[]) - genuine wall/zone gap, will time out
   [travel] !! TRAVEL WEDGE: identical fp x4 retries at (39, 28) map=(3, 7) (reason=no_route) -> returning to roam LOUD (no inner spin)
   [travel] start map=(3, 7) coords=(39, 28) -> map (3, 37) (budget 300s)
   [travel] south connection band cols: [0, 1, 2, 3, 4, 5, 6, 7, 8, 9, 10, 11, 19, 20, 21, 22, 23, 24, 25, 26, 27, 28, 36, 37, 38, 39, 40, 41, 42, 43, 44, 45, 46, 47, 48]
   [travel] path blocked at (39, 28) (NPC on the gap?) - waiting
   [travel] no clean path from (39, 28) AND no NPC-allowing path (npcs nearby=[]) - genuine wall/zone gap, will time out
   [travel] !! TRAVEL WEDGE: identical fp x4 retries at (39, 28) map=(3, 7) (reason=no_route) -> returning to roam LOUD (no inner spin)
   [travel] start map=(3, 7) coords=(39, 28) -> map (3, 33) (budget 300s)
   [travel] east connection band rows: [0, 1, 2, 3, 4, 5, 6, 7, 8, 9, 20, 21, 22, 30, 31, 32, 33, 34, 35, 36, 37, 38, 39]
   [travel] path blocked at (39, 28) (NPC on the gap?) - waiting
   [travel] no clean path from (39, 28) AND no NPC-allowing path (npcs nearby=[]) - genuine wall/zone gap, will time out
   [travel] !! TRAVEL WEDGE: identical fp x4 retries at (39, 28) map=(3, 7) (reason=no_route) -> returning to roam LOUD (no inner spin)
   [travel] start map=(3, 7) coords=(39, 28) -> map (3, 33) (budget 300s)
   [travel] east connection band rows: [0, 1, 2, 3, 4, 5, 6, 7, 8, 9, 20, 21, 22, 30, 31, 32, 33, 34, 35, 36, 37, 38, 39]
   [travel] path blocked at (39, 28) (NPC on the gap?) - waiting
   [travel] no clean path from (39, 28) AND no NPC-allowing path (npcs nearby=[]) - genuine wall/zone gap, will time out
   [travel] !! TRAVEL WEDGE: identical fp x4 retries at (39, 28) map=(3, 7) (reason=no_route) -> returning to roam LOUD (no inner spin)
   [travel] start map=(3, 7) coords=(39, 28) -> map (3, 33) (budget 300s)
   [travel] east connection band rows: [0, 1, 2, 3, 4, 5, 6, 7, 8, 9, 20, 21, 22, 30, 31, 32, 33, 34, 35, 36, 37, 38, 39]
   [travel] path blocked at (39, 28) (NPC on the gap?) - waiting
   [travel] no clean path from (39, 28) AND no NPC-allowing path (npcs nearby=[]) - genuine wall/zone gap, will time out
   [travel] !! TRAVEL WEDGE: identical fp x4 retries at (39, 28) map=(3, 7) (reason=no_route) -> returning to roam LOUD (no inner spin)
   [travel] start map=(3, 7) coords=(39, 28) -> map (3, 33) (budget 300s)
   [travel] east connection band rows: [0, 1, 2, 3, 4, 5, 6, 7, 8, 9, 20, 21, 22, 30, 31, 32, 33, 34, 35, 36, 37, 38, 39]
   [travel] path blocked at (39, 28) (NPC on the gap?) - waiting
   [travel] no clean path from (39, 28) AND no NPC-allowing path (npcs nearby=[]) - genuine wall/zone gap, will time out
   [travel] !! TRAVEL WEDGE: identical fp x4 retries at (39, 28) map=(3, 7) (reason=no_route) -> returning to roam LOUD (no inner spin)
   [travel] start map=(3, 7) coords=(39, 28) -> map (3, 33) (budget 300s)
   [travel] east connection band rows: [0, 1, 2, 3, 4, 5, 6, 7, 8, 9, 20, 21, 22, 30, 31, 32, 33, 34, 35, 36, 37, 38, 39]
   [travel] path blocked at (39, 28) (NPC on the gap?) - waiting
   [travel] no clean path from (39, 28) AND no NPC-allowing path (npcs nearby=[]) - genuine wall/zone gap, will time out
   [travel] !! TRAVEL WEDGE: identical fp x4 retries at (39, 28) map=(3, 7) (reason=no_route) -> returning to roam LOUD (no inner spin)
   [travel] start map=(3, 7) coords=(39, 28) -> map (3, 33) (budget 300s)
   [travel] east connection band rows: [0, 1, 2, 3, 4, 5, 6, 7, 8, 9, 20, 21, 22, 30, 31, 32, 33, 34, 35, 36, 37, 38, 39]
   [travel] path blocked at (39, 28) (NPC on the gap?) - waiting
   [travel] no clean path from (39, 28) AND no NPC-allowing path (npcs nearby=[]) - genuine wall/zone gap, will time out
   [travel] !! TRAVEL WEDGE: identical fp x4 retries at (39, 28) map=(3, 7) (reason=no_route) -> returning to roam LOUD (no inner spin)
   [travel] start map=(3, 7) coords=(25, 32) -> coord (38, 32) (budget 240s)
   [travel] step 0: (25, 32)->(26, 32) map=(3, 7) (path 13 to exit)
   [travel] step 10: (35, 32)->(36, 32) map=(3, 7) (path 4 to exit)
   [travel] reached target coord (38, 32)
   [travel] start map=(11, 8) coords=(3, 8) -> coord (3, 1) (budget 110s)
   [travel] step 0: (3, 8)->(3, 7) map=(11, 8) (path 8 to exit)
   [travel] reached target coord (3, 1)
   [travel] start map=(3, 7) coords=(39, 28) -> map (3, 37) (budget 300s)
   [travel] south connection band cols: [0, 1, 2, 3, 4, 5, 6, 7, 8, 9, 10, 11, 19, 20, 21, 22, 23, 24, 25, 26, 27, 28, 36, 37, 38, 39, 40, 41, 42, 43, 44, 45, 46, 47, 48]
   [travel] path blocked at (39, 28) (NPC on the gap?) - waiting
   [travel] no clean path from (39, 28) AND no NPC-allowing path (npcs nearby=[]) - genuine wall/zone gap, will time out
   [travel] !! TRAVEL WEDGE: identical fp x4 retries at (39, 28) map=(3, 7) (reason=no_route) -> returning to roam LOUD (no inner spin)
   [travel] start map=(3, 7) coords=(39, 28) -> map (3, 37) (budget 300s)
   [travel] south connection band cols: [0, 1, 2, 3, 4, 5, 6, 7, 8, 9, 10, 11, 19, 20, 21, 22, 23, 24, 25, 26, 27, 28, 36, 37, 38, 39, 40, 41, 42, 43, 44, 45, 46, 47, 48]
   [travel] path blocked at (39, 28) (NPC on the gap?) - waiting
   [travel] no clean path from (39, 28) AND no NPC-allowing path (npcs nearby=[]) - genuine wall/zone gap, will time out
   [travel] !! TRAVEL WEDGE: identical fp x4 retries at (39, 28) map=(3, 7) (reason=no_route) -> returning to roam LOUD (no inner spin)
   [travel] start map=(3, 7) coords=(39, 28) -> map (3, 33) (budget 300s)
   [travel] east connection band rows: [0, 1, 2, 3, 4, 5, 6, 7, 8, 9, 20, 21, 22, 30, 31, 32, 33, 34, 35, 36, 37, 38, 39]
   [travel] path blocked at (39, 28) (NPC on the gap?) - waiting
   [travel] no clean path from (39, 28) AND no NPC-allowing path (npcs nearby=[]) - genuine wall/zone gap, will time out
   [travel] !! TRAVEL WEDGE: identical fp x4 retries at (39, 28) map=(3, 7) (reason=no_route) -> returning to roam LOUD (no inner spin)
   [travel] start map=(3, 7) coords=(39, 28) -> map (3, 33) (budget 300s)
   [travel] east connection band rows: [0, 1, 2, 3, 4, 5, 6, 7, 8, 9, 20, 21, 22, 30, 31, 32, 33, 34, 35, 36, 37, 38, 39]
   [travel] path blocked at (39, 28) (NPC on the gap?) - waiting
   [travel] no clean path from (39, 28) AND no NPC-allowing path (npcs nearby=[]) - genuine wall/zone gap, will time out
   [travel] !! TRAVEL WEDGE: identical fp x4 retries at (39, 28) map=(3, 7) (reason=no_route) -> returning to roam LOUD (no inner spin)
   [travel] start map=(3, 7) coords=(39, 28) -> map (3, 33) (budget 300s)
   [travel] east connection band rows: [0, 1, 2, 3, 4, 5, 6, 7, 8, 9, 20, 21, 22, 30, 31, 32, 33, 34, 35, 36, 37, 38, 39]
   [travel] path blocked at (39, 28) (NPC on the gap?) - waiting
   [travel] no clean path from (39, 28) AND no NPC-allowing path (npcs nearby=[]) - genuine wall/zone gap, will time out
   [travel] !! TRAVEL WEDGE: identical fp x4 retries at (39, 28) map=(3, 7) (reason=no_route) -> returning to roam LOUD (no inner spin)
   [travel] start map=(3, 7) coords=(39, 28) -> map (3, 33) (budget 300s)
   [travel] east connection band rows: [0, 1, 2, 3, 4, 5, 6, 7, 8, 9, 20, 21, 22, 30, 31, 32, 33, 34, 35, 36, 37, 38, 39]
   [travel] path blocked at (39, 28) (NPC on the gap?) - waiting
   [travel] no clean path from (39, 28) AND no NPC-allowing path (npcs nearby=[]) - genuine wall/zone gap, will time out
   [travel] !! TRAVEL WEDGE: identical fp x4 retries at (39, 28) map=(3, 7) (reason=no_route) -> returning to roam LOUD (no inner spin)
   [travel] start map=(3, 7) coords=(39, 28) -> map (3, 33) (budget 300s)
   [travel] east connection band rows: [0, 1, 2, 3, 4, 5, 6, 7, 8, 9, 20, 21, 22, 30, 31, 32, 33, 34, 35, 36, 37, 38, 39]
   [travel] path blocked at (39, 28) (NPC on the gap?) - waiting
   [travel] no clean path from (39, 28) AND no NPC-allowing path (npcs nearby=[]) - genuine wall/zone gap, will time out
   [travel] !! TRAVEL WEDGE: identical fp x4 retries at (39, 28) map=(3, 7) (reason=no_route) -> returning to roam LOUD (no inner spin)
   [travel] start map=(3, 7) coords=(39, 28) -> map (3, 33) (budget 300s)
   [travel] east connection band rows: [0, 1, 2, 3, 4, 5, 6, 7, 8, 9, 20, 21, 22, 30, 31, 32, 33, 34, 35, 36, 37, 38, 39]
   [travel] path blocked at (39, 28) (NPC on the gap?) - waiting
   [travel] no clean path from (39, 28) AND no NPC-allowing path (npcs nearby=[]) - genuine wall/zone gap, will time out
   [travel] !! TRAVEL WEDGE: identical fp x4 retries at (39, 28) map=(3, 7) (reason=no_route) -> returning to roam LOUD (no inner spin)
===== playlive_2026-08-04_11-53-19.log =====
   [travel] start map=(1, 54) coords=(16, 2) -> coord (16, 3) (budget 300s)
   [travel] step 0: (16, 2)->(16, 3) map=(1, 54) (path 2 to exit)
   [travel] reached target coord (16, 3)
   [travel] start map=(1, 54) coords=(16, 2) -> coord (17, 2) (budget 60s)
   [travel] step 0: (16, 2)->(17, 2) map=(1, 54) (path 2 to exit)
   [travel] reached target coord (17, 2)
   [play-live]    [engine] JUST FIGHT: L54 vs L28 + connecting damage — skipping bag/switch hierarchy this turn
   [play-live]    [engine] action menu: Water Pulse - a STAB hit -> slot 2 (eff x1) vs golbat 80/80 | [0]Tackle(p35,pp=32,ref=0,sc=33.25) [1]Bite(p60,pp=23,ref=0,sc=60) [2]Water Pulse(p60*STAB,pp=16,ref=0,sc=90)
   [play-live]    [engine] STREAM COMMIT: Water Pulse - a STAB hit slot 2 (menu_up=1 action=True moves=False)
   [play-live]    [engine] battle-progress: move resolved
   [play-live]    [engine] battle-progress: enemy fainted
   [play-live]    [engine] party screen in drain: voluntary (shift prompt) -> single B out
   [play-live]    [engine] JUST FIGHT: L54 vs L28 + connecting damage — skipping bag/switch hierarchy this turn
   [play-live]    [engine] action menu: Bite - a super-effective hit -> slot 1 (eff x4) vs drowzee 71/71 | [0]Tackle(p35,pp=32,ref=0,sc=33.25) [1]Bite(p60,pp=23,ref=0,sc=240) [2]Water Pulse(p60*STAB,pp=15,ref=0,sc=90)
   [play-live]    [engine] STREAM COMMIT: Bite - a super-effective hit slot 1 (menu_up=1 action=True moves=False)
   [play-live]    [engine] battle-progress: enemy fainted
   [play-live]    [engine] battle-progress: move resolved
   [play-live]    [engine] JUST FIGHT: L54 vs L28 + connecting damage — skipping bag/switch hierarchy this turn
   [play-live]    [engine] action menu: Bite - a super-effective hit -> slot 1 (eff x4) vs hypno 85/85 | [0]Tackle(p35,pp=32,ref=0,sc=33.25) [1]Bite(p60,pp=23,ref=0,sc=240) [2]Water Pulse(p60*STAB,pp=14,ref=0,sc=90)
   [play-live]    [engine] STREAM COMMIT: Bite - a super-effective hit slot 1 (menu_up=1 action=True moves=False)
   [play-live]    [engine] battle-progress: move resolved
   [play-live]    [engine] JUST FIGHT: L54 vs L28 + connecting damage — skipping bag/switch hierarchy this turn
   [play-live]    [engine] action menu: Bite - a super-effective hit -> slot 1 (eff x4) vs hypno 14/85 | [0]Tackle(p35,pp=32,ref=0,sc=33.25) [1]Bite(p60,pp=22,ref=0,sc=240) [2]Water Pulse(p60*STAB,pp=14,ref=0,sc=90)
   [play-live]    [engine] STREAM COMMIT: Bite - a super-effective hit slot 1 (menu_up=1 action=True moves=False)
   [play-live]    [engine] battle-progress: move resolved
   [play-live]    [engine] battle-progress: enemy fainted
   [play-live]    [engine] !! post-faint drain: 40 advances, zero progress -> switching to B-first decline pairs (wedge frame saved)
   [play-live]    [engine] JUST FIGHT: L54 vs L28 + connecting damage — skipping bag/switch hierarchy this turn
   [play-live]    [engine] action menu: Bite - a super-effective hit -> slot 1 (eff x4) vs drowzee 71/71 | [0]Tackle(p35,pp=32,ref=0,sc=33.25) [1]Bite(p60,pp=21,ref=0,sc=240) [2]Water Pulse(p60*STAB,pp=14,ref=0,sc=90)
   [play-live]    [engine] STREAM COMMIT: Bite - a super-effective hit slot 1 (menu_up=1 action=True moves=False)
   [play-live]    [engine] battle-progress: move resolved
   [play-live]    [engine] JUST FIGHT: L54 vs L28 + connecting damage — skipping bag/switch hierarchy this turn
   [play-live]    [engine] action menu: Bite - a super-effective hit -> slot 1 (eff x4) vs drowzee 22/71 | [0]Tackle(p35,pp=31,ref=0,sc=33.25) [1]Bite(p60,pp=21,ref=0,sc=240) [2]Water Pulse(p60*STAB,pp=14,ref=0,sc=90)
   [play-live]    [engine] STREAM COMMIT: Bite - a super-effective hit slot 1 (menu_up=1 action=True moves=False)
   [play-live]    [engine] battle-progress: move resolved
   [play-live]    [engine] battle-progress: enemy fainted
   [play-live]    [engine] party screen in drain: voluntary (shift prompt) -> single B out
   [play-live]    [engine] JUST FIGHT: L54 vs L28 + connecting damage — skipping bag/switch hierarchy this turn
   [play-live]    [engine] action menu: Water Pulse - a STAB hit -> slot 2 (eff x1) vs grimer 82/82 | [0]Tackle(p35,pp=31,ref=0,sc=33.25) [1]Bite(p60,pp=20,ref=0,sc=60) [2]Water Pulse(p60*STAB,pp=14,ref=0,sc=90)
   [play-live]    [engine] STREAM COMMIT: Water Pulse - a STAB hit slot 2 (menu_up=1 action=True moves=False)
   [play-live]    [engine] battle-progress: move resolved
   [play-live]    [engine] battle-progress: enemy fainted
   [play-live]    [engine] party screen in drain: voluntary (shift prompt) -> single B out
   [play-live]    [engine] JUST FIGHT: L54 vs L28 + connecting damage — skipping bag/switch hierarchy this turn
   [play-live]    [engine] action menu: Water Pulse - a STAB hit -> slot 2 (eff x1) vs machop 77/77 | [0]Tackle(p35,pp=31,ref=0,sc=33.25) [1]Bite(p60,pp=20,ref=0,sc=15) [2]Water Pulse(p60*STAB,pp=13,ref=0,sc=90)
   [play-live]    [engine] STREAM COMMIT: Water Pulse - a STAB hit slot 2 (menu_up=1 action=True moves=False)
   [play-live]    [engine] battle-progress: move resolved
   [play-live]    [engine] battle-progress: enemy fainted
   [play-live]    [engine] !! post-faint drain: 40 advances, zero progress -> switching to B-first decline pairs (wedge frame saved)
   [play-live]    [engine] JUST FIGHT: L54 vs L37 + connecting damage — skipping bag/switch hierarchy this turn
   [play-live]    [engine] action menu: Water Pulse - a STAB hit -> slot 2 (eff x1) vs pidgeot 112/112 | [0]Tackle(p35,pp=31,ref=0,sc=33.25) [1]Bite(p60,pp=20,ref=0,sc=60) [2]Water Pulse(p60*STAB,pp=12,ref=0,sc=90)
   [play-live]    [engine] STREAM COMMIT: Water Pulse - a STAB hit slot 2 (menu_up=1 action=True moves=False)
   [play-live]    [engine] battle-progress: move resolved
   [play-live]    [engine] JUST FIGHT: L54 vs L37 + connecting damage — skipping bag/switch hierarchy this turn
   [play-live]    [engine] action menu: Water Pulse - a STAB hit -> slot 2 (eff x1) vs pidgeot 83/112 | [0]Tackle(p35,pp=30,ref=0,sc=33.25) [1]Bite(p60,pp=20,ref=0,sc=60) [2]Water Pulse(p60*STAB,pp=12,ref=0,sc=90)
   [play-live]    [engine] STREAM COMMIT: Water Pulse - a STAB hit slot 2 (menu_up=1 action=True moves=False)
   [play-live]    [engine] battle-progress: move resolved
   [play-live]    [engine] JUST FIGHT: L54 vs L37 + connecting damage — skipping bag/switch hierarchy this turn
   [play-live]    [engine] action menu: Water Pulse - a STAB hit -> slot 2 (eff x1) vs pidgeot 69/112 | [0]Tackle(p35,pp=29,ref=0,sc=33.25) [1]Bite(p60,pp=20,ref=0,sc=60) [2]Water Pulse(p60*STAB,pp=12,ref=0,sc=90)
   [play-live]    [engine] STREAM COMMIT: Water Pulse - a STAB hit slot 2 (menu_up=1 action=True moves=False)
   [play-live]    [engine] battle-progress: move resolved
   [play-live]    [engine] JUST FIGHT: L54 vs L37 + connecting damage — skipping bag/switch hierarchy this turn
   [play-live]    [engine] action menu: Water Pulse - a STAB hit -> slot 2 (eff x1) vs pidgeot 56/112 | [0]Tackle(p35,pp=28,ref=0,sc=33.25) [1]Bite(p60,pp=20,ref=0,sc=60) [2]Water Pulse(p60*STAB,pp=12,ref=0,sc=90)
   [play-live]    [engine] STREAM COMMIT: Water Pulse - a STAB hit slot 2 (menu_up=1 action=True moves=False)
   [play-live]    [engine] battle-progress: move resolved
   [play-live]    [engine] JUST FIGHT: L54 vs L37 + connecting damage — skipping bag/switch hierarchy this turn
   [play-live]    [engine] action menu: Water Pulse - a STAB hit -> slot 2 (eff x1) vs pidgeot 42/112 | [0]Tackle(p35,pp=27,ref=0,sc=33.25) [1]Bite(p60,pp=20,ref=0,sc=60) [2]Water Pulse(p60*STAB,pp=12,ref=0,sc=90)
   [play-live]    [engine] STREAM COMMIT: Water Pulse - a STAB hit slot 2 (menu_up=1 action=True moves=False)
   [play-live]    [engine] battle-progress: move resolved
   [play-live]    [engine] JUST FIGHT: L54 vs L37 + connecting damage — skipping bag/switch hierarchy this turn
   [play-live]    [engine] action menu: Water Pulse - a STAB hit -> slot 2 (eff x1) vs pidgeot 29/112 | [0]Tackle(p35,pp=26,ref=0,sc=33.25) [1]Bite(p60,pp=20,ref=0,sc=60) [2]Water Pulse(p60*STAB,pp=12,ref=0,sc=90)
   [play-live]    [engine] STREAM COMMIT: Water Pulse - a STAB hit slot 2 (menu_up=1 action=True moves=False)
   [play-live]    [engine] battle-progress: move resolved
   [play-live]    [engine] battle-progress: enemy fainted
   [play-live]    [engine] LEVEL-UP MOVE PROMPT: wants to learn Skull Bash over a full moveset -> DECLINING deliberately (B=keep the set, A=confirm)
   [play-live]    [engine] JUST FIGHT: L55 vs L40 + connecting damage — skipping bag/switch hierarchy this turn
   [play-live]    [engine] action menu: Bite - a solid hit -> slot 1 (eff x1) vs venusaur 121/121 | [0]Tackle(p35,pp=26,ref=0,sc=33.25) [1]Bite(p60,pp=20,ref=0,sc=60) [2]Water Pulse(p60*STAB,pp=11,ref=0,sc=45) [3]Skull Bash(p100,pp=15,ref=0,sc=50)
   [play-live]    [engine] STREAM COMMIT: Bite - a solid hit slot 1 (menu_up=1 action=True moves=False)
   [play-live]    [engine] battle-progress: move resolved
   [play-live]    [engine] ITEM-INSTINCT offer: ['use_cure', 'keep_fighting'] ctx={'hp': '86/170', 'status': 'sleep', 'foe': 'venusaur'}
   [play-live]    [engine] ITEM-INSTINCT pick -> use_cure (item 17, aim=active)
   [play-live]    [engine] use_item walk n=0: party=False bag=True white=False pcur=None lead=False
   [play-live]    [engine] use_item walk n=1: party=False bag=False white=False pcur=None lead=False
   [play-live]    [engine] use_item: USED item 17 (count 2->1)
   [play-live]    [engine] battle-progress: item 17 consumed
   [play-live]    [engine] ITEM-INSTINCT offer: ['use_potion', 'keep_fighting'] ctx={'hp': '45/170', 'status': 'none', 'foe': 'venusaur'}
   [play-live]    [engine] ITEM-INSTINCT FORCED -> use_potion (active at 26% <= crit floor 30% — a faint loses the fight; oracle bypassed)
   [play-live]    [engine] ITEM-INSTINCT pick -> use_potion (item 21, aim=active)
   [play-live]    [engine] use_item walk n=0: party=False bag=True white=False pcur=None lead=False
   [play-live]    [engine] use_item walk n=1: party=False bag=False white=False pcur=None lead=False
   [play-live]    [engine] use_item: USED item 21 (count 15->14)
   [play-live]    [engine] battle-progress: item 21 consumed
   [play-live]    [engine] use_item: post-use settle NOT confirmed — blind B-unwind (the bag can sit open invisible to every classifier)
   [play-live]    [engine] JUST FIGHT: L55 vs L40 + connecting damage — skipping bag/switch hierarchy this turn
   [play-live]    [engine] action menu: Bite - a solid hit -> slot 1 (eff x1) vs venusaur 89/121 | [0]Tackle(p35,pp=26,ref=0,sc=33.25) [1]Bite(p60,pp=19,ref=0,sc=60) [2]Water Pulse(p60*STAB,pp=11,ref=0,sc=45) [3]Skull Bash(p100,pp=15,ref=0,sc=50)
   [play-live]    [engine] STREAM COMMIT: Bite - a solid hit slot 1 (menu_up=1 action=True moves=False)
   [play-live]    [engine] move slot 1 didn't fire (0-PP / disabled / blocked) -> rotating to an untried move (streak now [1], refusals {1: 1}, futility 1/4)
   [play-live]    [engine] JUST FIGHT: L55 vs L40 + connecting damage — skipping bag/switch hierarchy this turn
   [play-live]    [engine] action menu: Skull Bash -> slot 3 (eff x1) vs venusaur 89/121 | [0]Tackle(p35,pp=26,ref=0,sc=33.25) [1]Bite(p60,pp=19,ref=1,sc=60) [2]Water Pulse(p60*STAB,pp=11,ref=0,sc=45) [3]Skull Bash(p100,pp=15,ref=0,sc=50)
   [play-live]    [engine] STREAM COMMIT: Skull Bash slot 3 (menu_up=1 action=True moves=False)
   [play-live]    [engine] move slot 3 didn't fire (0-PP / disabled / blocked) -> rotating to an untried move (streak now [1, 3], refusals {1: 1, 3: 1}, futility 2/4)
   [play-live]    [engine] JUST FIGHT: L55 vs L40 + connecting damage — skipping bag/switch hierarchy this turn
   [play-live]    [engine] action menu: Water Pulse -> slot 2 (eff x0.5) vs venusaur 89/121 | [0]Tackle(p35,pp=26,ref=0,sc=33.25) [1]Bite(p60,pp=19,ref=1,sc=60) [2]Water Pulse(p60*STAB,pp=11,ref=0,sc=45) [3]Skull Bash(p100,pp=15,ref=1,sc=50)
   [play-live]    [engine] STREAM COMMIT: Water Pulse slot 2 (menu_up=1 action=True moves=False)
   [play-live]    [engine] move slot 2 didn't fire (0-PP / disabled / blocked) -> rotating to an untried move (streak now [1, 2, 3], refusals {1: 1, 3: 1, 2: 1}, futility 3/4)
   [play-live]    [engine] BAG is open at the turn loop (abandoned item flow) -> B-closing it
   [play-live]    [engine] JUST FIGHT: L55 vs L40 + connecting damage — skipping bag/switch hierarchy this turn
   [play-live]    [engine] action menu: Tackle -> slot 0 (eff x1) vs venusaur 89/121 | [0]Tackle(p35,pp=26,ref=0,sc=33.25) [1]Bite(p60,pp=19,ref=1,sc=60) [2]Water Pulse(p60*STAB,pp=11,ref=1,sc=45) [3]Skull Bash(p100,pp=15,ref=1,sc=50)
   [play-live]    [engine] STREAM COMMIT: Tackle slot 0 (menu_up=1 action=True moves=False)
   [play-live]    [engine] move slot 0 didn't fire (0-PP / disabled / blocked) -> rotating to an untried move (streak now [0, 1, 2, 3], refusals {1: 1, 3: 1, 2: 1, 0: 1}, futility 4/4)
   [play-live]    [engine] BAG is open at the turn loop (abandoned item flow) -> B-closing it
   [play-live]    [engine] !! FUTILITY BREAKER: 4 fruitless move-list confirms — the list is a tar pit (lying cursor/PP RAM). Benching the active for party slot 3 (L19) — switch verifies by species flip, not move RAM (use 1/2)
   [play-live]    [engine] switch: target party slot 3 sp=64 -> menu row 3
   [play-live]    [engine] switch: SWITCHED to species 64 (slot 3)
   [play-live]    [engine] battle-progress: futility bench switch
   [play-live]    [engine] action menu: Confusion - a super-effective hit -> slot 1 (eff x2) vs venusaur 89/121 | [0]Teleport(p0*STAB,pp=20,ref=1,sc=0) [1]Confusion(p50*STAB,pp=25,ref=1,sc=150) [2]Disable(p0,pp=20,ref=1,sc=0)
   [play-live]    [engine] STREAM COMMIT: Confusion - a super-effective hit slot 1 (menu_up=1 action=True moves=False)
   [play-live]    [engine] battle-progress: our mon fainted
   [play-live]    [engine] fswitch retry 2: target row 3 sp=9 skip_rows=[] party_cur=2 menu_rows=[(64, 0), (21, 47), (19, 43), (9, 129), (50, 35)]
   [play-live]    [engine] fswitch: selecting row 3 (sp=9 L55 hp=129)
   [play-live]    [engine] battle-progress: force-switch seated
   [play-live]    [engine] JUST FIGHT: L55 vs L40 + connecting damage — skipping bag/switch hierarchy this turn
   [play-live]    [engine] action menu: Bite - a solid hit -> slot 1 (eff x1) vs venusaur 89/121 | [0]Tackle(p35,pp=26,ref=1,sc=33.25) [1]Bite(p60,pp=19,ref=1,sc=60) [2]Water Pulse(p60*STAB,pp=11,ref=1,sc=45) [3]Skull Bash(p100,pp=15,ref=1,sc=50)
   [play-live]    [engine] STREAM COMMIT: Bite - a solid hit slot 1 (menu_up=1 action=True moves=False)
   [play-live]    [engine] battle-progress: move resolved
   [play-live]    [engine] JUST FIGHT: L55 vs L40 + connecting damage — skipping bag/switch hierarchy this turn
   [play-live]    [engine] action menu: Bite - a solid hit -> slot 1 (eff x1) vs venusaur 55/121 | [0]Tackle(p35,pp=26,ref=1,sc=33.25) [1]Bite(p60,pp=18,ref=1,sc=60) [2]Water Pulse(p60*STAB,pp=11,ref=1,sc=45) [3]Skull Bash(p100,pp=15,ref=1,sc=50)
   [play-live]    [engine] STREAM COMMIT: Bite - a solid hit slot 1 (menu_up=1 action=True moves=False)
   [play-live]    [engine] battle-progress: move resolved
   [play-live]    [engine] revive-check: NO offer (revive_item=24, worthy=None, party sp/hp/lv=[(9, 129, 55), (21, 47, 18), (19, 43, 18), (64, 0, 19), (50, 35, 18), (0, 0, 0)])
   [play-live]    [engine] ITEM-INSTINCT offer: ['use_cure', 'keep_fighting'] ctx={'hp': '129/170', 'status': 'sleep', 'foe': 'venusaur'}
   [play-live]    [engine] ITEM-INSTINCT pick -> use_cure (item 17, aim=active)
   [play-live]    [engine] use_item walk n=0: party=False bag=True white=False pcur=None lead=False
   [play-live]    [engine] use_item walk n=1: party=False bag=False white=False pcur=None lead=False
   [play-live]    [engine] use_item: USED item 17 (count 1->0)
   [play-live]    [engine] battle-progress: item 17 consumed
   [play-live]    [engine] use_item: post-use settle NOT confirmed — blind B-unwind (the bag can sit open invisible to every classifier)
   [play-live]    [engine] JUST FIGHT: L55 vs L40 + connecting damage — skipping bag/switch hierarchy this turn
   [play-live]    [engine] SE-CHUNK observed: this foe class hits us super-effectively and HARD -> sleep-lock armed even at neutral damage
   [play-live]    [engine] action menu: Bite - a solid hit -> slot 1 (eff x1) vs venusaur 26/121 | [0]Tackle(p35,pp=26,ref=1,sc=33.25) [1]Bite(p60,pp=17,ref=1,sc=60) [2]Water Pulse(p60*STAB,pp=11,ref=1,sc=45) [3]Skull Bash(p100,pp=15,ref=1,sc=50)
   [play-live]    [engine] STREAM COMMIT: Bite - a solid hit slot 1 (menu_up=1 action=True moves=False)
   [play-live]    [engine] battle-progress: move resolved
   [play-live]    [engine] battle-progress: enemy fainted
   [play-live]    [engine] JUST FIGHT: L55 vs L38 + connecting damage — skipping bag/switch hierarchy this turn
   [play-live]    [engine] action menu: Bite - a solid hit -> slot 1 (eff x1) vs gyarados 124/124 | [0]Tackle(p35,pp=26,ref=1,sc=33.25) [1]Bite(p60,pp=16,ref=1,sc=60) [2]Water Pulse(p60*STAB,pp=11,ref=1,sc=45) [3]Skull Bash(p100,pp=15,ref=1,sc=50)
   [play-live]    [engine] STREAM COMMIT: Bite - a solid hit slot 1 (menu_up=1 action=True moves=False)
   [play-live]    [engine] battle-progress: move resolved
   [play-live]    [engine] revive-check: NO offer (revive_item=24, worthy=None, party sp/hp/lv=[(9, 20, 55), (21, 47, 18), (19, 43, 18), (64, 0, 19), (50, 35, 18), (0, 0, 0)])
   [play-live]    [engine] ITEM-INSTINCT offer: ['use_potion', 'keep_fighting'] ctx={'hp': '20/170', 'status': 'none', 'foe': 'gyarados'}
   [play-live]    [engine] ITEM-INSTINCT FORCED -> use_potion (active at 11% <= crit floor 30% — a faint loses the fight; oracle bypassed)
   [play-live]    [engine] ITEM-INSTINCT pick -> use_potion (item 21, aim=active)
   [play-live]    [engine] use_item walk n=0: party=False bag=True white=False pcur=None lead=False
   [play-live]    [engine] use_item walk n=1: party=False bag=False white=False pcur=None lead=False
   [play-live]    [engine] use_item: USED item 21 (count 14->13)
   [play-live]    [engine] battle-progress: item 21 consumed
   [play-live]    [engine] use_item: post-use settle NOT confirmed — blind B-unwind (the bag can sit open invisible to every classifier)
   [play-live]    [engine] JUST FIGHT: L55 vs L38 + connecting damage — skipping bag/switch hierarchy this turn
   [play-live]    [engine] action menu: Bite - a solid hit -> slot 1 (eff x1) vs gyarados 90/124 | [0]Tackle(p35,pp=26,ref=1,sc=33.25) [1]Bite(p60,pp=15,ref=1,sc=60) [2]Water Pulse(p60*STAB,pp=11,ref=1,sc=45) [3]Skull Bash(p100,pp=15,ref=1,sc=50)
   [play-live]    [engine] STREAM COMMIT: Bite - a solid hit slot 1 (menu_up=1 action=True moves=False)
   [play-live]    [engine] battle-progress: move resolved
   [play-live]    [engine] JUST FIGHT: L55 vs L38 + connecting damage — skipping bag/switch hierarchy this turn
   [play-live]    [engine] action menu: Bite - a solid hit -> slot 1 (eff x1) vs gyarados 54/124 | [0]Tackle(p35,pp=26,ref=1,sc=33.25) [1]Bite(p60,pp=14,ref=1,sc=60) [2]Water Pulse(p60*STAB,pp=11,ref=1,sc=45) [3]Skull Bash(p100,pp=15,ref=1,sc=50)
   [play-live]    [engine] STREAM COMMIT: Bite - a solid hit slot 1 (menu_up=1 action=True moves=False)
   [play-live]    [engine] battle-progress: move resolved
   [play-live]    [engine] JUST FIGHT: L55 vs L38 + connecting damage — skipping bag/switch hierarchy this turn
   [play-live]    [engine] action menu: Bite - a solid hit -> slot 1 (eff x1) vs gyarados 18/124 | [0]Tackle(p35,pp=26,ref=1,sc=33.25) [1]Bite(p60,pp=13,ref=1,sc=60) [2]Water Pulse(p60*STAB,pp=11,ref=1,sc=45) [3]Skull Bash(p100,pp=15,ref=1,sc=50)
   [play-live]    [engine] STREAM COMMIT: Bite - a solid hit slot 1 (menu_up=1 action=True moves=False)
   [play-live]    [engine] battle-progress: move resolved
   [play-live]    [engine] battle-progress: enemy fainted
   [play-live]    [engine] JUST FIGHT: L55 vs L35 + connecting damage — skipping bag/switch hierarchy this turn
   [play-live]    [engine] action menu: Water Pulse - a super-effective hit -> slot 2 (eff x4) vs growlithe 87/87 | [0]Tackle(p35,pp=26,ref=1,sc=33.25) [1]Bite(p60,pp=12,ref=1,sc=60) [2]Water Pulse(p60*STAB,pp=11,ref=1,sc=360) [3]Skull Bash(p100,pp=15,ref=1,sc=50)
   [play-live]    [engine] STREAM COMMIT: Water Pulse - a super-effective hit slot 2 (menu_up=1 action=True moves=False)
   [play-live]    [engine] battle-progress: move resolved
   [play-live]    [engine] battle-progress: enemy fainted
   [play-live]    [engine] JUST FIGHT: L55 vs L35 + connecting damage — skipping bag/switch hierarchy this turn
   [play-live]    [engine] action menu: Bite - a super-effective hit -> slot 1 (eff x4) vs alakazam 87/87 | [0]Tackle(p35,pp=26,ref=0,sc=33.25) [1]Bite(p60,pp=12,ref=0,sc=240) [2]Water Pulse(p60*STAB,pp=10,ref=0,sc=90) [3]Skull Bash(p100,pp=15,ref=0,sc=50)
   [play-live]    [engine] STREAM COMMIT: Bite - a super-effective hit slot 1 (menu_up=1 action=True moves=False)
   [play-live]    [engine] move slot 1 didn't fire (0-PP / disabled / blocked) -> rotating to an untried move (streak now [1], refusals {1: 1}, futility 1/4)
   [play-live]    [engine] JUST FIGHT: L55 vs L35 + connecting damage — skipping bag/switch hierarchy this turn
   [play-live]    [engine] action menu: Water Pulse -> slot 2 (eff x1) vs alakazam 87/87 | [0]Tackle(p35,pp=26,ref=0,sc=33.25) [1]Bite(p60,pp=12,ref=1,sc=240) [2]Water Pulse(p60*STAB,pp=10,ref=0,sc=90) [3]Skull Bash(p100,pp=15,ref=0,sc=50)
   [play-live]    [engine] STREAM COMMIT: Water Pulse slot 2 (menu_up=1 action=True moves=False)
   [play-live]    [engine] move slot 2 didn't fire (0-PP / disabled / blocked) -> rotating to an untried move (streak now [1, 2], refusals {1: 1, 2: 1}, futility 2/4)
   [play-live]    [engine] BAG is open at the turn loop (abandoned item flow) -> B-closing it
   [play-live]    [engine] JUST FIGHT: L55 vs L35 + connecting damage — skipping bag/switch hierarchy this turn
   [play-live]    [engine] action menu: Skull Bash -> slot 3 (eff x1) vs alakazam 87/87 | [0]Tackle(p35,pp=26,ref=0,sc=33.25) [1]Bite(p60,pp=12,ref=1,sc=240) [2]Water Pulse(p60*STAB,pp=10,ref=1,sc=90) [3]Skull Bash(p100,pp=15,ref=0,sc=50)
   [play-live]    [engine] STREAM COMMIT: Skull Bash slot 3 (menu_up=1 action=True moves=False)
   [play-live]    [engine] move slot 3 didn't fire (0-PP / disabled / blocked) -> rotating to an untried move (streak now [1, 2, 3], refusals {1: 1, 2: 1, 3: 1}, futility 3/4)
   [play-live]    [engine] JUST FIGHT: L55 vs L35 + connecting damage — skipping bag/switch hierarchy this turn
   [play-live]    [engine] action menu: Tackle -> slot 0 (eff x1) vs alakazam 87/87 | [0]Tackle(p35,pp=26,ref=0,sc=33.25) [1]Bite(p60,pp=12,ref=1,sc=240) [2]Water Pulse(p60*STAB,pp=10,ref=1,sc=90) [3]Skull Bash(p100,pp=15,ref=1,sc=50)
   [play-live]    [engine] STREAM COMMIT: Tackle slot 0 (menu_up=1 action=True moves=False)
   [play-live]    [engine] move slot 0 didn't fire (0-PP / disabled / blocked) -> rotating to an untried move (streak now [0, 1, 2, 3], refusals {1: 1, 2: 1, 3: 1, 0: 1}, futility 4/4)
   [play-live]    [engine] BAG is open at the turn loop (abandoned item flow) -> B-closing it
   [play-live]    [engine] !! FUTILITY BREAKER: 4 fruitless move-list confirms — the list is a tar pit (lying cursor/PP RAM). Benching the active for party slot 1 (L18) — switch verifies by species flip, not move RAM (use 1/2)
   [play-live]    [engine] switch: target party slot 1 sp=21 -> menu row 1
   [play-live]    [engine] switch: SWITCHED to species 21 (slot 1)
   [play-live]    [engine] battle-progress: futility bench switch
   [play-live]    [engine] revive-check: NO offer (revive_item=24, worthy=None, party sp/hp/lv=[(9, 121, 55), (21, 47, 18), (19, 43, 18), (64, 0, 19), (50, 35, 18), (0, 0, 0)])
   [play-live]    [engine] action menu: Peck - a STAB hit -> slot 0 (eff x1) vs alakazam 87/87 | [0]Peck(p35*STAB,pp=35,ref=1,sc=52.5) [1]Leer(p0*STAB,pp=30,ref=1,sc=0) [2]Fury Attack(p15*STAB,pp=20,ref=1,sc=19.125)
   [play-live]    [engine] STREAM COMMIT: Peck - a STAB hit slot 0 (menu_up=1 action=True moves=False)
   [play-live]    [engine] battle-progress: move resolved
   [play-live]    [engine] revive-check: NO offer (revive_item=24, worthy=None, party sp/hp/lv=[(9, 121, 55), (21, 47, 18), (19, 43, 18), (64, 0, 19), (50, 35, 18), (0, 0, 0)])
   [play-live]    [engine] action menu: Peck - a STAB hit -> slot 0 (eff x1) vs alakazam 66/87 | [0]Peck(p35*STAB,pp=34,ref=1,sc=52.5) [1]Leer(p0*STAB,pp=30,ref=1,sc=0) [2]Fury Attack(p15*STAB,pp=20,ref=1,sc=19.125)
   [play-live]    [engine] STREAM COMMIT: Peck - a STAB hit slot 0 (menu_up=1 action=True moves=False)
   [play-live]    [engine] battle-progress: move resolved
   [play-live]    [engine] revive-check: NO offer (revive_item=24, worthy=None, party sp/hp/lv=[(9, 121, 55), (21, 47, 18), (19, 43, 18), (64, 0, 19), (50, 35, 18), (0, 0, 0)])
   [play-live]    [engine] action menu: Peck - a STAB hit -> slot 0 (eff x1) vs alakazam 58/87 | [0]Peck(p35*STAB,pp=33,ref=1,sc=52.5) [1]Leer(p0*STAB,pp=30,ref=1,sc=0) [2]Fury Attack(p15*STAB,pp=20,ref=1,sc=19.125)
   [play-live]    [engine] STREAM COMMIT: Peck - a STAB hit slot 0 (menu_up=1 action=True moves=False)
   [play-live]    [engine] battle-progress: move resolved
   [play-live]    [engine] battle-progress: our mon fainted
   [play-live]    [engine] fswitch retry 3: target row 1 sp=9 skip_rows=[] party_cur=1 menu_rows=[(21, 0), (9, 121), (19, 43), (64, 0), (50, 35)]
   [play-live]    [engine] fswitch: selecting row 1 (sp=9 L55 hp=121)
   [play-live]    [engine] battle-progress: force-switch seated
   [play-live]    [engine] JUST FIGHT: L55 vs L35 + connecting damage — skipping bag/switch hierarchy this turn
   [play-live]    [engine] action menu: Bite - a super-effective hit -> slot 1 (eff x4) vs alakazam 49/87 | [0]Tackle(p35,pp=26,ref=1,sc=33.25) [1]Bite(p60,pp=12,ref=1,sc=240) [2]Water Pulse(p60*STAB,pp=10,ref=1,sc=90) [3]Skull Bash(p100,pp=15,ref=1,sc=50)
   [play-live]    [engine] STREAM COMMIT: Bite - a super-effective hit slot 1 (menu_up=1 action=True moves=False)
   [play-live]    [engine] battle-progress: move resolved
   [play-live]    [engine] battle-progress: enemy fainted
   [travel] start map=(1, 57) coords=(2, 6) -> coord (6, 12) (budget 120s)
   [travel] path blocked at (2, 6) (NPC on the gap?) - waiting
   [travel] no clean path from (2, 6) AND no NPC-allowing path (npcs nearby=[(6, 11), (9, 9), (11, 9)]) - genuine wall/zone gap, will time out
   [travel] !! TRAVEL WEDGE: identical fp x4 retries at (2, 6) map=(1, 57) (reason=no_route) -> returning to roam LOUD (no inner spin)
   [travel] start map=(1, 57) coords=(2, 12) -> coord (7, 11) (budget 120s)
   [travel] !! WATCHDOG disengage requested — bailing this leg LOUD
   [play-live]    [engine] JUST FIGHT: L55 vs L32 + connecting damage — skipping bag/switch hierarchy this turn
   [play-live]    [engine] action menu: Water Pulse - a super-effective hit -> slot 2 (eff x4) vs cubone 74/74 | [0]Tackle(p35,pp=26,ref=0,sc=33.25) [1]Bite(p60,pp=11,ref=0,sc=60) [2]Water Pulse(p60*STAB,pp=10,ref=0,sc=360) [3]Skull Bash(p100,pp=15,ref=0,sc=50)
   [play-live]    [engine] STREAM COMMIT: Water Pulse - a super-effective hit slot 2 (menu_up=1 action=True moves=False)
   [play-live]    [engine] battle-progress: move resolved
   [play-live]    [engine] battle-progress: enemy fainted
   [play-live]    [engine] party screen in drain: voluntary (shift prompt) -> single B out
   [play-live]    [engine] JUST FIGHT: L55 vs L32 + connecting damage — skipping bag/switch hierarchy this turn
   [play-live]    [engine] action menu: Water Pulse - a super-effective hit -> slot 2 (eff x4) vs marowak 80/80 | [0]Tackle(p35,pp=26,ref=0,sc=33.25) [1]Bite(p60,pp=11,ref=0,sc=60) [2]Water Pulse(p60*STAB,pp=9,ref=0,sc=360) [3]Skull Bash(p100,pp=15,ref=0,sc=50)
   [play-live]    [engine] STREAM COMMIT: Water Pulse - a super-effective hit slot 2 (menu_up=1 action=True moves=False)
   [play-live]    [engine] battle-progress: move resolved
   [play-live]    [engine] battle-progress: enemy fainted
   [play-live]    [engine] JUST FIGHT: L55 vs L32 + connecting damage — skipping bag/switch hierarchy this turn
   [play-live]    [engine] action menu: Bite - a super-effective hit -> slot 1 (eff x4) vs drowzee 80/80 | [0]Tackle(p35,pp=26,ref=0,sc=33.25) [1]Bite(p60,pp=11,ref=0,sc=240) [2]Water Pulse(p60*STAB,pp=8,ref=0,sc=90) [3]Skull Bash(p100,pp=15,ref=0,sc=50)
   [play-live]    [engine] STREAM COMMIT: Bite - a super-effective hit slot 1 (menu_up=1 action=True moves=False)
   [play-live]    [engine] battle-progress: move resolved
   [play-live]    [engine] battle-progress: enemy fainted
   [play-live]    [engine] !! post-faint drain: 40 advances, zero progress -> switching to B-first decline pairs (wedge frame saved)
   [play-live]    [engine] JUST FIGHT: L55 vs L37 + connecting damage — skipping bag/switch hierarchy this turn
   [play-live]    [engine] action menu: Water Pulse - a STAB hit -> slot 2 (eff x1) vs nidorino 103/103 | [0]Tackle(p35,pp=26,ref=0,sc=33.25) [1]Bite(p60,pp=10,ref=0,sc=60) [2]Water Pulse(p60*STAB,pp=8,ref=0,sc=90) [3]Skull Bash(p100,pp=15,ref=0,sc=50)
   [play-live]    [engine] STREAM COMMIT: Water Pulse - a STAB hit slot 2 (menu_up=1 action=True moves=False)
   [play-live]    [engine] battle-progress: move resolved
   [play-live]    [engine] JUST FIGHT: L55 vs L37 + connecting damage — skipping bag/switch hierarchy this turn
   [play-live]    [engine] action menu: Water Pulse - a STAB hit -> slot 2 (eff x1) vs nidorino 69/103 | [0]Tackle(p35,pp=25,ref=0,sc=33.25) [1]Bite(p60,pp=10,ref=0,sc=60) [2]Water Pulse(p60*STAB,pp=8,ref=0,sc=90) [3]Skull Bash(p100,pp=15,ref=0,sc=50)
   [play-live]    [engine] STREAM COMMIT: Water Pulse - a STAB hit slot 2 (menu_up=1 action=True moves=False)
   [play-live]    [engine] battle-progress: move resolved
   [play-live]    [engine] battle-progress: enemy fainted
   [play-live]    [engine] party screen in drain: voluntary (shift prompt) -> single B out
   [play-live]    [engine] JUST FIGHT: L55 vs L41 + connecting damage — skipping bag/switch hierarchy this turn
   [play-live]    [engine] action menu: Water Pulse - a super-effective hit -> slot 2 (eff x2) vs nidoqueen 137/137 | [0]Tackle(p35,pp=25,ref=0,sc=33.25) [1]Bite(p60,pp=10,ref=0,sc=60) [2]Water Pulse(p60*STAB,pp=7,ref=0,sc=180) [3]Skull Bash(p100,pp=15,ref=0,sc=50)
   [play-live]    [engine] STREAM COMMIT: Water Pulse - a super-effective hit slot 2 (menu_up=1 action=True moves=False)
   [play-live]    [engine] battle-progress: move resolved
   [play-live]    [engine] revive-check: NO offer (revive_item=24, worthy=None, party sp/hp/lv=[(9, 32, 55), (21, 0, 18), (19, 43, 18), (64, 0, 19), (50, 35, 18), (131, 104, 25)])
   [play-live]    [engine] ITEM-INSTINCT offer: ['use_potion', 'use_cure', 'keep_fighting'] ctx={'hp': '32/170', 'status': 'poison', 'foe': 'nidoqueen'}
   [play-live]    [engine] ITEM-INSTINCT FORCED -> use_potion (active at 18% <= crit floor 30% — a faint loses the fight; oracle bypassed)
   [play-live]    [engine] ITEM-INSTINCT pick -> use_potion (item 21, aim=active)
   [play-live]    [engine] use_item: pocket byte MUTE + NO bag/white pixels — bag never opened; keep fighting (LOUD, no blind taps fired)
   [play-live]    [engine] HEAL-FAIL LATCH: item 21 did not consume (failed) -> suppressing further in-battle item offers for species 9 this battle (anti bag-USE/CANCEL livelock — fight/faint, let the next mon resolve it)
   [play-live]    [engine] POTION-BLOCK: no more heal-item offers this battle (full-HP / no_effect abort)
   [play-live]    [engine] action menu: Water Pulse - a super-effective hit -> slot 2 (eff x2) vs nidoqueen 44/137 | [0]Tackle(p35,pp=25,ref=0,sc=33.25) [1]Bite(p60,pp=10,ref=0,sc=60) [2]Water Pulse(p60*STAB,pp=6,ref=0,sc=180) [3]Skull Bash(p100,pp=15,ref=0,sc=50)
   [play-live]    [engine] STREAM COMMIT: Water Pulse - a super-effective hit slot 2 (menu_up=0 action=False moves=False)
   [play-live]    [engine] battle-progress: enemy fainted
   [play-live]    [engine] battle-progress: move resolved
   [play-live]    [engine] party screen in drain: voluntary (shift prompt) -> single B out
   [play-live]    [engine] action menu: Water Pulse - a STAB hit -> slot 2 (eff x1) vs kangaskhan 129/129 | [0]Tackle(p35,pp=25,ref=0,sc=33.25) [1]Bite(p60,pp=10,ref=0,sc=60) [2]Water Pulse(p60*STAB,pp=5,ref=0,sc=90) [3]Skull Bash(p100,pp=15,ref=0,sc=50)
   [play-live]    [engine] STREAM COMMIT: Water Pulse - a STAB hit slot 2 (menu_up=1 action=True moves=False)
   [play-live]    [engine] move slot 2 didn't fire (0-PP / disabled / blocked) -> rotating to an untried move (streak now [2], refusals {2: 1}, futility 1/4)
   [play-live]    [engine] BAG is open at the turn loop (abandoned item flow) -> B-closing it
   [play-live]    [engine] action menu: Bite -> slot 1 (eff x1) vs kangaskhan 129/129 | [0]Tackle(p35,pp=25,ref=0,sc=33.25) [1]Bite(p60,pp=10,ref=0,sc=60) [2]Water Pulse(p60*STAB,pp=5,ref=1,sc=90) [3]Skull Bash(p100,pp=15,ref=0,sc=50)
   [play-live]    [engine] STREAM COMMIT: Bite slot 1 (menu_up=1 action=True moves=False)
   [play-live]    [engine] move slot 1 didn't fire (0-PP / disabled / blocked) -> rotating to an untried move (streak now [1, 2], refusals {2: 1, 1: 1}, futility 2/4)
   [play-live]    [engine] action menu: Skull Bash -> slot 3 (eff x1) vs kangaskhan 129/129 | [0]Tackle(p35,pp=25,ref=0,sc=33.25) [1]Bite(p60,pp=10,ref=1,sc=60) [2]Water Pulse(p60*STAB,pp=5,ref=1,sc=90) [3]Skull Bash(p100,pp=15,ref=0,sc=50)
   [play-live]    [engine] STREAM COMMIT: Skull Bash slot 3 (menu_up=1 action=True moves=False)
   [play-live]    [engine] move slot 3 didn't fire (0-PP / disabled / blocked) -> rotating to an untried move (streak now [1, 2, 3], refusals {2: 1, 1: 1, 3: 1}, futility 3/4)
   [play-live]    [engine] action menu: Tackle -> slot 0 (eff x1) vs kangaskhan 129/129 | [0]Tackle(p35,pp=25,ref=0,sc=33.25) [1]Bite(p60,pp=10,ref=1,sc=60) [2]Water Pulse(p60*STAB,pp=5,ref=1,sc=90) [3]Skull Bash(p100,pp=15,ref=1,sc=50)
   [play-live]    [engine] STREAM COMMIT: Tackle slot 0 (menu_up=1 action=True moves=False)
   [play-live]    [engine] move slot 0 didn't fire (0-PP / disabled / blocked) -> rotating to an untried move (streak now [0, 1, 2, 3], refusals {2: 1, 1: 1, 3: 1, 0: 1}, futility 4/4)
   [play-live]    [engine] !! MENU WEDGE 66s with NO progress — escaping the scroll theater (fire 1/8, menu_up=1 action=False moves=False bag=True party=False)
   [play-live]    [engine] battle-progress: our mon fainted
   [play-live]    [engine] fswitch retry 3: target row 5 sp=131 skip_rows=[] party_cur=1 menu_rows=[(9, 0), (21, 0), (19, 43), (64, 0), (50, 35), (131, 104)]
   [play-live]    [engine] fswitch: selecting row 5 (sp=131 L25 hp=104)
   [play-live]    [engine] battle-progress: force-switch seated
   [play-live]    [engine] ITEM-INSTINCT offer: ['use_revive', 'keep_fighting'] ctx={'hp': '104/104', 'status': 'none', 'foe': 'kangaskhan'}
   [play-live]    [engine] ITEM-INSTINCT pick -> use_revive (item 24, aim=fainted)
   [play-live]    [engine] use_item: pocket byte MUTE + NO bag/white pixels — bag never opened; keep fighting (LOUD, no blind taps fired)
   [play-live]    [engine] HEAL-FAIL LATCH: item 24 did not consume (failed) -> suppressing further in-battle item offers for species 131 this battle (anti bag-USE/CANCEL livelock — fight/faint, let the next mon resolve it)
   [play-live]    [engine] MOVES EXHAUSTED in a TRAINER battle -> war-must-advance: re-firing Body Slam (idling never resolves a can't-flee fight)
   [play-live]    [engine] action menu: Body Slam -> slot 1 (eff x1) vs kangaskhan 129/129 | [0]move#54(p0*STAB,pp=30,ref=1,sc=0) [1]Body Slam(p85,pp=15,ref=1,sc=85) [2]Confuse Ray(p0,pp=10,ref=1,sc=0) [3]Perish Song(p0,pp=5,ref=1,sc=0)
   [play-live]    [engine] STREAM COMMIT: Body Slam slot 1 (menu_up=0 action=False moves=False)
   [play-live]    [engine] move slot 1 didn't fire (0-PP / disabled / blocked) -> rotating to an untried move (streak now [1], refusals {2: 1, 1: 2, 3: 1, 0: 1}, futility 1/4)
   [play-live]    [engine] MUST-LEAVE: active alive but stuck (status/famine/exhausted) -> bench slot 2 (NOT re-picking species 131)
   [play-live]    [engine] switch: target party slot 2 sp=19 -> menu row 2
   [play-live]    [engine] switch: SWITCHED to species 19 (slot 2)
   [play-live]    [engine] battle-progress: must-leave switch
   [play-live]    [engine] ITEM-INSTINCT offer: ['use_revive', 'keep_fighting'] ctx={'hp': '43/43', 'status': 'none', 'foe': 'kangaskhan'}
   [play-live]    [engine] ITEM-INSTINCT pick -> use_revive (item 24, aim=fainted)
   [play-live]    [engine] use_item walk n=0: party=False bag=True white=False pcur=None lead=False
   [play-live]    [engine] use_item walk n=1: party=False bag=False white=False pcur=None lead=False
   [play-live]    [engine] use_item: cursor unreadable/unreached for row 5 — BLIND party walk (LEFT home, RIGHT + DOWN x4)
   [play-live]    [engine] use_item walk n=2: party=True bag=False white=True pcur=None lead=True
   [play-live]    [engine] use_item walk n=3: party=False bag=False white=False pcur=None lead=False
   [play-live]    [engine] use_item walk n=4: party=False bag=True white=False pcur=None lead=False
   [play-live]    [engine] use_item walk n=5: party=False bag=False white=False pcur=None lead=False
   [play-live]    [engine] use_item: pocket=0 cursor=4 scroll=3 row=7 — selected but item 24 NOT consumed (count still 5) — keep fighting (LOUD)
   [play-live]    [engine] HEAL-FAIL LATCH: item 24 did not consume (failed) -> suppressing further in-battle item offers for species 19 this battle (anti bag-USE/CANCEL livelock — fight/faint, let the next mon resolve it)
   [play-live]    [engine] action menu: Cut -> slot 2 (eff x1) vs kangaskhan 129/129 | [0]Quick Attack(p40*STAB,pp=30,ref=1,sc=60) [1]Hyper Fang(p80*STAB,pp=15,ref=2,sc=108) [2]Cut(p50*STAB,pp=30,ref=1,sc=71.25)
   [play-live]    [engine] STREAM COMMIT: Cut slot 2 (menu_up=1 action=False moves=False)
   [play-live]    [engine] move slot 2 didn't fire (0-PP / disabled / blocked) -> rotating to an untried move (streak now [2], refusals {2: 2, 1: 2, 3: 1, 0: 1}, futility 1/4)
   [play-live]    [engine] !! PARTY THRASH #1: open but active ALIVE — B-closing (never A)
   [play-live]    [engine] action menu: Quick Attack -> slot 0 (eff x1) vs kangaskhan 129/129 | [0]Quick Attack(p40*STAB,pp=30,ref=1,sc=60) [1]Hyper Fang(p80*STAB,pp=15,ref=2,sc=108) [2]Cut(p50*STAB,pp=30,ref=2,sc=71.25)
   [play-live]    [engine] STREAM COMMIT: Quick Attack slot 0 (menu_up=1 action=True moves=False)
   [play-live]    [engine] move slot 0 didn't fire (0-PP / disabled / blocked) -> rotating to an untried move (streak now [0, 2], refusals {2: 2, 1: 2, 3: 1, 0: 2}, futility 2/4)
   [play-live]    [engine] !! MENU WEDGE 69s with NO progress — escaping the scroll theater (fire 2/8, menu_up=1 action=False moves=False bag=False party=True)
   [play-live]    [engine] MENU WEDGE escalation: blind B-unwind (classifiers untrusted)
   [play-live]    [engine] MUST-LEAVE: active alive but stuck (status/famine/exhausted) -> bench slot 5 (NOT re-picking species 19)
   [play-live]    [engine] switch: target party slot 5 sp=131 -> menu row 2
   [play-live]    [engine] switch: SWITCHED to species 131 (slot 5)
   [play-live]    [engine] battle-progress: must-leave switch
   [play-live]    [engine] MUST-LEAVE: active alive but stuck (status/famine/exhausted) -> bench slot 2 (NOT re-picking species 131)
   [play-live]    [engine] switch: target party slot 2 sp=19 -> menu row 2
   [play-live]    [engine] switch: SWITCHED to species 19 (slot 2)
   [play-live]    [engine] battle-progress: must-leave switch
   [play-live]    [engine] MUST-LEAVE: active alive but stuck (status/famine/exhausted) -> bench slot 5 (NOT re-picking species 19)
   [play-live]    [engine] switch: target party slot 5 sp=131 -> menu row 2
   [play-live]    [engine] switch: SWITCHED to species 131 (slot 5)
   [play-live]    [engine] battle-progress: must-leave switch
   [play-live]    [engine] MUST-LEAVE: active alive but stuck (status/famine/exhausted) -> bench slot 2 (NOT re-picking species 131)
   [play-live]    [engine] switch: target party slot 2 sp=19 -> menu row 2
   [play-live]    [engine] switch: SWITCHED to species 19 (slot 2)
   [play-live]    [engine] battle-progress: must-leave switch
   [play-live]    [engine] battle-progress: our mon fainted
   [play-live]    [engine] fswitch retry 1: target row 2 sp=131 skip_rows=[] party_cur=2 menu_rows=[(19, 0), (21, 0), (131, 19), (64, 0), (50, 35), (9, 0)]
   [play-live]    [engine] fswitch: selecting row 2 (sp=131 L25 hp=19)
   [play-live]    [engine] battle-progress: force-switch seated
   [play-live]    [engine] PP FAMINE: active has no damaging PP left -> switching to party slot 4 (the only line that can still win)
   [play-live]    [engine] switch: party didn't open via RAM nav — BLIND fallback (B out, DOWN DOWN A)
   [play-live]    [engine] switch: party screen never took focus -> B out (fail-safe)
   [play-live]    [engine] famine switch did not confirm -> fighting on (fail-safe)
   [play-live]    [engine] action menu: Perish Song -> slot 3 (eff x1) vs kangaskhan 129/129 | [0]move#54(p0*STAB,pp=29,ref=2,sc=0) [1]Body Slam(p85,pp=15,ref=2,sc=85) [2]Confuse Ray(p0,pp=10,ref=2,sc=0) [3]Perish Song(p0,pp=5,ref=1,sc=0)
   [play-live]    [engine] STREAM COMMIT: Perish Song slot 3 (menu_up=0 action=False moves=False)
   [play-live]    [engine] move slot 3 didn't fire (0-PP / disabled / blocked) -> rotating to an untried move (streak now [3], refusals {2: 2, 1: 2, 3: 2, 0: 2}, futility 1/4)
   [play-live]    [engine] PP FAMINE: active has no damaging PP left -> switching to party slot 4 (the only line that can still win)
   [play-live]    [engine] switch: target party slot 4 sp=50 -> menu row 4
   [play-live]    [engine] switch: SWITCHED to species 50 (slot 4)
   [play-live]    [engine] battle-progress: our mon fainted
   [play-live]    [engine] fswitch retry 1: target row 4 sp=131 skip_rows=[] party_cur=2 menu_rows=[(50, 0), (21, 0), (19, 0), (64, 0), (131, 19), (9, 0)]
   [play-live]    [engine] fswitch: selecting row 4 (sp=131 L25 hp=19)
   [play-live]    [engine] battle-progress: force-switch seated
