   [campaign]    [lap] !! FORCE VICTORY LAP — oracle SKIPPED (the checklist owns the endgame sequencing; the order is code, not mood)

   [campaign]    [roam] PICK OUT: victory_lap  <- her RECOVERY move (RED)

   [campaign]    [roam] RATIONALE: You're ready — stop grinding and push forward to the next objective. then on to the Elite Four

   [campaign]    [roam] questline STRIKE: 3 attempts exhausted for Seafoam Islands B4F (ARTICUNO — the legendary ice bird) — surfacing so recovery/other options carry her (not looping the strike)

   [campaign]    [roam] questline: no graph route (1, 87) -> anchor (3, 38) yet — falling through to dir/bend discovery

   [campaign]    [roam] questline STRIKE: 3 attempts exhausted for Seafoam Islands B4F (ARTICUNO — the legendary ice bird) — surfacing so recovery/other options carry her (not looping the strike)

   [campaign]    [roam] 🧭 QUESTLINE STEP: 'Articuno — the ice legendary on the Seafoam Islands' bottom floor, past the boulder cascade. Ice/Flying at L50: Lance's dragons become a formality' — heading SOUTH toward Seafoam Islands, bottom floor — descend the ladder chain from either Route 20 door; the bird waits across the (becalmed) B4F water (success=('flag', 'FLAG_FOUGHT_ARTICUNO'))

   [campaign]    [roam] questline: NOT arrived — (1, 87) is off-anchor ((3, 38) unreachable in the learned graph) with no local frontier; surfacing no-route

   [campaign]    [lap] 'articuno' questline step -> questline_no_route

   [campaign]    [roam] RESULT: victory_lap -> questline_no_route | pos (1, 87)(15, 11) -> (1, 87)(15, 11) (NO MOVEMENT)

   [campaign]    ⛰️  CAMPAIGN SAVE [tick18] -> campaign/kira_campaign.state  (map=(1, 87) coords=(15, 11) badges=8 party=5)

   [campaign]    [sanctity] bundle VALID (schema/encoding/truth/monotonic all clean)

   [campaign]    [roam] tick opened inside interior (1, 87)@(15, 11) with no battle since last tick — NOT a blackout; continuing (mid-route interior)

   [campaign]    [world] learned 4 warp(s) on (1, 87): (15, 9)->(1, 86), (32, 5)->(1, 86), (8, 17)->(1, 86), (9, 17)->(1, 86)

   [campaign]    [lap] checklist owes 'articuno' — victory_lap is the endgame action (head_to_league/enter_league held until the lap clears)

   [campaign]    [world] learned 4 warp(s) on (1, 87): (15, 9)->(1, 86), (32, 5)->(1, 86), (8, 17)->(1, 86), (9, 17)->(1, 86)

   [campaign] -- ROAM TICK 19/100000000 --

   [campaign]    [roam] STATE IN: Seafoam Islands (15, 11) | badges=8 (Boulder, Cascade, Thunder, Rainbow, Soul, Marsh, Volcano, Earth) | party=[blastoise L67, lapras L25, fearow L38, moltres L50, machop L34] | 8 badge(s) earned (Boulder, Cascade, Thunder, Rainbow, Soul, Marsh, Volcano, Earth). All 8 badges earned. Pokédex: 18 caught. All 8 badges — Victory Road and the Elite Four are next. This is the endgame.

   [campaign]    [roam] PROGRESS: RED (unchanged 18 ticks) | fp[(1, 87) (15,11) f1 -- badge8 $2198 party:4497 bag:1af5]

   [campaign]    [roam] !! ESCAPE-HATCH considering reload: RED 5 ticks, hard-recovery already tried, reload 1/2

   [campaign]    [roam] !! ESCAPE-HATCH: banked CURRENT state -> G:\JonnyD\NeuroAI_Bot\pokemon_agent\states\campaign\pre_reload_20260807_115406.state (nothing live is lost, even on a misfire)

   [campaign]    [roam] !!!! ESCAPE-HATCH FIRED: genuine wedge — RELOADED last known-good state (gain (8, 5, 18, 214)); current backed up to pre_reload_20260807_115406.state. Continuing the climb. (LOUD)

   [kira-voice] ·floor· (<1s since last) T2 "something got me properly stuck back there — I'm backing up to where I knew what I was doing and picking it up from there."

   [campaign]    [roam] strike memory reset (escape-hatch reload): 1 errand try-counter(s) cleared — the reloaded world gets fresh strike attempts

   [campaign]    ⛰️  CAMPAIGN SAVE [post_escape_reload] -> campaign/kira_campaign.state  (map=(1, 87) coords=(15, 11) badges=8 party=5)

   [campaign]    [roam] tick opened inside interior (1, 87)@(15, 11) with no battle since last tick — NOT a blackout; continuing (mid-route interior)

   [campaign]    [world] learned 4 warp(s) on (1, 87): (15, 9)->(1, 86), (32, 5)->(1, 86), (8, 17)->(1, 86), (9, 17)->(1, 86)

   [campaign]    [lap] checklist owes 'articuno' — victory_lap is the endgame action (head_to_league/enter_league held until the lap clears)

   [campaign]    [world] learned 4 warp(s) on (1, 87): (15, 9)->(1, 86), (32, 5)->(1, 86), (8, 17)->(1, 86), (9, 17)->(1, 86)

   [campaign] -- ROAM TICK 20/100000000 --

   [campaign]    [roam] STATE IN: Seafoam Islands (15, 11) | badges=8 (Boulder, Cascade, Thunder, Rainbow, Soul, Marsh, Volcano, Earth) | party=[blastoise L67, lapras L25, fearow L38, moltres L50, machop L34] | 8 badge(s) earned (Boulder, Cascade, Thunder, Rainbow, Soul, Marsh, Volcano, Earth). All 8 badges earned. Pokédex: 18 caught. All 8 badges — Victory Road and the Elite Four are next. This is the endgame.

   [campaign]    [roam] PROGRESS: RED (unchanged 19 ticks) | fp[(1, 87) (15,11) f1 -- badge8 $2198 party:4497 bag:1af5]

   [campaign]    [roam] OPTIONS OFFERED: ['victory_lap', 'talk_npc']

   [campaign]    [roam] !! MACRO RED: no progress 19 ticks — feeding awareness back to the oracle: "You keep trying to victory lap but the world hasn't changed in 19 turns - it went 'questline_no_route', and you're completely stuck."

   [campaign]    [roam] !! REPEAT-NO-PROGRESS: 'victory_lap' repeated with a stuck fingerprint — nudging a different action

   [campaign]    [lap] !! FORCE VICTORY LAP — oracle SKIPPED (the checklist owns the endgame sequencing; the order is code, not mood)

   [campaign]    [roam] PICK OUT: victory_lap  <- her RECOVERY move (RED)

   [campaign]    [roam] RATIONALE: You're ready — stop grinding and push forward to the next objective. then on to the Elite Four

   [campaign]    [roam] 🎯 QUESTLINE STRIKE: Seafoam Islands B4F (ARTICUNO — the legendary ice bird) — attempt 1/3 from (1, 87)

   [campaign]    [hunt] Ultra pocket check — 29 Ultras (floor 20, target 50, wired=False, done=False, fails=0)

   [campaign]    [hunt] Ultra war-chest not wired on this hunt — no ferry (LOUD)

   [campaign]    [hunt] CHIP-PP AUDIT — slot0 L67 hp 200/205 dmgPP 56 safePP 0 (Bite:23, Skull Bash:15, Surf:14, Earthquake:4); slot1 L25 hp 106/106 dmgPP 30 safePP 30 (Strength:15, Body Slam:15, Confuse Ray:10, Perish Song:5); slot2 L38 hp 104/104 dmgPP 40 safePP 40 (Leer:30, Fury Attack:20, 228:20, Mirror Move:20); slot3 L50 hp 150/150 dmgPP 30 safePP 15 (83:15, Agility:30, 203:10, 53:15); slot4 L34 hp 101/101 dmgPP 40 safePP 40 (69:20, 193:40, 279:10, 233:10) | ace slot0 safe 0, party safe 125 (vs Articuno ice/flying L50)

   [campaign]    [hunt] !! chip PP THIN (ace 0 safe swing(s), party 125; mins 5/8) and no Center leg is wired for articuno — engaging in LADDER MODE (bench chipper carries the chip) (LOUD)

   [campaign]    [hunt] Ultra pocket check — 29 Ultras (floor 20, target 50, wired=False, done=False, fails=0)

   [campaign]    [hunt] Ultra war-chest not wired on this hunt — no ferry (LOUD)

   [campaign]    [hunt] CHIP-PP AUDIT — slot0 L67 hp 200/205 dmgPP 56 safePP 0 (Bite:23, Skull Bash:15, Surf:14, Earthquake:4); slot1 L25 hp 106/106 dmgPP 30 safePP 30 (Strength:15, Body Slam:15, Confuse Ray:10, Perish Song:5); slot2 L38 hp 104/104 dmgPP 40 safePP 40 (Leer:30, Fury Attack:20, 228:20, Mirror Move:20); slot3 L50 hp 150/150 dmgPP 30 safePP 15 (83:15, Agility:30, 203:10, 53:15); slot4 L34 hp 101/101 dmgPP 40 safePP 40 (69:20, 193:40, 279:10, 233:10) | ace slot0 safe 0, party safe 125 (vs Articuno ice/flying L50)

   [campaign]    [hunt] !! SKIPPING pre-articuno bank — ace safe chip PP is 0 (would poison soft-reload) (LOUD)

   [campaign]    [quarry-approach] replan at (15, 11) (len 0, budget 9)

   [campaign]    [quarry-approach] no path from (15, 11)

   [campaign]    [roam] 🎯 QUESTLINE STRIKE -> failed (now (1, 87)@(15, 11))

   [campaign]    [lap] 'articuno' questline step -> questline_strike_failed

   [campaign]    [lap] 'articuno' dispatch failed (questline_strike_failed) — bounded attempt 8/6

   [campaign]    [lap] ⏭️ HONEST SKIP 'articuno': 8 bounded dispatch attempts spent (last: questline_strike_failed) — the lap moves on (never an infinite park)

   [kira-voice] ·floor· (<1s since last) T2 "calling it on the articuno side quest — 8 bounded dispatch attempts spent (last: questline_strike_failed). the League won't wait forever."

   [campaign]    [roam] RESULT: victory_lap -> questline_strike_failed | pos (1, 87)(15, 11) -> (1, 87)(15, 11) (NO MOVEMENT)

   [campaign]    ⛰️  CAMPAIGN SAVE [tick20] -> campaign/kira_campaign.state  (map=(1, 87) coords=(15, 11) badges=8 party=5)

   [campaign]    [sanctity] bundle VALID (schema/encoding/truth/monotonic all clean)

   [campaign]    [roam] tick opened inside interior (1, 87)@(15, 11) with no battle since last tick — NOT a blackout; continuing (mid-route interior)

   [campaign]    [world] learned 4 warp(s) on (1, 87): (15, 9)->(1, 86), (32, 5)->(1, 86), (8, 17)->(1, 86), (9, 17)->(1, 86)

   [campaign]    [lap] 🦅 PROXIMITY UNSKIP 'articuno': standing on the hunt's own maps — honest-skip latch dropped (every visit; nothing outranks a legendary she is standing next to)

   [campaign]    [lap] checklist owes 'articuno' — victory_lap is the endgame action (head_to_league/enter_league held until the lap clears)

   [campaign]    [world] learned 4 warp(s) on (1, 87): (15, 9)->(1, 86), (32, 5)->(1, 86), (8, 17)->(1, 86), (9, 17)->(1, 86)

   [campaign] -- ROAM TICK 21/100000000 --

   [campaign]    [roam] STATE IN: Seafoam Islands (15, 11) | badges=8 (Boulder, Cascade, Thunder, Rainbow, Soul, Marsh, Volcano, Earth) | party=[blastoise L67, lapras L25, fearow L38, moltres L50, machop L34] | 8 badge(s) earned (Boulder, Cascade, Thunder, Rainbow, Soul, Marsh, Volcano, Earth). All 8 badges earned. Pokédex: 18 caught. All 8 badges — Victory Road and the Elite Four are next. This is the endgame.

   [campaign]    [roam] PROGRESS: RED (unchanged 20 ticks) | fp[(1, 87) (15,11) f1 -- badge8 $2198 party:4497 bag:1af5]

   [campaign]    [roam] OPTIONS OFFERED: ['victory_lap', 'talk_npc']

   [campaign]    [roam] !! MACRO RED: no progress 20 ticks — feeding awareness back to the oracle: "You keep trying to victory lap but the world hasn't changed in 20 turns - it went 'questline_strike_failed', and you're completely stuck."

   [campaign]    [roam] !! REPEAT-NO-PROGRESS: 'victory_lap' repeated with a stuck fingerprint — nudging a different action

   [campaign]    [lap] !! FORCE VICTORY LAP — oracle SKIPPED (the checklist owns the endgame sequencing; the order is code, not mood)

   [campaign]    [roam] PICK OUT: victory_lap  <- her RECOVERY move (RED)

   [campaign]    [roam] RATIONALE: You're ready — stop grinding and push forward to the next objective. then on to the Elite Four

   [campaign]    [roam] !! QUESTLINE NO-PROGRESS ×5 (articuno) — abandoning the errand; re-recognizing fresh

   [kira-voice] ·dedup· (repeat text, T1, looping?) "hm — this plan's going nowhere from here. let me rethink."

   [campaign]    [roam] questline cleared (no-progress abandon)

   [campaign]    [lap] 'articuno' questline step -> questline_abandoned

   [campaign]    [lap] 'articuno' dispatch failed (questline_abandoned) — bounded attempt 9/6

   [campaign]    [lap] ⏭️ HONEST SKIP 'articuno': 9 bounded dispatch attempts spent (last: questline_abandoned) — the lap moves on (never an infinite park)

   [kira-voice] ·floor· (<1s since last) T2 "calling it on the articuno side quest — 9 bounded dispatch attempts spent (last: questline_abandoned). the League won't wait forever."

   [campaign]    [roam] RESULT: victory_lap -> questline_abandoned | pos (1, 87)(15, 11) -> (1, 87)(15, 11) (NO MOVEMENT)

   [campaign]    [roam] tick opened inside interior (1, 87)@(15, 11) with no battle since last tick — NOT a blackout; continuing (mid-route interior)

   [campaign]    [world] learned 4 warp(s) on (1, 87): (15, 9)->(1, 86), (32, 5)->(1, 86), (8, 17)->(1, 86), (9, 17)->(1, 86)

   [campaign]    [lap] 🦅 PROXIMITY UNSKIP 'articuno': standing on the hunt's own maps — honest-skip latch dropped (every visit; nothing outranks a legendary she is standing next to)

   [campaign]    [roam] 🎯 QUESTLINE OPENED: gate=story_npc/articuno → steps=['surf', 'articuno'] actionable=articuno (resolved=True)

   [kira-voice] ·floor· (<1s since last) T2 "Okay — to get past this I need Articuno — the ice legendary on the Seafoam Islands' bottom floor, past the boulder cascade. Ice/Flying at L50: Lance's dragons become a formality."

   [campaign]    [lap] 🏁 VICTORY LAP arms 'articuno' — the pre-E4 checklist owns the errand slot (order: earthquake → box_bench → moltres → articuno → eevee → zapdos → repack)

   [campaign]    [lap] checklist owes 'articuno' — victory_lap is the endgame action (head_to_league/enter_league held until the lap clears)

   [campaign]    [world] learned 4 warp(s) on (1, 87): (15, 9)->(1, 86), (32, 5)->(1, 86), (8, 17)->(1, 86), (9, 17)->(1, 86)

   [campaign] -- ROAM TICK 22/100000000 --

   [campaign]    [roam] STATE IN: Seafoam Islands (15, 11) | badges=8 (Boulder, Cascade, Thunder, Rainbow, Soul, Marsh, Volcano, Earth) | party=[blastoise L67, lapras L25, fearow L38, moltres L50, machop L34] | 8 badge(s) earned (Boulder, Cascade, Thunder, Rainbow, Soul, Marsh, Volcano, Earth). All 8 badges earned. Pokédex: 18 caught. All 8 badges — Victory Road and the Elite Four are next. This is the endgame.

   [campaign]    [roam] PROGRESS: RED (unchanged 21 ticks) | fp[(1, 87) (15,11) f1 -- badge8 $2198 party:4497 bag:1af5]

   [campaign]    [roam] OPTIONS OFFERED: ['victory_lap', 'talk_npc']

   [campaign]    [soul] surface_want FIRE -> Seafoam Islands

   [campaign]    [soul] ORACLE decision: kind=want ctx={'place': "You're in Seafoam Islands — underground in a real cave — rock, gloom, echoes.. ALREADY BESIDE YOU — your current team: blastoise (L67), lapras (L25), fearow (L38), moltres (L50), machop (L34). A want is something you DON'T yet have; never wish for a teammate who's already on your team.", 'map': (1, 87), 'badges': ['Boulder', 'Cascade', 'Thunder', 'Rainbow', 'Soul', 'Marsh', 'Volcano', 'Earth'], 'progress': '8 badge(s) earned (Boulder, Cascade, Thunder, Rainbow, Soul, Marsh, Volcano, Earth). All 8 badges earned. Pokédex: 18 caught. All 8 badges — Victory Road and the Elite Four are next. This is the endgame.', 'party': 'blastoise (L67), lapras (L25), fearow (L38), moltres (L50), machop (L34)', 'goal': {'short': "You're ready — stop grinding and push forward to the next objective", 'medium': "FIRST Articuno — the ice legendary on the Seafoam Islands' bottom floor, past the boulder cascade. Ice/Flying at L50: Lance's dragons become a formality — the gym comes right after; that errand is the road", 'long': 'Take on the Elite Four'}} options=['eevee', 'fossil', 'starters', 'rare', 'legendaries']

   [kira-voice] ORACLE kind=want options=['eevee', 'fossil', 'starters', 'rare', 'legendaries'] -> pick='Articuno — get to the bottom floor and catch it'

   [campaign]    [soul] ORACLE pick -> 'Articuno — get to the bottom floor and catch it'

   [campaign]    [roam] !! MACRO RED: no progress 21 ticks — feeding awareness back to the oracle: "You keep trying to victory lap but the world hasn't changed in 21 turns - it went 'questline_abandoned', and you're completely stuck."

   [campaign]    [roam] !! REPEAT-NO-PROGRESS: 'victory_lap' repeated with a stuck fingerprint — nudging a different action

   [campaign]    [lap] !! FORCE VICTORY LAP — oracle SKIPPED (the checklist owns the endgame sequencing; the order is code, not mood)

   [campaign]    [roam] PICK OUT: victory_lap  <- her RECOVERY move (RED)

   [campaign]    [roam] RATIONALE: You're ready — stop grinding and push forward to the next objective. then on to the Elite Four

   [kira-voice] -> T2·savor· (want) 'Articuno — get to the bottom floor and catch it'  fired=True  [age 0.0s + post 3ms]

   [campaign]    [roam] 🎯 QUESTLINE STRIKE: Seafoam Islands B4F (ARTICUNO — the legendary ice bird) — attempt 2/3 from (1, 87)

   [campaign]    [hunt] Ultra pocket check — 29 Ultras (floor 20, target 50, wired=False, done=False, fails=0)

   [campaign]    [hunt] Ultra war-chest not wired on this hunt — no ferry (LOUD)

   [campaign]    [hunt] CHIP-PP AUDIT — slot0 L67 hp 200/205 dmgPP 56 safePP 0 (Bite:23, Skull Bash:15, Surf:14, Earthquake:4); slot1 L25 hp 106/106 dmgPP 30 safePP 30 (Strength:15, Body Slam:15, Confuse Ray:10, Perish Song:5); slot2 L38 hp 104/104 dmgPP 40 safePP 40 (Leer:30, Fury Attack:20, 228:20, Mirror Move:20); slot3 L50 hp 150/150 dmgPP 30 safePP 15 (83:15, Agility:30, 203:10, 53:15); slot4 L34 hp 101/101 dmgPP 40 safePP 40 (69:20, 193:40, 279:10, 233:10) | ace slot0 safe 0, party safe 125 (vs Articuno ice/flying L50)

   [campaign]    [hunt] !! chip PP THIN (ace 0 safe swing(s), party 125; mins 5/8) and no Center leg is wired for articuno — engaging in LADDER MODE (bench chipper carries the chip) (LOUD)

   [campaign]    [hunt] Ultra pocket check — 29 Ultras (floor 20, target 50, wired=False, done=False, fails=0)

   [campaign]    [hunt] Ultra war-chest not wired on this hunt — no ferry (LOUD)

   [campaign]    [hunt] CHIP-PP AUDIT — slot0 L67 hp 200/205 dmgPP 56 safePP 0 (Bite:23, Skull Bash:15, Surf:14, Earthquake:4); slot1 L25 hp 106/106 dmgPP 30 safePP 30 (Strength:15, Body Slam:15, Confuse Ray:10, Perish Song:5); slot2 L38 hp 104/104 dmgPP 40 safePP 40 (Leer:30, Fury Attack:20, 228:20, Mirror Move:20); slot3 L50 hp 150/150 dmgPP 30 safePP 15 (83:15, Agility:30, 203:10, 53:15); slot4 L34 hp 101/101 dmgPP 40 safePP 40 (69:20, 193:40, 279:10, 233:10) | ace slot0 safe 0, party safe 125 (vs Articuno ice/flying L50)

   [campaign]    [hunt] !! SKIPPING pre-articuno bank — ace safe chip PP is 0 (would poison soft-reload) (LOUD)

   [kira-voice] -> T3·BIG· (legendary) 'there it is. Articuno. okay — deep breath, balls ready. we are NOT blowing this.'  fired=True  [age 0.0s + post 10ms]

   [campaign]    [quarry-approach] replan at (15, 11) (len 0, budget 9)

   [campaign]    [quarry-approach] no path from (15, 11)

   [campaign]    [roam] 🎯 QUESTLINE STRIKE -> failed (now (1, 87)@(15, 11))

   [campaign]    [lap] 'articuno' questline step -> questline_strike_failed

   [campaign]    [lap] 'articuno' dispatch failed (questline_strike_failed) — bounded attempt 10/6

   [campaign]    [lap] ⏭️ HONEST SKIP 'articuno': 10 bounded dispatch attempts spent (last: questline_strike_failed) — the lap moves on (never an infinite park)

   [kira-voice] ·floor· (<1s since last) T2 "calling it on the articuno side quest — 10 bounded dispatch attempts spent (last: questline_strike_failed). the League won't wait forever."

   [campaign]    [roam] RESULT: victory_lap -> questline_strike_failed | pos (1, 87)(15, 11) -> (1, 87)(15, 11) (NO MOVEMENT)

   [campaign]    ⛰️  CAMPAIGN SAVE [tick22] -> campaign/kira_campaign.state  (map=(1, 87) coords=(15, 11) badges=8 party=5)

   [campaign]    [sanctity] bundle VALID (schema/encoding/truth/monotonic all clean)

   [campaign]    [roam] tick opened inside interior (1, 87)@(15, 11) with no battle since last tick — NOT a blackout; continuing (mid-route interior)

   [campaign]    [world] learned 4 warp(s) on (1, 87): (15, 9)->(1, 86), (32, 5)->(1, 86), (8, 17)->(1, 86), (9, 17)->(1, 86)

   [campaign]    [lap] 🦅 PROXIMITY UNSKIP 'articuno': standing on the hunt's own maps — honest-skip latch dropped (every visit; nothing outranks a legendary she is standing next to)

   [campaign]    [lap] checklist owes 'articuno' — victory_lap is the endgame action (head_to_league/enter_league held until the lap clears)

   [campaign]    [world] learned 4 warp(s) on (1, 87): (15, 9)->(1, 86), (32, 5)->(1, 86), (8, 17)->(1, 86), (9, 17)->(1, 86)

   [campaign] -- ROAM TICK 23/100000000 --

   [campaign]    [roam] STATE IN: Seafoam Islands (15, 11) | badges=8 (Boulder, Cascade, Thunder, Rainbow, Soul, Marsh, Volcano, Earth) | party=[blastoise L67, lapras L25, fearow L38, moltres L50, machop L34] | 8 badge(s) earned (Boulder, Cascade, Thunder, Rainbow, Soul, Marsh, Volcano, Earth). All 8 badges earned. Pokédex: 18 caught. All 8 badges — Victory Road and the Elite Four are next. This is the endgame.

   [campaign]    [roam] PROGRESS: RED (unchanged 22 ticks) | fp[(1, 87) (15,11) f1 -- badge8 $2198 party:4497 bag:1af5]

   [campaign]    [roam] OPTIONS OFFERED: ['victory_lap', 'talk_npc']

   [campaign]    [roam] !! MACRO RED: no progress 22 ticks — feeding awareness back to the oracle: "You keep trying to victory lap but the world hasn't changed in 22 turns - it went 'questline_strike_failed', and you're completely stuck."

   [campaign]    [roam] !! REPEAT-NO-PROGRESS: 'victory_lap' repeated with a stuck fingerprint — nudging a different action

   [campaign]    [lap] !! FORCE VICTORY LAP — oracle SKIPPED (the checklist owns the endgame sequencing; the order is code, not mood)

   [campaign]    [roam] PICK OUT: victory_lap  <- her RECOVERY move (RED)

   [campaign]    [roam] RATIONALE: You're ready — stop grinding and push forward to the next objective. then on to the Elite Four

   [campaign]    [roam] 🎯 QUESTLINE STRIKE: Seafoam Islands B4F (ARTICUNO — the legendary ice bird) — attempt 3/3 from (1, 87)

   [campaign]    [hunt] Ultra pocket check — 29 Ultras (floor 20, target 50, wired=False, done=False, fails=0)

   [campaign]    [hunt] Ultra war-chest not wired on this hunt — no ferry (LOUD)

   [campaign]    [hunt] CHIP-PP AUDIT — slot0 L67 hp 200/205 dmgPP 56 safePP 0 (Bite:23, Skull Bash:15, Surf:14, Earthquake:4); slot1 L25 hp 106/106 dmgPP 30 safePP 30 (Strength:15, Body Slam:15, Confuse Ray:10, Perish Song:5); slot2 L38 hp 104/104 dmgPP 40 safePP 40 (Leer:30, Fury Attack:20, 228:20, Mirror Move:20); slot3 L50 hp 150/150 dmgPP 30 safePP 15 (83:15, Agility:30, 203:10, 53:15); slot4 L34 hp 101/101 dmgPP 40 safePP 40 (69:20, 193:40, 279:10, 233:10) | ace slot0 safe 0, party safe 125 (vs Articuno ice/flying L50)

   [campaign]    [hunt] !! chip PP THIN (ace 0 safe swing(s), party 125; mins 5/8) and no Center leg is wired for articuno — engaging in LADDER MODE (bench chipper carries the chip) (LOUD)

   [campaign]    [hunt] Ultra pocket check — 29 Ultras (floor 20, target 50, wired=False, done=False, fails=0)

   [campaign]    [hunt] Ultra war-chest not wired on this hunt — no ferry (LOUD)

   [campaign]    [hunt] CHIP-PP AUDIT — slot0 L67 hp 200/205 dmgPP 56 safePP 0 (Bite:23, Skull Bash:15, Surf:14, Earthquake:4); slot1 L25 hp 106/106 dmgPP 30 safePP 30 (Strength:15, Body Slam:15, Confuse Ray:10, Perish Song:5); slot2 L38 hp 104/104 dmgPP 40 safePP 40 (Leer:30, Fury Attack:20, 228:20, Mirror Move:20); slot3 L50 hp 150/150 dmgPP 30 safePP 15 (83:15, Agility:30, 203:10, 53:15); slot4 L34 hp 101/101 dmgPP 40 safePP 40 (69:20, 193:40, 279:10, 233:10) | ace slot0 safe 0, party safe 125 (vs Articuno ice/flying L50)

   [campaign]    [hunt] !! SKIPPING pre-articuno bank — ace safe chip PP is 0 (would poison soft-reload) (LOUD)

   [campaign]    [quarry-approach] replan at (15, 11) (len 0, budget 9)

   [campaign]    [quarry-approach] no path from (15, 11)

   [campaign]    [roam] 🎯 QUESTLINE STRIKE -> failed (now (1, 87)@(15, 11))

   [campaign]    [lap] 'articuno' questline step -> questline_strike_failed

   [campaign]    [lap] 'articuno' dispatch failed (questline_strike_failed) — bounded attempt 11/6

   [campaign]    [lap] ⏭️ HONEST SKIP 'articuno': 11 bounded dispatch attempts spent (last: questline_strike_failed) — the lap moves on (never an infinite park)

   [kira-voice] ·floor· (<1s since last) T2 "calling it on the articuno side quest — 11 bounded dispatch attempts spent (last: questline_strike_failed). the League won't wait forever."

   [campaign]    [roam] RESULT: victory_lap -> questline_strike_failed | pos (1, 87)(15, 11) -> (1, 87)(15, 11) (NO MOVEMENT)

   [campaign]    [roam] tick opened inside interior (1, 87)@(15, 11) with no battle since last tick — NOT a blackout; continuing (mid-route interior)

   [campaign]    [world] learned 4 warp(s) on (1, 87): (15, 9)->(1, 86), (32, 5)->(1, 86), (8, 17)->(1, 86), (9, 17)->(1, 86)

   [campaign]    [lap] 🦅 PROXIMITY UNSKIP 'articuno': standing on the hunt's own maps — honest-skip latch dropped (every visit; nothing outranks a legendary she is standing next to)

   [campaign]    [lap] checklist owes 'articuno' — victory_lap is the endgame action (head_to_league/enter_league held until the lap clears)

   [campaign]    [world] learned 4 warp(s) on (1, 87): (15, 9)->(1, 86), (32, 5)->(1, 86), (8, 17)->(1, 86), (9, 17)->(1, 86)

   [campaign] -- ROAM TICK 24/100000000 --

   [campaign]    [roam] STATE IN: Seafoam Islands (15, 11) | badges=8 (Boulder, Cascade, Thunder, Rainbow, Soul, Marsh, Volcano, Earth) | party=[blastoise L67, lapras L25, fearow L38, moltres L50, machop L34] | 8 badge(s) earned (Boulder, Cascade, Thunder, Rainbow, Soul, Marsh, Volcano, Earth). All 8 badges earned. Pokédex: 18 caught. All 8 badges — Victory Road and the Elite Four are next. This is the endgame.

   [campaign]    [roam] PROGRESS: RED (unchanged 23 ticks) | fp[(1, 87) (15,11) f1 -- badge8 $2198 party:4497 bag:1af5]

   [campaign]    [roam] !! ESCAPE-HATCH considering reload: RED 5 ticks, hard-recovery already tried, reload 2/2

   [campaign]    [roam] !! ESCAPE-HATCH: banked CURRENT state -> G:\JonnyD\NeuroAI_Bot\pokemon_agent\states\campaign\pre_reload_20260807_115410.state (nothing live is lost, even on a misfire)

   [campaign]    [roam] !!!! ESCAPE-HATCH FIRED: genuine wedge — RELOADED last known-good state (gain (8, 5, 18, 214)); current backed up to pre_reload_20260807_115410.state. Continuing the climb. (LOUD)

   [kira-voice] ·floor· (<1s since last) T2 "something got me properly stuck back there — I'm backing up to where I knew what I was doing and picking it up from there."

   [campaign]    [roam] strike memory reset (escape-hatch reload): 1 errand try-counter(s) cleared — the reloaded world gets fresh strike attempts

   [campaign]    ⛰️  CAMPAIGN SAVE [post_escape_reload] -> campaign/kira_campaign.state  (map=(1, 87) coords=(15, 11) badges=8 party=5)

   [campaign]    ⛰️  CAMPAIGN SAVE [tick24] -> campaign/kira_campaign.state  (map=(1, 87) coords=(15, 11) badges=8 party=5)

   [campaign]    [sanctity] bundle VALID (schema/encoding/truth/monotonic all clean)

   [campaign]    [roam] tick opened inside interior (1, 87)@(15, 11) with no battle since last tick — NOT a blackout; continuing (mid-route interior)

   [campaign]    [world] learned 4 warp(s) on (1, 87): (15, 9)->(1, 86), (32, 5)->(1, 86), (8, 17)->(1, 86), (9, 17)->(1, 86)

   [campaign]    [lap] checklist owes 'articuno' — victory_lap is the endgame action (head_to_league/enter_league held until the lap clears)

   [campaign]    [world] learned 4 warp(s) on (1, 87): (15, 9)->(1, 86), (32, 5)->(1, 86), (8, 17)->(1, 86), (9, 17)->(1, 86)

   [campaign] -- ROAM TICK 25/100000000 --

   [campaign]    [roam] STATE IN: Seafoam Islands (15, 11) | badges=8 (Boulder, Cascade, Thunder, Rainbow, Soul, Marsh, Volcano, Earth) | party=[blastoise L67, lapras L25, fearow L38, moltres L50, machop L34] | 8 badge(s) earned (Boulder, Cascade, Thunder, Rainbow, Soul, Marsh, Volcano, Earth). All 8 badges earned. Pokédex: 18 caught. All 8 badges — Victory Road and the Elite Four are next. This is the endgame.

   [campaign]    [roam] PROGRESS: RED (unchanged 24 ticks) | fp[(1, 87) (15,11) f1 -- badge8 $2198 party:4497 bag:1af5]

   [campaign]    [roam] OPTIONS OFFERED: ['victory_lap', 'talk_npc']

   [campaign]    [soul] surface_want FIRE -> Seafoam Islands

   [campaign]    [soul] ORACLE decision: kind=want ctx={'place': "You're in Seafoam Islands — underground in a real cave — rock, gloom, echoes.. ALREADY BESIDE YOU — your current team: blastoise (L67), lapras (L25), fearow (L38), moltres (L50), machop (L34). A want is something you DON'T yet have; never wish for a teammate who's already on your team.", 'map': (1, 87), 'badges': ['Boulder', 'Cascade', 'Thunder', 'Rainbow', 'Soul', 'Marsh', 'Volcano', 'Earth'], 'progress': '8 badge(s) earned (Boulder, Cascade, Thunder, Rainbow, Soul, Marsh, Volcano, Earth). All 8 badges earned. Pokédex: 18 caught. All 8 badges — Victory Road and the Elite Four are next. This is the endgame.', 'party': 'blastoise (L67), lapras (L25), fearow (L38), moltres (L50), machop (L34)', 'goal': {'short': "You're ready — stop grinding and push forward to the next objective", 'medium': "FIRST Articuno — the ice legendary on the Seafoam Islands' bottom floor, past the boulder cascade. Ice/Flying at L50: Lance's dragons become a formality — the gym comes right after; that errand is the road", 'long': 'Take on the Elite Four'}} options=['eevee', 'fossil', 'starters', 'rare', 'legendaries']

   [kira-voice] ORACLE kind=want options=['eevee', 'fossil', 'starters', 'rare', 'legendaries'] -> pick='Articuno — bottom floor, right now'

   [campaign]    [soul] ORACLE pick -> 'Articuno — bottom floor, right now'

   [campaign]    [roam] !! MACRO RED: no progress 24 ticks — feeding awareness back to the oracle: "You keep trying to victory lap but the world hasn't changed in 24 turns - it went 'questline_strike_failed', and you're completely stuck."

   [campaign]    [roam] !! REPEAT-NO-PROGRESS: 'victory_lap' repeated with a stuck fingerprint — nudging a different action

   [campaign]    [lap] !! FORCE VICTORY LAP — oracle SKIPPED (the checklist owns the endgame sequencing; the order is code, not mood)

   [campaign]    [roam] PICK OUT: victory_lap  <- her RECOVERY move (RED)

   [campaign]    [roam] RATIONALE: You're ready — stop grinding and push forward to the next objective. then on to the Elite Four

   [kira-voice] -> T2·savor· (want) 'Articuno — bottom floor, right now'  fired=True  [age 0.0s + post 6ms]

   [campaign]    [roam] 🎯 QUESTLINE STRIKE: Seafoam Islands B4F (ARTICUNO — the legendary ice bird) — attempt 1/3 from (1, 87)

   [campaign]    [hunt] Ultra pocket check — 29 Ultras (floor 20, target 50, wired=False, done=False, fails=0)

   [campaign]    [hunt] Ultra war-chest not wired on this hunt — no ferry (LOUD)

   [campaign]    [hunt] CHIP-PP AUDIT — slot0 L67 hp 200/205 dmgPP 56 safePP 0 (Bite:23, Skull Bash:15, Surf:14, Earthquake:4); slot1 L25 hp 106/106 dmgPP 30 safePP 30 (Strength:15, Body Slam:15, Confuse Ray:10, Perish Song:5); slot2 L38 hp 104/104 dmgPP 40 safePP 40 (Leer:30, Fury Attack:20, 228:20, Mirror Move:20); slot3 L50 hp 150/150 dmgPP 30 safePP 15 (83:15, Agility:30, 203:10, 53:15); slot4 L34 hp 101/101 dmgPP 40 safePP 40 (69:20, 193:40, 279:10, 233:10) | ace slot0 safe 0, party safe 125 (vs Articuno ice/flying L50)

   [campaign]    [hunt] !! chip PP THIN (ace 0 safe swing(s), party 125; mins 5/8) and no Center leg is wired for articuno — engaging in LADDER MODE (bench chipper carries the chip) (LOUD)

   [campaign]    [hunt] Ultra pocket check — 29 Ultras (floor 20, target 50, wired=False, done=False, fails=0)

   [campaign]    [hunt] Ultra war-chest not wired on this hunt — no ferry (LOUD)

   [campaign]    [hunt] CHIP-PP AUDIT — slot0 L67 hp 200/205 dmgPP 56 safePP 0 (Bite:23, Skull Bash:15, Surf:14, Earthquake:4); slot1 L25 hp 106/106 dmgPP 30 safePP 30 (Strength:15, Body Slam:15, Confuse Ray:10, Perish Song:5); slot2 L38 hp 104/104 dmgPP 40 safePP 40 (Leer:30, Fury Attack:20, 228:20, Mirror Move:20); slot3 L50 hp 150/150 dmgPP 30 safePP 15 (83:15, Agility:30, 203:10, 53:15); slot4 L34 hp 101/101 dmgPP 40 safePP 40 (69:20, 193:40, 279:10, 233:10) | ace slot0 safe 0, party safe 125 (vs Articuno ice/flying L50)

   [campaign]    [hunt] !! SKIPPING pre-articuno bank — ace safe chip PP is 0 (would poison soft-reload) (LOUD)

   [kira-voice] -> T3·BIG· (legendary) 'there it is. Articuno. okay — deep breath, balls ready. we are NOT blowing this.'  fired=True  [age 0.0s + post 5ms]

   [campaign]    [quarry-approach] replan at (15, 11) (len 0, budget 9)

   [campaign]    [quarry-approach] no path from (15, 11)

   [campaign]    [roam] 🎯 QUESTLINE STRIKE -> failed (now (1, 87)@(15, 11))

   [campaign]    [lap] 'articuno' questline step -> questline_strike_failed

   [campaign]    [lap] 'articuno' dispatch failed (questline_strike_failed) — bounded attempt 12/6

   [campaign]    [lap] ⏭️ HONEST SKIP 'articuno': 12 bounded dispatch attempts spent (last: questline_strike_failed) — the lap moves on (never an infinite park)

   [kira-voice] ·floor· (<1s since last) T2 "calling it on the articuno side quest — 12 bounded dispatch attempts spent (last: questline_strike_failed). the League won't wait forever."

   [campaign]    [roam] RESULT: victory_lap -> questline_strike_failed | pos (1, 87)(15, 11) -> (1, 87)(15, 11) (NO MOVEMENT)

   [campaign]    [roam] tick opened inside interior (1, 87)@(15, 11) with no battle since last tick — NOT a blackout; continuing (mid-route interior)

   [campaign]    [world] learned 4 warp(s) on (1, 87): (15, 9)->(1, 86), (32, 5)->(1, 86), (8, 17)->(1, 86), (9, 17)->(1, 86)

   [campaign]    [lap] 🦅 PROXIMITY UNSKIP 'articuno': standing on the hunt's own maps — honest-skip latch dropped (every visit; nothing outranks a legendary she is standing next to)

   [campaign]    [lap] checklist owes 'articuno' — victory_lap is the endgame action (head_to_league/enter_league held until the lap clears)

   [campaign]    [world] learned 4 warp(s) on (1, 87): (15, 9)->(1, 86), (32, 5)->(1, 86), (8, 17)->(1, 86), (9, 17)->(1, 86)

   [campaign] -- ROAM TICK 26/100000000 --

   [campaign]    [roam] STATE IN: Seafoam Islands (15, 11) | badges=8 (Boulder, Cascade, Thunder, Rainbow, Soul, Marsh, Volcano, Earth) | party=[blastoise L67, lapras L25, fearow L38, moltres L50, machop L34] | 8 badge(s) earned (Boulder, Cascade, Thunder, Rainbow, Soul, Marsh, Volcano, Earth). All 8 badges earned. Pokédex: 18 caught. All 8 badges — Victory Road and the Elite Four are next. This is the endgame.

   [campaign]    [roam] PROGRESS: RED (unchanged 25 ticks) | fp[(1, 87) (15,11) f1 -- badge8 $2198 party:4497 bag:1af5]

   [campaign]    [roam] OPTIONS OFFERED: ['victory_lap', 'talk_npc']

   [campaign]    [roam] !! MACRO RED: no progress 25 ticks — feeding awareness back to the oracle: "You keep trying to victory lap but the world hasn't changed in 25 turns - it went 'questline_strike_failed', and you're completely stuck."

   [campaign]    [roam] !! REPEAT-NO-PROGRESS: 'victory_lap' repeated with a stuck fingerprint — nudging a different action

   [campaign]    [lap] !! FORCE VICTORY LAP — oracle SKIPPED (the checklist owns the endgame sequencing; the order is code, not mood)

   [campaign]    [roam] PICK OUT: victory_lap  <- her RECOVERY move (RED)

   [campaign]    [roam] RATIONALE: You're ready — stop grinding and push forward to the next objective. then on to the Elite Four

   [campaign]    [roam] 🎯 QUESTLINE STRIKE: Seafoam Islands B4F (ARTICUNO — the legendary ice bird) — attempt 2/3 from (1, 87)

   [campaign]    [hunt] Ultra pocket check — 29 Ultras (floor 20, target 50, wired=False, done=False, fails=0)

   [campaign]    [hunt] Ultra war-chest not wired on this hunt — no ferry (LOUD)

   [campaign]    [hunt] CHIP-PP AUDIT — slot0 L67 hp 200/205 dmgPP 56 safePP 0 (Bite:23, Skull Bash:15, Surf:14, Earthquake:4); slot1 L25 hp 106/106 dmgPP 30 safePP 30 (Strength:15, Body Slam:15, Confuse Ray:10, Perish Song:5); slot2 L38 hp 104/104 dmgPP 40 safePP 40 (Leer:30, Fury Attack:20, 228:20, Mirror Move:20); slot3 L50 hp 150/150 dmgPP 30 safePP 15 (83:15, Agility:30, 203:10, 53:15); slot4 L34 hp 101/101 dmgPP 40 safePP 40 (69:20, 193:40, 279:10, 233:10) | ace slot0 safe 0, party safe 125 (vs Articuno ice/flying L50)

   [campaign]    [hunt] !! chip PP THIN (ace 0 safe swing(s), party 125; mins 5/8) and no Center leg is wired for articuno — engaging in LADDER MODE (bench chipper carries the chip) (LOUD)

   [campaign]    [hunt] Ultra pocket check — 29 Ultras (floor 20, target 50, wired=False, done=False, fails=0)

   [campaign]    [hunt] Ultra war-chest not wired on this hunt — no ferry (LOUD)

   [campaign]    [hunt] CHIP-PP AUDIT — slot0 L67 hp 200/205 dmgPP 56 safePP 0 (Bite:23, Skull Bash:15, Surf:14, Earthquake:4); slot1 L25 hp 106/106 dmgPP 30 safePP 30 (Strength:15, Body Slam:15, Confuse Ray:10, Perish Song:5); slot2 L38 hp 104/104 dmgPP 40 safePP 40 (Leer:30, Fury Attack:20, 228:20, Mirror Move:20); slot3 L50 hp 150/150 dmgPP 30 safePP 15 (83:15, Agility:30, 203:10, 53:15); slot4 L34 hp 101/101 dmgPP 40 safePP 40 (69:20, 193:40, 279:10, 233:10) | ace slot0 safe 0, party safe 125 (vs Articuno ice/flying L50)

   [campaign]    [hunt] !! SKIPPING pre-articuno bank — ace safe chip PP is 0 (would poison soft-reload) (LOUD)

   [campaign]    [quarry-approach] replan at (15, 11) (len 0, budget 9)

   [campaign]    [quarry-approach] no path from (15, 11)

   [campaign]    [roam] 🎯 QUESTLINE STRIKE -> failed (now (1, 87)@(15, 11))

   [campaign]    [lap] 'articuno' questline step -> questline_strike_failed

   [campaign]    [lap] 'articuno' dispatch failed (questline_strike_failed) — bounded attempt 13/6

   [campaign]    [lap] ⏭️ HONEST SKIP 'articuno': 13 bounded dispatch attempts spent (last: questline_strike_failed) — the lap moves on (never an infinite park)

   [kira-voice] ·floor· (<1s since last) T2 "calling it on the articuno side quest — 13 bounded dispatch attempts spent (last: questline_strike_failed). the League won't wait forever."

   [campaign]    [roam] RESULT: victory_lap -> questline_strike_failed | pos (1, 87)(15, 11) -> (1, 87)(15, 11) (NO MOVEMENT)

   [campaign]    ⛰️  CAMPAIGN SAVE [tick26] -> campaign/kira_campaign.state  (map=(1, 87) coords=(15, 11) badges=8 party=5)

   [campaign]    [sanctity] bundle VALID (schema/encoding/truth/monotonic all clean)

   [campaign]    [roam] tick opened inside interior (1, 87)@(15, 11) with no battle since last tick — NOT a blackout; continuing (mid-route interior)

   [campaign]    [world] learned 4 warp(s) on (1, 87): (15, 9)->(1, 86), (32, 5)->(1, 86), (8, 17)->(1, 86), (9, 17)->(1, 86)

   [campaign]    [lap] 🦅 PROXIMITY UNSKIP 'articuno': standing on the hunt's own maps — honest-skip latch dropped (every visit; nothing outranks a legendary she is standing next to)

   [campaign]    [lap] checklist owes 'articuno' — victory_lap is the endgame action (head_to_league/enter_league held until the lap clears)

   [campaign]    [world] learned 4 warp(s) on (1, 87): (15, 9)->(1, 86), (32, 5)->(1, 86), (8, 17)->(1, 86), (9, 17)->(1, 86)

   [campaign] -- ROAM TICK 27/100000000 --

   [campaign]    [roam] STATE IN: Seafoam Islands (15, 11) | badges=8 (Boulder, Cascade, Thunder, Rainbow, Soul, Marsh, Volcano, Earth) | party=[blastoise L67, lapras L25, fearow L38, moltres L50, machop L34] | 8 badge(s) earned (Boulder, Cascade, Thunder, Rainbow, Soul, Marsh, Volcano, Earth). All 8 badges earned. Pokédex: 18 caught. All 8 badges — Victory Road and the Elite Four are next. This is the endgame.

   [campaign]    [roam] PROGRESS: RED (unchanged 26 ticks) | fp[(1, 87) (15,11) f1 -- badge8 $2198 party:4497 bag:1af5]

   [campaign]    [roam] OPTIONS OFFERED: ['victory_lap', 'talk_npc']

   [campaign]    [roam] !! MACRO RED: no progress 26 ticks — feeding awareness back to the oracle: "You keep trying to victory lap but the world hasn't changed in 26 turns - it went 'questline_strike_failed', and you're completely stuck."

   [campaign]    [roam] !! REPEAT-NO-PROGRESS: 'victory_lap' repeated with a stuck fingerprint — nudging a different action

   [campaign]    [lap] !! FORCE VICTORY LAP — oracle SKIPPED (the checklist owns the endgame sequencing; the order is code, not mood)

   [campaign]    [roam] PICK OUT: victory_lap  <- her RECOVERY move (RED)

   [campaign]    [roam] RATIONALE: You're ready — stop grinding and push forward to the next objective. then on to the Elite Four

   [campaign]    [roam] 🎯 QUESTLINE STRIKE: Seafoam Islands B4F (ARTICUNO — the legendary ice bird) — attempt 3/3 from (1, 87)

   [campaign]    [hunt] Ultra pocket check — 29 Ultras (floor 20, target 50, wired=False, done=False, fails=0)

   [campaign]    [hunt] Ultra war-chest not wired on this hunt — no ferry (LOUD)

   [campaign]    [hunt] CHIP-PP AUDIT — slot0 L67 hp 200/205 dmgPP 56 safePP 0 (Bite:23, Skull Bash:15, Surf:14, Earthquake:4); slot1 L25 hp 106/106 dmgPP 30 safePP 30 (Strength:15, Body Slam:15, Confuse Ray:10, Perish Song:5); slot2 L38 hp 104/104 dmgPP 40 safePP 40 (Leer:30, Fury Attack:20, 228:20, Mirror Move:20); slot3 L50 hp 150/150 dmgPP 30 safePP 15 (83:15, Agility:30, 203:10, 53:15); slot4 L34 hp 101/101 dmgPP 40 safePP 40 (69:20, 193:40, 279:10, 233:10) | ace slot0 safe 0, party safe 125 (vs Articuno ice/flying L50)

   [campaign]    [hunt] !! chip PP THIN (ace 0 safe swing(s), party 125; mins 5/8) and no Center leg is wired for articuno — engaging in LADDER MODE (bench chipper carries the chip) (LOUD)

   [campaign]    [hunt] Ultra pocket check — 29 Ultras (floor 20, target 50, wired=False, done=False, fails=0)

   [campaign]    [hunt] Ultra war-chest not wired on this hunt — no ferry (LOUD)

   [campaign]    [hunt] CHIP-PP AUDIT — slot0 L67 hp 200/205 dmgPP 56 safePP 0 (Bite:23, Skull Bash:15, Surf:14, Earthquake:4); slot1 L25 hp 106/106 dmgPP 30 safePP 30 (Strength:15, Body Slam:15, Confuse Ray:10, Perish Song:5); slot2 L38 hp 104/104 dmgPP 40 safePP 40 (Leer:30, Fury Attack:20, 228:20, Mirror Move:20); slot3 L50 hp 150/150 dmgPP 30 safePP 15 (83:15, Agility:30, 203:10, 53:15); slot4 L34 hp 101/101 dmgPP 40 safePP 40 (69:20, 193:40, 279:10, 233:10) | ace slot0 safe 0, party safe 125 (vs Articuno ice/flying L50)

   [campaign]    [hunt] !! SKIPPING pre-articuno bank — ace safe chip PP is 0 (would poison soft-reload) (LOUD)

   [campaign]    [quarry-approach] replan at (15, 11) (len 0, budget 9)

   [campaign]    [quarry-approach] no path from (15, 11)

   [campaign]    [roam] 🎯 QUESTLINE STRIKE -> failed (now (1, 87)@(15, 11))

   [campaign]    [lap] 'articuno' questline step -> questline_strike_failed

   [campaign]    [lap] 'articuno' dispatch failed (questline_strike_failed) — bounded attempt 14/6

   [campaign]    [lap] ⏭️ HONEST SKIP 'articuno': 14 bounded dispatch attempts spent (last: questline_strike_failed) — the lap moves on (never an infinite park)

   [kira-voice] ·floor· (<1s since last) T2 "calling it on the articuno side quest — 14 bounded dispatch attempts spent (last: questline_strike_failed). the League won't wait forever."

   [campaign]    [roam] RESULT: victory_lap -> questline_strike_failed | pos (1, 87)(15, 11) -> (1, 87)(15, 11) (NO MOVEMENT)

   [campaign]    [roam] tick opened inside interior (1, 87)@(15, 11) with no battle since last tick — NOT a blackout; continuing (mid-route interior)

   [campaign]    [world] learned 4 warp(s) on (1, 87): (15, 9)->(1, 86), (32, 5)->(1, 86), (8, 17)->(1, 86), (9, 17)->(1, 86)

   [campaign]    [lap] 🦅 PROXIMITY UNSKIP 'articuno': standing on the hunt's own maps — honest-skip latch dropped (every visit; nothing outranks a legendary she is standing next to)

   [campaign]    [lap] checklist owes 'articuno' — victory_lap is the endgame action (head_to_league/enter_league held until the lap clears)

   [campaign]    [world] learned 4 warp(s) on (1, 87): (15, 9)->(1, 86), (32, 5)->(1, 86), (8, 17)->(1, 86), (9, 17)->(1, 86)

   [campaign] -- ROAM TICK 28/100000000 --

   [campaign]    [roam] STATE IN: Seafoam Islands (15, 11) | badges=8 (Boulder, Cascade, Thunder, Rainbow, Soul, Marsh, Volcano, Earth) | party=[blastoise L67, lapras L25, fearow L38, moltres L50, machop L34] | 8 badge(s) earned (Boulder, Cascade, Thunder, Rainbow, Soul, Marsh, Volcano, Earth). All 8 badges earned. Pokédex: 18 caught. All 8 badges — Victory Road and the Elite Four are next. This is the endgame.

   [campaign]    [roam] PROGRESS: RED (unchanged 27 ticks) | fp[(1, 87) (15,11) f1 -- badge8 $2198 party:4497 bag:1af5]

   [campaign]    [roam] OPTIONS OFFERED: ['victory_lap', 'talk_npc']

   [campaign]    [soul] surface_want FIRE -> Seafoam Islands

   [campaign]    [soul] ORACLE decision: kind=want ctx={'place': "You're in Seafoam Islands — underground in a real cave — rock, gloom, echoes.. ALREADY BESIDE YOU — your current team: blastoise (L67), lapras (L25), fearow (L38), moltres (L50), machop (L34). A want is something you DON'T yet have; never wish for a teammate who's already on your team.", 'map': (1, 87), 'badges': ['Boulder', 'Cascade', 'Thunder', 'Rainbow', 'Soul', 'Marsh', 'Volcano', 'Earth'], 'progress': '8 badge(s) earned (Boulder, Cascade, Thunder, Rainbow, Soul, Marsh, Volcano, Earth). All 8 badges earned. Pokédex: 18 caught. All 8 badges — Victory Road and the Elite Four are next. This is the endgame.', 'party': 'blastoise (L67), lapras (L25), fearow (L38), moltres (L50), machop (L34)', 'goal': {'short': "You're ready — stop grinding and push forward to the next objective", 'medium': "FIRST Articuno — the ice legendary on the Seafoam Islands' bottom floor, past the boulder cascade. Ice/Flying at L50: Lance's dragons become a formality — the gym comes right after; that errand is the road", 'long': 'Take on the Elite Four'}} options=['eevee', 'fossil', 'starters', 'rare', 'legendaries']

   [kira-voice] ORACLE kind=want options=['eevee', 'fossil', 'starters', 'rare', 'legendaries'] -> pick='Articuno'

   [campaign]    [soul] ORACLE pick -> 'Articuno'

   [campaign]    [roam] !! MACRO RED: no progress 27 ticks — feeding awareness back to the oracle: "You keep trying to victory lap but the world hasn't changed in 27 turns - it went 'questline_strike_failed', and you're completely stuck."

   [campaign]    [roam] !! REPEAT-NO-PROGRESS: 'victory_lap' repeated with a stuck fingerprint — nudging a different action

   [campaign]    [lap] !! FORCE VICTORY LAP — oracle SKIPPED (the checklist owns the endgame sequencing; the order is code, not mood)

   [campaign]    [roam] PICK OUT: victory_lap  <- her RECOVERY move (RED)

   [campaign]    [roam] RATIONALE: You're ready — stop grinding and push forward to the next objective. then on to the Elite Four

   [kira-voice] -> T2·savor· (want) 'Articuno'  fired=True  [age 0.0s + post 4ms]

   [campaign]    [roam] !! QUESTLINE NO-PROGRESS ×5 (articuno) — abandoning the errand; re-recognizing fresh

   [kira-voice] ·floor· (<1s since last) T1 "hm — this plan's going nowhere from here. let me rethink."

   [campaign]    [roam] questline cleared (no-progress abandon)

   [campaign]    [lap] 'articuno' questline step -> questline_abandoned

   [campaign]    [lap] 'articuno' dispatch failed (questline_abandoned) — bounded attempt 15/6

   [campaign]    [lap] ⏭️ HONEST SKIP 'articuno': 15 bounded dispatch attempts spent (last: questline_abandoned) — the lap moves on (never an infinite park)

   [kira-voice] ·floor· (<1s since last) T2 "calling it on the articuno side quest — 15 bounded dispatch attempts spent (last: questline_abandoned). the League won't wait forever."

   [campaign]    [roam] RESULT: victory_lap -> questline_abandoned | pos (1, 87)(15, 11) -> (1, 87)(15, 11) (NO MOVEMENT)

   [campaign]    ⛰️  CAMPAIGN SAVE [tick28] -> campaign/kira_campaign.state  (map=(1, 87) coords=(15, 11) badges=8 party=5)

   [campaign]    [sanctity] bundle VALID (schema/encoding/truth/monotonic all clean)

   [campaign]    [roam] tick opened inside interior (1, 87)@(15, 11) with no battle since last tick — NOT a blackout; continuing (mid-route interior)

   [campaign]    [world] learned 4 warp(s) on (1, 87): (15, 9)->(1, 86), (32, 5)->(1, 86), (8, 17)->(1, 86), (9, 17)->(1, 86)

   [campaign]    [lap] 🦅 PROXIMITY UNSKIP 'articuno': standing on the hunt's own maps — honest-skip latch dropped (every visit; nothing outranks a legendary she is standing next to)

   [campaign]    [roam] 🎯 QUESTLINE OPENED: gate=story_npc/articuno → steps=['surf', 'articuno'] actionable=articuno (resolved=True)

   [kira-voice] ·floor· (<1s since last) T2 "Okay — to get past this I need Articuno — the ice legendary on the Seafoam Islands' bottom floor, past the boulder cascade. Ice/Flying at L50: Lance's dragons become a formality."

   [campaign]    [lap] 🏁 VICTORY LAP arms 'articuno' — the pre-E4 checklist owns the errand slot (order: earthquake → box_bench → moltres → articuno → eevee → zapdos → repack)

   [campaign]    [lap] checklist owes 'articuno' — victory_lap is the endgame action (head_to_league/enter_league held until the lap clears)

   [campaign]    [world] learned 4 warp(s) on (1, 87): (15, 9)->(1, 86), (32, 5)->(1, 86), (8, 17)->(1, 86), (9, 17)->(1, 86)

   [campaign] -- ROAM TICK 29/100000000 --

   [campaign]    [roam] STATE IN: Seafoam Islands (15, 11) | badges=8 (Boulder, Cascade, Thunder, Rainbow, Soul, Marsh, Volcano, Earth) | party=[blastoise L67, lapras L25, fearow L38, moltres L50, machop L34] | 8 badge(s) earned (Boulder, Cascade, Thunder, Rainbow, Soul, Marsh, Volcano, Earth). All 8 badges earned. Pokédex: 18 caught. All 8 badges — Victory Road and the Elite Four are next. This is the endgame.

   [campaign]    [roam] PROGRESS: RED (unchanged 28 ticks) | fp[(1, 87) (15,11) f1 -- badge8 $2198 party:4497 bag:1af5]

   [campaign]    [roam] OPTIONS OFFERED: ['victory_lap', 'talk_npc']

   [campaign]    [roam] !! MACRO RED: no progress 28 ticks — feeding awareness back to the oracle: "You keep trying to victory lap but the world hasn't changed in 28 turns - it went 'questline_abandoned', and you're completely stuck."

   [campaign]    [roam] !! REPEAT-NO-PROGRESS: 'victory_lap' repeated with a stuck fingerprint — nudging a different action

   [campaign]    [lap] !! FORCE VICTORY LAP — oracle SKIPPED (the checklist owns the endgame sequencing; the order is code, not mood)

   [campaign]    [roam] PICK OUT: victory_lap  <- her RECOVERY move (RED)

   [campaign]    [roam] RATIONALE: You're ready — stop grinding and push forward to the next objective. then on to the Elite Four

   [campaign]    [roam] questline STRIKE: 3 attempts exhausted for Seafoam Islands B4F (ARTICUNO — the legendary ice bird) — surfacing so recovery/other options carry her (not looping the strike)

   [campaign]    [roam] questline: no graph route (1, 87) -> anchor (3, 38) yet — falling through to dir/bend discovery

   [campaign]    [roam] questline STRIKE: 3 attempts exhausted for Seafoam Islands B4F (ARTICUNO — the legendary ice bird) — surfacing so recovery/other options carry her (not looping the strike)

   [campaign]    [roam] 🧭 QUESTLINE STEP: 'Articuno — the ice legendary on the Seafoam Islands' bottom floor, past the boulder cascade. Ice/Flying at L50: Lance's dragons become a formality' — heading SOUTH toward Seafoam Islands, bottom floor — descend the ladder chain from either Route 20 door; the bird waits across the (becalmed) B4F water (success=('flag', 'FLAG_FOUGHT_ARTICUNO'))

   [campaign]    [roam] questline: NOT arrived — (1, 87) is off-anchor ((3, 38) unreachable in the learned graph) with no local frontier; surfacing no-route

   [campaign]    [lap] 'articuno' questline step -> questline_no_route

   [campaign]    [roam] RESULT: victory_lap -> questline_no_route | pos (1, 87)(15, 11) -> (1, 87)(15, 11) (NO MOVEMENT)

   [campaign]    [roam] tick opened inside interior (1, 87)@(15, 11) with no battle since last tick — NOT a blackout; continuing (mid-route interior)

   [campaign]    [world] learned 4 warp(s) on (1, 87): (15, 9)->(1, 86), (32, 5)->(1, 86), (8, 17)->(1, 86), (9, 17)->(1, 86)

   [campaign]    [lap] checklist owes 'articuno' — victory_lap is the endgame action (head_to_league/enter_league held until the lap clears)

   [campaign]    [world] learned 4 warp(s) on (1, 87): (15, 9)->(1, 86), (32, 5)->(1, 86), (8, 17)->(1, 86), (9, 17)->(1, 86)

   [campaign] -- ROAM TICK 30/100000000 --

   [campaign]    [roam] STATE IN: Seafoam Islands (15, 11) | badges=8 (Boulder, Cascade, Thunder, Rainbow, Soul, Marsh, Volcano, Earth) | party=[blastoise L67, lapras L25, fearow L38, moltres L50, machop L34] | 8 badge(s) earned (Boulder, Cascade, Thunder, Rainbow, Soul, Marsh, Volcano, Earth). All 8 badges earned. Pokédex: 18 caught. All 8 badges — Victory Road and the Elite Four are next. This is the endgame.

   [campaign]    [roam] PROGRESS: RED (unchanged 29 ticks) | fp[(1, 87) (15,11) f1 -- badge8 $2198 party:4497 bag:1af5]

   [campaign]    [roam] OPTIONS OFFERED: ['victory_lap', 'talk_npc']

   [campaign]    [roam] !! MACRO RED: no progress 29 ticks — feeding awareness back to the oracle: "You keep trying to victory lap but the world hasn't changed in 29 turns - it went 'questline_no_route', and you're completely stuck."

   [campaign]    [roam] !! REPEAT-NO-PROGRESS: 'victory_lap' repeated with a stuck fingerprint — nudging a different action

   [campaign]    [lap] !! FORCE VICTORY LAP — oracle SKIPPED (the checklist owns the endgame sequencing; the order is code, not mood)

   [campaign]    [roam] PICK OUT: victory_lap  <- her RECOVERY move (RED)

   [campaign]    [roam] RATIONALE: You're ready — stop grinding and push forward to the next objective. then on to the Elite Four

   [campaign]    [roam] questline STRIKE: 3 attempts exhausted for Seafoam Islands B4F (ARTICUNO — the legendary ice bird) — surfacing so recovery/other options carry her (not looping the strike)

   [campaign]    [roam] questline: no graph route (1, 87) -> anchor (3, 38) yet — falling through to dir/bend discovery

   [campaign]    [roam] questline STRIKE: 3 attempts exhausted for Seafoam Islands B4F (ARTICUNO — the legendary ice bird) — surfacing so recovery/other options carry her (not looping the strike)

   [campaign]    [roam] 🧭 QUESTLINE STEP: 'Articuno — the ice legendary on the Seafoam Islands' bottom floor, past the boulder cascade. Ice/Flying at L50: Lance's dragons become a formality' — heading SOUTH toward Seafoam Islands, bottom floor — descend the ladder chain from either Route 20 door; the bird waits across the (becalmed) B4F water (success=('flag', 'FLAG_FOUGHT_ARTICUNO'))

   [campaign]    [roam] questline: NOT arrived — (1, 87) is off-anchor ((3, 38) unreachable in the learned graph) with no local frontier; surfacing no-route

   [campaign]    [lap] 'articuno' questline step -> questline_no_route

   [campaign]    [roam] RESULT: victory_lap -> questline_no_route | pos (1, 87)(15, 11) -> (1, 87)(15, 11) (NO MOVEMENT)

   [campaign]    ⛰️  CAMPAIGN SAVE [tick30] -> campaign/kira_campaign.state  (map=(1, 87) coords=(15, 11) badges=8 party=5)

   [campaign]    [sanctity] bundle VALID (schema/encoding/truth/monotonic all clean)

   [campaign]    [roam] tick opened inside interior (1, 87)@(15, 11) with no battle since last tick — NOT a blackout; continuing (mid-route interior)

   [campaign]    [world] learned 4 warp(s) on (1, 87): (15, 9)->(1, 86), (32, 5)->(1, 86), (8, 17)->(1, 86), (9, 17)->(1, 86)

   [campaign]    [lap] checklist owes 'articuno' — victory_lap is the endgame action (head_to_league/enter_league held until the lap clears)

   [campaign]    [world] learned 4 warp(s) on (1, 87): (15, 9)->(1, 86), (32, 5)->(1, 86), (8, 17)->(1, 86), (9, 17)->(1, 86)

   [campaign] -- ROAM TICK 31/100000000 --

   [campaign]    [roam] STATE IN: Seafoam Islands (15, 11) | badges=8 (Boulder, Cascade, Thunder, Rainbow, Soul, Marsh, Volcano, Earth) | party=[blastoise L67, lapras L25, fearow L38, moltres L50, machop L34] | 8 badge(s) earned (Boulder, Cascade, Thunder, Rainbow, Soul, Marsh, Volcano, Earth). All 8 badges earned. Pokédex: 18 caught. All 8 badges — Victory Road and the Elite Four are next. This is the endgame.

   [campaign]    [roam] PROGRESS: RED (unchanged 30 ticks) | fp[(1, 87) (15,11) f1 -- badge8 $2198 party:4497 bag:1af5]

   [campaign]    [roam] OPTIONS OFFERED: ['victory_lap', 'talk_npc']

   [campaign]    [soul] surface_want FIRE -> Seafoam Islands

   [campaign]    [soul] ORACLE decision: kind=want ctx={'place': "You're in Seafoam Islands — underground in a real cave — rock, gloom, echoes.. ALREADY BESIDE YOU — your current team: blastoise (L67), lapras (L25), fearow (L38), moltres (L50), machop (L34). A want is something you DON'T yet have; never wish for a teammate who's already on your team.", 'map': (1, 87), 'badges': ['Boulder', 'Cascade', 'Thunder', 'Rainbow', 'Soul', 'Marsh', 'Volcano', 'Earth'], 'progress': '8 badge(s) earned (Boulder, Cascade, Thunder, Rainbow, Soul, Marsh, Volcano, Earth). All 8 badges earned. Pokédex: 18 caught. All 8 badges — Victory Road and the Elite Four are next. This is the endgame.', 'party': 'blastoise (L67), lapras (L25), fearow (L38), moltres (L50), machop (L34)', 'goal': {'short': "You're ready — stop grinding and push forward to the next objective", 'medium': "FIRST Articuno — the ice legendary on the Seafoam Islands' bottom floor, past the boulder cascade. Ice/Flying at L50: Lance's dragons become a formality — the gym comes right after; that errand is the road", 'long': 'Take on the Elite Four'}} options=['eevee', 'fossil', 'starters', 'rare', 'legendaries']

   [kira-voice] ORACLE kind=want options=['eevee', 'fossil', 'starters', 'rare', 'legendaries'] -> pick='Articuno'

   [campaign]    [soul] ORACLE pick -> 'Articuno'

   [campaign]    [roam] !! MACRO RED: no progress 30 ticks — feeding awareness back to the oracle: "You keep trying to victory lap but the world hasn't changed in 30 turns - it went 'questline_no_route', and you're completely stuck."

   [campaign]    [roam] !! REPEAT-NO-PROGRESS: 'victory_lap' repeated with a stuck fingerprint — nudging a different action

   [campaign]    [lap] !! FORCE VICTORY LAP — oracle SKIPPED (the checklist owns the endgame sequencing; the order is code, not mood)

   [campaign]    [roam] PICK OUT: victory_lap  <- her RECOVERY move (RED)

   [campaign]    [roam] RATIONALE: You're ready — stop grinding and push forward to the next objective. then on to the Elite Four

   [campaign]    [roam] questline STRIKE: 3 attempts exhausted for Seafoam Islands B4F (ARTICUNO — the legendary ice bird) — surfacing so recovery/other options carry her (not looping the strike)

   [campaign]    [roam] questline: no graph route (1, 87) -> anchor (3, 38) yet — falling through to dir/bend discovery

   [campaign]    [roam] questline STRIKE: 3 attempts exhausted for Seafoam Islands B4F (ARTICUNO — the legendary ice bird) — surfacing so recovery/other options carry her (not looping the strike)

   [campaign]    [roam] 🧭 QUESTLINE STEP: 'Articuno — the ice legendary on the Seafoam Islands' bottom floor, past the boulder cascade. Ice/Flying at L50: Lance's dragons become a formality' — heading SOUTH toward Seafoam Islands, bottom floor — descend the ladder chain from either Route 20 door; the bird waits across the (becalmed) B4F water (success=('flag', 'FLAG_FOUGHT_ARTICUNO'))

   [campaign]    [roam] questline: NOT arrived — (1, 87) is off-anchor ((3, 38) unreachable in the learned graph) with no local frontier; surfacing no-route

   [campaign]    [lap] 'articuno' questline step -> questline_no_route

   [campaign]    [roam] RESULT: victory_lap -> questline_no_route | pos (1, 87)(15, 11) -> (1, 87)(15, 11) (NO MOVEMENT)

   [campaign]    [roam] tick opened inside interior (1, 87)@(15, 11) with no battle since last tick — NOT a blackout; continuing (mid-route interior)

   [campaign]    [world] learned 4 warp(s) on (1, 87): (15, 9)->(1, 86), (32, 5)->(1, 86), (8, 17)->(1, 86), (9, 17)->(1, 86)

   [campaign]    [lap] checklist owes 'articuno' — victory_lap is the endgame action (head_to_league/enter_league held until the lap clears)

   [campaign]    [world] learned 4 warp(s) on (1, 87): (15, 9)->(1, 86), (32, 5)->(1, 86), (8, 17)->(1, 86), (9, 17)->(1, 86)

   [campaign] -- ROAM TICK 32/100000000 --

   [campaign]    [roam] STATE IN: Seafoam Islands (15, 11) | badges=8 (Boulder, Cascade, Thunder, Rainbow, Soul, Marsh, Volcano, Earth) | party=[blastoise L67, lapras L25, fearow L38, moltres L50, machop L34] | 8 badge(s) earned (Boulder, Cascade, Thunder, Rainbow, Soul, Marsh, Volcano, Earth). All 8 badges earned. Pokédex: 18 caught. All 8 badges — Victory Road and the Elite Four are next. This is the endgame.

   [campaign]    [roam] PROGRESS: RED (unchanged 31 ticks) | fp[(1, 87) (15,11) f1 -- badge8 $2198 party:4497 bag:1af5]

   [campaign]    [roam] deep-wedge ring EXHAUSTED (0 reverts, 0 same-region of 0 banked) — no clean checkpoint left to fall back to; trying the same-region disk banks

   [campaign]    [roam] !!!! REGION-LOCAL RELOAD: same-region (kanto) auto-checkpoint '20260807_115145_seafoam-islands_8b_35h51m_roam-start' loaded (map (1, 87), skip depth 1) — recovery stays on this side of the sea (LOUD)

   [campaign]    [roam] strike memory reset (region-local reload): 1 errand try-counter(s) cleared — the reloaded world gets fresh strike attempts

   [kira-voice] -> T2·savor· (recover) "something glitched me out — backing up a little, but I'm staying right here on this island and pushing on."  fired=True  [age 0.0s + post 3ms]

   [campaign]    ⛰️  CAMPAIGN SAVE [post_region_reload] -> campaign/kira_campaign.state  (map=(1, 87) coords=(15, 11) badges=8 party=5)

   [campaign]    ⛰️  CAMPAIGN SAVE [tick32] -> campaign/kira_campaign.state  (map=(1, 87) coords=(15, 11) badges=8 party=5)

   [campaign]    [sanctity] bundle VALID (schema/encoding/truth/monotonic all clean)

   [campaign]    [roam] tick opened inside interior (1, 87)@(15, 11) with no battle since last tick — NOT a blackout; continuing (mid-route interior)

   [campaign]    [world] learned 4 warp(s) on (1, 87): (15, 9)->(1, 86), (32, 5)->(1, 86), (8, 17)->(1, 86), (9, 17)->(1, 86)

   [campaign]    [lap] checklist owes 'articuno' — victory_lap is the endgame action (head_to_league/enter_league held until the lap clears)

   [campaign]    [world] learned 4 warp(s) on (1, 87): (15, 9)->(1, 86), (32, 5)->(1, 86), (8, 17)->(1, 86), (9, 17)->(1, 86)

   [campaign] -- ROAM TICK 33/100000000 --

   [campaign]    [roam] STATE IN: Seafoam Islands (15, 11) | badges=8 (Boulder, Cascade, Thunder, Rainbow, Soul, Marsh, Volcano, Earth) | party=[blastoise L67, lapras L25, fearow L38, moltres L50, machop L34] | 8 badge(s) earned (Boulder, Cascade, Thunder, Rainbow, Soul, Marsh, Volcano, Earth). All 8 badges earned. Pokédex: 18 caught. All 8 badges — Victory Road and the Elite Four are next. This is the endgame.

   [campaign]    [roam] PROGRESS: RED (unchanged 32 ticks) | fp[(1, 87) (15,11) f1 -- badge8 $2198 party:4497 bag:1af5]

   [campaign]    [roam] OPTIONS OFFERED: ['victory_lap', 'talk_npc']

   [campaign]    [roam] !! MACRO RED: no progress 32 ticks — feeding awareness back to the oracle: "You keep trying to victory lap but the world hasn't changed in 32 turns - it went 'questline_no_route', and you're completely stuck."

   [campaign]    [roam] !! REPEAT-NO-PROGRESS: 'victory_lap' repeated with a stuck fingerprint — nudging a different action

   [campaign]    [lap] !! FORCE VICTORY LAP — oracle SKIPPED (the checklist owns the endgame sequencing; the order is code, not mood)

   [campaign]    [roam] PICK OUT: victory_lap  <- her RECOVERY move (RED)

   [campaign]    [roam] RATIONALE: You're ready — stop grinding and push forward to the next objective. then on to the Elite Four

   [campaign]    [roam] 🎯 QUESTLINE STRIKE: Seafoam Islands B4F (ARTICUNO — the legendary ice bird) — attempt 1/3 from (1, 87)

   [campaign]    [hunt] Ultra pocket check — 29 Ultras (floor 20, target 50, wired=False, done=False, fails=0)

   [campaign]    [hunt] Ultra war-chest not wired on this hunt — no ferry (LOUD)

   [campaign]    [hunt] CHIP-PP AUDIT — slot0 L67 hp 200/205 dmgPP 58 safePP 0 (Bite:23, Skull Bash:15, Surf:14, Earthquake:6); slot1 L25 hp 106/106 dmgPP 30 safePP 30 (Strength:15, Body Slam:15, Confuse Ray:10, Perish Song:5); slot2 L38 hp 104/104 dmgPP 40 safePP 40 (Leer:30, Fury Attack:20, 228:20, Mirror Move:20); slot3 L50 hp 150/150 dmgPP 30 safePP 15 (83:15, Agility:30, 203:10, 53:15); slot4 L34 hp 101/101 dmgPP 40 safePP 40 (69:20, 193:40, 279:10, 233:10) | ace slot0 safe 0, party safe 125 (vs Articuno ice/flying L50)

   [campaign]    [hunt] !! chip PP THIN (ace 0 safe swing(s), party 125; mins 5/8) and no Center leg is wired for articuno — engaging in LADDER MODE (bench chipper carries the chip) (LOUD)

   [campaign]    [hunt] Ultra pocket check — 29 Ultras (floor 20, target 50, wired=False, done=False, fails=0)

   [campaign]    [hunt] Ultra war-chest not wired on this hunt — no ferry (LOUD)

   [campaign]    [hunt] CHIP-PP AUDIT — slot0 L67 hp 200/205 dmgPP 58 safePP 0 (Bite:23, Skull Bash:15, Surf:14, Earthquake:6); slot1 L25 hp 106/106 dmgPP 30 safePP 30 (Strength:15, Body Slam:15, Confuse Ray:10, Perish Song:5); slot2 L38 hp 104/104 dmgPP 40 safePP 40 (Leer:30, Fury Attack:20, 228:20, Mirror Move:20); slot3 L50 hp 150/150 dmgPP 30 safePP 15 (83:15, Agility:30, 203:10, 53:15); slot4 L34 hp 101/101 dmgPP 40 safePP 40 (69:20, 193:40, 279:10, 233:10) | ace slot0 safe 0, party safe 125 (vs Articuno ice/flying L50)

   [campaign]    [hunt] !! SKIPPING pre-articuno bank — ace safe chip PP is 0 (would poison soft-reload) (LOUD)

   [kira-voice] -> T3·BIG· (legendary) 'there it is. Articuno. okay — deep breath, balls ready. we are NOT blowing this.'  fired=True  [age 0.0s + post 4ms]

   [campaign]    [quarry-approach] replan at (15, 11) (len 0, budget 9)

   [campaign]    [quarry-approach] no path from (15, 11)

   [campaign]    [roam] 🎯 QUESTLINE STRIKE -> failed (now (1, 87)@(15, 11))

   [campaign]    [lap] 'articuno' questline step -> questline_strike_failed

   [campaign]    [lap] 'articuno' dispatch failed (questline_strike_failed) — bounded attempt 16/6

   [campaign]    [lap] ⏭️ HONEST SKIP 'articuno': 16 bounded dispatch attempts spent (last: questline_strike_failed) — the lap moves on (never an infinite park)

   [kira-voice] ·floor· (<1s since last) T2 "calling it on the articuno side quest — 16 bounded dispatch attempts spent (last: questline_strike_failed). the League won't wait forever."

   [campaign]    [roam] RESULT: victory_lap -> questline_strike_failed | pos (1, 87)(15, 11) -> (1, 87)(15, 11) (NO MOVEMENT)

   [campaign]    [roam] tick opened inside interior (1, 87)@(15, 11) with no battle since last tick — NOT a blackout; continuing (mid-route interior)

   [campaign]    [world] learned 4 warp(s) on (1, 87): (15, 9)->(1, 86), (32, 5)->(1, 86), (8, 17)->(1, 86), (9, 17)->(1, 86)

   [campaign]    [lap] 🦅 PROXIMITY UNSKIP 'articuno': standing on the hunt's own maps — honest-skip latch dropped (every visit; nothing outranks a legendary she is standing next to)

   [campaign]    [lap] checklist owes 'articuno' — victory_lap is the endgame action (head_to_league/enter_league held until the lap clears)

   [campaign]    [world] learned 4 warp(s) on (1, 87): (15, 9)->(1, 86), (32, 5)->(1, 86), (8, 17)->(1, 86), (9, 17)->(1, 86)

   [campaign] -- ROAM TICK 34/100000000 --

   [campaign]    [roam] STATE IN: Seafoam Islands (15, 11) | badges=8 (Boulder, Cascade, Thunder, Rainbow, Soul, Marsh, Volcano, Earth) | party=[blastoise L67, lapras L25, fearow L38, moltres L50, machop L34] | 8 badge(s) earned (Boulder, Cascade, Thunder, Rainbow, Soul, Marsh, Volcano, Earth). All 8 badges earned. Pokédex: 18 caught. All 8 badges — Victory Road and the Elite Four are next. This is the endgame.

   [campaign]    [roam] PROGRESS: RED (unchanged 33 ticks) | fp[(1, 87) (15,11) f1 -- badge8 $2198 party:4497 bag:1af5]

   [campaign]    [roam] OPTIONS OFFERED: ['victory_lap', 'talk_npc']

   [campaign]    [soul] surface_want FIRE -> Seafoam Islands

   [campaign]    [soul] ORACLE decision: kind=want ctx={'place': "You're in Seafoam Islands — underground in a real cave — rock, gloom, echoes.. ALREADY BESIDE YOU — your current team: blastoise (L67), lapras (L25), fearow (L38), moltres (L50), machop (L34). A want is something you DON'T yet have; never wish for a teammate who's already on your team.", 'map': (1, 87), 'badges': ['Boulder', 'Cascade', 'Thunder', 'Rainbow', 'Soul', 'Marsh', 'Volcano', 'Earth'], 'progress': '8 badge(s) earned (Boulder, Cascade, Thunder, Rainbow, Soul, Marsh, Volcano, Earth). All 8 badges earned. Pokédex: 18 caught. All 8 badges — Victory Road and the Elite Four are next. This is the endgame.', 'party': 'blastoise (L67), lapras (L25), fearow (L38), moltres (L50), machop (L34)', 'goal': {'short': "You're ready — stop grinding and push forward to the next objective", 'medium': "FIRST Articuno — the ice legendary on the Seafoam Islands' bottom floor, past the boulder cascade. Ice/Flying at L50: Lance's dragons become a formality — the gym comes right after; that errand is the road", 'long': 'Take on the Elite Four'}} options=['eevee', 'fossil', 'starters', 'rare', 'legendaries']

   [kira-voice] ORACLE kind=want options=['eevee', 'fossil', 'starters', 'rare', 'legendaries'] -> pick='catch Articuno'

   [campaign]    [soul] ORACLE pick -> 'catch Articuno'

   [campaign]    [roam] !! MACRO RED: no progress 33 ticks — feeding awareness back to the oracle: "You keep trying to victory lap but the world hasn't changed in 33 turns - it went 'questline_strike_failed', and you're completely stuck."

   [campaign]    [roam] !! REPEAT-NO-PROGRESS: 'victory_lap' repeated with a stuck fingerprint — nudging a different action

   [campaign]    [lap] !! FORCE VICTORY LAP — oracle SKIPPED (the checklist owns the endgame sequencing; the order is code, not mood)

   [campaign]    [roam] PICK OUT: victory_lap  <- her RECOVERY move (RED)

   [campaign]    [roam] RATIONALE: You're ready — stop grinding and push forward to the next objective. then on to the Elite Four

   [campaign]    [roam] 🎯 QUESTLINE STRIKE: Seafoam Islands B4F (ARTICUNO — the legendary ice bird) — attempt 2/3 from (1, 87)

   [campaign]    [hunt] Ultra pocket check — 29 Ultras (floor 20, target 50, wired=False, done=False, fails=0)

   [campaign]    [hunt] Ultra war-chest not wired on this hunt — no ferry (LOUD)

   [campaign]    [hunt] CHIP-PP AUDIT — slot0 L67 hp 200/205 dmgPP 58 safePP 0 (Bite:23, Skull Bash:15, Surf:14, Earthquake:6); slot1 L25 hp 106/106 dmgPP 30 safePP 30 (Strength:15, Body Slam:15, Confuse Ray:10, Perish Song:5); slot2 L38 hp 104/104 dmgPP 40 safePP 40 (Leer:30, Fury Attack:20, 228:20, Mirror Move:20); slot3 L50 hp 150/150 dmgPP 30 safePP 15 (83:15, Agility:30, 203:10, 53:15); slot4 L34 hp 101/101 dmgPP 40 safePP 40 (69:20, 193:40, 279:10, 233:10) | ace slot0 safe 0, party safe 125 (vs Articuno ice/flying L50)

   [kira-voice] -> T2·savor· (want) 'catch Articuno'  fired=True  [age 0.0s + post 8ms]

   [campaign]    [hunt] !! chip PP THIN (ace 0 safe swing(s), party 125; mins 5/8) and no Center leg is wired for articuno — engaging in LADDER MODE (bench chipper carries the chip) (LOUD)

   [campaign]    [hunt] Ultra pocket check — 29 Ultras (floor 20, target 50, wired=False, done=False, fails=0)

   [campaign]    [hunt] Ultra war-chest not wired on this hunt — no ferry (LOUD)

   [campaign]    [hunt] CHIP-PP AUDIT — slot0 L67 hp 200/205 dmgPP 58 safePP 0 (Bite:23, Skull Bash:15, Surf:14, Earthquake:6); slot1 L25 hp 106/106 dmgPP 30 safePP 30 (Strength:15, Body Slam:15, Confuse Ray:10, Perish Song:5); slot2 L38 hp 104/104 dmgPP 40 safePP 40 (Leer:30, Fury Attack:20, 228:20, Mirror Move:20); slot3 L50 hp 150/150 dmgPP 30 safePP 15 (83:15, Agility:30, 203:10, 53:15); slot4 L34 hp 101/101 dmgPP 40 safePP 40 (69:20, 193:40, 279:10, 233:10) | ace slot0 safe 0, party safe 125 (vs Articuno ice/flying L50)

   [campaign]    [hunt] !! SKIPPING pre-articuno bank — ace safe chip PP is 0 (would poison soft-reload) (LOUD)

   [campaign]    [quarry-approach] replan at (15, 11) (len 0, budget 9)

   [campaign]    [quarry-approach] no path from (15, 11)

   [kira-voice] -> T3·BIG· (legendary) 'there it is. Articuno. okay — deep breath, balls ready. we are NOT blowing this.'  fired=True  [age 0.0s + post 21ms]

   [campaign]    [roam] 🎯 QUESTLINE STRIKE -> failed (now (1, 87)@(15, 11))

   [campaign]    [lap] 'articuno' questline step -> questline_strike_failed

   [campaign]    [lap] 'articuno' dispatch failed (questline_strike_failed) — bounded attempt 17/6

   [campaign]    [lap] ⏭️ HONEST SKIP 'articuno': 17 bounded dispatch attempts spent (last: questline_strike_failed) — the lap moves on (never an infinite park)

   [kira-voice] ·floor· (<1s since last) T2 "calling it on the articuno side quest — 17 bounded dispatch attempts spent (last: questline_strike_failed). the League won't wait forever."

   [campaign]    [roam] RESULT: victory_lap -> questline_strike_failed | pos (1, 87)(15, 11) -> (1, 87)(15, 11) (NO MOVEMENT)

   [campaign]    ⛰️  CAMPAIGN SAVE [tick34] -> campaign/kira_campaign.state  (map=(1, 87) coords=(15, 11) badges=8 party=5)

   [campaign]    [sanctity] bundle VALID (schema/encoding/truth/monotonic all clean)

   [campaign]    [roam] tick opened inside interior (1, 87)@(15, 11) with no battle since last tick — NOT a blackout; continuing (mid-route interior)

   [campaign]    [world] learned 4 warp(s) on (1, 87): (15, 9)->(1, 86), (32, 5)->(1, 86), (8, 17)->(1, 86), (9, 17)->(1, 86)

   [campaign]    [lap] 🦅 PROXIMITY UNSKIP 'articuno': standing on the hunt's own maps — honest-skip latch dropped (every visit; nothing outranks a legendary she is standing next to)

   [campaign]    [lap] checklist owes 'articuno' — victory_lap is the endgame action (head_to_league/enter_league held until the lap clears)

   [campaign]    [world] learned 4 warp(s) on (1, 87): (15, 9)->(1, 86), (32, 5)->(1, 86), (8, 17)->(1, 86), (9, 17)->(1, 86)

   [campaign] -- ROAM TICK 35/100000000 --

   [campaign]    [roam] STATE IN: Seafoam Islands (15, 11) | badges=8 (Boulder, Cascade, Thunder, Rainbow, Soul, Marsh, Volcano, Earth) | party=[blastoise L67, lapras L25, fearow L38, moltres L50, machop L34] | 8 badge(s) earned (Boulder, Cascade, Thunder, Rainbow, Soul, Marsh, Volcano, Earth). All 8 badges earned. Pokédex: 18 caught. All 8 badges — Victory Road and the Elite Four are next. This is the endgame.

   [campaign]    [roam] PROGRESS: RED (unchanged 34 ticks) | fp[(1, 87) (15,11) f1 -- badge8 $2198 party:4497 bag:1af5]

   [campaign]    [roam] OPTIONS OFFERED: ['victory_lap', 'talk_npc']

   [campaign]    [roam] !! MACRO RED: no progress 34 ticks — feeding awareness back to the oracle: "You keep trying to victory lap but the world hasn't changed in 34 turns - it went 'questline_strike_failed', and you're completely stuck."

   [campaign]    [roam] !! REPEAT-NO-PROGRESS: 'victory_lap' repeated with a stuck fingerprint — nudging a different action

   [campaign]    [lap] !! FORCE VICTORY LAP — oracle SKIPPED (the checklist owns the endgame sequencing; the order is code, not mood)

   [campaign]    [roam] PICK OUT: victory_lap  <- her RECOVERY move (RED)

   [campaign]    [roam] RATIONALE: You're ready — stop grinding and push forward to the next objective. then on to the Elite Four

   [campaign]    [roam] !! QUESTLINE NO-PROGRESS ×5 (articuno) — abandoning the errand; re-recognizing fresh

   [kira-voice] ·floor· (<1s since last) T1 "hm — this plan's going nowhere from here. let me rethink."

   [campaign]    [roam] questline cleared (no-progress abandon)

   [campaign]    [lap] 'articuno' questline step -> questline_abandoned

   [campaign]    [lap] 'articuno' dispatch failed (questline_abandoned) — bounded attempt 18/6

   [campaign]    [lap] ⏭️ HONEST SKIP 'articuno': 18 bounded dispatch attempts spent (last: questline_abandoned) — the lap moves on (never an infinite park)

   [kira-voice] ·floor· (<1s since last) T2 "calling it on the articuno side quest — 18 bounded dispatch attempts spent (last: questline_abandoned). the League won't wait forever."

   [campaign]    [roam] RESULT: victory_lap -> questline_abandoned | pos (1, 87)(15, 11) -> (1, 87)(15, 11) (NO MOVEMENT)

   [campaign]    [roam] tick opened inside interior (1, 87)@(15, 11) with no battle since last tick — NOT a blackout; continuing (mid-route interior)

   [campaign]    [world] learned 4 warp(s) on (1, 87): (15, 9)->(1, 86), (32, 5)->(1, 86), (8, 17)->(1, 86), (9, 17)->(1, 86)

   [campaign]    [lap] 🦅 PROXIMITY UNSKIP 'articuno': standing on the hunt's own maps — honest-skip latch dropped (every visit; nothing outranks a legendary she is standing next to)

   [campaign]    [roam] 🎯 QUESTLINE OPENED: gate=story_npc/articuno → steps=['surf', 'articuno'] actionable=articuno (resolved=True)

   [kira-voice] ·floor· (<1s since last) T2 "Okay — to get past this I need Articuno — the ice legendary on the Seafoam Islands' bottom floor, past the boulder cascade. Ice/Flying at L50: Lance's dragons become a formality."

   [campaign]    [lap] 🏁 VICTORY LAP arms 'articuno' — the pre-E4 checklist owns the errand slot (order: earthquake → box_bench → moltres → articuno → eevee → zapdos → repack)

   [campaign]    [lap] checklist owes 'articuno' — victory_lap is the endgame action (head_to_league/enter_league held until the lap clears)

   [campaign]    [world] learned 4 warp(s) on (1, 87): (15, 9)->(1, 86), (32, 5)->(1, 86), (8, 17)->(1, 86), (9, 17)->(1, 86)

   [campaign] -- ROAM TICK 36/100000000 --

   [campaign]    [roam] STATE IN: Seafoam Islands (15, 11) | badges=8 (Boulder, Cascade, Thunder, Rainbow, Soul, Marsh, Volcano, Earth) | party=[blastoise L67, lapras L25, fearow L38, moltres L50, machop L34] | 8 badge(s) earned (Boulder, Cascade, Thunder, Rainbow, Soul, Marsh, Volcano, Earth). All 8 badges earned. Pokédex: 18 caught. All 8 badges — Victory Road and the Elite Four are next. This is the endgame.

   [campaign]    [roam] PROGRESS: RED (unchanged 35 ticks) | fp[(1, 87) (15,11) f1 -- badge8 $2198 party:4497 bag:1af5]

   [campaign]    [roam] OPTIONS OFFERED: ['victory_lap', 'talk_npc']

   [campaign]    [roam] !! MACRO RED: no progress 35 ticks — feeding awareness back to the oracle: "You keep trying to victory lap but the world hasn't changed in 35 turns - it went 'questline_abandoned', and you're completely stuck."

   [campaign]    [roam] !! REPEAT-NO-PROGRESS: 'victory_lap' repeated with a stuck fingerprint — nudging a different action

   [campaign]    [lap] !! FORCE VICTORY LAP — oracle SKIPPED (the checklist owns the endgame sequencing; the order is code, not mood)

   [campaign]    [roam] PICK OUT: victory_lap  <- her RECOVERY move (RED)

   [campaign]    [roam] RATIONALE: You're ready — stop grinding and push forward to the next objective. then on to the Elite Four

   [campaign]    [roam] 🎯 QUESTLINE STRIKE: Seafoam Islands B4F (ARTICUNO — the legendary ice bird) — attempt 3/3 from (1, 87)

   [campaign]    [hunt] Ultra pocket check — 29 Ultras (floor 20, target 50, wired=False, done=False, fails=0)

   [campaign]    [hunt] Ultra war-chest not wired on this hunt — no ferry (LOUD)

   [campaign]    [hunt] CHIP-PP AUDIT — slot0 L67 hp 200/205 dmgPP 58 safePP 0 (Bite:23, Skull Bash:15, Surf:14, Earthquake:6); slot1 L25 hp 106/106 dmgPP 30 safePP 30 (Strength:15, Body Slam:15, Confuse Ray:10, Perish Song:5); slot2 L38 hp 104/104 dmgPP 40 safePP 40 (Leer:30, Fury Attack:20, 228:20, Mirror Move:20); slot3 L50 hp 150/150 dmgPP 30 safePP 15 (83:15, Agility:30, 203:10, 53:15); slot4 L34 hp 101/101 dmgPP 40 safePP 40 (69:20, 193:40, 279:10, 233:10) | ace slot0 safe 0, party safe 125 (vs Articuno ice/flying L50)

   [campaign]    [hunt] !! chip PP THIN (ace 0 safe swing(s), party 125; mins 5/8) and no Center leg is wired for articuno — engaging in LADDER MODE (bench chipper carries the chip) (LOUD)

   [campaign]    [hunt] Ultra pocket check — 29 Ultras (floor 20, target 50, wired=False, done=False, fails=0)

   [campaign]    [hunt] Ultra war-chest not wired on this hunt — no ferry (LOUD)

   [campaign]    [hunt] CHIP-PP AUDIT — slot0 L67 hp 200/205 dmgPP 58 safePP 0 (Bite:23, Skull Bash:15, Surf:14, Earthquake:6); slot1 L25 hp 106/106 dmgPP 30 safePP 30 (Strength:15, Body Slam:15, Confuse Ray:10, Perish Song:5); slot2 L38 hp 104/104 dmgPP 40 safePP 40 (Leer:30, Fury Attack:20, 228:20, Mirror Move:20); slot3 L50 hp 150/150 dmgPP 30 safePP 15 (83:15, Agility:30, 203:10, 53:15); slot4 L34 hp 101/101 dmgPP 40 safePP 40 (69:20, 193:40, 279:10, 233:10) | ace slot0 safe 0, party safe 125 (vs Articuno ice/flying L50)

   [campaign]    [hunt] !! SKIPPING pre-articuno bank — ace safe chip PP is 0 (would poison soft-reload) (LOUD)

   [campaign]    [quarry-approach] replan at (15, 11) (len 0, budget 9)

   [campaign]    [quarry-approach] no path from (15, 11)

   [campaign]    [roam] 🎯 QUESTLINE STRIKE -> failed (now (1, 87)@(15, 11))

   [campaign]    [lap] 'articuno' questline step -> questline_strike_failed

   [campaign]    [lap] 'articuno' dispatch failed (questline_strike_failed) — bounded attempt 19/6

   [campaign]    [lap] ⏭️ HONEST SKIP 'articuno': 19 bounded dispatch attempts spent (last: questline_strike_failed) — the lap moves on (never an infinite park)

   [kira-voice] ·floor· (<1s since last) T2 "calling it on the articuno side quest — 19 bounded dispatch attempts spent (last: questline_strike_failed). the League won't wait forever."

   [campaign]    [roam] RESULT: victory_lap -> questline_strike_failed | pos (1, 87)(15, 11) -> (1, 87)(15, 11) (NO MOVEMENT)

   [campaign]    ⛰️  CAMPAIGN SAVE [tick36] -> campaign/kira_campaign.state  (map=(1, 87) coords=(15, 11) badges=8 party=5)

   [campaign]    [sanctity] bundle VALID (schema/encoding/truth/monotonic all clean)

   [campaign]    [roam] tick opened inside interior (1, 87)@(15, 11) with no battle since last tick — NOT a blackout; continuing (mid-route interior)

   [campaign]    [world] learned 4 warp(s) on (1, 87): (15, 9)->(1, 86), (32, 5)->(1, 86), (8, 17)->(1, 86), (9, 17)->(1, 86)

   [campaign]    [lap] 🦅 PROXIMITY UNSKIP 'articuno': standing on the hunt's own maps — honest-skip latch dropped (every visit; nothing outranks a legendary she is standing next to)

   [campaign]    [lap] checklist owes 'articuno' — victory_lap is the endgame action (head_to_league/enter_league held until the lap clears)

   [campaign]    [world] learned 4 warp(s) on (1, 87): (15, 9)->(1, 86), (32, 5)->(1, 86), (8, 17)->(1, 86), (9, 17)->(1, 86)

   [campaign] -- ROAM TICK 37/100000000 --

   [campaign]    [roam] STATE IN: Seafoam Islands (15, 11) | badges=8 (Boulder, Cascade, Thunder, Rainbow, Soul, Marsh, Volcano, Earth) | party=[blastoise L67, lapras L25, fearow L38, moltres L50, machop L34] | 8 badge(s) earned (Boulder, Cascade, Thunder, Rainbow, Soul, Marsh, Volcano, Earth). All 8 badges earned. Pokédex: 18 caught. All 8 badges — Victory Road and the Elite Four are next. This is the endgame.

   [campaign]    [roam] PROGRESS: RED (unchanged 36 ticks) | fp[(1, 87) (15,11) f1 -- badge8 $2198 party:4497 bag:1af5]

   [campaign]    [roam] OPTIONS OFFERED: ['victory_lap', 'talk_npc']

   [campaign]    [soul] surface_want FIRE -> Seafoam Islands

   [campaign]    [soul] ORACLE decision: kind=want ctx={'place': "You're in Seafoam Islands — underground in a real cave — rock, gloom, echoes.. ALREADY BESIDE YOU — your current team: blastoise (L67), lapras (L25), fearow (L38), moltres (L50), machop (L34). A want is something you DON'T yet have; never wish for a teammate who's already on your team.", 'map': (1, 87), 'badges': ['Boulder', 'Cascade', 'Thunder', 'Rainbow', 'Soul', 'Marsh', 'Volcano', 'Earth'], 'progress': '8 badge(s) earned (Boulder, Cascade, Thunder, Rainbow, Soul, Marsh, Volcano, Earth). All 8 badges earned. Pokédex: 18 caught. All 8 badges — Victory Road and the Elite Four are next. This is the endgame.', 'party': 'blastoise (L67), lapras (L25), fearow (L38), moltres (L50), machop (L34)', 'goal': {'short': "You're ready — stop grinding and push forward to the next objective", 'medium': "FIRST Articuno — the ice legendary on the Seafoam Islands' bottom floor, past the boulder cascade. Ice/Flying at L50: Lance's dragons become a formality — the gym comes right after; that errand is the road", 'long': 'Take on the Elite Four'}} options=['eevee', 'fossil', 'starters', 'rare', 'legendaries']

   [kira-voice] ORACLE kind=want options=['eevee', 'fossil', 'starters', 'rare', 'legendaries'] -> pick='Articuno'

   [campaign]    [soul] ORACLE pick -> 'Articuno'

   [campaign]    [roam] !! MACRO RED: no progress 36 ticks — feeding awareness back to the oracle: "You keep trying to victory lap but the world hasn't changed in 36 turns - it went 'questline_strike_failed', and you're completely stuck."

   [campaign]    [roam] !! REPEAT-NO-PROGRESS: 'victory_lap' repeated with a stuck fingerprint — nudging a different action

   [campaign]    [lap] !! FORCE VICTORY LAP — oracle SKIPPED (the checklist owns the endgame sequencing; the order is code, not mood)

   [campaign]    [roam] PICK OUT: victory_lap  <- her RECOVERY move (RED)

   [campaign]    [roam] RATIONALE: You're ready — stop grinding and push forward to the next objective. then on to the Elite Four

   [campaign]    [roam] questline STRIKE: 3 attempts exhausted for Seafoam Islands B4F (ARTICUNO — the legendary ice bird) — surfacing so recovery/other options carry her (not looping the strike)

   [campaign]    [roam] questline: no graph route (1, 87) -> anchor (3, 38) yet — falling through to dir/bend discovery

   [campaign]    [roam] questline STRIKE: 3 attempts exhausted for Seafoam Islands B4F (ARTICUNO — the legendary ice bird) — surfacing so recovery/other options carry her (not looping the strike)

   [campaign]    [roam] 🧭 QUESTLINE STEP: 'Articuno — the ice legendary on the Seafoam Islands' bottom floor, past the boulder cascade. Ice/Flying at L50: Lance's dragons become a formality' — heading SOUTH toward Seafoam Islands, bottom floor — descend the ladder chain from either Route 20 door; the bird waits across the (becalmed) B4F water (success=('flag', 'FLAG_FOUGHT_ARTICUNO'))

   [campaign]    [roam] questline: NOT arrived — (1, 87) is off-anchor ((3, 38) unreachable in the learned graph) with no local frontier; surfacing no-route

   [campaign]    [lap] 'articuno' questline step -> questline_no_route

   [campaign]    [roam] RESULT: victory_lap -> questline_no_route | pos (1, 87)(15, 11) -> (1, 87)(15, 11) (NO MOVEMENT)

   [kira-voice] -> T2·savor· (want) 'Articuno'  fired=True  [age 0.0s + post 14ms]

   [campaign]    [roam] tick opened inside interior (1, 87)@(15, 11) with no battle since last tick — NOT a blackout; continuing (mid-route interior)

   [campaign]    [world] learned 4 warp(s) on (1, 87): (15, 9)->(1, 86), (32, 5)->(1, 86), (8, 17)->(1, 86), (9, 17)->(1, 86)

   [campaign]    [lap] checklist owes 'articuno' — victory_lap is the endgame action (head_to_league/enter_league held until the lap clears)

   [campaign]    [world] learned 4 warp(s) on (1, 87): (15, 9)->(1, 86), (32, 5)->(1, 86), (8, 17)->(1, 86), (9, 17)->(1, 86)

   [campaign] -- ROAM TICK 38/100000000 --

   [campaign]    [roam] STATE IN: Seafoam Islands (15, 11) | badges=8 (Boulder, Cascade, Thunder, Rainbow, Soul, Marsh, Volcano, Earth) | party=[blastoise L67, lapras L25, fearow L38, moltres L50, machop L34] | 8 badge(s) earned (Boulder, Cascade, Thunder, Rainbow, Soul, Marsh, Volcano, Earth). All 8 badges earned. Pokédex: 18 caught. All 8 badges — Victory Road and the Elite Four are next. This is the endgame.

   [campaign]    [roam] PROGRESS: RED (unchanged 37 ticks) | fp[(1, 87) (15,11) f1 -- badge8 $2198 party:4497 bag:1af5]

   [campaign]    [roam] OPTIONS OFFERED: ['victory_lap', 'talk_npc']

   [campaign]    [roam] !! MACRO RED: no progress 37 ticks — feeding awareness back to the oracle: "You keep trying to victory lap but the world hasn't changed in 37 turns - it went 'questline_no_route', and you're completely stuck."

   [campaign]    [roam] !! REPEAT-NO-PROGRESS: 'victory_lap' repeated with a stuck fingerprint — nudging a different action

   [campaign]    [lap] !! FORCE VICTORY LAP — oracle SKIPPED (the checklist owns the endgame sequencing; the order is code, not mood)

   [campaign]    [roam] PICK OUT: victory_lap  <- her RECOVERY move (RED)

   [campaign]    [roam] RATIONALE: You're ready — stop grinding and push forward to the next objective. then on to the Elite Four

   [campaign]    [roam] questline STRIKE: 3 attempts exhausted for Seafoam Islands B4F (ARTICUNO — the legendary ice bird) — surfacing so recovery/other options carry her (not looping the strike)

   [campaign]    [roam] questline: no graph route (1, 87) -> anchor (3, 38) yet — falling through to dir/bend discovery

   [campaign]    [roam] questline STRIKE: 3 attempts exhausted for Seafoam Islands B4F (ARTICUNO — the legendary ice bird) — surfacing so recovery/other options carry her (not looping the strike)

   [campaign]    [roam] 🧭 QUESTLINE STEP: 'Articuno — the ice legendary on the Seafoam Islands' bottom floor, past the boulder cascade. Ice/Flying at L50: Lance's dragons become a formality' — heading SOUTH toward Seafoam Islands, bottom floor — descend the ladder chain from either Route 20 door; the bird waits across the (becalmed) B4F water (success=('flag', 'FLAG_FOUGHT_ARTICUNO'))

   [campaign]    [roam] questline: NOT arrived — (1, 87) is off-anchor ((3, 38) unreachable in the learned graph) with no local frontier; surfacing no-route

   [campaign]    [lap] 'articuno' questline step -> questline_no_route

   [campaign]    [roam] RESULT: victory_lap -> questline_no_route | pos (1, 87)(15, 11) -> (1, 87)(15, 11) (NO MOVEMENT)

   [campaign]    ⛰️  CAMPAIGN SAVE [tick38] -> campaign/kira_campaign.state  (map=(1, 87) coords=(15, 11) badges=8 party=5)

   [campaign]    [sanctity] bundle VALID (schema/encoding/truth/monotonic all clean)

   [campaign]    [roam] tick opened inside interior (1, 87)@(15, 11) with no battle since last tick — NOT a blackout; continuing (mid-route interior)

   [campaign]    [world] learned 4 warp(s) on (1, 87): (15, 9)->(1, 86), (32, 5)->(1, 86), (8, 17)->(1, 86), (9, 17)->(1, 86)

   [campaign]    [lap] checklist owes 'articuno' — victory_lap is the endgame action (head_to_league/enter_league held until the lap clears)

   [campaign]    [world] learned 4 warp(s) on (1, 87): (15, 9)->(1, 86), (32, 5)->(1, 86), (8, 17)->(1, 86), (9, 17)->(1, 86)

   [campaign] -- ROAM TICK 39/100000000 --

   [campaign]    [roam] STATE IN: Seafoam Islands (15, 11) | badges=8 (Boulder, Cascade, Thunder, Rainbow, Soul, Marsh, Volcano, Earth) | party=[blastoise L67, lapras L25, fearow L38, moltres L50, machop L34] | 8 badge(s) earned (Boulder, Cascade, Thunder, Rainbow, Soul, Marsh, Volcano, Earth). All 8 badges earned. Pokédex: 18 caught. All 8 badges — Victory Road and the Elite Four are next. This is the endgame.

   [campaign]    [roam] PROGRESS: RED (unchanged 38 ticks) | fp[(1, 87) (15,11) f1 -- badge8 $2198 party:4497 bag:1af5]

   [campaign]    [roam] OPTIONS OFFERED: ['victory_lap', 'talk_npc']

   [campaign]    [roam] !! MACRO RED: no progress 38 ticks — feeding awareness back to the oracle: "You keep trying to victory lap but the world hasn't changed in 38 turns - it went 'questline_no_route', and you're completely stuck."

   [campaign]    [roam] !! REPEAT-NO-PROGRESS: 'victory_lap' repeated with a stuck fingerprint — nudging a different action

   [campaign]    [lap] !! FORCE VICTORY LAP — oracle SKIPPED (the checklist owns the endgame sequencing; the order is code, not mood)

   [campaign]    [roam] PICK OUT: victory_lap  <- her RECOVERY move (RED)

   [campaign]    [roam] RATIONALE: You're ready — stop grinding and push forward to the next objective. then on to the Elite Four

   [campaign]    [roam] questline STRIKE: 3 attempts exhausted for Seafoam Islands B4F (ARTICUNO — the legendary ice bird) — surfacing so recovery/other options carry her (not looping the strike)

   [campaign]    [roam] questline: no graph route (1, 87) -> anchor (3, 38) yet — falling through to dir/bend discovery

   [campaign]    [roam] questline STRIKE: 3 attempts exhausted for Seafoam Islands B4F (ARTICUNO — the legendary ice bird) — surfacing so recovery/other options carry her (not looping the strike)

   [campaign]    [roam] 🧭 QUESTLINE STEP: 'Articuno — the ice legendary on the Seafoam Islands' bottom floor, past the boulder cascade. Ice/Flying at L50: Lance's dragons become a formality' — heading SOUTH toward Seafoam Islands, bottom floor — descend the ladder chain from either Route 20 door; the bird waits across the (becalmed) B4F water (success=('flag', 'FLAG_FOUGHT_ARTICUNO'))

   [campaign]    [roam] questline: NOT arrived — (1, 87) is off-anchor ((3, 38) unreachable in the learned graph) with no local frontier; surfacing no-route

   [campaign]    [lap] 'articuno' questline step -> questline_no_route

   [campaign]    [roam] RESULT: victory_lap -> questline_no_route | pos (1, 87)(15, 11) -> (1, 87)(15, 11) (NO MOVEMENT)

   [campaign]    [roam] tick opened inside interior (1, 87)@(15, 11) with no battle since last tick — NOT a blackout; continuing (mid-route interior)

   [campaign]    [world] learned 4 warp(s) on (1, 87): (15, 9)->(1, 86), (32, 5)->(1, 86), (8, 17)->(1, 86), (9, 17)->(1, 86)

   [campaign]    [lap] checklist owes 'articuno' — victory_lap is the endgame action (head_to_league/enter_league held until the lap clears)

   [campaign]    [world] learned 4 warp(s) on (1, 87): (15, 9)->(1, 86), (32, 5)->(1, 86), (8, 17)->(1, 86), (9, 17)->(1, 86)

   [campaign] -- ROAM TICK 40/100000000 --

   [campaign]    [roam] STATE IN: Seafoam Islands (15, 11) | badges=8 (Boulder, Cascade, Thunder, Rainbow, Soul, Marsh, Volcano, Earth) | party=[blastoise L67, lapras L25, fearow L38, moltres L50, machop L34] | 8 badge(s) earned (Boulder, Cascade, Thunder, Rainbow, Soul, Marsh, Volcano, Earth). All 8 badges earned. Pokédex: 18 caught. All 8 badges — Victory Road and the Elite Four are next. This is the endgame.

   [campaign]    [roam] PROGRESS: RED (unchanged 39 ticks) | fp[(1, 87) (15,11) f1 -- badge8 $2198 party:4497 bag:1af5]

   [campaign]    [roam] deep-wedge ring EXHAUSTED (0 reverts, 0 same-region of 0 banked) — no clean checkpoint left to fall back to; trying the same-region disk banks

   [campaign]    [roam] !!!! REGION-LOCAL RELOAD: same-region (kanto) auto-checkpoint '20260807_114123_seafoam-islands_8b_35h49m_roam-start' loaded (map (1, 87), skip depth 2) — recovery stays on this side of the sea (LOUD)

   [kira-voice] ·floor· (<1s since last) T2 "something glitched me out — backing up a little, but I'm staying right here on this island and pushing on."

   [campaign]    [roam] strike memory reset (region-local reload): 1 errand try-counter(s) cleared — the reloaded world gets fresh strike attempts

   [campaign]    ⛰️  CAMPAIGN SAVE [post_region_reload] -> campaign/kira_campaign.state  (map=(1, 87) coords=(15, 11) badges=8 party=5)

   [campaign]    ⛰️  CAMPAIGN SAVE [tick40] -> campaign/kira_campaign.state  (map=(1, 87) coords=(15, 11) badges=8 party=5)

   [campaign]    [sanctity] bundle VALID (schema/encoding/truth/monotonic all clean)

   [campaign]    [roam] tick opened inside interior (1, 87)@(15, 11) with no battle since last tick — NOT a blackout; continuing (mid-route interior)

   [campaign]    [world] learned 4 warp(s) on (1, 87): (15, 9)->(1, 86), (32, 5)->(1, 86), (8, 17)->(1, 86), (9, 17)->(1, 86)

   [campaign]    [lap] checklist owes 'articuno' — victory_lap is the endgame action (head_to_league/enter_league held until the lap clears)

   [campaign]    [world] learned 4 warp(s) on (1, 87): (15, 9)->(1, 86), (32, 5)->(1, 86), (8, 17)->(1, 86), (9, 17)->(1, 86)

   [campaign] -- ROAM TICK 41/100000000 --

   [campaign]    [roam] STATE IN: Seafoam Islands (15, 11) | badges=8 (Boulder, Cascade, Thunder, Rainbow, Soul, Marsh, Volcano, Earth) | party=[blastoise L67, lapras L25, fearow L38, moltres L50, machop L34] | 8 badge(s) earned (Boulder, Cascade, Thunder, Rainbow, Soul, Marsh, Volcano, Earth). All 8 badges earned. Pokédex: 18 caught. All 8 badges — Victory Road and the Elite Four are next. This is the endgame.

   [campaign]    [roam] PROGRESS: RED (unchanged 40 ticks) | fp[(1, 87) (15,11) f1 -- badge8 $2198 party:4497 bag:1af5]

   [campaign]    [roam] OPTIONS OFFERED: ['victory_lap', 'talk_npc']

   [campaign]    [roam] !! MACRO RED: no progress 40 ticks — feeding awareness back to the oracle: "You keep trying to victory lap but the world hasn't changed in 40 turns - it went 'questline_no_route', and you're completely stuck."

   [campaign]    [roam] !! REPEAT-NO-PROGRESS: 'victory_lap' repeated with a stuck fingerprint — nudging a different action

   [campaign]    [lap] !! FORCE VICTORY LAP — oracle SKIPPED (the checklist owns the endgame sequencing; the order is code, not mood)

   [campaign]    [roam] PICK OUT: victory_lap  <- her RECOVERY move (RED)

   [campaign]    [roam] RATIONALE: You're ready — stop grinding and push forward to the next objective. then on to the Elite Four

   [campaign]    [roam] 🎯 QUESTLINE STRIKE: Seafoam Islands B4F (ARTICUNO — the legendary ice bird) — attempt 1/3 from (1, 87)

   [campaign]    [hunt] Ultra pocket check — 29 Ultras (floor 20, target 50, wired=False, done=False, fails=0)

   [campaign]    [hunt] Ultra war-chest not wired on this hunt — no ferry (LOUD)

   [campaign]    [hunt] CHIP-PP AUDIT — slot0 L67 hp 200/205 dmgPP 58 safePP 0 (Bite:23, Skull Bash:15, Surf:14, Earthquake:6); slot1 L25 hp 106/106 dmgPP 30 safePP 30 (Strength:15, Body Slam:15, Confuse Ray:10, Perish Song:5); slot2 L38 hp 104/104 dmgPP 40 safePP 40 (Leer:30, Fury Attack:20, 228:20, Mirror Move:20); slot3 L50 hp 150/150 dmgPP 30 safePP 15 (83:15, Agility:30, 203:10, 53:15); slot4 L34 hp 101/101 dmgPP 40 safePP 40 (69:20, 193:40, 279:10, 233:10) | ace slot0 safe 0, party safe 125 (vs Articuno ice/flying L50)

   [campaign]    [hunt] !! chip PP THIN (ace 0 safe swing(s), party 125; mins 5/8) and no Center leg is wired for articuno — engaging in LADDER MODE (bench chipper carries the chip) (LOUD)

   [campaign]    [hunt] Ultra pocket check — 29 Ultras (floor 20, target 50, wired=False, done=False, fails=0)

   [campaign]    [hunt] Ultra war-chest not wired on this hunt — no ferry (LOUD)

   [campaign]    [hunt] CHIP-PP AUDIT — slot0 L67 hp 200/205 dmgPP 58 safePP 0 (Bite:23, Skull Bash:15, Surf:14, Earthquake:6); slot1 L25 hp 106/106 dmgPP 30 safePP 30 (Strength:15, Body Slam:15, Confuse Ray:10, Perish Song:5); slot2 L38 hp 104/104 dmgPP 40 safePP 40 (Leer:30, Fury Attack:20, 228:20, Mirror Move:20); slot3 L50 hp 150/150 dmgPP 30 safePP 15 (83:15, Agility:30, 203:10, 53:15); slot4 L34 hp 101/101 dmgPP 40 safePP 40 (69:20, 193:40, 279:10, 233:10) | ace slot0 safe 0, party safe 125 (vs Articuno ice/flying L50)

   [campaign]    [hunt] !! SKIPPING pre-articuno bank — ace safe chip PP is 0 (would poison soft-reload) (LOUD)

   [kira-voice] -> T3·BIG· (legendary) 'there it is. Articuno. okay — deep breath, balls ready. we are NOT blowing this.'  fired=True  [age 0.0s + post 6ms]

   [campaign]    [quarry-approach] replan at (15, 11) (len 0, budget 9)

   [campaign]    [quarry-approach] no path from (15, 11)

   [campaign]    [roam] 🎯 QUESTLINE STRIKE -> failed (now (1, 87)@(15, 11))

   [campaign]    [lap] 'articuno' questline step -> questline_strike_failed

   [campaign]    [lap] 'articuno' dispatch failed (questline_strike_failed) — bounded attempt 20/6

   [campaign]    [lap] ⏭️ HONEST SKIP 'articuno': 20 bounded dispatch attempts spent (last: questline_strike_failed) — the lap moves on (never an infinite park)

   [kira-voice] ·floor· (<1s since last) T2 "calling it on the articuno side quest — 20 bounded dispatch attempts spent (last: questline_strike_failed). the League won't wait forever."

   [campaign]    [roam] RESULT: victory_lap -> questline_strike_failed | pos (1, 87)(15, 11) -> (1, 87)(15, 11) (NO MOVEMENT)

   [campaign]    [roam] tick opened inside interior (1, 87)@(15, 11) with no battle since last tick — NOT a blackout; continuing (mid-route interior)

   [campaign]    [world] learned 4 warp(s) on (1, 87): (15, 9)->(1, 86), (32, 5)->(1, 86), (8, 17)->(1, 86), (9, 17)->(1, 86)

   [campaign]    [lap] 🦅 PROXIMITY UNSKIP 'articuno': standing on the hunt's own maps — honest-skip latch dropped (every visit; nothing outranks a legendary she is standing next to)

   [campaign]    [lap] checklist owes 'articuno' — victory_lap is the endgame action (head_to_league/enter_league held until the lap clears)

   [campaign]    [world] learned 4 warp(s) on (1, 87): (15, 9)->(1, 86), (32, 5)->(1, 86), (8, 17)->(1, 86), (9, 17)->(1, 86)

   [campaign] -- ROAM TICK 42/100000000 --

   [campaign]    [roam] STATE IN: Seafoam Islands (15, 11) | badges=8 (Boulder, Cascade, Thunder, Rainbow, Soul, Marsh, Volcano, Earth) | party=[blastoise L67, lapras L25, fearow L38, moltres L50, machop L34] | 8 badge(s) earned (Boulder, Cascade, Thunder, Rainbow, Soul, Marsh, Volcano, Earth). All 8 badges earned. Pokédex: 18 caught. All 8 badges — Victory Road and the Elite Four are next. This is the endgame.

   [campaign]    [roam] PROGRESS: RED (unchanged 41 ticks) | fp[(1, 87) (15,11) f1 -- badge8 $2198 party:4497 bag:1af5]

   [campaign]    [roam] OPTIONS OFFERED: ['victory_lap', 'talk_npc']

   [campaign]    [roam] !! MACRO RED: no progress 41 ticks — feeding awareness back to the oracle: "You keep trying to victory lap but the world hasn't changed in 41 turns - it went 'questline_strike_failed', and you're completely stuck."

   [campaign]    [roam] !! REPEAT-NO-PROGRESS: 'victory_lap' repeated with a stuck fingerprint — nudging a different action

   [campaign]    [lap] !! FORCE VICTORY LAP — oracle SKIPPED (the checklist owns the endgame sequencing; the order is code, not mood)

   [campaign]    [roam] PICK OUT: victory_lap  <- her RECOVERY move (RED)

   [campaign]    [roam] RATIONALE: You're ready — stop grinding and push forward to the next objective. then on to the Elite Four

   [campaign]    [roam] !! QUESTLINE NO-PROGRESS ×5 (articuno) — abandoning the errand; re-recognizing fresh

   [kira-voice] ·floor· (<1s since last) T1 "hm — this plan's going nowhere from here. let me rethink."

   [campaign]    [roam] questline cleared (no-progress abandon)

   [campaign]    [lap] 'articuno' questline step -> questline_abandoned

   [campaign]    [lap] 'articuno' dispatch failed (questline_abandoned) — bounded attempt 21/6

   [campaign]    [lap] ⏭️ HONEST SKIP 'articuno': 21 bounded dispatch attempts spent (last: questline_abandoned) — the lap moves on (never an infinite park)

   [kira-voice] ·floor· (<1s since last) T2 "calling it on the articuno side quest — 21 bounded dispatch attempts spent (last: questline_abandoned). the League won't wait forever."

   [campaign]    [roam] RESULT: victory_lap -> questline_abandoned | pos (1, 87)(15, 11) -> (1, 87)(15, 11) (NO MOVEMENT)

   [campaign]    ⛰️  CAMPAIGN SAVE [tick42] -> campaign/kira_campaign.state  (map=(1, 87) coords=(15, 11) badges=8 party=5)

   [campaign]    [sanctity] bundle VALID (schema/encoding/truth/monotonic all clean)

   [campaign]    [roam] tick opened inside interior (1, 87)@(15, 11) with no battle since last tick — NOT a blackout; continuing (mid-route interior)

   [campaign]    [world] learned 4 warp(s) on (1, 87): (15, 9)->(1, 86), (32, 5)->(1, 86), (8, 17)->(1, 86), (9, 17)->(1, 86)

   [campaign]    [lap] 🦅 PROXIMITY UNSKIP 'articuno': standing on the hunt's own maps — honest-skip latch dropped (every visit; nothing outranks a legendary she is standing next to)

   [campaign]    [roam] 🎯 QUESTLINE OPENED: gate=story_npc/articuno → steps=['surf', 'articuno'] actionable=articuno (resolved=True)

   [kira-voice] ·floor· (<1s since last) T2 "Okay — to get past this I need Articuno — the ice legendary on the Seafoam Islands' bottom floor, past the boulder cascade. Ice/Flying at L50: Lance's dragons become a formality."

   [campaign]    [lap] 🏁 VICTORY LAP arms 'articuno' — the pre-E4 checklist owns the errand slot (order: earthquake → box_bench → moltres → articuno → eevee → zapdos → repack)

   [campaign]    [lap] checklist owes 'articuno' — victory_lap is the endgame action (head_to_league/enter_league held until the lap clears)

   [campaign]    [world] learned 4 warp(s) on (1, 87): (15, 9)->(1, 86), (32, 5)->(1, 86), (8, 17)->(1, 86), (9, 17)->(1, 86)

   [campaign] -- ROAM TICK 43/100000000 --

   [campaign]    [roam] STATE IN: Seafoam Islands (15, 11) | badges=8 (Boulder, Cascade, Thunder, Rainbow, Soul, Marsh, Volcano, Earth) | party=[blastoise L67, lapras L25, fearow L38, moltres L50, machop L34] | 8 badge(s) earned (Boulder, Cascade, Thunder, Rainbow, Soul, Marsh, Volcano, Earth). All 8 badges earned. Pokédex: 18 caught. All 8 badges — Victory Road and the Elite Four are next. This is the endgame.

   [campaign]    [roam] PROGRESS: RED (unchanged 42 ticks) | fp[(1, 87) (15,11) f1 -- badge8 $2198 party:4497 bag:1af5]

   [campaign]    [roam] OPTIONS OFFERED: ['victory_lap', 'talk_npc']

   [campaign]    [soul] surface_want FIRE -> Seafoam Islands

   [campaign]    [soul] ORACLE decision: kind=want ctx={'place': "You're in Seafoam Islands — underground in a real cave — rock, gloom, echoes.. ALREADY BESIDE YOU — your current team: blastoise (L67), lapras (L25), fearow (L38), moltres (L50), machop (L34). A want is something you DON'T yet have; never wish for a teammate who's already on your team.", 'map': (1, 87), 'badges': ['Boulder', 'Cascade', 'Thunder', 'Rainbow', 'Soul', 'Marsh', 'Volcano', 'Earth'], 'progress': '8 badge(s) earned (Boulder, Cascade, Thunder, Rainbow, Soul, Marsh, Volcano, Earth). All 8 badges earned. Pokédex: 18 caught. All 8 badges — Victory Road and the Elite Four are next. This is the endgame.', 'party': 'blastoise (L67), lapras (L25), fearow (L38), moltres (L50), machop (L34)', 'goal': {'short': "You're ready — stop grinding and push forward to the next objective", 'medium': "FIRST Articuno — the ice legendary on the Seafoam Islands' bottom floor, past the boulder cascade. Ice/Flying at L50: Lance's dragons become a formality — the gym comes right after; that errand is the road", 'long': 'Take on the Elite Four'}} options=['eevee', 'fossil', 'starters', 'rare', 'legendaries']

   [kira-voice] ORACLE kind=want options=['eevee', 'fossil', 'starters', 'rare', 'legendaries'] -> pick='Articuno — then straight to Victory Road'

   [campaign]    [soul] ORACLE pick -> 'Articuno — then straight to Victory Road'

   [campaign]    [roam] !! MACRO RED: no progress 42 ticks — feeding awareness back to the oracle: "You keep trying to victory lap but the world hasn't changed in 42 turns - it went 'questline_abandoned', and you're completely stuck."

   [campaign]    [roam] !! REPEAT-NO-PROGRESS: 'victory_lap' repeated with a stuck fingerprint — nudging a different action

   [campaign]    [lap] !! FORCE VICTORY LAP — oracle SKIPPED (the checklist owns the endgame sequencing; the order is code, not mood)

   [campaign]    [roam] PICK OUT: victory_lap  <- her RECOVERY move (RED)

   [campaign]    [roam] RATIONALE: You're ready — stop grinding and push forward to the next objective. then on to the Elite Four

   [kira-voice] -> T2·savor· (want) 'Articuno — then straight to Victory Road'  fired=True  [age 0.0s + post 5ms]

   [campaign]    [roam] 🎯 QUESTLINE STRIKE: Seafoam Islands B4F (ARTICUNO — the legendary ice bird) — attempt 2/3 from (1, 87)

   [campaign]    [hunt] Ultra pocket check — 29 Ultras (floor 20, target 50, wired=False, done=False, fails=0)

   [campaign]    [hunt] Ultra war-chest not wired on this hunt — no ferry (LOUD)

   [campaign]    [hunt] CHIP-PP AUDIT — slot0 L67 hp 200/205 dmgPP 58 safePP 0 (Bite:23, Skull Bash:15, Surf:14, Earthquake:6); slot1 L25 hp 106/106 dmgPP 30 safePP 30 (Strength:15, Body Slam:15, Confuse Ray:10, Perish Song:5); slot2 L38 hp 104/104 dmgPP 40 safePP 40 (Leer:30, Fury Attack:20, 228:20, Mirror Move:20); slot3 L50 hp 150/150 dmgPP 30 safePP 15 (83:15, Agility:30, 203:10, 53:15); slot4 L34 hp 101/101 dmgPP 40 safePP 40 (69:20, 193:40, 279:10, 233:10) | ace slot0 safe 0, party safe 125 (vs Articuno ice/flying L50)

   [campaign]    [hunt] !! chip PP THIN (ace 0 safe swing(s), party 125; mins 5/8) and no Center leg is wired for articuno — engaging in LADDER MODE (bench chipper carries the chip) (LOUD)

   [campaign]    [hunt] Ultra pocket check — 29 Ultras (floor 20, target 50, wired=False, done=False, fails=0)

   [campaign]    [hunt] Ultra war-chest not wired on this hunt — no ferry (LOUD)

   [campaign]    [hunt] CHIP-PP AUDIT — slot0 L67 hp 200/205 dmgPP 58 safePP 0 (Bite:23, Skull Bash:15, Surf:14, Earthquake:6); slot1 L25 hp 106/106 dmgPP 30 safePP 30 (Strength:15, Body Slam:15, Confuse Ray:10, Perish Song:5); slot2 L38 hp 104/104 dmgPP 40 safePP 40 (Leer:30, Fury Attack:20, 228:20, Mirror Move:20); slot3 L50 hp 150/150 dmgPP 30 safePP 15 (83:15, Agility:30, 203:10, 53:15); slot4 L34 hp 101/101 dmgPP 40 safePP 40 (69:20, 193:40, 279:10, 233:10) | ace slot0 safe 0, party safe 125 (vs Articuno ice/flying L50)

   [campaign]    [hunt] !! SKIPPING pre-articuno bank — ace safe chip PP is 0 (would poison soft-reload) (LOUD)

   [campaign]    [quarry-approach] replan at (15, 11) (len 0, budget 9)

   [campaign]    [quarry-approach] no path from (15, 11)

   [kira-voice] -> T3·BIG· (legendary) 'there it is. Articuno. okay — deep breath, balls ready. we are NOT blowing this.'  fired=True  [age 0.0s + post 19ms]

   [campaign]    [roam] 🎯 QUESTLINE STRIKE -> failed (now (1, 87)@(15, 11))

   [campaign]    [lap] 'articuno' questline step -> questline_strike_failed

   [campaign]    [lap] 'articuno' dispatch failed (questline_strike_failed) — bounded attempt 22/6

   [campaign]    [lap] ⏭️ HONEST SKIP 'articuno': 22 bounded dispatch attempts spent (last: questline_strike_failed) — the lap moves on (never an infinite park)

   [kira-voice] ·floor· (<1s since last) T2 "calling it on the articuno side quest — 22 bounded dispatch attempts spent (last: questline_strike_failed). the League won't wait forever."

   [campaign]    [roam] RESULT: victory_lap -> questline_strike_failed | pos (1, 87)(15, 11) -> (1, 87)(15, 11) (NO MOVEMENT)

   [campaign]    [roam] tick opened inside interior (1, 87)@(15, 11) with no battle since last tick — NOT a blackout; continuing (mid-route interior)

   [campaign]    [world] learned 4 warp(s) on (1, 87): (15, 9)->(1, 86), (32, 5)->(1, 86), (8, 17)->(1, 86), (9, 17)->(1, 86)

   [campaign]    [lap] 🦅 PROXIMITY UNSKIP 'articuno': standing on the hunt's own maps — honest-skip latch dropped (every visit; nothing outranks a legendary she is standing next to)

   [campaign]    [lap] checklist owes 'articuno' — victory_lap is the endgame action (head_to_league/enter_league held until the lap clears)

   [campaign]    [world] learned 4 warp(s) on (1, 87): (15, 9)->(1, 86), (32, 5)->(1, 86), (8, 17)->(1, 86), (9, 17)->(1, 86)

   [campaign] -- ROAM TICK 44/100000000 --

   [campaign]    [roam] STATE IN: Seafoam Islands (15, 11) | badges=8 (Boulder, Cascade, Thunder, Rainbow, Soul, Marsh, Volcano, Earth) | party=[blastoise L67, lapras L25, fearow L38, moltres L50, machop L34] | 8 badge(s) earned (Boulder, Cascade, Thunder, Rainbow, Soul, Marsh, Volcano, Earth). All 8 badges earned. Pokédex: 18 caught. All 8 badges — Victory Road and the Elite Four are next. This is the endgame.

   [campaign]    [roam] PROGRESS: RED (unchanged 43 ticks) | fp[(1, 87) (15,11) f1 -- badge8 $2198 party:4497 bag:1af5]

   [campaign]    [roam] OPTIONS OFFERED: ['victory_lap', 'talk_npc']

   [campaign]    [roam] !! MACRO RED: no progress 43 ticks — feeding awareness back to the oracle: "You keep trying to victory lap but the world hasn't changed in 43 turns - it went 'questline_strike_failed', and you're completely stuck."

   [campaign]    [roam] !! REPEAT-NO-PROGRESS: 'victory_lap' repeated with a stuck fingerprint — nudging a different action

   [campaign]    [lap] !! FORCE VICTORY LAP — oracle SKIPPED (the checklist owns the endgame sequencing; the order is code, not mood)

   [campaign]    [roam] PICK OUT: victory_lap  <- her RECOVERY move (RED)

   [campaign]    [roam] RATIONALE: You're ready — stop grinding and push forward to the next objective. then on to the Elite Four

   [campaign]    [roam] 🎯 QUESTLINE STRIKE: Seafoam Islands B4F (ARTICUNO — the legendary ice bird) — attempt 3/3 from (1, 87)

   [campaign]    [hunt] Ultra pocket check — 29 Ultras (floor 20, target 50, wired=False, done=False, fails=0)

   [campaign]    [hunt] Ultra war-chest not wired on this hunt — no ferry (LOUD)

   [campaign]    [hunt] CHIP-PP AUDIT — slot0 L67 hp 200/205 dmgPP 58 safePP 0 (Bite:23, Skull Bash:15, Surf:14, Earthquake:6); slot1 L25 hp 106/106 dmgPP 30 safePP 30 (Strength:15, Body Slam:15, Confuse Ray:10, Perish Song:5); slot2 L38 hp 104/104 dmgPP 40 safePP 40 (Leer:30, Fury Attack:20, 228:20, Mirror Move:20); slot3 L50 hp 150/150 dmgPP 30 safePP 15 (83:15, Agility:30, 203:10, 53:15); slot4 L34 hp 101/101 dmgPP 40 safePP 40 (69:20, 193:40, 279:10, 233:10) | ace slot0 safe 0, party safe 125 (vs Articuno ice/flying L50)

   [campaign]    [hunt] !! chip PP THIN (ace 0 safe swing(s), party 125; mins 5/8) and no Center leg is wired for articuno — engaging in LADDER MODE (bench chipper carries the chip) (LOUD)

   [campaign]    [hunt] Ultra pocket check — 29 Ultras (floor 20, target 50, wired=False, done=False, fails=0)

   [campaign]    [hunt] Ultra war-chest not wired on this hunt — no ferry (LOUD)

   [campaign]    [hunt] CHIP-PP AUDIT — slot0 L67 hp 200/205 dmgPP 58 safePP 0 (Bite:23, Skull Bash:15, Surf:14, Earthquake:6); slot1 L25 hp 106/106 dmgPP 30 safePP 30 (Strength:15, Body Slam:15, Confuse Ray:10, Perish Song:5); slot2 L38 hp 104/104 dmgPP 40 safePP 40 (Leer:30, Fury Attack:20, 228:20, Mirror Move:20); slot3 L50 hp 150/150 dmgPP 30 safePP 15 (83:15, Agility:30, 203:10, 53:15); slot4 L34 hp 101/101 dmgPP 40 safePP 40 (69:20, 193:40, 279:10, 233:10) | ace slot0 safe 0, party safe 125 (vs Articuno ice/flying L50)

   [campaign]    [hunt] !! SKIPPING pre-articuno bank — ace safe chip PP is 0 (would poison soft-reload) (LOUD)

   [campaign]    [quarry-approach] replan at (15, 11) (len 0, budget 9)

   [campaign]    [quarry-approach] no path from (15, 11)

   [campaign]    [roam] 🎯 QUESTLINE STRIKE -> failed (now (1, 87)@(15, 11))

   [campaign]    [lap] 'articuno' questline step -> questline_strike_failed

   [campaign]    [lap] 'articuno' dispatch failed (questline_strike_failed) — bounded attempt 23/6

   [campaign]    [lap] ⏭️ HONEST SKIP 'articuno': 23 bounded dispatch attempts spent (last: questline_strike_failed) — the lap moves on (never an infinite park)

   [kira-voice] ·floor· (<1s since last) T2 "calling it on the articuno side quest — 23 bounded dispatch attempts spent (last: questline_strike_failed). the League won't wait forever."

   [campaign]    [roam] RESULT: victory_lap -> questline_strike_failed | pos (1, 87)(15, 11) -> (1, 87)(15, 11) (NO MOVEMENT)

   [campaign]    ⛰️  CAMPAIGN SAVE [tick44] -> campaign/kira_campaign.state  (map=(1, 87) coords=(15, 11) badges=8 party=5)

   [campaign]    [sanctity] bundle VALID (schema/encoding/truth/monotonic all clean)

   [campaign]    [roam] tick opened inside interior (1, 87)@(15, 11) with no battle since last tick — NOT a blackout; continuing (mid-route interior)

   [campaign]    [world] learned 4 warp(s) on (1, 87): (15, 9)->(1, 86), (32, 5)->(1, 86), (8, 17)->(1, 86), (9, 17)->(1, 86)

   [campaign]    [lap] 🦅 PROXIMITY UNSKIP 'articuno': standing on the hunt's own maps — honest-skip latch dropped (every visit; nothing outranks a legendary she is standing next to)

   [campaign]    [lap] checklist owes 'articuno' — victory_lap is the endgame action (head_to_league/enter_league held until the lap clears)

   [campaign]    [world] learned 4 warp(s) on (1, 87): (15, 9)->(1, 86), (32, 5)->(1, 86), (8, 17)->(1, 86), (9, 17)->(1, 86)

   [campaign] -- ROAM TICK 45/100000000 --

   [campaign]    [roam] STATE IN: Seafoam Islands (15, 11) | badges=8 (Boulder, Cascade, Thunder, Rainbow, Soul, Marsh, Volcano, Earth) | party=[blastoise L67, lapras L25, fearow L38, moltres L50, machop L34] | 8 badge(s) earned (Boulder, Cascade, Thunder, Rainbow, Soul, Marsh, Volcano, Earth). All 8 badges earned. Pokédex: 18 caught. All 8 badges — Victory Road and the Elite Four are next. This is the endgame.

   [campaign]    [roam] PROGRESS: RED (unchanged 44 ticks) | fp[(1, 87) (15,11) f1 -- badge8 $2198 party:4497 bag:1af5]

   [campaign]    [roam] OPTIONS OFFERED: ['victory_lap', 'talk_npc']

   [campaign]    [roam] !! MACRO RED: no progress 44 ticks — feeding awareness back to the oracle: "You keep trying to victory lap but the world hasn't changed in 44 turns - it went 'questline_strike_failed', and you're completely stuck."

   [campaign]    [roam] !! REPEAT-NO-PROGRESS: 'victory_lap' repeated with a stuck fingerprint — nudging a different action

   [campaign]    [lap] !! FORCE VICTORY LAP — oracle SKIPPED (the checklist owns the endgame sequencing; the order is code, not mood)

   [campaign]    [roam] PICK OUT: victory_lap  <- her RECOVERY move (RED)

   [campaign]    [roam] RATIONALE: You're ready — stop grinding and push forward to the next objective. then on to the Elite Four

   [campaign]    [roam] questline STRIKE: 3 attempts exhausted for Seafoam Islands B4F (ARTICUNO — the legendary ice bird) — surfacing so recovery/other options carry her (not looping the strike)

   [campaign]    [roam] questline: no graph route (1, 87) -> anchor (3, 38) yet — falling through to dir/bend discovery

   [campaign]    [roam] questline STRIKE: 3 attempts exhausted for Seafoam Islands B4F (ARTICUNO — the legendary ice bird) — surfacing so recovery/other options carry her (not looping the strike)

   [campaign]    [roam] 🧭 QUESTLINE STEP: 'Articuno — the ice legendary on the Seafoam Islands' bottom floor, past the boulder cascade. Ice/Flying at L50: Lance's dragons become a formality' — heading SOUTH toward Seafoam Islands, bottom floor — descend the ladder chain from either Route 20 door; the bird waits across the (becalmed) B4F water (success=('flag', 'FLAG_FOUGHT_ARTICUNO'))

   [campaign]    [roam] questline: NOT arrived — (1, 87) is off-anchor ((3, 38) unreachable in the learned graph) with no local frontier; surfacing no-route

   [campaign]    [lap] 'articuno' questline step -> questline_no_route

   [campaign]    [roam] RESULT: victory_lap -> questline_no_route | pos (1, 87)(15, 11) -> (1, 87)(15, 11) (NO MOVEMENT)

   [campaign]    [roam] tick opened inside interior (1, 87)@(15, 11) with no battle since last tick — NOT a blackout; continuing (mid-route interior)

   [campaign]    [world] learned 4 warp(s) on (1, 87): (15, 9)->(1, 86), (32, 5)->(1, 86), (8, 17)->(1, 86), (9, 17)->(1, 86)

   [campaign]    [lap] checklist owes 'articuno' — victory_lap is the endgame action (head_to_league/enter_league held until the lap clears)

   [campaign]    [world] learned 4 warp(s) on (1, 87): (15, 9)->(1, 86), (32, 5)->(1, 86), (8, 17)->(1, 86), (9, 17)->(1, 86)

   [campaign] -- ROAM TICK 46/100000000 --

   [campaign]    [roam] STATE IN: Seafoam Islands (15, 11) | badges=8 (Boulder, Cascade, Thunder, Rainbow, Soul, Marsh, Volcano, Earth) | party=[blastoise L67, lapras L25, fearow L38, moltres L50, machop L34] | 8 badge(s) earned (Boulder, Cascade, Thunder, Rainbow, Soul, Marsh, Volcano, Earth). All 8 badges earned. Pokédex: 18 caught. All 8 badges — Victory Road and the Elite Four are next. This is the endgame.

   [campaign]    [roam] PROGRESS: RED (unchanged 45 ticks) | fp[(1, 87) (15,11) f1 -- badge8 $2198 party:4497 bag:1af5]

   [campaign]    [roam] OPTIONS OFFERED: ['victory_lap', 'talk_npc']

   [campaign]    [soul] surface_want FIRE -> Seafoam Islands

   [campaign]    [soul] ORACLE decision: kind=want ctx={'place': "You're in Seafoam Islands — underground in a real cave — rock, gloom, echoes.. ALREADY BESIDE YOU — your current team: blastoise (L67), lapras (L25), fearow (L38), moltres (L50), machop (L34). A want is something you DON'T yet have; never wish for a teammate who's already on your team.", 'map': (1, 87), 'badges': ['Boulder', 'Cascade', 'Thunder', 'Rainbow', 'Soul', 'Marsh', 'Volcano', 'Earth'], 'progress': '8 badge(s) earned (Boulder, Cascade, Thunder, Rainbow, Soul, Marsh, Volcano, Earth). All 8 badges earned. Pokédex: 18 caught. All 8 badges — Victory Road and the Elite Four are next. This is the endgame.', 'party': 'blastoise (L67), lapras (L25), fearow (L38), moltres (L50), machop (L34)', 'goal': {'short': "You're ready — stop grinding and push forward to the next objective", 'medium': "FIRST Articuno — the ice legendary on the Seafoam Islands' bottom floor, past the boulder cascade. Ice/Flying at L50: Lance's dragons become a formality — the gym comes right after; that errand is the road", 'long': 'Take on the Elite Four'}} options=['eevee', 'fossil', 'starters', 'rare', 'legendaries']

