   [travel] step 0: (0, 22)->(0, 21) map=(3, 3) (path 25 to exit)

   [travel] step 10: (8, 20)->(9, 20) map=(3, 3) (path 15 to exit)

   [travel] step 20: (18, 20)->(19, 20) map=(3, 3) (path 5 to exit)

   [travel] reached target coord (22, 20)

   [Bridge] INPUT OWNER = 'agent' (sole writer; others dropped+logged)

   [dialogue] +++ 'Welcome to our POK.MON CENTER! Would you like me to heal your POK.MON back to perfect health?'  tags=[]

   [kira-voice] -> T1·brisk· (dialogue) 'you read: "Welcome to our POK.MON CENTER! Would you like me to heal your POK.MON back to perfect health?"'  fired=True  [age 0.0s + post 23ms]

   [dialogue] +++ "Okay, I'll take your POK.MON for a few seconds."  tags=[]

   [kira-voice] -> T1·brisk· (dialogue) 'you read: "Okay, I\'ll take your POK.MON for a few seconds."'  fired=True  [age 0.0s + post 4ms]

   [dialogue] +++ "Thank you for waiting. We've restored your POK.MON to full health."  tags=[]

   [kira-voice] -> T1·brisk· (dialogue) 'you read: "Thank you for waiting. We\'ve restored your POK.MON to full health."'  fired=True  [age 0.0s + post 4ms]

   [campaign]    HEAL: restored party to full (lead was 3/28)

   [Bridge] INPUT OWNER = 'agent' (sole writer; others dropped+logged)

   [Bridge] INPUT OWNER = 'agent' (sole writer; others dropped+logged)

   [travel] start map=(7, 3) coords=(7, 4) -> coord (7, 7) (budget 60s)

   [travel] north connection band cols: [0, 1, 2, 3, 4, 5, 6, 7, 8, 9, 10, 11, 12, 13, 14, 15]

   [dialogue] +++ 'We hope to see you again!'  tags=[]

   [kira-voice] -> T1·brisk· (dialogue) 'you read: "We hope to see you again!"'  fired=True  [age 0.0s + post 3ms]

   [travel] path blocked at (7, 4) (NPC on the gap?) - waiting

   [travel] no clean path from (7, 4); NPC-allowing path EXISTS (len 4), blocker NPC tile=None, npcs nearby=[(3, 3), (4, 4), (4, 8), (7, 2), (12, 5)] -> approaching to interact/trigger

   [travel] reached target coord (7, 7)

   [campaign]    directional warp (7, 8) (behavior 0x65) entered via DOWN

   [campaign]    [world] learned 14 warp(s) on (3, 3): (10, 11)->(7, 0), (30, 11)->(7, 1), (15, 17)->(7, 2), (22, 19)->(7, 3), (31, 21)->(7, 5), (13, 28)->(7, 6)

   [campaign]    EXIT-BUILDING: (7, 3) -> (3, 3)@(22, 20)

   [campaign]    HEAL: exited Center -> map=(3, 3) coords=(22, 20)

   [Bridge] INPUT OWNER = 'agent' (sole writer; others dropped+logged)

   [Bridge] INPUT OWNER = 'agent' (sole writer; others dropped+logged)

   [travel] start map=(3, 3) coords=(22, 20) -> coord (0, 22) (budget 120s)

   [travel] north connection band cols: [0, 1, 2, 3, 4, 5, 6, 7, 8, 9, 10, 11, 22, 23, 24, 26, 27, 28, 36, 37, 38, 39, 40, 41, 42, 43, 44, 45, 46, 47, 48]

   [travel] step 0: (22, 20)->(22, 21) map=(3, 3) (path 25 to exit)

   [travel] step 10: (14, 22)->(13, 22) map=(3, 3) (path 15 to exit)

   [travel] step 20: (4, 22)->(3, 22) map=(3, 3) (path 5 to exit)

   [travel] reached target coord (0, 22)

   [campaign]    HEAL: returned toward (0, 22) -> arrived (now (0, 22))

   [Bridge] INPUT OWNER = 'agent' (sole writer; others dropped+logged)

   [travel] start map=(3, 3) coords=(0, 22) -> map (3, 22) (budget 120s)

   [travel] west connection band rows: [0, 1, 2, 3, 4, 5, 6, 7, 8, 9, 13, 14, 20, 21, 22, 30, 31, 32, 33, 34, 35, 36, 37, 38, 39]

   [travel] MAP TRANSITION (3, 3) -> (3, 22)

   [campaign]    [world] learned 3 warp(s) on (3, 22): (19, 5)->(1, 1), (32, 5)->(1, 2), (12, 5)->(16, 0)

   [travel] west connection band rows: [0, 1, 2, 3, 4, 5, 6, 7, 8, 9, 10, 11, 12, 13, 14, 15, 16, 17, 18, 19]

   [travel] ARRIVED at target map (3, 22) coords=(107, 12)

   [kira-voice] ·dedup· (repeat text, T1, looping?) 'made it to a new area'

   [campaign]    HEAL-EXCURSION: healed + back on (3, 22) at (107, 12)

   [Bridge] INPUT OWNER = 'agent' (sole writer; others dropped+logged)

   [travel] start map=(3, 22) coords=(107, 12) -> coord (86, 14) (budget 80s)

   [travel] north connection band cols: [0, 1, 2, 3, 4, 5, 6, 7, 8, 9, 10, 11, 12, 13, 14, 15, 16, 17, 18, 19, 20, 21, 22, 23, 24, 25, 26, 27, 28, 29, 30, 31, 32, 33, 34, 35, 36, 37, 38, 39, 40, 41, 42, 43, 44, 45, 46, 47, 48, 49, 50, 51, 52, 53, 54, 55, 56, 57, 58, 59, 60, 61, 62, 63, 64, 65, 66, 67, 68, 69, 70, 71, 72, 73, 74, 75, 76, 77, 78, 79, 80, 81, 82, 83, 84, 85, 86, 87, 88, 89, 90, 91, 92, 93, 94, 95, 96, 97, 98, 99, 100, 101, 102, 103, 104, 105, 106, 107]

   [travel] step 0: (107, 12)->(106, 12) map=(3, 22) (path 29 to exit)

   [travel] step 10: (97, 12)->(96, 12) map=(3, 22) (path 19 to exit)

   [travel] step 20: (92, 17)->(91, 17) map=(3, 22) (path 10 to exit)

   [travel] reached target coord (86, 14)

   [Bridge] INPUT OWNER = 'agent' (sole writer; others dropped+logged)

   [travel] start map=(3, 22) coords=(86, 14) -> coord (87, 15) (budget 80s)

   [travel] north connection band cols: [0, 1, 2, 3, 4, 5, 6, 7, 8, 9, 10, 11, 12, 13, 14, 15, 16, 17, 18, 19, 20, 21, 22, 23, 24, 25, 26, 27, 28, 29, 30, 31, 32, 33, 34, 35, 36, 37, 38, 39, 40, 41, 42, 43, 44, 45, 46, 47, 48, 49, 50, 51, 52, 53, 54, 55, 56, 57, 58, 59, 60, 61, 62, 63, 64, 65, 66, 67, 68, 69, 70, 71, 72, 73, 74, 75, 76, 77, 78, 79, 80, 81, 82, 83, 84, 85, 86, 87, 88, 89, 90, 91, 92, 93, 94, 95, 96, 97, 98, 99, 100, 101, 102, 103, 104, 105, 106, 107]

   [travel] step 0: (86, 14)->(86, 15) map=(3, 22) (path 3 to exit)

   [travel] reached target coord (87, 15)

   [campaign]    GRIND: trained to Lv10 (target 14)

   [campaign]    GRIND: Lv10 < 14 - heading to the grass to train [FRAGILE: reachable grass only]

   [Bridge] INPUT OWNER = 'agent' (sole writer; others dropped+logged)

   [travel] start map=(3, 22) coords=(87, 15) -> coord (86, 15) (budget 80s)

   [travel] north connection band cols: [0, 1, 2, 3, 4, 5, 6, 7, 8, 9, 10, 11, 12, 13, 14, 15, 16, 17, 18, 19, 20, 21, 22, 23, 24, 25, 26, 27, 28, 29, 30, 31, 32, 33, 34, 35, 36, 37, 38, 39, 40, 41, 42, 43, 44, 45, 46, 47, 48, 49, 50, 51, 52, 53, 54, 55, 56, 57, 58, 59, 60, 61, 62, 63, 64, 65, 66, 67, 68, 69, 70, 71, 72, 73, 74, 75, 76, 77, 78, 79, 80, 81, 82, 83, 84, 85, 86, 87, 88, 89, 90, 91, 92, 93, 94, 95, 96, 97, 98, 99, 100, 101, 102, 103, 104, 105, 106, 107]

   [travel] step 0: (87, 15)->(86, 15) map=(3, 22) (path 2 to exit)

   [travel] reached target coord (86, 15)

   [Bridge] INPUT OWNER = 'agent' (sole writer; others dropped+logged)

   [travel] start map=(3, 22) coords=(86, 15) -> coord (87, 14) (budget 80s)

   [travel] north connection band cols: [0, 1, 2, 3, 4, 5, 6, 7, 8, 9, 10, 11, 12, 13, 14, 15, 16, 17, 18, 19, 20, 21, 22, 23, 24, 25, 26, 27, 28, 29, 30, 31, 32, 33, 34, 35, 36, 37, 38, 39, 40, 41, 42, 43, 44, 45, 46, 47, 48, 49, 50, 51, 52, 53, 54, 55, 56, 57, 58, 59, 60, 61, 62, 63, 64, 65, 66, 67, 68, 69, 70, 71, 72, 73, 74, 75, 76, 77, 78, 79, 80, 81, 82, 83, 84, 85, 86, 87, 88, 89, 90, 91, 92, 93, 94, 95, 96, 97, 98, 99, 100, 101, 102, 103, 104, 105, 106, 107]

   [travel] step 0: (86, 15)->(86, 14) map=(3, 22) (path 3 to exit)

   [campaign]    [roam] watchdog: SCENE callback owns the screen (evolution/naming/cutscene) — deliberate stillness, watch resets until the world returns

   [travel] path blocked at (86, 14) (NPC on the gap?) - waiting

   [travel] ENCOUNTER -> on-time beat, warm up, hand off

   [kira-voice] -> T1·brisk· (beat) 'a wild Pokemon leaps out at you'  fired=True  [age 0.0s + post 3ms]

   [Bridge] INPUT OWNER = 'agent' (sole writer; others dropped+logged)

   [kira-voice] -> T1·brisk· (event) 'a battle started against rattata — your rattata is up front'  fired=True  [age 0.0s + post 3ms]

   [kira-voice] ·floor· (<1s since last) T2 'the trainer sent out rattata'

   [kira-voice] -> T1·brisk· (event) "rattata showed up for the XP share — now wartortle takes it from here. that's how you train a rookie."  fired=True  [age 0.0s + post 3ms]

   [kira-voice] -> T1·brisk· (event) 'your wartortle used Bite - a solid hit'  fired=True  [age 0.0s + post 2ms]

   [kira-voice] -> T1·brisk· (event) "the enemy's rattata went down to your wartortle — that's the battle, you won"  fired=True  [age 0.0s + post 4ms]

   [Bridge] INPUT OWNER = 'agent' (sole writer; others dropped+logged)

   [travel] battle outcome=win; resuming pathfind

   [Bridge] INPUT OWNER = 'agent' (sole writer; others dropped+logged)

   [kira-voice] -> T1·brisk· (beat) 'Route 4 stretches toward the mountains, the air drier here'  fired=True  [age 0.0s + post 4ms]

   [travel] reached target coord (87, 14)

   [Bridge] INPUT OWNER = 'agent' (sole writer; others dropped+logged)

   [travel] start map=(3, 22) coords=(87, 14) -> coord (87, 13) (budget 80s)

   [travel] north connection band cols: [0, 1, 2, 3, 4, 5, 6, 7, 8, 9, 10, 11, 12, 13, 14, 15, 16, 17, 18, 19, 20, 21, 22, 23, 24, 25, 26, 27, 28, 29, 30, 31, 32, 33, 34, 35, 36, 37, 38, 39, 40, 41, 42, 43, 44, 45, 46, 47, 48, 49, 50, 51, 52, 53, 54, 55, 56, 57, 58, 59, 60, 61, 62, 63, 64, 65, 66, 67, 68, 69, 70, 71, 72, 73, 74, 75, 76, 77, 78, 79, 80, 81, 82, 83, 84, 85, 86, 87, 88, 89, 90, 91, 92, 93, 94, 95, 96, 97, 98, 99, 100, 101, 102, 103, 104, 105, 106, 107]

   [travel] step 0: (87, 14)->(87, 13) map=(3, 22) (path 2 to exit)

   [travel] reached target coord (87, 13)

   [Bridge] INPUT OWNER = 'agent' (sole writer; others dropped+logged)

   [travel] start map=(3, 22) coords=(87, 13) -> coord (86, 14) (budget 80s)

   [travel] north connection band cols: [0, 1, 2, 3, 4, 5, 6, 7, 8, 9, 10, 11, 12, 13, 14, 15, 16, 17, 18, 19, 20, 21, 22, 23, 24, 25, 26, 27, 28, 29, 30, 31, 32, 33, 34, 35, 36, 37, 38, 39, 40, 41, 42, 43, 44, 45, 46, 47, 48, 49, 50, 51, 52, 53, 54, 55, 56, 57, 58, 59, 60, 61, 62, 63, 64, 65, 66, 67, 68, 69, 70, 71, 72, 73, 74, 75, 76, 77, 78, 79, 80, 81, 82, 83, 84, 85, 86, 87, 88, 89, 90, 91, 92, 93, 94, 95, 96, 97, 98, 99, 100, 101, 102, 103, 104, 105, 106, 107]

   [travel] step 0: (87, 13)->(87, 14) map=(3, 22) (path 3 to exit)

   [travel] reached target coord (86, 14)

   [Bridge] INPUT OWNER = 'agent' (sole writer; others dropped+logged)

   [travel] start map=(3, 22) coords=(86, 14) -> coord (86, 15) (budget 80s)

   [travel] north connection band cols: [0, 1, 2, 3, 4, 5, 6, 7, 8, 9, 10, 11, 12, 13, 14, 15, 16, 17, 18, 19, 20, 21, 22, 23, 24, 25, 26, 27, 28, 29, 30, 31, 32, 33, 34, 35, 36, 37, 38, 39, 40, 41, 42, 43, 44, 45, 46, 47, 48, 49, 50, 51, 52, 53, 54, 55, 56, 57, 58, 59, 60, 61, 62, 63, 64, 65, 66, 67, 68, 69, 70, 71, 72, 73, 74, 75, 76, 77, 78, 79, 80, 81, 82, 83, 84, 85, 86, 87, 88, 89, 90, 91, 92, 93, 94, 95, 96, 97, 98, 99, 100, 101, 102, 103, 104, 105, 106, 107]

   [travel] step 0: (86, 14)->(86, 15) map=(3, 22) (path 2 to exit)

   [travel] reached target coord (86, 15)

   [Bridge] INPUT OWNER = 'agent' (sole writer; others dropped+logged)

   [travel] start map=(3, 22) coords=(86, 15) -> coord (87, 14) (budget 80s)

   [travel] north connection band cols: [0, 1, 2, 3, 4, 5, 6, 7, 8, 9, 10, 11, 12, 13, 14, 15, 16, 17, 18, 19, 20, 21, 22, 23, 24, 25, 26, 27, 28, 29, 30, 31, 32, 33, 34, 35, 36, 37, 38, 39, 40, 41, 42, 43, 44, 45, 46, 47, 48, 49, 50, 51, 52, 53, 54, 55, 56, 57, 58, 59, 60, 61, 62, 63, 64, 65, 66, 67, 68, 69, 70, 71, 72, 73, 74, 75, 76, 77, 78, 79, 80, 81, 82, 83, 84, 85, 86, 87, 88, 89, 90, 91, 92, 93, 94, 95, 96, 97, 98, 99, 100, 101, 102, 103, 104, 105, 106, 107]

   [travel] step 0: (86, 15)->(86, 14) map=(3, 22) (path 3 to exit)

   [travel] reached target coord (87, 14)

   [Bridge] INPUT OWNER = 'agent' (sole writer; others dropped+logged)

   [travel] start map=(3, 22) coords=(87, 14) -> coord (85, 14) (budget 80s)

   [travel] north connection band cols: [0, 1, 2, 3, 4, 5, 6, 7, 8, 9, 10, 11, 12, 13, 14, 15, 16, 17, 18, 19, 20, 21, 22, 23, 24, 25, 26, 27, 28, 29, 30, 31, 32, 33, 34, 35, 36, 37, 38, 39, 40, 41, 42, 43, 44, 45, 46, 47, 48, 49, 50, 51, 52, 53, 54, 55, 56, 57, 58, 59, 60, 61, 62, 63, 64, 65, 66, 67, 68, 69, 70, 71, 72, 73, 74, 75, 76, 77, 78, 79, 80, 81, 82, 83, 84, 85, 86, 87, 88, 89, 90, 91, 92, 93, 94, 95, 96, 97, 98, 99, 100, 101, 102, 103, 104, 105, 106, 107]

   [travel] step 0: (87, 14)->(86, 14) map=(3, 22) (path 3 to exit)

   [travel] reached target coord (85, 14)

   [Bridge] INPUT OWNER = 'agent' (sole writer; others dropped+logged)

   [travel] start map=(3, 22) coords=(85, 14) -> coord (86, 13) (budget 80s)

   [travel] north connection band cols: [0, 1, 2, 3, 4, 5, 6, 7, 8, 9, 10, 11, 12, 13, 14, 15, 16, 17, 18, 19, 20, 21, 22, 23, 24, 25, 26, 27, 28, 29, 30, 31, 32, 33, 34, 35, 36, 37, 38, 39, 40, 41, 42, 43, 44, 45, 46, 47, 48, 49, 50, 51, 52, 53, 54, 55, 56, 57, 58, 59, 60, 61, 62, 63, 64, 65, 66, 67, 68, 69, 70, 71, 72, 73, 74, 75, 76, 77, 78, 79, 80, 81, 82, 83, 84, 85, 86, 87, 88, 89, 90, 91, 92, 93, 94, 95, 96, 97, 98, 99, 100, 101, 102, 103, 104, 105, 106, 107]

   [travel] step 0: (85, 14)->(85, 13) map=(3, 22) (path 3 to exit)

   [travel] reached target coord (86, 13)

   [Bridge] INPUT OWNER = 'agent' (sole writer; others dropped+logged)

   [travel] start map=(3, 22) coords=(86, 13) -> coord (87, 13) (budget 80s)

   [travel] north connection band cols: [0, 1, 2, 3, 4, 5, 6, 7, 8, 9, 10, 11, 12, 13, 14, 15, 16, 17, 18, 19, 20, 21, 22, 23, 24, 25, 26, 27, 28, 29, 30, 31, 32, 33, 34, 35, 36, 37, 38, 39, 40, 41, 42, 43, 44, 45, 46, 47, 48, 49, 50, 51, 52, 53, 54, 55, 56, 57, 58, 59, 60, 61, 62, 63, 64, 65, 66, 67, 68, 69, 70, 71, 72, 73, 74, 75, 76, 77, 78, 79, 80, 81, 82, 83, 84, 85, 86, 87, 88, 89, 90, 91, 92, 93, 94, 95, 96, 97, 98, 99, 100, 101, 102, 103, 104, 105, 106, 107]

   [travel] step 0: (86, 13)->(87, 13) map=(3, 22) (path 2 to exit)

   [travel] reached target coord (87, 13)

   [Bridge] INPUT OWNER = 'agent' (sole writer; others dropped+logged)

   [travel] start map=(3, 22) coords=(87, 13) -> coord (85, 13) (budget 80s)

   [travel] north connection band cols: [0, 1, 2, 3, 4, 5, 6, 7, 8, 9, 10, 11, 12, 13, 14, 15, 16, 17, 18, 19, 20, 21, 22, 23, 24, 25, 26, 27, 28, 29, 30, 31, 32, 33, 34, 35, 36, 37, 38, 39, 40, 41, 42, 43, 44, 45, 46, 47, 48, 49, 50, 51, 52, 53, 54, 55, 56, 57, 58, 59, 60, 61, 62, 63, 64, 65, 66, 67, 68, 69, 70, 71, 72, 73, 74, 75, 76, 77, 78, 79, 80, 81, 82, 83, 84, 85, 86, 87, 88, 89, 90, 91, 92, 93, 94, 95, 96, 97, 98, 99, 100, 101, 102, 103, 104, 105, 106, 107]

   [travel] step 0: (87, 13)->(86, 13) map=(3, 22) (path 3 to exit)

   [travel] reached target coord (85, 13)

   [Bridge] INPUT OWNER = 'agent' (sole writer; others dropped+logged)

   [travel] start map=(3, 22) coords=(85, 13) -> coord (86, 14) (budget 80s)

   [travel] north connection band cols: [0, 1, 2, 3, 4, 5, 6, 7, 8, 9, 10, 11, 12, 13, 14, 15, 16, 17, 18, 19, 20, 21, 22, 23, 24, 25, 26, 27, 28, 29, 30, 31, 32, 33, 34, 35, 36, 37, 38, 39, 40, 41, 42, 43, 44, 45, 46, 47, 48, 49, 50, 51, 52, 53, 54, 55, 56, 57, 58, 59, 60, 61, 62, 63, 64, 65, 66, 67, 68, 69, 70, 71, 72, 73, 74, 75, 76, 77, 78, 79, 80, 81, 82, 83, 84, 85, 86, 87, 88, 89, 90, 91, 92, 93, 94, 95, 96, 97, 98, 99, 100, 101, 102, 103, 104, 105, 106, 107]

   [travel] step 0: (85, 13)->(85, 14) map=(3, 22) (path 3 to exit)

   [travel] reached target coord (86, 14)

   [Bridge] INPUT OWNER = 'agent' (sole writer; others dropped+logged)

   [travel] start map=(3, 22) coords=(86, 14) -> coord (86, 15) (budget 80s)

   [travel] north connection band cols: [0, 1, 2, 3, 4, 5, 6, 7, 8, 9, 10, 11, 12, 13, 14, 15, 16, 17, 18, 19, 20, 21, 22, 23, 24, 25, 26, 27, 28, 29, 30, 31, 32, 33, 34, 35, 36, 37, 38, 39, 40, 41, 42, 43, 44, 45, 46, 47, 48, 49, 50, 51, 52, 53, 54, 55, 56, 57, 58, 59, 60, 61, 62, 63, 64, 65, 66, 67, 68, 69, 70, 71, 72, 73, 74, 75, 76, 77, 78, 79, 80, 81, 82, 83, 84, 85, 86, 87, 88, 89, 90, 91, 92, 93, 94, 95, 96, 97, 98, 99, 100, 101, 102, 103, 104, 105, 106, 107]

   [campaign]    [roam] watchdog: SCENE callback owns the screen (evolution/naming/cutscene) — deliberate stillness, watch resets until the world returns

   [travel] path blocked at (86, 14) (NPC on the gap?) - waiting

   [travel] ENCOUNTER -> on-time beat, warm up, hand off

   [kira-voice] ·dedup· (repeat text, T1, looping?) 'a wild Pokemon leaps out at you'

   [Bridge] INPUT OWNER = 'agent' (sole writer; others dropped+logged)

   [kira-voice] ·dedup· (repeat text, T1, looping?) 'a battle started against rattata — your rattata is up front'

   [kira-voice] ·dedup· (repeat text, T1, looping?) "rattata showed up for the XP share — now wartortle takes it from here. that's how you train a rookie."

   [kira-voice] ·dedup· (repeat text, T1, looping?) "the enemy's rattata went down to your wartortle — that's the battle, you won"

   [Bridge] INPUT OWNER = 'agent' (sole writer; others dropped+logged)

   [travel] battle outcome=win; resuming pathfind

   [Bridge] INPUT OWNER = 'agent' (sole writer; others dropped+logged)

   [travel] reached target coord (86, 15)

   [Bridge] INPUT OWNER = 'agent' (sole writer; others dropped+logged)

   [travel] start map=(3, 22) coords=(86, 15) -> coord (86, 14) (budget 80s)

   [travel] north connection band cols: [0, 1, 2, 3, 4, 5, 6, 7, 8, 9, 10, 11, 12, 13, 14, 15, 16, 17, 18, 19, 20, 21, 22, 23, 24, 25, 26, 27, 28, 29, 30, 31, 32, 33, 34, 35, 36, 37, 38, 39, 40, 41, 42, 43, 44, 45, 46, 47, 48, 49, 50, 51, 52, 53, 54, 55, 56, 57, 58, 59, 60, 61, 62, 63, 64, 65, 66, 67, 68, 69, 70, 71, 72, 73, 74, 75, 76, 77, 78, 79, 80, 81, 82, 83, 84, 85, 86, 87, 88, 89, 90, 91, 92, 93, 94, 95, 96, 97, 98, 99, 100, 101, 102, 103, 104, 105, 106, 107]

   [travel] step 0: (86, 15)->(86, 14) map=(3, 22) (path 2 to exit)

   [travel] reached target coord (86, 14)

   [Bridge] INPUT OWNER = 'agent' (sole writer; others dropped+logged)

   [travel] start map=(3, 22) coords=(86, 14) -> coord (86, 16) (budget 80s)

   [travel] north connection band cols: [0, 1, 2, 3, 4, 5, 6, 7, 8, 9, 10, 11, 12, 13, 14, 15, 16, 17, 18, 19, 20, 21, 22, 23, 24, 25, 26, 27, 28, 29, 30, 31, 32, 33, 34, 35, 36, 37, 38, 39, 40, 41, 42, 43, 44, 45, 46, 47, 48, 49, 50, 51, 52, 53, 54, 55, 56, 57, 58, 59, 60, 61, 62, 63, 64, 65, 66, 67, 68, 69, 70, 71, 72, 73, 74, 75, 76, 77, 78, 79, 80, 81, 82, 83, 84, 85, 86, 87, 88, 89, 90, 91, 92, 93, 94, 95, 96, 97, 98, 99, 100, 101, 102, 103, 104, 105, 106, 107]

   [travel] step 0: (86, 14)->(86, 15) map=(3, 22) (path 3 to exit)

   [travel] reached target coord (86, 16)

   [Bridge] INPUT OWNER = 'agent' (sole writer; others dropped+logged)

   [travel] start map=(3, 22) coords=(86, 16) -> coord (85, 15) (budget 80s)

   [travel] north connection band cols: [0, 1, 2, 3, 4, 5, 6, 7, 8, 9, 10, 11, 12, 13, 14, 15, 16, 17, 18, 19, 20, 21, 22, 23, 24, 25, 26, 27, 28, 29, 30, 31, 32, 33, 34, 35, 36, 37, 38, 39, 40, 41, 42, 43, 44, 45, 46, 47, 48, 49, 50, 51, 52, 53, 54, 55, 56, 57, 58, 59, 60, 61, 62, 63, 64, 65, 66, 67, 68, 69, 70, 71, 72, 73, 74, 75, 76, 77, 78, 79, 80, 81, 82, 83, 84, 85, 86, 87, 88, 89, 90, 91, 92, 93, 94, 95, 96, 97, 98, 99, 100, 101, 102, 103, 104, 105, 106, 107]

   [travel] step 0: (86, 16)->(86, 15) map=(3, 22) (path 3 to exit)

   [travel] reached target coord (85, 15)

   [Bridge] INPUT OWNER = 'agent' (sole writer; others dropped+logged)

   [travel] start map=(3, 22) coords=(85, 15) -> coord (87, 14) (budget 80s)

   [travel] north connection band cols: [0, 1, 2, 3, 4, 5, 6, 7, 8, 9, 10, 11, 12, 13, 14, 15, 16, 17, 18, 19, 20, 21, 22, 23, 24, 25, 26, 27, 28, 29, 30, 31, 32, 33, 34, 35, 36, 37, 38, 39, 40, 41, 42, 43, 44, 45, 46, 47, 48, 49, 50, 51, 52, 53, 54, 55, 56, 57, 58, 59, 60, 61, 62, 63, 64, 65, 66, 67, 68, 69, 70, 71, 72, 73, 74, 75, 76, 77, 78, 79, 80, 81, 82, 83, 84, 85, 86, 87, 88, 89, 90, 91, 92, 93, 94, 95, 96, 97, 98, 99, 100, 101, 102, 103, 104, 105, 106, 107]

   [campaign]    [roam] watchdog: SCENE callback owns the screen (evolution/naming/cutscene) — deliberate stillness, watch resets until the world returns

   [travel] ENCOUNTER -> on-time beat, warm up, hand off

   [kira-voice] ·dedup· (repeat text, T1, looping?) 'a wild Pokemon leaps out at you'

   [Bridge] INPUT OWNER = 'agent' (sole writer; others dropped+logged)

   [kira-voice] -> T1·brisk· (event) 'a battle started against ekans — your rattata is up front'  fired=True  [age 0.0s + post 20ms]

   [kira-voice] ·floor· (<1s since last) T2 'the trainer sent out ekans'

   [kira-voice] ·dedup· (repeat text, T1, looping?) "rattata showed up for the XP share — now wartortle takes it from here. that's how you train a rookie."

   [kira-voice] ·dedup· (repeat text, T1, looping?) 'your wartortle used Bite - a solid hit'

   [kira-voice] -> T1·brisk· (event) "the enemy's ekans went down to your wartortle — that's the battle, you won"  fired=True  [age 0.0s + post 12ms]

   [Bridge] INPUT OWNER = 'agent' (sole writer; others dropped+logged)

   [travel] battle outcome=win; resuming pathfind

   [Bridge] INPUT OWNER = 'agent' (sole writer; others dropped+logged)

   [kira-voice] ·dedup· (repeat text, T1, looping?) 'Route 4 stretches toward the mountains, the air drier here'

   [travel] !! WALL-CLOCK BUDGET BLOWN (88s > 80s) at (85, 15) map=(3, 22) step=4 - ABORT LOUD (grinding / wedged, not progressing fast)

   [campaign]    GRIND: trained to Lv10 (target 14)

   [campaign]    GRIND-WEAK: fielded mon made NO progress (still L10) — marking it un-grindable on this route (stalled) so the pass never loops on it

   [campaign]    GRIND-WEAK: wall-clock budget — partial progress (levels [10, 10, 22, 10]), restoring ace; the next tick re-enters

   [campaign]    GRIND-WEAK: restoring the ace (slot 2, L22) to lead

   [campaign]    GRIND-WEAK: swap 0<->2 verified — wartortle now leads

   [campaign]    [roam] RESULT: battle -> ok | pos (3, 22)(86, 14) -> (3, 22)(85, 15) (MOVED)

   [kira-voice] -> T1·brisk· (event) "this is taking forever - I'm stuck grinding, let me regroup"  fired=True  [age 0.0s + post 3ms]

   [campaign]    ⛰️  CAMPAIGN SAVE [ckpt] -> campaign/kira_campaign.state  (map=(3, 22) coords=(85, 15) badges=1 party=4)

   [campaign]    [sanctity] bundle VALID (schema/encoding/truth/monotonic all clean)

   [campaign]    📌 AUTO-CHECKPOINT [periodic] -> checkpoints/20260730_133819_route-4_1b_0h25m_periodic  (4 bundle file(s))

   [campaign]    [world] learned 3 warp(s) on (3, 22): (19, 5)->(1, 1), (32, 5)->(1, 2), (12, 5)->(16, 0)

   [campaign]    [roam] deep-wedge ring: banked safe checkpoint (1, 4, 5, 52) @ Route 4 (ring=2/4)

   [campaign] -- ROAM TICK 2/100000000 --

   [campaign]    [roam] STATE IN: Route 4 (85, 15) | badges=1 (Boulder) | party=[wartortle L22, ekans L10, rattata L10, spearow L10] | 1 badge(s) earned (Boulder). Next gym: Misty of Cerulean City. Pokédex: 5 caught. She's one badge in — the adventure's really starting (of 8 badges, then the Elite Four).

   [campaign]    [roam] PROGRESS: GREEN (unchanged 0 ticks) | fp[(3, 22) (85,15) f3 -- badge1 $1348 party:6203 bag:7a57]

   [campaign]    [roam] OPTIONS OFFERED: ['head_to_gym', 'heal', 'battle', 'wander_catch', 'travel:3,21', 'travel:3,43', 'travel:3,27', 'travel:3,20', 'travel:3,26']

   [campaign]    [roam] !! SURVIVAL HURT: 'Wartortle is hurt (30/63 HP) — topping up at a Pokémon Center would be smart before pushing on.' — surfacing 'heal' to the oracle

   [campaign]    [soul] ORACLE decision: kind=action ctx={'place': 'You\'re on Route 4 — outdoors under open sky (a town with a Pokémon Center; tall grass around — wild Pokémon live in it).. From here: SOUTH → Route 3 — wild Pokémon to catch/train; EAST → Cerulean City — a Mart, a Pokémon Center. Places you\'ve been with wild Pokémon you can walk back to: Route 24; an unfamiliar area; Route 2. You can walk to anywhere you\'ve already been.. Wartortle is hurt (30/63 HP) — topping up at a Pokémon Center would be smart before pushing on.. HOW POKÉMON WORKS (what you\'re playing for): the GOAL is to earn 8 Gym Badges, beat the Elite Four, and roll the credits — that\'s beating the game. You build a TEAM of up to 6 Pokémon you like AND that cover each other (types/roles) — a solo carry with a dead-weight bench is a losing setup; a real trainer fields a balanced, levelled squad. CATCHING wild Pokémon is central (\'gotta catch \'em all\') — you catch to build that team and to fill the Pokédex. When you meet a wild Pokémon, weigh it: is it cool/strong/useful, does it cover a gap, is it better than a bench-warmer? — keep your best ~6, and build a squad you actually like. THE ARC: build a team -> beat the 8 gyms prepared -> Elite Four -> credits. ALSO NORMAL: you entered your own name (and your rival\'s) when the game began — people in this world knowing your names is ordinary, not a mystery to react to. RIGHT NOW your team is thin/lopsided (a strong lead but weak or too few others) — that\'s why tough trainers wall you. Building up a real squad (catch a good new teammate, level the weak ones) is how a prepared trainer gets past these. THE MAIN QUEST IS A FIXED PATH you\'re always on: beat the 8 Gym Leaders in order, then the Elite Four, then you win the game. You\'re on GYM 2 of 8 — next is Misty in Cerulean City. The road forward leads there: until you\'ve won you are ALWAYS making progress toward the next gym. Grinding/catching/detours are fine — but ONLY with a clear purpose, and then you GET BACK ON THE ROAD to Cerulean City. Never just circle the same grass. Word on the road about Misty: she runs WATER-types — a whole gym over a pool; grass and electric do the work YOUR STORY SO FAR (what you\'ve actually done — your past, not the future): You started in Pallet Town, crossed Route 1-2 and Viridian Forest, and beat Brock in Pewter City for the Boulder Badge. Now you\'re pushing on toward the next gym.. Next on my list: catch an abra around Route 24 / Route 25. It grows into my alakazam — that\'s my answer for Erika AND Koga down the line. Grabbing it now, before I need it.. THINGS YOU\'VE HEARD AND READ (from people and signs — your own notes, use them when they point somewhere): "The people here were robbed. It\'s obvious that TEAM ROCKET is behind this most heinous crime! Even our POLICE FORCE has trouble with the ROCKETS!"; "What? I\'m waiting for my friends to find me here."; "POK. BALL, and you want 1. That will be .200. Okay?"; "POK. BALL? Certainly. How many would you like?". YOUR PLAN — right now: get ekans and spearow to ~L17. Next: Make your way to Cerulean City. Bigger picture: Reach Cerulean City, beat Misty for the Cascade Badge. Your team right now: wartortle (L22), ekans (L10), rattata (L10), spearow (L10). Remember YOU are the one playing this — narrate your plan to chat in your own voice (first person: "I\'m grinding", "my team"), and never ask anyone what you\'re doing or who\'s on your team — you know.', 'progress': "1 badge(s) earned (Boulder). Next gym: Misty of Cerulean City. Pokédex: 5 caught. She's one badge in — the adventure's really starting (of 8 badges, then the Elite Four).", 'party': 'wartortle (L22), ekans (L10), rattata (L10), spearow (L10)', 'goal': {'short': 'get ekans and spearow to ~L17', 'medium': 'Make your way to Cerulean City', 'long': 'Reach Cerulean City, beat Misty for the Cascade Badge'}} options=['head_to_gym', 'heal', 'battle', 'wander_catch', 'travel:3,21', 'travel:3,43', 'travel:3,27', 'travel:3,20', 'travel:3,26']

   [kira-voice] ORACLE kind=action options=['head_to_gym', 'heal', 'battle', 'wander_catch', 'travel:3,21', 'travel:3,43', 'travel:3,27', 'travel:3,20', 'travel:3,26'] -> pick='heal'

   [campaign]    [soul] ORACLE pick -> 'heal'

   [campaign]    [roam] DECISION THINK: 2935ms (world stayed live — pumped idle, not a freeze)

   [campaign]    [roam] PICK OUT: heal

   [campaign]    [roam] RATIONALE: Topping up at a Pokémon Center, then back on the road then on to Cerulean City for Misty.

   [campaign]    HEAL: own Center door (12, 5) UNREACHABLE from (85, 15) on (3, 22) -> crossing to an adjacent city to heal

   [campaign]    HEAL-EXCURSION: lead at (30, 63) - crossing east to (3, 3) to heal

   [Bridge] INPUT OWNER = 'agent' (sole writer; others dropped+logged)

   [travel] start map=(3, 22) coords=(85, 15) -> map (3, 3) (budget 120s)

   [travel] east connection band rows: [2, 3, 4, 5, 10, 11, 12]

   [travel] step 0: (85, 15)->(85, 16) map=(3, 22) (path 31 to exit)

   [travel] step 10: (91, 15)->(92, 15) map=(3, 22) (path 21 to exit)

   [travel] step 20: (98, 12)->(99, 12) map=(3, 22) (path 11 to exit)

   [travel] MAP TRANSITION (3, 22) -> (3, 3)

   [campaign]    [world] learned 14 warp(s) on (3, 3): (10, 11)->(7, 0), (30, 11)->(7, 1), (15, 17)->(7, 2), (22, 19)->(7, 3), (31, 21)->(7, 5), (13, 28)->(7, 6)

   [travel] east connection band rows: [0, 1, 2, 3, 4, 5, 6, 7, 8, 9, 11, 16, 18, 19, 21, 30, 31, 32, 33, 34, 35, 36, 37, 38, 39]

   [travel] ARRIVED at target map (3, 3) coords=(0, 22)

   [campaign]    HEAL: lead at 24/63 -> routing to the Pokemon Center on (3, 3) via door (22, 19) (will return to (0, 22))

   [Bridge] INPUT OWNER = 'agent' (sole writer; others dropped+logged)

   [kira-voice] -> T1·brisk· (beat) 'made it to a new area'  fired=True  [age 0.0s + post 3ms]

   [travel] start map=(3, 3) coords=(0, 22) -> coord (22, 20) (budget 120s)

   [travel] north connection band cols: [0, 1, 2, 3, 4, 5, 6, 7, 8, 9, 10, 11, 22, 23, 24, 26, 27, 28, 36, 37, 38, 39, 40, 41, 42, 43, 44, 45, 46, 47, 48]

   [travel] step 0: (0, 22)->(0, 21) map=(3, 3) (path 25 to exit)

   [travel] step 10: (8, 20)->(9, 20) map=(3, 3) (path 15 to exit)

   [travel] step 20: (18, 20)->(19, 20) map=(3, 3) (path 5 to exit)

   [travel] reached target coord (22, 20)

   [Bridge] INPUT OWNER = 'agent' (sole writer; others dropped+logged)

   [dialogue] +++ 'Welcome to our POK.MON CENTER! Would you like me to heal your POK.MON back to perfect health?'  tags=[]

   [kira-voice] -> T1·brisk· (dialogue) 'you read: "Welcome to our POK.MON CENTER! Would you like me to heal your POK.MON back to perfect health?"'  fired=True  [age 0.0s + post 4ms]

   [dialogue] +++ "Okay, I'll take your POK.MON for a few seconds."  tags=[]

   [kira-voice] -> T1·brisk· (dialogue) 'you read: "Okay, I\'ll take your POK.MON for a few seconds."'  fired=True  [age 0.0s + post 5ms]

   [dialogue] +++ "Thank you for waiting. We've restored your POK.MON to full health."  tags=[]

   [kira-voice] -> T1·brisk· (dialogue) 'you read: "Thank you for waiting. We\'ve restored your POK.MON to full health."'  fired=True  [age 0.0s + post 4ms]

   [campaign]    HEAL: restored party to full (lead was 24/63)

   [Bridge] INPUT OWNER = 'agent' (sole writer; others dropped+logged)

   [Bridge] INPUT OWNER = 'agent' (sole writer; others dropped+logged)

   [travel] start map=(7, 3) coords=(7, 4) -> coord (7, 7) (budget 60s)

   [travel] north connection band cols: [0, 1, 2, 3, 4, 5, 6, 7, 8, 9, 10, 11, 12, 13, 14, 15]

   [dialogue] +++ 'We hope to see you again!'  tags=[]

   [kira-voice] -> T1·brisk· (dialogue) 'you read: "We hope to see you again!"'  fired=True  [age 0.0s + post 19ms]

   [travel] path blocked at (7, 4) (NPC on the gap?) - waiting

   [travel] no clean path from (7, 4); NPC-allowing path EXISTS (len 4), blocker NPC tile=None, npcs nearby=[(3, 3), (4, 4), (5, 8), (7, 2), (12, 5)] -> approaching to interact/trigger

   [travel] reached target coord (7, 7)

   [campaign]    directional warp (7, 8) (behavior 0x65) entered via DOWN

   [campaign]    [world] learned 14 warp(s) on (3, 3): (10, 11)->(7, 0), (30, 11)->(7, 1), (15, 17)->(7, 2), (22, 19)->(7, 3), (31, 21)->(7, 5), (13, 28)->(7, 6)

   [campaign]    EXIT-BUILDING: (7, 3) -> (3, 3)@(22, 20)

   [campaign]    HEAL: exited Center -> map=(3, 3) coords=(22, 20)

   [Bridge] INPUT OWNER = 'agent' (sole writer; others dropped+logged)

   [Bridge] INPUT OWNER = 'agent' (sole writer; others dropped+logged)

   [travel] start map=(3, 3) coords=(22, 20) -> coord (0, 22) (budget 120s)

   [travel] north connection band cols: [0, 1, 2, 3, 4, 5, 6, 7, 8, 9, 10, 11, 22, 23, 24, 26, 27, 28, 36, 37, 38, 39, 40, 41, 42, 43, 44, 45, 46, 47, 48]

   [travel] step 0: (22, 20)->(22, 21) map=(3, 3) (path 25 to exit)

   [travel] step 10: (14, 22)->(13, 22) map=(3, 3) (path 15 to exit)

   [travel] step 20: (4, 22)->(3, 22) map=(3, 3) (path 5 to exit)

   [travel] reached target coord (0, 22)

   [campaign]    HEAL: returned toward (0, 22) -> arrived (now (0, 22))

   [Bridge] INPUT OWNER = 'agent' (sole writer; others dropped+logged)

   [travel] start map=(3, 3) coords=(0, 22) -> map (3, 22) (budget 120s)

   [travel] west connection band rows: [0, 1, 2, 3, 4, 5, 6, 7, 8, 9, 13, 14, 20, 21, 22, 30, 31, 32, 33, 34, 35, 36, 37, 38, 39]

   [travel] MAP TRANSITION (3, 3) -> (3, 22)

   [campaign]    [world] learned 3 warp(s) on (3, 22): (19, 5)->(1, 1), (32, 5)->(1, 2), (12, 5)->(16, 0)

   [travel] west connection band rows: [0, 1, 2, 3, 4, 5, 6, 7, 8, 9, 10, 11, 12, 13, 14, 15, 16, 17, 18, 19]

   [travel] ARRIVED at target map (3, 22) coords=(107, 12)

   [kira-voice] ·dedup· (repeat text, T1, looping?) 'made it to a new area'

   [campaign]    HEAL-EXCURSION: healed + back on (3, 22) at (107, 12)

   [campaign]    [roam] RESULT: heal -> ok | pos (3, 22)(85, 15) -> (3, 22)(107, 12) (MOVED)

   [kira-voice] -> T2·savor· (heal) "okay — patched up and ready. let's go."  fired=True  [age 0.0s + post 17ms]

   [campaign]    [world] learned 3 warp(s) on (3, 22): (19, 5)->(1, 1), (32, 5)->(1, 2), (12, 5)->(16, 0)

   [campaign]    [roam] LOPSIDED-DBG: floor=10 lead=22 ms=22 prep_t=14 ms_gap=12 ace_gap=12 done=[]

   [campaign] -- ROAM TICK 3/100000000 --

   [campaign]    [roam] STATE IN: Route 4 (107, 12) | badges=1 (Boulder) | party=[wartortle L22, ekans L10, rattata L10, spearow L10] | 1 badge(s) earned (Boulder). Next gym: Misty of Cerulean City. Pokédex: 5 caught. She's one badge in — the adventure's really starting (of 8 badges, then the Elite Four).

   [campaign]    [roam] PROGRESS: GREEN (unchanged 0 ticks) | fp[(3, 22) (107,12) f3 -- badge1 $1348 party:ef08 bag:7a57]

   [campaign]    [roam] OPTIONS OFFERED: ['head_to_gym', 'battle', 'wander_catch', 'talk_npc', 'travel:3,21', 'travel:3,43', 'travel:3,27', 'travel:3,20', 'travel:3,26', 'fetch_keeper']

   [campaign]    [soul] ORACLE decision: kind=action ctx={'place': 'You\'re on Route 4 — outdoors under open sky (a town with a Pokémon Center; tall grass around — wild Pokémon live in it).. From here: SOUTH → Route 3 — wild Pokémon to catch/train; EAST → Cerulean City — a Mart, a Pokémon Center. Places you\'ve been with wild Pokémon you can walk back to: Route 24; an unfamiliar area; Route 2. You can walk to anywhere you\'ve already been.. HOW POKÉMON WORKS (what you\'re playing for): the GOAL is to earn 8 Gym Badges, beat the Elite Four, and roll the credits — that\'s beating the game. You build a TEAM of up to 6 Pokémon you like AND that cover each other (types/roles) — a solo carry with a dead-weight bench is a losing setup; a real trainer fields a balanced, levelled squad. CATCHING wild Pokémon is central (\'gotta catch \'em all\') — you catch to build that team and to fill the Pokédex. When you meet a wild Pokémon, weigh it: is it cool/strong/useful, does it cover a gap, is it better than a bench-warmer? — keep your best ~6, and build a squad you actually like. THE ARC: build a team -> beat the 8 gyms prepared -> Elite Four -> credits. ALSO NORMAL: you entered your own name (and your rival\'s) when the game began — people in this world knowing your names is ordinary, not a mystery to react to. RIGHT NOW your team is thin/lopsided (a strong lead but weak or too few others) — that\'s why tough trainers wall you. Building up a real squad (catch a good new teammate, level the weak ones) is how a prepared trainer gets past these. THE MAIN QUEST IS A FIXED PATH you\'re always on: beat the 8 Gym Leaders in order, then the Elite Four, then you win the game. You\'re on GYM 2 of 8 — next is Misty in Cerulean City. The road forward leads there: until you\'ve won you are ALWAYS making progress toward the next gym. Grinding/catching/detours are fine — but ONLY with a clear purpose, and then you GET BACK ON THE ROAD to Cerulean City. Never just circle the same grass. Word on the road about Misty: she runs WATER-types — a whole gym over a pool; grass and electric do the work YOUR STORY SO FAR (what you\'ve actually done — your past, not the future): You started in Pallet Town, crossed Route 1-2 and Viridian Forest, and beat Brock in Pewter City for the Boulder Badge. Now you\'re pushing on toward the next gym.. Next on my list: catch an abra around Route 24 / Route 25. It grows into my alakazam — that\'s my answer for Erika AND Koga down the line. Grabbing it now, before I need it.. THINGS YOU\'VE HEARD AND READ (from people and signs — your own notes, use them when they point somewhere): "The people here were robbed. It\'s obvious that TEAM ROCKET is behind this most heinous crime! Even our POLICE FORCE has trouble with the ROCKETS!"; "What? I\'m waiting for my friends to find me here."; "POK. BALL, and you want 1. That will be .200. Okay?"; "POK. BALL? Certainly. How many would you like?". YOUR PLAN — right now: get ekans and spearow to ~L17. Next: Make your way to Cerulean City. Bigger picture: Reach Cerulean City, beat Misty for the Cascade Badge. Your team right now: wartortle (L22), ekans (L10), rattata (L10), spearow (L10). Remember YOU are the one playing this — narrate your plan to chat in your own voice (first person: "I\'m grinding", "my team"), and never ask anyone what you\'re doing or who\'s on your team — you know.', 'progress': "1 badge(s) earned (Boulder). Next gym: Misty of Cerulean City. Pokédex: 5 caught. She's one badge in — the adventure's really starting (of 8 badges, then the Elite Four).", 'party': 'wartortle (L22), ekans (L10), rattata (L10), spearow (L10)', 'goal': {'short': 'get ekans and spearow to ~L17', 'medium': 'Make your way to Cerulean City', 'long': 'Reach Cerulean City, beat Misty for the Cascade Badge'}} options=['head_to_gym', 'battle', 'wander_catch', 'talk_npc', 'travel:3,21', 'travel:3,43', 'travel:3,27', 'travel:3,20', 'travel:3,26', 'fetch_keeper']

   [kira-voice] ORACLE kind=action options=['head_to_gym', 'battle', 'wander_catch', 'talk_npc', 'travel:3,21', 'travel:3,43', 'travel:3,27', 'travel:3,20', 'travel:3,26', 'fetch_keeper'] -> pick='battle'

   [campaign]    [soul] ORACLE pick -> 'battle'

   [campaign]    [roam] DECISION THINK: 2479ms (world stayed live — pumped idle, not a freeze)

   [campaign]    [roam] PICK OUT: battle

   [campaign]    [roam] RATIONALE: Team's under-levelled — grinding ekans, rattata and spearow up to ~L14 (fielding them, not my ace) so I can push through, then on to Cerulean City for Misty.

   [campaign]    GRIND-WEAK: team floor under L14 — fielding the weak ones (not the ace) to raise the team's floor; levels now [22, 10, 10, 10]

   [campaign]    GRIND-WEAK: fielding slot 1 (L10) as lead to train it

   [campaign]    GRIND-WEAK: swap 0<->1 verified — ekans now leads

   [campaign]    GRIND: Lv10 < 14 - heading to the grass to train [FRAGILE: reachable grass only]

   [kira-voice] -> T1·brisk· (grind) "training time — ekans leads so it soaks up the XP, and if things get hairy my L22 closer steps in to finish. that's the trick."  fired=True  [age 0.0s + post 17ms]

   [Bridge] INPUT OWNER = 'agent' (sole writer; others dropped+logged)

   [travel] start map=(3, 22) coords=(107, 12) -> coord (87, 13) (budget 80s)

   [travel] north connection band cols: [0, 1, 2, 3, 4, 5, 6, 7, 8, 9, 10, 11, 12, 13, 14, 15, 16, 17, 18, 19, 20, 21, 22, 23, 24, 25, 26, 27, 28, 29, 30, 31, 32, 33, 34, 35, 36, 37, 38, 39, 40, 41, 42, 43, 44, 45, 46, 47, 48, 49, 50, 51, 52, 53, 54, 55, 56, 57, 58, 59, 60, 61, 62, 63, 64, 65, 66, 67, 68, 69, 70, 71, 72, 73, 74, 75, 76, 77, 78, 79, 80, 81, 82, 83, 84, 85, 86, 87, 88, 89, 90, 91, 92, 93, 94, 95, 96, 97, 98, 99, 100, 101, 102, 103, 104, 105, 106, 107]

   [travel] step 0: (107, 12)->(106, 12) map=(3, 22) (path 29 to exit)

   [travel] step 10: (97, 12)->(96, 12) map=(3, 22) (path 19 to exit)

   [travel] step 20: (92, 17)->(91, 17) map=(3, 22) (path 10 to exit)

   [travel] reached target coord (87, 13)

   [Bridge] INPUT OWNER = 'agent' (sole writer; others dropped+logged)

   [travel] start map=(3, 22) coords=(87, 13) -> coord (87, 14) (budget 80s)

   [travel] north connection band cols: [0, 1, 2, 3, 4, 5, 6, 7, 8, 9, 10, 11, 12, 13, 14, 15, 16, 17, 18, 19, 20, 21, 22, 23, 24, 25, 26, 27, 28, 29, 30, 31, 32, 33, 34, 35, 36, 37, 38, 39, 40, 41, 42, 43, 44, 45, 46, 47, 48, 49, 50, 51, 52, 53, 54, 55, 56, 57, 58, 59, 60, 61, 62, 63, 64, 65, 66, 67, 68, 69, 70, 71, 72, 73, 74, 75, 76, 77, 78, 79, 80, 81, 82, 83, 84, 85, 86, 87, 88, 89, 90, 91, 92, 93, 94, 95, 96, 97, 98, 99, 100, 101, 102, 103, 104, 105, 106, 107]

   [travel] step 0: (87, 13)->(87, 14) map=(3, 22) (path 2 to exit)

   [travel] reached target coord (87, 14)

   [Bridge] INPUT OWNER = 'agent' (sole writer; others dropped+logged)

   [travel] start map=(3, 22) coords=(87, 14) -> coord (85, 12) (budget 80s)

   [travel] north connection band cols: [0, 1, 2, 3, 4, 5, 6, 7, 8, 9, 10, 11, 12, 13, 14, 15, 16, 17, 18, 19, 20, 21, 22, 23, 24, 25, 26, 27, 28, 29, 30, 31, 32, 33, 34, 35, 36, 37, 38, 39, 40, 41, 42, 43, 44, 45, 46, 47, 48, 49, 50, 51, 52, 53, 54, 55, 56, 57, 58, 59, 60, 61, 62, 63, 64, 65, 66, 67, 68, 69, 70, 71, 72, 73, 74, 75, 76, 77, 78, 79, 80, 81, 82, 83, 84, 85, 86, 87, 88, 89, 90, 91, 92, 93, 94, 95, 96, 97, 98, 99, 100, 101, 102, 103, 104, 105, 106, 107]

   [travel] step 0: (87, 14)->(87, 13) map=(3, 22) (path 5 to exit)

   [campaign]    [roam] watchdog: SCENE callback owns the screen (evolution/naming/cutscene) — deliberate stillness, watch resets until the world returns

   [travel] path blocked at (85, 13) (NPC on the gap?) - waiting

   [travel] ENCOUNTER -> on-time beat, warm up, hand off

   [kira-voice] -> T1·brisk· (beat) 'a wild Pokemon leaps out at you'  fired=True  [age 0.0s + post 4ms]

   [Bridge] INPUT OWNER = 'agent' (sole writer; others dropped+logged)

   [kira-voice] -> T1·brisk· (event) 'a battle started against rattata — your ekans is up front'  fired=True  [age 0.0s + post 3ms]

   [kira-voice] ·floor· (<1s since last) T2 'the trainer sent out rattata'

   [kira-voice] -> T1·brisk· (event) "ekans showed up for the XP share — now wartortle takes it from here. that's how you train a rookie."  fired=True  [age 0.0s + post 2ms]

   [kira-voice] -> T1·brisk· (event) 'your wartortle used Bite - a solid hit'  fired=True  [age 0.0s + post 12ms]

   [kira-voice] -> T1·brisk· (event) "the enemy's rattata went down to your wartortle — that's the battle, you won"  fired=True  [age 0.0s + post 2ms]

   [Bridge] INPUT OWNER = 'agent' (sole writer; others dropped+logged)

   [travel] battle outcome=win; resuming pathfind

   [Bridge] INPUT OWNER = 'agent' (sole writer; others dropped+logged)

   [kira-voice] -> T1·brisk· (beat) 'Route 4 stretches toward the mountains, the air drier here'  fired=True  [age 0.0s + post 4ms]

   [travel] reached target coord (85, 12)

   [Bridge] INPUT OWNER = 'agent' (sole writer; others dropped+logged)

   [travel] start map=(3, 22) coords=(85, 12) -> coord (86, 13) (budget 80s)

   [travel] north connection band cols: [0, 1, 2, 3, 4, 5, 6, 7, 8, 9, 10, 11, 12, 13, 14, 15, 16, 17, 18, 19, 20, 21, 22, 23, 24, 25, 26, 27, 28, 29, 30, 31, 32, 33, 34, 35, 36, 37, 38, 39, 40, 41, 42, 43, 44, 45, 46, 47, 48, 49, 50, 51, 52, 53, 54, 55, 56, 57, 58, 59, 60, 61, 62, 63, 64, 65, 66, 67, 68, 69, 70, 71, 72, 73, 74, 75, 76, 77, 78, 79, 80, 81, 82, 83, 84, 85, 86, 87, 88, 89, 90, 91, 92, 93, 94, 95, 96, 97, 98, 99, 100, 101, 102, 103, 104, 105, 106, 107]

   [travel] step 0: (85, 12)->(85, 13) map=(3, 22) (path 3 to exit)

   [travel] reached target coord (86, 13)

   [Bridge] INPUT OWNER = 'agent' (sole writer; others dropped+logged)

   [travel] start map=(3, 22) coords=(86, 13) -> coord (87, 13) (budget 80s)

   [travel] north connection band cols: [0, 1, 2, 3, 4, 5, 6, 7, 8, 9, 10, 11, 12, 13, 14, 15, 16, 17, 18, 19, 20, 21, 22, 23, 24, 25, 26, 27, 28, 29, 30, 31, 32, 33, 34, 35, 36, 37, 38, 39, 40, 41, 42, 43, 44, 45, 46, 47, 48, 49, 50, 51, 52, 53, 54, 55, 56, 57, 58, 59, 60, 61, 62, 63, 64, 65, 66, 67, 68, 69, 70, 71, 72, 73, 74, 75, 76, 77, 78, 79, 80, 81, 82, 83, 84, 85, 86, 87, 88, 89, 90, 91, 92, 93, 94, 95, 96, 97, 98, 99, 100, 101, 102, 103, 104, 105, 106, 107]

   [travel] step 0: (86, 13)->(87, 13) map=(3, 22) (path 2 to exit)

   [travel] reached target coord (87, 13)

   [Bridge] INPUT OWNER = 'agent' (sole writer; others dropped+logged)

   [travel] start map=(3, 22) coords=(87, 13) -> coord (85, 13) (budget 80s)

   [travel] north connection band cols: [0, 1, 2, 3, 4, 5, 6, 7, 8, 9, 10, 11, 12, 13, 14, 15, 16, 17, 18, 19, 20, 21, 22, 23, 24, 25, 26, 27, 28, 29, 30, 31, 32, 33, 34, 35, 36, 37, 38, 39, 40, 41, 42, 43, 44, 45, 46, 47, 48, 49, 50, 51, 52, 53, 54, 55, 56, 57, 58, 59, 60, 61, 62, 63, 64, 65, 66, 67, 68, 69, 70, 71, 72, 73, 74, 75, 76, 77, 78, 79, 80, 81, 82, 83, 84, 85, 86, 87, 88, 89, 90, 91, 92, 93, 94, 95, 96, 97, 98, 99, 100, 101, 102, 103, 104, 105, 106, 107]

   [travel] step 0: (87, 13)->(86, 13) map=(3, 22) (path 3 to exit)

   [travel] reached target coord (85, 13)

   [Bridge] INPUT OWNER = 'agent' (sole writer; others dropped+logged)

   [travel] start map=(3, 22) coords=(85, 13) -> coord (86, 14) (budget 80s)

   [travel] north connection band cols: [0, 1, 2, 3, 4, 5, 6, 7, 8, 9, 10, 11, 12, 13, 14, 15, 16, 17, 18, 19, 20, 21, 22, 23, 24, 25, 26, 27, 28, 29, 30, 31, 32, 33, 34, 35, 36, 37, 38, 39, 40, 41, 42, 43, 44, 45, 46, 47, 48, 49, 50, 51, 52, 53, 54, 55, 56, 57, 58, 59, 60, 61, 62, 63, 64, 65, 66, 67, 68, 69, 70, 71, 72, 73, 74, 75, 76, 77, 78, 79, 80, 81, 82, 83, 84, 85, 86, 87, 88, 89, 90, 91, 92, 93, 94, 95, 96, 97, 98, 99, 100, 101, 102, 103, 104, 105, 106, 107]

   [travel] step 0: (85, 13)->(85, 14) map=(3, 22) (path 3 to exit)

   [travel] reached target coord (86, 14)

   [Bridge] INPUT OWNER = 'agent' (sole writer; others dropped+logged)

   [travel] start map=(3, 22) coords=(86, 14) -> coord (86, 15) (budget 80s)

   [travel] north connection band cols: [0, 1, 2, 3, 4, 5, 6, 7, 8, 9, 10, 11, 12, 13, 14, 15, 16, 17, 18, 19, 20, 21, 22, 23, 24, 25, 26, 27, 28, 29, 30, 31, 32, 33, 34, 35, 36, 37, 38, 39, 40, 41, 42, 43, 44, 45, 46, 47, 48, 49, 50, 51, 52, 53, 54, 55, 56, 57, 58, 59, 60, 61, 62, 63, 64, 65, 66, 67, 68, 69, 70, 71, 72, 73, 74, 75, 76, 77, 78, 79, 80, 81, 82, 83, 84, 85, 86, 87, 88, 89, 90, 91, 92, 93, 94, 95, 96, 97, 98, 99, 100, 101, 102, 103, 104, 105, 106, 107]

   [travel] step 0: (86, 14)->(86, 15) map=(3, 22) (path 2 to exit)

   [travel] reached target coord (86, 15)

   [Bridge] INPUT OWNER = 'agent' (sole writer; others dropped+logged)

   [travel] start map=(3, 22) coords=(86, 15) -> coord (86, 14) (budget 80s)

   [travel] north connection band cols: [0, 1, 2, 3, 4, 5, 6, 7, 8, 9, 10, 11, 12, 13, 14, 15, 16, 17, 18, 19, 20, 21, 22, 23, 24, 25, 26, 27, 28, 29, 30, 31, 32, 33, 34, 35, 36, 37, 38, 39, 40, 41, 42, 43, 44, 45, 46, 47, 48, 49, 50, 51, 52, 53, 54, 55, 56, 57, 58, 59, 60, 61, 62, 63, 64, 65, 66, 67, 68, 69, 70, 71, 72, 73, 74, 75, 76, 77, 78, 79, 80, 81, 82, 83, 84, 85, 86, 87, 88, 89, 90, 91, 92, 93, 94, 95, 96, 97, 98, 99, 100, 101, 102, 103, 104, 105, 106, 107]

   [campaign]    [roam] watchdog: SCENE callback owns the screen (evolution/naming/cutscene) — deliberate stillness, watch resets until the world returns

   [travel] path blocked at (86, 15) (NPC on the gap?) - waiting

   [travel] ENCOUNTER -> on-time beat, warm up, hand off

   [kira-voice] ·dedup· (repeat text, T1, looping?) 'a wild Pokemon leaps out at you'

   [Bridge] INPUT OWNER = 'agent' (sole writer; others dropped+logged)

   [kira-voice] ·dedup· (repeat text, T1, looping?) 'a battle started against rattata — your ekans is up front'

   [kira-voice] -> T2·savor· (event) 'the trainer sent out rattata'  fired=True  [age 0.0s + post 3ms]

   [kira-voice] ·dedup· (repeat text, T1, looping?) "ekans showed up for the XP share — now wartortle takes it from here. that's how you train a rookie."

   [kira-voice] ·dedup· (repeat text, T1, looping?) "the enemy's rattata went down to your wartortle — that's the battle, you won"

   [kira-voice] -> T2·savor· (event) 'my wartortle just leveled up to level 23'  fired=True  [age 0.0s + post 3ms]

   [Bridge] INPUT OWNER = 'agent' (sole writer; others dropped+logged)

   [travel] battle outcome=win; resuming pathfind

   [Bridge] INPUT OWNER = 'agent' (sole writer; others dropped+logged)

   [kira-voice] ·dedup· (repeat text, T1, looping?) 'Route 4 stretches toward the mountains, the air drier here'

   [travel] reached target coord (86, 14)

   [Bridge] INPUT OWNER = 'agent' (sole writer; others dropped+logged)

   [travel] start map=(3, 22) coords=(86, 14) -> coord (86, 16) (budget 80s)

   [travel] north connection band cols: [0, 1, 2, 3, 4, 5, 6, 7, 8, 9, 10, 11, 12, 13, 14, 15, 16, 17, 18, 19, 20, 21, 22, 23, 24, 25, 26, 27, 28, 29, 30, 31, 32, 33, 34, 35, 36, 37, 38, 39, 40, 41, 42, 43, 44, 45, 46, 47, 48, 49, 50, 51, 52, 53, 54, 55, 56, 57, 58, 59, 60, 61, 62, 63, 64, 65, 66, 67, 68, 69, 70, 71, 72, 73, 74, 75, 76, 77, 78, 79, 80, 81, 82, 83, 84, 85, 86, 87, 88, 89, 90, 91, 92, 93, 94, 95, 96, 97, 98, 99, 100, 101, 102, 103, 104, 105, 106, 107]

   [travel] step 0: (86, 14)->(86, 15) map=(3, 22) (path 3 to exit)

   [travel] reached target coord (86, 16)

   [Bridge] INPUT OWNER = 'agent' (sole writer; others dropped+logged)

   [travel] start map=(3, 22) coords=(86, 16) -> coord (87, 15) (budget 80s)

   [travel] north connection band cols: [0, 1, 2, 3, 4, 5, 6, 7, 8, 9, 10, 11, 12, 13, 14, 15, 16, 17, 18, 19, 20, 21, 22, 23, 24, 25, 26, 27, 28, 29, 30, 31, 32, 33, 34, 35, 36, 37, 38, 39, 40, 41, 42, 43, 44, 45, 46, 47, 48, 49, 50, 51, 52, 53, 54, 55, 56, 57, 58, 59, 60, 61, 62, 63, 64, 65, 66, 67, 68, 69, 70, 71, 72, 73, 74, 75, 76, 77, 78, 79, 80, 81, 82, 83, 84, 85, 86, 87, 88, 89, 90, 91, 92, 93, 94, 95, 96, 97, 98, 99, 100, 101, 102, 103, 104, 105, 106, 107]

   [travel] step 0: (86, 16)->(86, 15) map=(3, 22) (path 3 to exit)

   [travel] reached target coord (87, 15)

   [Bridge] INPUT OWNER = 'agent' (sole writer; others dropped+logged)

   [travel] start map=(3, 22) coords=(87, 15) -> coord (85, 15) (budget 80s)

   [travel] north connection band cols: [0, 1, 2, 3, 4, 5, 6, 7, 8, 9, 10, 11, 12, 13, 14, 15, 16, 17, 18, 19, 20, 21, 22, 23, 24, 25, 26, 27, 28, 29, 30, 31, 32, 33, 34, 35, 36, 37, 38, 39, 40, 41, 42, 43, 44, 45, 46, 47, 48, 49, 50, 51, 52, 53, 54, 55, 56, 57, 58, 59, 60, 61, 62, 63, 64, 65, 66, 67, 68, 69, 70, 71, 72, 73, 74, 75, 76, 77, 78, 79, 80, 81, 82, 83, 84, 85, 86, 87, 88, 89, 90, 91, 92, 93, 94, 95, 96, 97, 98, 99, 100, 101, 102, 103, 104, 105, 106, 107]

   [travel] step 0: (87, 15)->(86, 15) map=(3, 22) (path 3 to exit)

   [travel] reached target coord (85, 15)

   [Bridge] INPUT OWNER = 'agent' (sole writer; others dropped+logged)

   [travel] start map=(3, 22) coords=(85, 15) -> coord (86, 15) (budget 80s)

   [travel] north connection band cols: [0, 1, 2, 3, 4, 5, 6, 7, 8, 9, 10, 11, 12, 13, 14, 15, 16, 17, 18, 19, 20, 21, 22, 23, 24, 25, 26, 27, 28, 29, 30, 31, 32, 33, 34, 35, 36, 37, 38, 39, 40, 41, 42, 43, 44, 45, 46, 47, 48, 49, 50, 51, 52, 53, 54, 55, 56, 57, 58, 59, 60, 61, 62, 63, 64, 65, 66, 67, 68, 69, 70, 71, 72, 73, 74, 75, 76, 77, 78, 79, 80, 81, 82, 83, 84, 85, 86, 87, 88, 89, 90, 91, 92, 93, 94, 95, 96, 97, 98, 99, 100, 101, 102, 103, 104, 105, 106, 107]

   [travel] step 0: (85, 15)->(86, 15) map=(3, 22) (path 2 to exit)

   [travel] reached target coord (86, 15)

   [Bridge] INPUT OWNER = 'agent' (sole writer; others dropped+logged)

   [travel] start map=(3, 22) coords=(86, 15) -> coord (84, 15) (budget 80s)

   [travel] north connection band cols: [0, 1, 2, 3, 4, 5, 6, 7, 8, 9, 10, 11, 12, 13, 14, 15, 16, 17, 18, 19, 20, 21, 22, 23, 24, 25, 26, 27, 28, 29, 30, 31, 32, 33, 34, 35, 36, 37, 38, 39, 40, 41, 42, 43, 44, 45, 46, 47, 48, 49, 50, 51, 52, 53, 54, 55, 56, 57, 58, 59, 60, 61, 62, 63, 64, 65, 66, 67, 68, 69, 70, 71, 72, 73, 74, 75, 76, 77, 78, 79, 80, 81, 82, 83, 84, 85, 86, 87, 88, 89, 90, 91, 92, 93, 94, 95, 96, 97, 98, 99, 100, 101, 102, 103, 104, 105, 106, 107]

   [travel] step 0: (86, 15)->(85, 15) map=(3, 22) (path 3 to exit)

   [travel] reached target coord (84, 15)

   [Bridge] INPUT OWNER = 'agent' (sole writer; others dropped+logged)

   [travel] start map=(3, 22) coords=(84, 15) -> coord (85, 14) (budget 80s)

   [travel] north connection band cols: [0, 1, 2, 3, 4, 5, 6, 7, 8, 9, 10, 11, 12, 13, 14, 15, 16, 17, 18, 19, 20, 21, 22, 23, 24, 25, 26, 27, 28, 29, 30, 31, 32, 33, 34, 35, 36, 37, 38, 39, 40, 41, 42, 43, 44, 45, 46, 47, 48, 49, 50, 51, 52, 53, 54, 55, 56, 57, 58, 59, 60, 61, 62, 63, 64, 65, 66, 67, 68, 69, 70, 71, 72, 73, 74, 75, 76, 77, 78, 79, 80, 81, 82, 83, 84, 85, 86, 87, 88, 89, 90, 91, 92, 93, 94, 95, 96, 97, 98, 99, 100, 101, 102, 103, 104, 105, 106, 107]

   [travel] step 0: (84, 15)->(84, 14) map=(3, 22) (path 3 to exit)

   [travel] reached target coord (85, 14)

   [Bridge] INPUT OWNER = 'agent' (sole writer; others dropped+logged)

   [travel] start map=(3, 22) coords=(85, 14) -> coord (85, 16) (budget 80s)

   [travel] north connection band cols: [0, 1, 2, 3, 4, 5, 6, 7, 8, 9, 10, 11, 12, 13, 14, 15, 16, 17, 18, 19, 20, 21, 22, 23, 24, 25, 26, 27, 28, 29, 30, 31, 32, 33, 34, 35, 36, 37, 38, 39, 40, 41, 42, 43, 44, 45, 46, 47, 48, 49, 50, 51, 52, 53, 54, 55, 56, 57, 58, 59, 60, 61, 62, 63, 64, 65, 66, 67, 68, 69, 70, 71, 72, 73, 74, 75, 76, 77, 78, 79, 80, 81, 82, 83, 84, 85, 86, 87, 88, 89, 90, 91, 92, 93, 94, 95, 96, 97, 98, 99, 100, 101, 102, 103, 104, 105, 106, 107]

   [travel] step 0: (85, 14)->(85, 15) map=(3, 22) (path 3 to exit)

   [travel] reached target coord (85, 16)

   [Bridge] INPUT OWNER = 'agent' (sole writer; others dropped+logged)

   [travel] start map=(3, 22) coords=(85, 16) -> coord (85, 17) (budget 80s)

   [travel] north connection band cols: [0, 1, 2, 3, 4, 5, 6, 7, 8, 9, 10, 11, 12, 13, 14, 15, 16, 17, 18, 19, 20, 21, 22, 23, 24, 25, 26, 27, 28, 29, 30, 31, 32, 33, 34, 35, 36, 37, 38, 39, 40, 41, 42, 43, 44, 45, 46, 47, 48, 49, 50, 51, 52, 53, 54, 55, 56, 57, 58, 59, 60, 61, 62, 63, 64, 65, 66, 67, 68, 69, 70, 71, 72, 73, 74, 75, 76, 77, 78, 79, 80, 81, 82, 83, 84, 85, 86, 87, 88, 89, 90, 91, 92, 93, 94, 95, 96, 97, 98, 99, 100, 101, 102, 103, 104, 105, 106, 107]

   [campaign]    [roam] watchdog: SCENE callback owns the screen (evolution/naming/cutscene) — deliberate stillness, watch resets until the world returns

   [travel] path blocked at (85, 16) (NPC on the gap?) - waiting

   [travel] ENCOUNTER -> on-time beat, warm up, hand off

   [kira-voice] ·dedup· (repeat text, T1, looping?) 'a wild Pokemon leaps out at you'

   [Bridge] INPUT OWNER = 'agent' (sole writer; others dropped+logged)

   [kira-voice] -> T1·brisk· (event) 'a battle started against spearow — your ekans is up front'  fired=True  [age 0.0s + post 25ms]

   [kira-voice] ·floor· (<1s since last) T2 'the trainer sent out spearow'

   [kira-voice] ·dedup· (repeat text, T1, looping?) "ekans showed up for the XP share — now wartortle takes it from here. that's how you train a rookie."

   [kira-voice] -> T1·brisk· (event) "the enemy's spearow went down to your wartortle — that's the battle, you won"  fired=True  [age 0.0s + post 4ms]

   [kira-voice] -> T2·savor· (event) 'my ekans just leveled up to level 11'  fired=True  [age 0.0s + post 3ms]

   [Bridge] INPUT OWNER = 'agent' (sole writer; others dropped+logged)

   [travel] battle outcome=win; resuming pathfind

   [Bridge] INPUT OWNER = 'agent' (sole writer; others dropped+logged)

   [kira-voice] ·dedup· (repeat text, T1, looping?) 'Route 4 stretches toward the mountains, the air drier here'

   [travel] reached target coord (85, 17)

   [Bridge] INPUT OWNER = 'agent' (sole writer; others dropped+logged)

   [travel] start map=(3, 22) coords=(85, 17) -> coord (86, 16) (budget 80s)

   [travel] north connection band cols: [0, 1, 2, 3, 4, 5, 6, 7, 8, 9, 10, 11, 12, 13, 14, 15, 16, 17, 18, 19, 20, 21, 22, 23, 24, 25, 26, 27, 28, 29, 30, 31, 32, 33, 34, 35, 36, 37, 38, 39, 40, 41, 42, 43, 44, 45, 46, 47, 48, 49, 50, 51, 52, 53, 54, 55, 56, 57, 58, 59, 60, 61, 62, 63, 64, 65, 66, 67, 68, 69, 70, 71, 72, 73, 74, 75, 76, 77, 78, 79, 80, 81, 82, 83, 84, 85, 86, 87, 88, 89, 90, 91, 92, 93, 94, 95, 96, 97, 98, 99, 100, 101, 102, 103, 104, 105, 106, 107]

   [travel] step 0: (85, 17)->(85, 16) map=(3, 22) (path 3 to exit)

   [travel] reached target coord (86, 16)

   [Bridge] INPUT OWNER = 'agent' (sole writer; others dropped+logged)

   [travel] start map=(3, 22) coords=(86, 16) -> coord (84, 16) (budget 80s)

   [travel] north connection band cols: [0, 1, 2, 3, 4, 5, 6, 7, 8, 9, 10, 11, 12, 13, 14, 15, 16, 17, 18, 19, 20, 21, 22, 23, 24, 25, 26, 27, 28, 29, 30, 31, 32, 33, 34, 35, 36, 37, 38, 39, 40, 41, 42, 43, 44, 45, 46, 47, 48, 49, 50, 51, 52, 53, 54, 55, 56, 57, 58, 59, 60, 61, 62, 63, 64, 65, 66, 67, 68, 69, 70, 71, 72, 73, 74, 75, 76, 77, 78, 79, 80, 81, 82, 83, 84, 85, 86, 87, 88, 89, 90, 91, 92, 93, 94, 95, 96, 97, 98, 99, 100, 101, 102, 103, 104, 105, 106, 107]

   [travel] step 0: (86, 16)->(85, 16) map=(3, 22) (path 3 to exit)

   [travel] reached target coord (84, 16)

   [Bridge] INPUT OWNER = 'agent' (sole writer; others dropped+logged)

   [travel] start map=(3, 22) coords=(84, 16) -> coord (85, 15) (budget 80s)

   [travel] north connection band cols: [0, 1, 2, 3, 4, 5, 6, 7, 8, 9, 10, 11, 12, 13, 14, 15, 16, 17, 18, 19, 20, 21, 22, 23, 24, 25, 26, 27, 28, 29, 30, 31, 32, 33, 34, 35, 36, 37, 38, 39, 40, 41, 42, 43, 44, 45, 46, 47, 48, 49, 50, 51, 52, 53, 54, 55, 56, 57, 58, 59, 60, 61, 62, 63, 64, 65, 66, 67, 68, 69, 70, 71, 72, 73, 74, 75, 76, 77, 78, 79, 80, 81, 82, 83, 84, 85, 86, 87, 88, 89, 90, 91, 92, 93, 94, 95, 96, 97, 98, 99, 100, 101, 102, 103, 104, 105, 106, 107]

   [campaign]    [roam] watchdog: SCENE callback owns the screen (evolution/naming/cutscene) — deliberate stillness, watch resets until the world returns

   [travel] ENCOUNTER -> on-time beat, warm up, hand off

   [kira-voice] -> T1·brisk· (beat) 'a wild Pokemon leaps out at you'  fired=True  [age 0.0s + post 4ms]

   [Bridge] INPUT OWNER = 'agent' (sole writer; others dropped+logged)

   [kira-voice] -> T1·brisk· (event) 'a battle started against rattata — your ekans is up front'  fired=True  [age 0.0s + post 3ms]

   [kira-voice] ·floor· (<1s since last) T2 'the trainer sent out rattata'

   [kira-voice] -> T1·brisk· (event) "ekans showed up for the XP share — now wartortle takes it from here. that's how you train a rookie."  fired=True  [age 0.0s + post 2ms]

   [kira-voice] -> T1·brisk· (event) "the enemy's rattata went down to your wartortle — that's the battle, you won"  fired=True  [age 0.0s + post 16ms]

   [Bridge] INPUT OWNER = 'agent' (sole writer; others dropped+logged)

   [travel] battle outcome=win; resuming pathfind

   [Bridge] INPUT OWNER = 'agent' (sole writer; others dropped+logged)

   [kira-voice] -> T1·brisk· (beat) 'Route 4 stretches toward the mountains, the air drier here'  fired=True  [age 0.0s + post 5ms]

   [travel] reached target coord (85, 15)

   [campaign]    GRIND: trained to Lv11 (target 14)

   [campaign]    GRIND-WEAK: fielding slot 3 (L10) as lead to train it

   [campaign]    GRIND-WEAK: swap 0<->3 verified — spearow now leads

   [kira-voice] ·floor· (<1s since last) T1 "training time — spearow leads so it soaks up the XP, and if things get hairy my L23 closer steps in to finish. that's the trick."

   [campaign]    GRIND: Lv10 < 14 - heading to the grass to train [FRAGILE: reachable grass only]

   [Bridge] INPUT OWNER = 'agent' (sole writer; others dropped+logged)

   [travel] start map=(3, 22) coords=(85, 15) -> coord (86, 15) (budget 80s)

   [travel] north connection band cols: [0, 1, 2, 3, 4, 5, 6, 7, 8, 9, 10, 11, 12, 13, 14, 15, 16, 17, 18, 19, 20, 21, 22, 23, 24, 25, 26, 27, 28, 29, 30, 31, 32, 33, 34, 35, 36, 37, 38, 39, 40, 41, 42, 43, 44, 45, 46, 47, 48, 49, 50, 51, 52, 53, 54, 55, 56, 57, 58, 59, 60, 61, 62, 63, 64, 65, 66, 67, 68, 69, 70, 71, 72, 73, 74, 75, 76, 77, 78, 79, 80, 81, 82, 83, 84, 85, 86, 87, 88, 89, 90, 91, 92, 93, 94, 95, 96, 97, 98, 99, 100, 101, 102, 103, 104, 105, 106, 107]

   [travel] step 0: (85, 15)->(86, 15) map=(3, 22) (path 2 to exit)

   [travel] reached target coord (86, 15)

   [Bridge] INPUT OWNER = 'agent' (sole writer; others dropped+logged)

   [travel] start map=(3, 22) coords=(86, 15) -> coord (84, 15) (budget 80s)

   [travel] north connection band cols: [0, 1, 2, 3, 4, 5, 6, 7, 8, 9, 10, 11, 12, 13, 14, 15, 16, 17, 18, 19, 20, 21, 22, 23, 24, 25, 26, 27, 28, 29, 30, 31, 32, 33, 34, 35, 36, 37, 38, 39, 40, 41, 42, 43, 44, 45, 46, 47, 48, 49, 50, 51, 52, 53, 54, 55, 56, 57, 58, 59, 60, 61, 62, 63, 64, 65, 66, 67, 68, 69, 70, 71, 72, 73, 74, 75, 76, 77, 78, 79, 80, 81, 82, 83, 84, 85, 86, 87, 88, 89, 90, 91, 92, 93, 94, 95, 96, 97, 98, 99, 100, 101, 102, 103, 104, 105, 106, 107]

   [travel] step 0: (86, 15)->(85, 15) map=(3, 22) (path 3 to exit)

   [travel] reached target coord (84, 15)

   [Bridge] INPUT OWNER = 'agent' (sole writer; others dropped+logged)

   [travel] start map=(3, 22) coords=(84, 15) -> coord (85, 14) (budget 80s)

   [travel] north connection band cols: [0, 1, 2, 3, 4, 5, 6, 7, 8, 9, 10, 11, 12, 13, 14, 15, 16, 17, 18, 19, 20, 21, 22, 23, 24, 25, 26, 27, 28, 29, 30, 31, 32, 33, 34, 35, 36, 37, 38, 39, 40, 41, 42, 43, 44, 45, 46, 47, 48, 49, 50, 51, 52, 53, 54, 55, 56, 57, 58, 59, 60, 61, 62, 63, 64, 65, 66, 67, 68, 69, 70, 71, 72, 73, 74, 75, 76, 77, 78, 79, 80, 81, 82, 83, 84, 85, 86, 87, 88, 89, 90, 91, 92, 93, 94, 95, 96, 97, 98, 99, 100, 101, 102, 103, 104, 105, 106, 107]

   [travel] step 0: (84, 15)->(84, 14) map=(3, 22) (path 3 to exit)

   [travel] reached target coord (85, 14)

   [Bridge] INPUT OWNER = 'agent' (sole writer; others dropped+logged)

   [travel] start map=(3, 22) coords=(85, 14) -> coord (85, 16) (budget 80s)

   [travel] north connection band cols: [0, 1, 2, 3, 4, 5, 6, 7, 8, 9, 10, 11, 12, 13, 14, 15, 16, 17, 18, 19, 20, 21, 22, 23, 24, 25, 26, 27, 28, 29, 30, 31, 32, 33, 34, 35, 36, 37, 38, 39, 40, 41, 42, 43, 44, 45, 46, 47, 48, 49, 50, 51, 52, 53, 54, 55, 56, 57, 58, 59, 60, 61, 62, 63, 64, 65, 66, 67, 68, 69, 70, 71, 72, 73, 74, 75, 76, 77, 78, 79, 80, 81, 82, 83, 84, 85, 86, 87, 88, 89, 90, 91, 92, 93, 94, 95, 96, 97, 98, 99, 100, 101, 102, 103, 104, 105, 106, 107]

   [travel] step 0: (85, 14)->(85, 15) map=(3, 22) (path 3 to exit)

   [travel] reached target coord (85, 16)

   [Bridge] INPUT OWNER = 'agent' (sole writer; others dropped+logged)

   [travel] start map=(3, 22) coords=(85, 16) -> coord (85, 17) (budget 80s)

   [travel] north connection band cols: [0, 1, 2, 3, 4, 5, 6, 7, 8, 9, 10, 11, 12, 13, 14, 15, 16, 17, 18, 19, 20, 21, 22, 23, 24, 25, 26, 27, 28, 29, 30, 31, 32, 33, 34, 35, 36, 37, 38, 39, 40, 41, 42, 43, 44, 45, 46, 47, 48, 49, 50, 51, 52, 53, 54, 55, 56, 57, 58, 59, 60, 61, 62, 63, 64, 65, 66, 67, 68, 69, 70, 71, 72, 73, 74, 75, 76, 77, 78, 79, 80, 81, 82, 83, 84, 85, 86, 87, 88, 89, 90, 91, 92, 93, 94, 95, 96, 97, 98, 99, 100, 101, 102, 103, 104, 105, 106, 107]

   [travel] step 0: (85, 16)->(85, 17) map=(3, 22) (path 2 to exit)

   [travel] reached target coord (85, 17)

   [Bridge] INPUT OWNER = 'agent' (sole writer; others dropped+logged)

   [travel] start map=(3, 22) coords=(85, 17) -> coord (86, 16) (budget 80s)

   [travel] north connection band cols: [0, 1, 2, 3, 4, 5, 6, 7, 8, 9, 10, 11, 12, 13, 14, 15, 16, 17, 18, 19, 20, 21, 22, 23, 24, 25, 26, 27, 28, 29, 30, 31, 32, 33, 34, 35, 36, 37, 38, 39, 40, 41, 42, 43, 44, 45, 46, 47, 48, 49, 50, 51, 52, 53, 54, 55, 56, 57, 58, 59, 60, 61, 62, 63, 64, 65, 66, 67, 68, 69, 70, 71, 72, 73, 74, 75, 76, 77, 78, 79, 80, 81, 82, 83, 84, 85, 86, 87, 88, 89, 90, 91, 92, 93, 94, 95, 96, 97, 98, 99, 100, 101, 102, 103, 104, 105, 106, 107]

   [travel] step 0: (85, 17)->(85, 16) map=(3, 22) (path 3 to exit)

   [travel] reached target coord (86, 16)

   [Bridge] INPUT OWNER = 'agent' (sole writer; others dropped+logged)

   [travel] start map=(3, 22) coords=(86, 16) -> coord (84, 16) (budget 80s)

   [travel] north connection band cols: [0, 1, 2, 3, 4, 5, 6, 7, 8, 9, 10, 11, 12, 13, 14, 15, 16, 17, 18, 19, 20, 21, 22, 23, 24, 25, 26, 27, 28, 29, 30, 31, 32, 33, 34, 35, 36, 37, 38, 39, 40, 41, 42, 43, 44, 45, 46, 47, 48, 49, 50, 51, 52, 53, 54, 55, 56, 57, 58, 59, 60, 61, 62, 63, 64, 65, 66, 67, 68, 69, 70, 71, 72, 73, 74, 75, 76, 77, 78, 79, 80, 81, 82, 83, 84, 85, 86, 87, 88, 89, 90, 91, 92, 93, 94, 95, 96, 97, 98, 99, 100, 101, 102, 103, 104, 105, 106, 107]

   [travel] step 0: (86, 16)->(85, 16) map=(3, 22) (path 3 to exit)

   [travel] reached target coord (84, 16)

   [Bridge] INPUT OWNER = 'agent' (sole writer; others dropped+logged)

   [travel] start map=(3, 22) coords=(84, 16) -> coord (86, 15) (budget 80s)

   [travel] north connection band cols: [0, 1, 2, 3, 4, 5, 6, 7, 8, 9, 10, 11, 12, 13, 14, 15, 16, 17, 18, 19, 20, 21, 22, 23, 24, 25, 26, 27, 28, 29, 30, 31, 32, 33, 34, 35, 36, 37, 38, 39, 40, 41, 42, 43, 44, 45, 46, 47, 48, 49, 50, 51, 52, 53, 54, 55, 56, 57, 58, 59, 60, 61, 62, 63, 64, 65, 66, 67, 68, 69, 70, 71, 72, 73, 74, 75, 76, 77, 78, 79, 80, 81, 82, 83, 84, 85, 86, 87, 88, 89, 90, 91, 92, 93, 94, 95, 96, 97, 98, 99, 100, 101, 102, 103, 104, 105, 106, 107]

   [travel] step 0: (84, 16)->(84, 15) map=(3, 22) (path 4 to exit)

   [campaign]    [roam] watchdog: SCENE callback owns the screen (evolution/naming/cutscene) — deliberate stillness, watch resets until the world returns

   [travel] ENCOUNTER -> on-time beat, warm up, hand off

   [kira-voice] ·dedup· (repeat text, T1, looping?) 'a wild Pokemon leaps out at you'

   [Bridge] INPUT OWNER = 'agent' (sole writer; others dropped+logged)

   [kira-voice] -> T1·brisk· (event) 'a battle started against rattata — your spearow is up front'  fired=True  [age 0.0s + post 6ms]

   [kira-voice] ·floor· (<1s since last) T2 'the trainer sent out rattata'

   [kira-voice] -> T1·brisk· (event) "spearow showed up for the XP share — now wartortle takes it from here. that's how you train a rookie."  fired=True  [age 0.0s + post 4ms]

   [kira-voice] ·dedup· (repeat text, T1, looping?) "the enemy's rattata went down to your wartortle — that's the battle, you won"

   [kira-voice] -> T2·savor· (event) 'my spearow just leveled up to level 11'  fired=True  [age 0.0s + post 2ms]

   [Bridge] INPUT OWNER = 'agent' (sole writer; others dropped+logged)

   [travel] battle outcome=win; resuming pathfind

   [Bridge] INPUT OWNER = 'agent' (sole writer; others dropped+logged)

   [kira-voice] ·dedup· (repeat text, T1, looping?) 'Route 4 stretches toward the mountains, the air drier here'

   [travel] reached target coord (86, 15)

   [Bridge] INPUT OWNER = 'agent' (sole writer; others dropped+logged)

   [travel] start map=(3, 22) coords=(86, 15) -> coord (86, 14) (budget 80s)

   [travel] north connection band cols: [0, 1, 2, 3, 4, 5, 6, 7, 8, 9, 10, 11, 12, 13, 14, 15, 16, 17, 18, 19, 20, 21, 22, 23, 24, 25, 26, 27, 28, 29, 30, 31, 32, 33, 34, 35, 36, 37, 38, 39, 40, 41, 42, 43, 44, 45, 46, 47, 48, 49, 50, 51, 52, 53, 54, 55, 56, 57, 58, 59, 60, 61, 62, 63, 64, 65, 66, 67, 68, 69, 70, 71, 72, 73, 74, 75, 76, 77, 78, 79, 80, 81, 82, 83, 84, 85, 86, 87, 88, 89, 90, 91, 92, 93, 94, 95, 96, 97, 98, 99, 100, 101, 102, 103, 104, 105, 106, 107]

   [travel] step 0: (86, 15)->(86, 14) map=(3, 22) (path 2 to exit)

   [travel] reached target coord (86, 14)

   [Bridge] INPUT OWNER = 'agent' (sole writer; others dropped+logged)

   [travel] start map=(3, 22) coords=(86, 14) -> coord (86, 16) (budget 80s)

   [travel] north connection band cols: [0, 1, 2, 3, 4, 5, 6, 7, 8, 9, 10, 11, 12, 13, 14, 15, 16, 17, 18, 19, 20, 21, 22, 23, 24, 25, 26, 27, 28, 29, 30, 31, 32, 33, 34, 35, 36, 37, 38, 39, 40, 41, 42, 43, 44, 45, 46, 47, 48, 49, 50, 51, 52, 53, 54, 55, 56, 57, 58, 59, 60, 61, 62, 63, 64, 65, 66, 67, 68, 69, 70, 71, 72, 73, 74, 75, 76, 77, 78, 79, 80, 81, 82, 83, 84, 85, 86, 87, 88, 89, 90, 91, 92, 93, 94, 95, 96, 97, 98, 99, 100, 101, 102, 103, 104, 105, 106, 107]

   [travel] step 0: (86, 14)->(86, 15) map=(3, 22) (path 3 to exit)

   [travel] reached target coord (86, 16)

   [Bridge] INPUT OWNER = 'agent' (sole writer; others dropped+logged)

   [travel] start map=(3, 22) coords=(86, 16) -> coord (87, 15) (budget 80s)

   [travel] north connection band cols: [0, 1, 2, 3, 4, 5, 6, 7, 8, 9, 10, 11, 12, 13, 14, 15, 16, 17, 18, 19, 20, 21, 22, 23, 24, 25, 26, 27, 28, 29, 30, 31, 32, 33, 34, 35, 36, 37, 38, 39, 40, 41, 42, 43, 44, 45, 46, 47, 48, 49, 50, 51, 52, 53, 54, 55, 56, 57, 58, 59, 60, 61, 62, 63, 64, 65, 66, 67, 68, 69, 70, 71, 72, 73, 74, 75, 76, 77, 78, 79, 80, 81, 82, 83, 84, 85, 86, 87, 88, 89, 90, 91, 92, 93, 94, 95, 96, 97, 98, 99, 100, 101, 102, 103, 104, 105, 106, 107]

   [travel] step 0: (86, 16)->(86, 15) map=(3, 22) (path 3 to exit)

   [travel] reached target coord (87, 15)

   [Bridge] INPUT OWNER = 'agent' (sole writer; others dropped+logged)

   [travel] start map=(3, 22) coords=(87, 15) -> coord (87, 14) (budget 80s)

   [travel] north connection band cols: [0, 1, 2, 3, 4, 5, 6, 7, 8, 9, 10, 11, 12, 13, 14, 15, 16, 17, 18, 19, 20, 21, 22, 23, 24, 25, 26, 27, 28, 29, 30, 31, 32, 33, 34, 35, 36, 37, 38, 39, 40, 41, 42, 43, 44, 45, 46, 47, 48, 49, 50, 51, 52, 53, 54, 55, 56, 57, 58, 59, 60, 61, 62, 63, 64, 65, 66, 67, 68, 69, 70, 71, 72, 73, 74, 75, 76, 77, 78, 79, 80, 81, 82, 83, 84, 85, 86, 87, 88, 89, 90, 91, 92, 93, 94, 95, 96, 97, 98, 99, 100, 101, 102, 103, 104, 105, 106, 107]

   [travel] step 0: (87, 15)->(87, 14) map=(3, 22) (path 2 to exit)

   [travel] reached target coord (87, 14)

   [Bridge] INPUT OWNER = 'agent' (sole writer; others dropped+logged)

   [travel] start map=(3, 22) coords=(87, 14) -> coord (87, 13) (budget 80s)

   [travel] north connection band cols: [0, 1, 2, 3, 4, 5, 6, 7, 8, 9, 10, 11, 12, 13, 14, 15, 16, 17, 18, 19, 20, 21, 22, 23, 24, 25, 26, 27, 28, 29, 30, 31, 32, 33, 34, 35, 36, 37, 38, 39, 40, 41, 42, 43, 44, 45, 46, 47, 48, 49, 50, 51, 52, 53, 54, 55, 56, 57, 58, 59, 60, 61, 62, 63, 64, 65, 66, 67, 68, 69, 70, 71, 72, 73, 74, 75, 76, 77, 78, 79, 80, 81, 82, 83, 84, 85, 86, 87, 88, 89, 90, 91, 92, 93, 94, 95, 96, 97, 98, 99, 100, 101, 102, 103, 104, 105, 106, 107]

   [travel] step 0: (87, 14)->(87, 13) map=(3, 22) (path 2 to exit)

   [travel] reached target coord (87, 13)

   [Bridge] INPUT OWNER = 'agent' (sole writer; others dropped+logged)

   [travel] start map=(3, 22) coords=(87, 13) -> coord (86, 14) (budget 80s)

   [travel] north connection band cols: [0, 1, 2, 3, 4, 5, 6, 7, 8, 9, 10, 11, 12, 13, 14, 15, 16, 17, 18, 19, 20, 21, 22, 23, 24, 25, 26, 27, 28, 29, 30, 31, 32, 33, 34, 35, 36, 37, 38, 39, 40, 41, 42, 43, 44, 45, 46, 47, 48, 49, 50, 51, 52, 53, 54, 55, 56, 57, 58, 59, 60, 61, 62, 63, 64, 65, 66, 67, 68, 69, 70, 71, 72, 73, 74, 75, 76, 77, 78, 79, 80, 81, 82, 83, 84, 85, 86, 87, 88, 89, 90, 91, 92, 93, 94, 95, 96, 97, 98, 99, 100, 101, 102, 103, 104, 105, 106, 107]

   [travel] step 0: (87, 13)->(87, 14) map=(3, 22) (path 3 to exit)

   [travel] reached target coord (86, 14)

   [Bridge] INPUT OWNER = 'agent' (sole writer; others dropped+logged)

   [travel] start map=(3, 22) coords=(86, 14) -> coord (87, 15) (budget 80s)

   [travel] north connection band cols: [0, 1, 2, 3, 4, 5, 6, 7, 8, 9, 10, 11, 12, 13, 14, 15, 16, 17, 18, 19, 20, 21, 22, 23, 24, 25, 26, 27, 28, 29, 30, 31, 32, 33, 34, 35, 36, 37, 38, 39, 40, 41, 42, 43, 44, 45, 46, 47, 48, 49, 50, 51, 52, 53, 54, 55, 56, 57, 58, 59, 60, 61, 62, 63, 64, 65, 66, 67, 68, 69, 70, 71, 72, 73, 74, 75, 76, 77, 78, 79, 80, 81, 82, 83, 84, 85, 86, 87, 88, 89, 90, 91, 92, 93, 94, 95, 96, 97, 98, 99, 100, 101, 102, 103, 104, 105, 106, 107]

   [travel] step 0: (86, 14)->(86, 15) map=(3, 22) (path 3 to exit)

   [travel] reached target coord (87, 15)

   [Bridge] INPUT OWNER = 'agent' (sole writer; others dropped+logged)

   [travel] start map=(3, 22) coords=(87, 15) -> coord (86, 15) (budget 80s)

   [travel] north connection band cols: [0, 1, 2, 3, 4, 5, 6, 7, 8, 9, 10, 11, 12, 13, 14, 15, 16, 17, 18, 19, 20, 21, 22, 23, 24, 25, 26, 27, 28, 29, 30, 31, 32, 33, 34, 35, 36, 37, 38, 39, 40, 41, 42, 43, 44, 45, 46, 47, 48, 49, 50, 51, 52, 53, 54, 55, 56, 57, 58, 59, 60, 61, 62, 63, 64, 65, 66, 67, 68, 69, 70, 71, 72, 73, 74, 75, 76, 77, 78, 79, 80, 81, 82, 83, 84, 85, 86, 87, 88, 89, 90, 91, 92, 93, 94, 95, 96, 97, 98, 99, 100, 101, 102, 103, 104, 105, 106, 107]

   [travel] step 0: (87, 15)->(86, 15) map=(3, 22) (path 2 to exit)

   [travel] reached target coord (86, 15)

   [Bridge] INPUT OWNER = 'agent' (sole writer; others dropped+logged)

   [travel] start map=(3, 22) coords=(86, 15) -> coord (86, 14) (budget 80s)

   [travel] north connection band cols: [0, 1, 2, 3, 4, 5, 6, 7, 8, 9, 10, 11, 12, 13, 14, 15, 16, 17, 18, 19, 20, 21, 22, 23, 24, 25, 26, 27, 28, 29, 30, 31, 32, 33, 34, 35, 36, 37, 38, 39, 40, 41, 42, 43, 44, 45, 46, 47, 48, 49, 50, 51, 52, 53, 54, 55, 56, 57, 58, 59, 60, 61, 62, 63, 64, 65, 66, 67, 68, 69, 70, 71, 72, 73, 74, 75, 76, 77, 78, 79, 80, 81, 82, 83, 84, 85, 86, 87, 88, 89, 90, 91, 92, 93, 94, 95, 96, 97, 98, 99, 100, 101, 102, 103, 104, 105, 106, 107]

   [travel] step 0: (86, 15)->(86, 14) map=(3, 22) (path 2 to exit)

   [travel] reached target coord (86, 14)

   [Bridge] INPUT OWNER = 'agent' (sole writer; others dropped+logged)

   [travel] start map=(3, 22) coords=(86, 14) -> coord (86, 16) (budget 80s)

   [travel] north connection band cols: [0, 1, 2, 3, 4, 5, 6, 7, 8, 9, 10, 11, 12, 13, 14, 15, 16, 17, 18, 19, 20, 21, 22, 23, 24, 25, 26, 27, 28, 29, 30, 31, 32, 33, 34, 35, 36, 37, 38, 39, 40, 41, 42, 43, 44, 45, 46, 47, 48, 49, 50, 51, 52, 53, 54, 55, 56, 57, 58, 59, 60, 61, 62, 63, 64, 65, 66, 67, 68, 69, 70, 71, 72, 73, 74, 75, 76, 77, 78, 79, 80, 81, 82, 83, 84, 85, 86, 87, 88, 89, 90, 91, 92, 93, 94, 95, 96, 97, 98, 99, 100, 101, 102, 103, 104, 105, 106, 107]

   [travel] step 0: (86, 14)->(86, 15) map=(3, 22) (path 3 to exit)

   [travel] reached target coord (86, 16)

   [Bridge] INPUT OWNER = 'agent' (sole writer; others dropped+logged)

   [travel] start map=(3, 22) coords=(86, 16) -> coord (87, 15) (budget 80s)

   [travel] north connection band cols: [0, 1, 2, 3, 4, 5, 6, 7, 8, 9, 10, 11, 12, 13, 14, 15, 16, 17, 18, 19, 20, 21, 22, 23, 24, 25, 26, 27, 28, 29, 30, 31, 32, 33, 34, 35, 36, 37, 38, 39, 40, 41, 42, 43, 44, 45, 46, 47, 48, 49, 50, 51, 52, 53, 54, 55, 56, 57, 58, 59, 60, 61, 62, 63, 64, 65, 66, 67, 68, 69, 70, 71, 72, 73, 74, 75, 76, 77, 78, 79, 80, 81, 82, 83, 84, 85, 86, 87, 88, 89, 90, 91, 92, 93, 94, 95, 96, 97, 98, 99, 100, 101, 102, 103, 104, 105, 106, 107]

   [travel] step 0: (86, 16)->(86, 15) map=(3, 22) (path 3 to exit)

   [campaign]    [roam] watchdog: SCENE callback owns the screen (evolution/naming/cutscene) — deliberate stillness, watch resets until the world returns

   [travel] path blocked at (86, 15) (NPC on the gap?) - waiting

   [travel] ENCOUNTER -> on-time beat, warm up, hand off

   [kira-voice] ·dedup· (repeat text, T1, looping?) 'a wild Pokemon leaps out at you'

   [Bridge] INPUT OWNER = 'agent' (sole writer; others dropped+logged)

   [kira-voice] -> T1·brisk· (event) 'a battle started against ekans — your spearow is up front'  fired=True  [age 0.0s + post 4ms]

   [kira-voice] ·dedup· (repeat text, T1, looping?) "spearow showed up for the XP share — now wartortle takes it from here. that's how you train a rookie."

   [kira-voice] -> T1·brisk· (event) "the enemy's ekans went down to your wartortle — that's the battle, you won"  fired=True  [age 0.0s + post 2ms]

   [Bridge] INPUT OWNER = 'agent' (sole writer; others dropped+logged)

   [travel] battle outcome=win; resuming pathfind

   [Bridge] INPUT OWNER = 'agent' (sole writer; others dropped+logged)

   [kira-voice] ·dedup· (repeat text, T1, looping?) 'Route 4 stretches toward the mountains, the air drier here'

   [travel] reached target coord (87, 15)

   [Bridge] INPUT OWNER = 'agent' (sole writer; others dropped+logged)

   [travel] start map=(3, 22) coords=(87, 15) -> coord (87, 14) (budget 80s)

   [travel] north connection band cols: [0, 1, 2, 3, 4, 5, 6, 7, 8, 9, 10, 11, 12, 13, 14, 15, 16, 17, 18, 19, 20, 21, 22, 23, 24, 25, 26, 27, 28, 29, 30, 31, 32, 33, 34, 35, 36, 37, 38, 39, 40, 41, 42, 43, 44, 45, 46, 47, 48, 49, 50, 51, 52, 53, 54, 55, 56, 57, 58, 59, 60, 61, 62, 63, 64, 65, 66, 67, 68, 69, 70, 71, 72, 73, 74, 75, 76, 77, 78, 79, 80, 81, 82, 83, 84, 85, 86, 87, 88, 89, 90, 91, 92, 93, 94, 95, 96, 97, 98, 99, 100, 101, 102, 103, 104, 105, 106, 107]

   [travel] step 0: (87, 15)->(87, 14) map=(3, 22) (path 2 to exit)

   [travel] reached target coord (87, 14)

   [Bridge] INPUT OWNER = 'agent' (sole writer; others dropped+logged)

   [travel] start map=(3, 22) coords=(87, 14) -> coord (87, 13) (budget 80s)

   [travel] north connection band cols: [0, 1, 2, 3, 4, 5, 6, 7, 8, 9, 10, 11, 12, 13, 14, 15, 16, 17, 18, 19, 20, 21, 22, 23, 24, 25, 26, 27, 28, 29, 30, 31, 32, 33, 34, 35, 36, 37, 38, 39, 40, 41, 42, 43, 44, 45, 46, 47, 48, 49, 50, 51, 52, 53, 54, 55, 56, 57, 58, 59, 60, 61, 62, 63, 64, 65, 66, 67, 68, 69, 70, 71, 72, 73, 74, 75, 76, 77, 78, 79, 80, 81, 82, 83, 84, 85, 86, 87, 88, 89, 90, 91, 92, 93, 94, 95, 96, 97, 98, 99, 100, 101, 102, 103, 104, 105, 106, 107]

   [travel] step 0: (87, 14)->(87, 13) map=(3, 22) (path 2 to exit)

   [travel] reached target coord (87, 13)

   [Bridge] INPUT OWNER = 'agent' (sole writer; others dropped+logged)

   [travel] start map=(3, 22) coords=(87, 13) -> coord (86, 14) (budget 80s)

   [travel] north connection band cols: [0, 1, 2, 3, 4, 5, 6, 7, 8, 9, 10, 11, 12, 13, 14, 15, 16, 17, 18, 19, 20, 21, 22, 23, 24, 25, 26, 27, 28, 29, 30, 31, 32, 33, 34, 35, 36, 37, 38, 39, 40, 41, 42, 43, 44, 45, 46, 47, 48, 49, 50, 51, 52, 53, 54, 55, 56, 57, 58, 59, 60, 61, 62, 63, 64, 65, 66, 67, 68, 69, 70, 71, 72, 73, 74, 75, 76, 77, 78, 79, 80, 81, 82, 83, 84, 85, 86, 87, 88, 89, 90, 91, 92, 93, 94, 95, 96, 97, 98, 99, 100, 101, 102, 103, 104, 105, 106, 107]

   [travel] step 0: (87, 13)->(87, 14) map=(3, 22) (path 3 to exit)

   [travel] reached target coord (86, 14)

   [Bridge] INPUT OWNER = 'agent' (sole writer; others dropped+logged)

   [travel] start map=(3, 22) coords=(86, 14) -> coord (87, 15) (budget 80s)

   [travel] north connection band cols: [0, 1, 2, 3, 4, 5, 6, 7, 8, 9, 10, 11, 12, 13, 14, 15, 16, 17, 18, 19, 20, 21, 22, 23, 24, 25, 26, 27, 28, 29, 30, 31, 32, 33, 34, 35, 36, 37, 38, 39, 40, 41, 42, 43, 44, 45, 46, 47, 48, 49, 50, 51, 52, 53, 54, 55, 56, 57, 58, 59, 60, 61, 62, 63, 64, 65, 66, 67, 68, 69, 70, 71, 72, 73, 74, 75, 76, 77, 78, 79, 80, 81, 82, 83, 84, 85, 86, 87, 88, 89, 90, 91, 92, 93, 94, 95, 96, 97, 98, 99, 100, 101, 102, 103, 104, 105, 106, 107]

   [travel] step 0: (86, 14)->(86, 15) map=(3, 22) (path 3 to exit)

   [travel] reached target coord (87, 15)

   [Bridge] INPUT OWNER = 'agent' (sole writer; others dropped+logged)

   [travel] start map=(3, 22) coords=(87, 15) -> coord (86, 15) (budget 80s)

   [travel] north connection band cols: [0, 1, 2, 3, 4, 5, 6, 7, 8, 9, 10, 11, 12, 13, 14, 15, 16, 17, 18, 19, 20, 21, 22, 23, 24, 25, 26, 27, 28, 29, 30, 31, 32, 33, 34, 35, 36, 37, 38, 39, 40, 41, 42, 43, 44, 45, 46, 47, 48, 49, 50, 51, 52, 53, 54, 55, 56, 57, 58, 59, 60, 61, 62, 63, 64, 65, 66, 67, 68, 69, 70, 71, 72, 73, 74, 75, 76, 77, 78, 79, 80, 81, 82, 83, 84, 85, 86, 87, 88, 89, 90, 91, 92, 93, 94, 95, 96, 97, 98, 99, 100, 101, 102, 103, 104, 105, 106, 107]

   [campaign]    [roam] watchdog: SCENE callback owns the screen (evolution/naming/cutscene) — deliberate stillness, watch resets until the world returns

   [travel] path blocked at (87, 15) (NPC on the gap?) - waiting

   [travel] ENCOUNTER -> on-time beat, warm up, hand off

   [kira-voice] -> T1·brisk· (beat) 'a wild Pokemon leaps out at you'  fired=True  [age 0.0s + post 4ms]

   [Bridge] INPUT OWNER = 'agent' (sole writer; others dropped+logged)

   [kira-voice] ·dedup· (repeat text, T1, looping?) 'a battle started against rattata — your spearow is up front'

   [kira-voice] ·dedup· (repeat text, T1, looping?) "spearow showed up for the XP share — now wartortle takes it from here. that's how you train a rookie."

   [kira-voice] ·dedup· (repeat text, T1, looping?) "the enemy's rattata went down to your wartortle — that's the battle, you won"

   [Bridge] INPUT OWNER = 'agent' (sole writer; others dropped+logged)

   [travel] battle outcome=win; resuming pathfind

   [Bridge] INPUT OWNER = 'agent' (sole writer; others dropped+logged)

   [kira-voice] ·dedup· (repeat text, T1, looping?) 'Route 4 stretches toward the mountains, the air drier here'

   [travel] reached target coord (86, 15)

   [Bridge] INPUT OWNER = 'agent' (sole writer; others dropped+logged)

   [travel] start map=(3, 22) coords=(86, 15) -> coord (86, 14) (budget 80s)

   [travel] north connection band cols: [0, 1, 2, 3, 4, 5, 6, 7, 8, 9, 10, 11, 12, 13, 14, 15, 16, 17, 18, 19, 20, 21, 22, 23, 24, 25, 26, 27, 28, 29, 30, 31, 32, 33, 34, 35, 36, 37, 38, 39, 40, 41, 42, 43, 44, 45, 46, 47, 48, 49, 50, 51, 52, 53, 54, 55, 56, 57, 58, 59, 60, 61, 62, 63, 64, 65, 66, 67, 68, 69, 70, 71, 72, 73, 74, 75, 76, 77, 78, 79, 80, 81, 82, 83, 84, 85, 86, 87, 88, 89, 90, 91, 92, 93, 94, 95, 96, 97, 98, 99, 100, 101, 102, 103, 104, 105, 106, 107]

   [travel] step 0: (86, 15)->(86, 14) map=(3, 22) (path 2 to exit)

   [travel] reached target coord (86, 14)

   [Bridge] INPUT OWNER = 'agent' (sole writer; others dropped+logged)

   [travel] start map=(3, 22) coords=(86, 14) -> coord (86, 16) (budget 80s)

   [travel] north connection band cols: [0, 1, 2, 3, 4, 5, 6, 7, 8, 9, 10, 11, 12, 13, 14, 15, 16, 17, 18, 19, 20, 21, 22, 23, 24, 25, 26, 27, 28, 29, 30, 31, 32, 33, 34, 35, 36, 37, 38, 39, 40, 41, 42, 43, 44, 45, 46, 47, 48, 49, 50, 51, 52, 53, 54, 55, 56, 57, 58, 59, 60, 61, 62, 63, 64, 65, 66, 67, 68, 69, 70, 71, 72, 73, 74, 75, 76, 77, 78, 79, 80, 81, 82, 83, 84, 85, 86, 87, 88, 89, 90, 91, 92, 93, 94, 95, 96, 97, 98, 99, 100, 101, 102, 103, 104, 105, 106, 107]

   [travel] step 0: (86, 14)->(86, 15) map=(3, 22) (path 3 to exit)

   [travel] reached target coord (86, 16)

   [Bridge] INPUT OWNER = 'agent' (sole writer; others dropped+logged)

   [travel] start map=(3, 22) coords=(86, 16) -> coord (87, 15) (budget 80s)

   [travel] north connection band cols: [0, 1, 2, 3, 4, 5, 6, 7, 8, 9, 10, 11, 12, 13, 14, 15, 16, 17, 18, 19, 20, 21, 22, 23, 24, 25, 26, 27, 28, 29, 30, 31, 32, 33, 34, 35, 36, 37, 38, 39, 40, 41, 42, 43, 44, 45, 46, 47, 48, 49, 50, 51, 52, 53, 54, 55, 56, 57, 58, 59, 60, 61, 62, 63, 64, 65, 66, 67, 68, 69, 70, 71, 72, 73, 74, 75, 76, 77, 78, 79, 80, 81, 82, 83, 84, 85, 86, 87, 88, 89, 90, 91, 92, 93, 94, 95, 96, 97, 98, 99, 100, 101, 102, 103, 104, 105, 106, 107]

   [travel] step 0: (86, 16)->(86, 15) map=(3, 22) (path 3 to exit)

   [travel] reached target coord (87, 15)

   [Bridge] INPUT OWNER = 'agent' (sole writer; others dropped+logged)

   [travel] start map=(3, 22) coords=(87, 15) -> coord (87, 14) (budget 80s)

   [travel] north connection band cols: [0, 1, 2, 3, 4, 5, 6, 7, 8, 9, 10, 11, 12, 13, 14, 15, 16, 17, 18, 19, 20, 21, 22, 23, 24, 25, 26, 27, 28, 29, 30, 31, 32, 33, 34, 35, 36, 37, 38, 39, 40, 41, 42, 43, 44, 45, 46, 47, 48, 49, 50, 51, 52, 53, 54, 55, 56, 57, 58, 59, 60, 61, 62, 63, 64, 65, 66, 67, 68, 69, 70, 71, 72, 73, 74, 75, 76, 77, 78, 79, 80, 81, 82, 83, 84, 85, 86, 87, 88, 89, 90, 91, 92, 93, 94, 95, 96, 97, 98, 99, 100, 101, 102, 103, 104, 105, 106, 107]

   [travel] step 0: (87, 15)->(87, 14) map=(3, 22) (path 2 to exit)

   [travel] reached target coord (87, 14)

   [Bridge] INPUT OWNER = 'agent' (sole writer; others dropped+logged)

   [travel] start map=(3, 22) coords=(87, 14) -> coord (87, 13) (budget 80s)

   [travel] north connection band cols: [0, 1, 2, 3, 4, 5, 6, 7, 8, 9, 10, 11, 12, 13, 14, 15, 16, 17, 18, 19, 20, 21, 22, 23, 24, 25, 26, 27, 28, 29, 30, 31, 32, 33, 34, 35, 36, 37, 38, 39, 40, 41, 42, 43, 44, 45, 46, 47, 48, 49, 50, 51, 52, 53, 54, 55, 56, 57, 58, 59, 60, 61, 62, 63, 64, 65, 66, 67, 68, 69, 70, 71, 72, 73, 74, 75, 76, 77, 78, 79, 80, 81, 82, 83, 84, 85, 86, 87, 88, 89, 90, 91, 92, 93, 94, 95, 96, 97, 98, 99, 100, 101, 102, 103, 104, 105, 106, 107]

   [campaign]    [roam] watchdog: SCENE callback owns the screen (evolution/naming/cutscene) — deliberate stillness, watch resets until the world returns

   [travel] path blocked at (87, 14) (NPC on the gap?) - waiting

   [travel] ENCOUNTER -> on-time beat, warm up, hand off

   [Bridge] INPUT OWNER = 'agent' (sole writer; others dropped+logged)

   [kira-voice] ·dedup· (repeat text, T1, looping?) 'a battle started against rattata — your spearow is up front'

   [kira-voice] ·dedup· (repeat text, T1, looping?) "spearow showed up for the XP share — now wartortle takes it from here. that's how you train a rookie."

   [kira-voice] ·dedup· (repeat text, T1, looping?) "the enemy's rattata went down to your wartortle — that's the battle, you won"

   [Bridge] INPUT OWNER = 'agent' (sole writer; others dropped+logged)

   [travel] battle outcome=win; resuming pathfind

   [Bridge] INPUT OWNER = 'agent' (sole writer; others dropped+logged)

   [kira-voice] ·dedup· (repeat text, T1, looping?) 'Route 4 stretches toward the mountains, the air drier here'

   [travel] reached target coord (87, 13)

   [Bridge] INPUT OWNER = 'agent' (sole writer; others dropped+logged)

   [travel] start map=(3, 22) coords=(87, 13) -> coord (86, 14) (budget 80s)

   [travel] north connection band cols: [0, 1, 2, 3, 4, 5, 6, 7, 8, 9, 10, 11, 12, 13, 14, 15, 16, 17, 18, 19, 20, 21, 22, 23, 24, 25, 26, 27, 28, 29, 30, 31, 32, 33, 34, 35, 36, 37, 38, 39, 40, 41, 42, 43, 44, 45, 46, 47, 48, 49, 50, 51, 52, 53, 54, 55, 56, 57, 58, 59, 60, 61, 62, 63, 64, 65, 66, 67, 68, 69, 70, 71, 72, 73, 74, 75, 76, 77, 78, 79, 80, 81, 82, 83, 84, 85, 86, 87, 88, 89, 90, 91, 92, 93, 94, 95, 96, 97, 98, 99, 100, 101, 102, 103, 104, 105, 106, 107]

   [travel] step 0: (87, 13)->(87, 14) map=(3, 22) (path 3 to exit)

   [travel] reached target coord (86, 14)

   [Bridge] INPUT OWNER = 'agent' (sole writer; others dropped+logged)

   [travel] start map=(3, 22) coords=(86, 14) -> coord (87, 15) (budget 80s)

   [travel] north connection band cols: [0, 1, 2, 3, 4, 5, 6, 7, 8, 9, 10, 11, 12, 13, 14, 15, 16, 17, 18, 19, 20, 21, 22, 23, 24, 25, 26, 27, 28, 29, 30, 31, 32, 33, 34, 35, 36, 37, 38, 39, 40, 41, 42, 43, 44, 45, 46, 47, 48, 49, 50, 51, 52, 53, 54, 55, 56, 57, 58, 59, 60, 61, 62, 63, 64, 65, 66, 67, 68, 69, 70, 71, 72, 73, 74, 75, 76, 77, 78, 79, 80, 81, 82, 83, 84, 85, 86, 87, 88, 89, 90, 91, 92, 93, 94, 95, 96, 97, 98, 99, 100, 101, 102, 103, 104, 105, 106, 107]

   [travel] step 0: (86, 14)->(86, 15) map=(3, 22) (path 3 to exit)

   [travel] reached target coord (87, 15)

   [Bridge] INPUT OWNER = 'agent' (sole writer; others dropped+logged)

   [travel] start map=(3, 22) coords=(87, 15) -> coord (86, 15) (budget 80s)

   [travel] north connection band cols: [0, 1, 2, 3, 4, 5, 6, 7, 8, 9, 10, 11, 12, 13, 14, 15, 16, 17, 18, 19, 20, 21, 22, 23, 24, 25, 26, 27, 28, 29, 30, 31, 32, 33, 34, 35, 36, 37, 38, 39, 40, 41, 42, 43, 44, 45, 46, 47, 48, 49, 50, 51, 52, 53, 54, 55, 56, 57, 58, 59, 60, 61, 62, 63, 64, 65, 66, 67, 68, 69, 70, 71, 72, 73, 74, 75, 76, 77, 78, 79, 80, 81, 82, 83, 84, 85, 86, 87, 88, 89, 90, 91, 92, 93, 94, 95, 96, 97, 98, 99, 100, 101, 102, 103, 104, 105, 106, 107]

   [travel] step 0: (87, 15)->(86, 15) map=(3, 22) (path 2 to exit)

   [travel] reached target coord (86, 15)

   [campaign]    GRIND: trained to Lv11 (target 14)

   [campaign]    GRIND: Lv11 < 14 - heading to the grass to train [FRAGILE: reachable grass only]

   [Bridge] INPUT OWNER = 'agent' (sole writer; others dropped+logged)

   [travel] start map=(3, 22) coords=(86, 15) -> coord (86, 14) (budget 80s)

   [travel] north connection band cols: [0, 1, 2, 3, 4, 5, 6, 7, 8, 9, 10, 11, 12, 13, 14, 15, 16, 17, 18, 19, 20, 21, 22, 23, 24, 25, 26, 27, 28, 29, 30, 31, 32, 33, 34, 35, 36, 37, 38, 39, 40, 41, 42, 43, 44, 45, 46, 47, 48, 49, 50, 51, 52, 53, 54, 55, 56, 57, 58, 59, 60, 61, 62, 63, 64, 65, 66, 67, 68, 69, 70, 71, 72, 73, 74, 75, 76, 77, 78, 79, 80, 81, 82, 83, 84, 85, 86, 87, 88, 89, 90, 91, 92, 93, 94, 95, 96, 97, 98, 99, 100, 101, 102, 103, 104, 105, 106, 107]

   [travel] step 0: (86, 15)->(86, 14) map=(3, 22) (path 2 to exit)

   [travel] reached target coord (86, 14)

   [Bridge] INPUT OWNER = 'agent' (sole writer; others dropped+logged)

   [travel] start map=(3, 22) coords=(86, 14) -> coord (86, 16) (budget 80s)

   [travel] north connection band cols: [0, 1, 2, 3, 4, 5, 6, 7, 8, 9, 10, 11, 12, 13, 14, 15, 16, 17, 18, 19, 20, 21, 22, 23, 24, 25, 26, 27, 28, 29, 30, 31, 32, 33, 34, 35, 36, 37, 38, 39, 40, 41, 42, 43, 44, 45, 46, 47, 48, 49, 50, 51, 52, 53, 54, 55, 56, 57, 58, 59, 60, 61, 62, 63, 64, 65, 66, 67, 68, 69, 70, 71, 72, 73, 74, 75, 76, 77, 78, 79, 80, 81, 82, 83, 84, 85, 86, 87, 88, 89, 90, 91, 92, 93, 94, 95, 96, 97, 98, 99, 100, 101, 102, 103, 104, 105, 106, 107]

   [travel] step 0: (86, 14)->(86, 15) map=(3, 22) (path 3 to exit)

   [travel] reached target coord (86, 16)

   [Bridge] INPUT OWNER = 'agent' (sole writer; others dropped+logged)

   [travel] start map=(3, 22) coords=(86, 16) -> coord (87, 15) (budget 80s)

   [travel] north connection band cols: [0, 1, 2, 3, 4, 5, 6, 7, 8, 9, 10, 11, 12, 13, 14, 15, 16, 17, 18, 19, 20, 21, 22, 23, 24, 25, 26, 27, 28, 29, 30, 31, 32, 33, 34, 35, 36, 37, 38, 39, 40, 41, 42, 43, 44, 45, 46, 47, 48, 49, 50, 51, 52, 53, 54, 55, 56, 57, 58, 59, 60, 61, 62, 63, 64, 65, 66, 67, 68, 69, 70, 71, 72, 73, 74, 75, 76, 77, 78, 79, 80, 81, 82, 83, 84, 85, 86, 87, 88, 89, 90, 91, 92, 93, 94, 95, 96, 97, 98, 99, 100, 101, 102, 103, 104, 105, 106, 107]

   [campaign]    [roam] watchdog: SCENE callback owns the screen (evolution/naming/cutscene) — deliberate stillness, watch resets until the world returns

   [travel] ENCOUNTER -> on-time beat, warm up, hand off

   [Bridge] INPUT OWNER = 'agent' (sole writer; others dropped+logged)

   [kira-voice] ·dedup· (repeat text, T1, looping?) 'a battle started against ekans — your spearow is up front'

   [kira-voice] -> T2·savor· (event) 'the trainer sent out ekans'  fired=True  [age 0.0s + post 2ms]

   [kira-voice] ·dedup· (repeat text, T1, looping?) "spearow showed up for the XP share — now wartortle takes it from here. that's how you train a rookie."

   [kira-voice] ·dedup· (repeat text, T1, looping?) "the enemy's ekans went down to your wartortle — that's the battle, you won"

   [Bridge] INPUT OWNER = 'agent' (sole writer; others dropped+logged)

   [travel] battle outcome=win; resuming pathfind

   [Bridge] INPUT OWNER = 'agent' (sole writer; others dropped+logged)

   [kira-voice] ·dedup· (repeat text, T1, looping?) 'Route 4 stretches toward the mountains, the air drier here'

   [travel] reached target coord (87, 15)

   [Bridge] INPUT OWNER = 'agent' (sole writer; others dropped+logged)

   [travel] start map=(3, 22) coords=(87, 15) -> coord (85, 15) (budget 80s)

   [travel] north connection band cols: [0, 1, 2, 3, 4, 5, 6, 7, 8, 9, 10, 11, 12, 13, 14, 15, 16, 17, 18, 19, 20, 21, 22, 23, 24, 25, 26, 27, 28, 29, 30, 31, 32, 33, 34, 35, 36, 37, 38, 39, 40, 41, 42, 43, 44, 45, 46, 47, 48, 49, 50, 51, 52, 53, 54, 55, 56, 57, 58, 59, 60, 61, 62, 63, 64, 65, 66, 67, 68, 69, 70, 71, 72, 73, 74, 75, 76, 77, 78, 79, 80, 81, 82, 83, 84, 85, 86, 87, 88, 89, 90, 91, 92, 93, 94, 95, 96, 97, 98, 99, 100, 101, 102, 103, 104, 105, 106, 107]

   [travel] step 0: (87, 15)->(86, 15) map=(3, 22) (path 3 to exit)

   [travel] reached target coord (85, 15)

   [Bridge] INPUT OWNER = 'agent' (sole writer; others dropped+logged)

   [travel] start map=(3, 22) coords=(85, 15) -> coord (84, 15) (budget 80s)

   [travel] north connection band cols: [0, 1, 2, 3, 4, 5, 6, 7, 8, 9, 10, 11, 12, 13, 14, 15, 16, 17, 18, 19, 20, 21, 22, 23, 24, 25, 26, 27, 28, 29, 30, 31, 32, 33, 34, 35, 36, 37, 38, 39, 40, 41, 42, 43, 44, 45, 46, 47, 48, 49, 50, 51, 52, 53, 54, 55, 56, 57, 58, 59, 60, 61, 62, 63, 64, 65, 66, 67, 68, 69, 70, 71, 72, 73, 74, 75, 76, 77, 78, 79, 80, 81, 82, 83, 84, 85, 86, 87, 88, 89, 90, 91, 92, 93, 94, 95, 96, 97, 98, 99, 100, 101, 102, 103, 104, 105, 106, 107]

   [travel] step 0: (85, 15)->(84, 15) map=(3, 22) (path 2 to exit)

   [travel] reached target coord (84, 15)

   [Bridge] INPUT OWNER = 'agent' (sole writer; others dropped+logged)

   [travel] start map=(3, 22) coords=(84, 15) -> coord (85, 14) (budget 80s)

   [travel] north connection band cols: [0, 1, 2, 3, 4, 5, 6, 7, 8, 9, 10, 11, 12, 13, 14, 15, 16, 17, 18, 19, 20, 21, 22, 23, 24, 25, 26, 27, 28, 29, 30, 31, 32, 33, 34, 35, 36, 37, 38, 39, 40, 41, 42, 43, 44, 45, 46, 47, 48, 49, 50, 51, 52, 53, 54, 55, 56, 57, 58, 59, 60, 61, 62, 63, 64, 65, 66, 67, 68, 69, 70, 71, 72, 73, 74, 75, 76, 77, 78, 79, 80, 81, 82, 83, 84, 85, 86, 87, 88, 89, 90, 91, 92, 93, 94, 95, 96, 97, 98, 99, 100, 101, 102, 103, 104, 105, 106, 107]

   [travel] step 0: (84, 15)->(84, 14) map=(3, 22) (path 3 to exit)

   [travel] reached target coord (85, 14)

   [Bridge] INPUT OWNER = 'agent' (sole writer; others dropped+logged)

   [travel] start map=(3, 22) coords=(85, 14) -> coord (85, 16) (budget 80s)

   [travel] north connection band cols: [0, 1, 2, 3, 4, 5, 6, 7, 8, 9, 10, 11, 12, 13, 14, 15, 16, 17, 18, 19, 20, 21, 22, 23, 24, 25, 26, 27, 28, 29, 30, 31, 32, 33, 34, 35, 36, 37, 38, 39, 40, 41, 42, 43, 44, 45, 46, 47, 48, 49, 50, 51, 52, 53, 54, 55, 56, 57, 58, 59, 60, 61, 62, 63, 64, 65, 66, 67, 68, 69, 70, 71, 72, 73, 74, 75, 76, 77, 78, 79, 80, 81, 82, 83, 84, 85, 86, 87, 88, 89, 90, 91, 92, 93, 94, 95, 96, 97, 98, 99, 100, 101, 102, 103, 104, 105, 106, 107]

   [travel] step 0: (85, 14)->(85, 15) map=(3, 22) (path 3 to exit)

   [travel] reached target coord (85, 16)

   [Bridge] INPUT OWNER = 'agent' (sole writer; others dropped+logged)

   [travel] start map=(3, 22) coords=(85, 16) -> coord (85, 17) (budget 80s)

   [travel] north connection band cols: [0, 1, 2, 3, 4, 5, 6, 7, 8, 9, 10, 11, 12, 13, 14, 15, 16, 17, 18, 19, 20, 21, 22, 23, 24, 25, 26, 27, 28, 29, 30, 31, 32, 33, 34, 35, 36, 37, 38, 39, 40, 41, 42, 43, 44, 45, 46, 47, 48, 49, 50, 51, 52, 53, 54, 55, 56, 57, 58, 59, 60, 61, 62, 63, 64, 65, 66, 67, 68, 69, 70, 71, 72, 73, 74, 75, 76, 77, 78, 79, 80, 81, 82, 83, 84, 85, 86, 87, 88, 89, 90, 91, 92, 93, 94, 95, 96, 97, 98, 99, 100, 101, 102, 103, 104, 105, 106, 107]

   [travel] step 0: (85, 16)->(85, 17) map=(3, 22) (path 2 to exit)

   [travel] reached target coord (85, 17)

   [Bridge] INPUT OWNER = 'agent' (sole writer; others dropped+logged)

   [travel] start map=(3, 22) coords=(85, 17) -> coord (85, 16) (budget 80s)

   [travel] north connection band cols: [0, 1, 2, 3, 4, 5, 6, 7, 8, 9, 10, 11, 12, 13, 14, 15, 16, 17, 18, 19, 20, 21, 22, 23, 24, 25, 26, 27, 28, 29, 30, 31, 32, 33, 34, 35, 36, 37, 38, 39, 40, 41, 42, 43, 44, 45, 46, 47, 48, 49, 50, 51, 52, 53, 54, 55, 56, 57, 58, 59, 60, 61, 62, 63, 64, 65, 66, 67, 68, 69, 70, 71, 72, 73, 74, 75, 76, 77, 78, 79, 80, 81, 82, 83, 84, 85, 86, 87, 88, 89, 90, 91, 92, 93, 94, 95, 96, 97, 98, 99, 100, 101, 102, 103, 104, 105, 106, 107]

   [travel] step 0: (85, 17)->(85, 16) map=(3, 22) (path 2 to exit)

   [travel] reached target coord (85, 16)

   [Bridge] INPUT OWNER = 'agent' (sole writer; others dropped+logged)

   [travel] start map=(3, 22) coords=(85, 16) -> coord (84, 17) (budget 80s)

   [travel] north connection band cols: [0, 1, 2, 3, 4, 5, 6, 7, 8, 9, 10, 11, 12, 13, 14, 15, 16, 17, 18, 19, 20, 21, 22, 23, 24, 25, 26, 27, 28, 29, 30, 31, 32, 33, 34, 35, 36, 37, 38, 39, 40, 41, 42, 43, 44, 45, 46, 47, 48, 49, 50, 51, 52, 53, 54, 55, 56, 57, 58, 59, 60, 61, 62, 63, 64, 65, 66, 67, 68, 69, 70, 71, 72, 73, 74, 75, 76, 77, 78, 79, 80, 81, 82, 83, 84, 85, 86, 87, 88, 89, 90, 91, 92, 93, 94, 95, 96, 97, 98, 99, 100, 101, 102, 103, 104, 105, 106, 107]

   [travel] step 0: (85, 16)->(85, 17) map=(3, 22) (path 3 to exit)

   [travel] reached target coord (84, 17)

   [Bridge] INPUT OWNER = 'agent' (sole writer; others dropped+logged)

   [travel] start map=(3, 22) coords=(84, 17) -> coord (83, 17) (budget 80s)

   [travel] north connection band cols: [0, 1, 2, 3, 4, 5, 6, 7, 8, 9, 10, 11, 12, 13, 14, 15, 16, 17, 18, 19, 20, 21, 22, 23, 24, 25, 26, 27, 28, 29, 30, 31, 32, 33, 34, 35, 36, 37, 38, 39, 40, 41, 42, 43, 44, 45, 46, 47, 48, 49, 50, 51, 52, 53, 54, 55, 56, 57, 58, 59, 60, 61, 62, 63, 64, 65, 66, 67, 68, 69, 70, 71, 72, 73, 74, 75, 76, 77, 78, 79, 80, 81, 82, 83, 84, 85, 86, 87, 88, 89, 90, 91, 92, 93, 94, 95, 96, 97, 98, 99, 100, 101, 102, 103, 104, 105, 106, 107]

   [campaign]    [roam] watchdog: SCENE callback owns the screen (evolution/naming/cutscene) — deliberate stillness, watch resets until the world returns

   [travel] path blocked at (84, 17) (NPC on the gap?) - waiting

   [travel] ENCOUNTER -> on-time beat, warm up, hand off

   [kira-voice] ·dedup· (repeat text, T1, looping?) 'a wild Pokemon leaps out at you'

   [Bridge] INPUT OWNER = 'agent' (sole writer; others dropped+logged)

   [kira-voice] ·dedup· (repeat text, T1, looping?) 'a battle started against rattata — your spearow is up front'

   [kira-voice] ·dedup· (repeat text, T1, looping?) "spearow showed up for the XP share — now wartortle takes it from here. that's how you train a rookie."

   [kira-voice] -> T1·brisk· (event) "the enemy's rattata went down to your wartortle — that's the battle, you won"  fired=True  [age 0.0s + post 4ms]

   [Bridge] INPUT OWNER = 'agent' (sole writer; others dropped+logged)

   [travel] battle outcome=win; resuming pathfind

   [Bridge] INPUT OWNER = 'agent' (sole writer; others dropped+logged)

   [travel] reached target coord (83, 17)

   [Bridge] INPUT OWNER = 'agent' (sole writer; others dropped+logged)

   [kira-voice] -> T1·brisk· (beat) 'Route 4 stretches toward the mountains, the air drier here'  fired=True  [age 0.0s + post 21ms]

   [travel] start map=(3, 22) coords=(83, 17) -> coord (86, 16) (budget 80s)

   [travel] north connection band cols: [0, 1, 2, 3, 4, 5, 6, 7, 8, 9, 10, 11, 12, 13, 14, 15, 16, 17, 18, 19, 20, 21, 22, 23, 24, 25, 26, 27, 28, 29, 30, 31, 32, 33, 34, 35, 36, 37, 38, 39, 40, 41, 42, 43, 44, 45, 46, 47, 48, 49, 50, 51, 52, 53, 54, 55, 56, 57, 58, 59, 60, 61, 62, 63, 64, 65, 66, 67, 68, 69, 70, 71, 72, 73, 74, 75, 76, 77, 78, 79, 80, 81, 82, 83, 84, 85, 86, 87, 88, 89, 90, 91, 92, 93, 94, 95, 96, 97, 98, 99, 100, 101, 102, 103, 104, 105, 106, 107]

   [travel] step 0: (83, 17)->(83, 16) map=(3, 22) (path 5 to exit)

   [travel] reached target coord (86, 16)

   [Bridge] INPUT OWNER = 'agent' (sole writer; others dropped+logged)

   [travel] start map=(3, 22) coords=(86, 16) -> coord (85, 16) (budget 80s)

   [travel] north connection band cols: [0, 1, 2, 3, 4, 5, 6, 7, 8, 9, 10, 11, 12, 13, 14, 15, 16, 17, 18, 19, 20, 21, 22, 23, 24, 25, 26, 27, 28, 29, 30, 31, 32, 33, 34, 35, 36, 37, 38, 39, 40, 41, 42, 43, 44, 45, 46, 47, 48, 49, 50, 51, 52, 53, 54, 55, 56, 57, 58, 59, 60, 61, 62, 63, 64, 65, 66, 67, 68, 69, 70, 71, 72, 73, 74, 75, 76, 77, 78, 79, 80, 81, 82, 83, 84, 85, 86, 87, 88, 89, 90, 91, 92, 93, 94, 95, 96, 97, 98, 99, 100, 101, 102, 103, 104, 105, 106, 107]

   [travel] step 0: (86, 16)->(85, 16) map=(3, 22) (path 2 to exit)

   [travel] reached target coord (85, 16)

   [Bridge] INPUT OWNER = 'agent' (sole writer; others dropped+logged)

   [travel] start map=(3, 22) coords=(85, 16) -> coord (85, 17) (budget 80s)

   [travel] north connection band cols: [0, 1, 2, 3, 4, 5, 6, 7, 8, 9, 10, 11, 12, 13, 14, 15, 16, 17, 18, 19, 20, 21, 22, 23, 24, 25, 26, 27, 28, 29, 30, 31, 32, 33, 34, 35, 36, 37, 38, 39, 40, 41, 42, 43, 44, 45, 46, 47, 48, 49, 50, 51, 52, 53, 54, 55, 56, 57, 58, 59, 60, 61, 62, 63, 64, 65, 66, 67, 68, 69, 70, 71, 72, 73, 74, 75, 76, 77, 78, 79, 80, 81, 82, 83, 84, 85, 86, 87, 88, 89, 90, 91, 92, 93, 94, 95, 96, 97, 98, 99, 100, 101, 102, 103, 104, 105, 106, 107]

   [travel] step 0: (85, 16)->(85, 17) map=(3, 22) (path 2 to exit)

   [travel] reached target coord (85, 17)

   [Bridge] INPUT OWNER = 'agent' (sole writer; others dropped+logged)

   [travel] start map=(3, 22) coords=(85, 17) -> coord (86, 14) (budget 80s)

   [travel] north connection band cols: [0, 1, 2, 3, 4, 5, 6, 7, 8, 9, 10, 11, 12, 13, 14, 15, 16, 17, 18, 19, 20, 21, 22, 23, 24, 25, 26, 27, 28, 29, 30, 31, 32, 33, 34, 35, 36, 37, 38, 39, 40, 41, 42, 43, 44, 45, 46, 47, 48, 49, 50, 51, 52, 53, 54, 55, 56, 57, 58, 59, 60, 61, 62, 63, 64, 65, 66, 67, 68, 69, 70, 71, 72, 73, 74, 75, 76, 77, 78, 79, 80, 81, 82, 83, 84, 85, 86, 87, 88, 89, 90, 91, 92, 93, 94, 95, 96, 97, 98, 99, 100, 101, 102, 103, 104, 105, 106, 107]

   [campaign]    [roam] watchdog: SCENE callback owns the screen (evolution/naming/cutscene) — deliberate stillness, watch resets until the world returns

   [travel] ENCOUNTER -> on-time beat, warm up, hand off

   [kira-voice] ·dedup· (repeat text, T1, looping?) 'a wild Pokemon leaps out at you'

   [Bridge] INPUT OWNER = 'agent' (sole writer; others dropped+logged)

   [kira-voice] -> T1·brisk· (event) 'a battle started against mankey — your spearow is up front'  fired=True  [age 0.0s + post 12ms]

   [kira-voice] ·floor· (<1s since last) T2 'the trainer sent out mankey'

   [pkmn-audio-child] parent closed the pipe (EOF) � clean shutdown.

   [pkmn-audio-child] stopped after 78105 frames.

   [pkmn-audio] stopped (isolated); audio child closed; frame-stepping restored.



================================================================

   PLAY-LIVE RESULT: window-closed

   final: map=(3, 22) coords=(85, 17)  badge=True

   [kira-voice] === 77 fired, 71 gated (0 failed) | by tier: T3=0 T2=10 T1=67 (incl ambient trickle) ===

================================================================

