   [campaign]    [quarry-approach] replan at (15, 11) (len 0, budget 9)

   [campaign]    [quarry-approach] no path from (15, 11)

   [campaign]    [roam] 🎯 QUESTLINE STRIKE -> failed (now (1, 87)@(15, 11))

   [campaign]    [lap] 'articuno' questline step -> questline_strike_failed

   [campaign]    [lap] 'articuno' dispatch failed (questline_strike_failed) — bounded attempt 14/6

   [campaign]    [lap] ⏭️ HONEST SKIP 'articuno': 14 bounded dispatch attempts spent (last: questline_strike_failed) — the lap moves on (never an infinite park)

   [kira-voice] ·floor· (<1s since last) T2 "calling it on the articuno side quest — 14 bounded dispatch attempts spent (last: questline_strike_failed). the League won't wait forever."

   [campaign]    [roam] RESULT: victory_lap -> questline_strike_failed | pos (1, 87)(15, 11) -> (1, 87)(15, 11) (NO MOVEMENT)

   [campaign]    [roam] tick opened inside interior (1, 87)@(15, 11) with no battle since last tick — NOT a blackout; continuing (mid-route interior)

   [campaign]    [world] learned 4 warp(s) on (1, 87): (15, 9)->(1, 86), (32, 5)->(1, 86), (8, 17)->(1, 86), (9, 17)->(1, 86)

   [campaign]    [lap] 🦅 PROXIMITY UNSKIP 'articuno': standing on the hunt's own maps — honest-skip latch dropped (every visit; nothing outranks a legendary she is standing next to)

   [campaign]    [lap] checklist owes 'articuno' — victory_lap is the endgame action (head_to_league/enter_league held until the lap clears)

   [campaign]    [world] learned 4 warp(s) on (1, 87): (15, 9)->(1, 86), (32, 5)->(1, 86), (8, 17)->(1, 86), (9, 17)->(1, 86)

   [campaign] -- ROAM TICK 36/100000000 --

   [campaign]    [roam] STATE IN: Seafoam Islands (15, 11) | badges=8 (Boulder, Cascade, Thunder, Rainbow, Soul, Marsh, Volcano, Earth) | party=[blastoise L67, lapras L25, fearow L38, moltres L50, machop L34] | 8 badge(s) earned (Boulder, Cascade, Thunder, Rainbow, Soul, Marsh, Volcano, Earth). All 8 badges earned. Pokédex: 18 caught. All 8 badges — Victory Road and the Elite Four are next. This is the endgame.

   [campaign]    [roam] PROGRESS: RED (unchanged 26 ticks) | fp[(1, 87) (15,11) f1 -- badge8 $2198 party:4497 bag:1af5]

   [campaign]    [roam] OPTIONS OFFERED: ['victory_lap', 'talk_npc']

   [campaign]    [roam] !! MACRO RED: no progress 26 ticks — feeding awareness back to the oracle: "You keep trying to victory lap but the world hasn't changed in 26 turns - it went 'questline_strike_failed', and you're completely stuck."

   [campaign]    [roam] !! REPEAT-NO-PROGRESS: 'victory_lap' repeated with a stuck fingerprint — nudging a different action

   [campaign]    [lap] !! FORCE VICTORY LAP — oracle SKIPPED (the checklist owns the endgame sequencing; the order is code, not mood)

   [campaign]    [roam] PICK OUT: victory_lap  <- her RECOVERY move (RED)

   [campaign]    [roam] RATIONALE: You're ready — stop grinding and push forward to the next objective. then on to the Elite Four

   [campaign]    [roam] 🎯 QUESTLINE STRIKE: Seafoam Islands B4F (ARTICUNO — the legendary ice bird) — attempt 3/3 from (1, 87)

   [campaign]    [hunt] Ultra pocket check — 29 Ultras (floor 20, target 50, wired=False, done=False, fails=0)

   [campaign]    [hunt] Ultra war-chest not wired on this hunt — no ferry (LOUD)

   [campaign]    [hunt] CHIP-PP AUDIT — slot0 L67 hp 200/205 dmgPP 58 safePP 0 (Bite:23, Skull Bash:15, Surf:14, Earthquake:6); slot1 L25 hp 106/106 dmgPP 30 safePP 30 (Strength:15, Body Slam:15, Confuse Ray:10, Perish Song:5); slot2 L38 hp 104/104 dmgPP 40 safePP 40 (Leer:30, Fury Attack:20, 228:20, Mirror Move:20); slot3 L50 hp 150/150 dmgPP 30 safePP 15 (83:15, Agility:30, 203:10, 53:15); slot4 L34 hp 101/101 dmgPP 40 safePP 40 (69:20, 193:40, 279:10, 233:10) | ace slot0 safe 0, party safe 125 (vs Articuno ice/flying L50)

   [campaign]    [hunt] !! chip PP THIN (ace 0 safe swing(s), party 125; mins 5/8) and no Center leg is wired for articuno — engaging in LADDER MODE (bench chipper carries the chip) (LOUD)

   [campaign]    [hunt] Ultra pocket check — 29 Ultras (floor 20, target 50, wired=False, done=False, fails=0)

   [campaign]    [hunt] Ultra war-chest not wired on this hunt — no ferry (LOUD)

   [campaign]    [hunt] CHIP-PP AUDIT — slot0 L67 hp 200/205 dmgPP 58 safePP 0 (Bite:23, Skull Bash:15, Surf:14, Earthquake:6); slot1 L25 hp 106/106 dmgPP 30 safePP 30 (Strength:15, Body Slam:15, Confuse Ray:10, Perish Song:5); slot2 L38 hp 104/104 dmgPP 40 safePP 40 (Leer:30, Fury Attack:20, 228:20, Mirror Move:20); slot3 L50 hp 150/150 dmgPP 30 safePP 15 (83:15, Agility:30, 203:10, 53:15); slot4 L34 hp 101/101 dmgPP 40 safePP 40 (69:20, 193:40, 279:10, 233:10) | ace slot0 safe 0, party safe 125 (vs Articuno ice/flying L50)

   [campaign]    [hunt] !! SKIPPING pre-articuno bank — ace safe chip PP is 0 (would poison soft-reload) (LOUD)

   [campaign]    [quarry-approach] replan at (15, 11) (len 0, budget 9)

   [campaign]    [quarry-approach] no path from (15, 11)

   [campaign]    [roam] 🎯 QUESTLINE STRIKE -> failed (now (1, 87)@(15, 11))

   [campaign]    [lap] 'articuno' questline step -> questline_strike_failed

   [campaign]    [lap] 'articuno' dispatch failed (questline_strike_failed) — bounded attempt 15/6

   [campaign]    [lap] ⏭️ HONEST SKIP 'articuno': 15 bounded dispatch attempts spent (last: questline_strike_failed) — the lap moves on (never an infinite park)

   [kira-voice] ·floor· (<1s since last) T2 "calling it on the articuno side quest — 15 bounded dispatch attempts spent (last: questline_strike_failed). the League won't wait forever."

   [campaign]    [roam] RESULT: victory_lap -> questline_strike_failed | pos (1, 87)(15, 11) -> (1, 87)(15, 11) (NO MOVEMENT)

   [campaign]    ⛰️  CAMPAIGN SAVE [tick36] -> campaign/kira_campaign.state  (map=(1, 87) coords=(15, 11) badges=8 party=5)

   [campaign]    [sanctity] bundle VALID (schema/encoding/truth/monotonic all clean)

   [campaign]    [roam] tick opened inside interior (1, 87)@(15, 11) with no battle since last tick — NOT a blackout; continuing (mid-route interior)

   [campaign]    [world] learned 4 warp(s) on (1, 87): (15, 9)->(1, 86), (32, 5)->(1, 86), (8, 17)->(1, 86), (9, 17)->(1, 86)

   [campaign]    [lap] 🦅 PROXIMITY UNSKIP 'articuno': standing on the hunt's own maps — honest-skip latch dropped (every visit; nothing outranks a legendary she is standing next to)

   [campaign]    [lap] checklist owes 'articuno' — victory_lap is the endgame action (head_to_league/enter_league held until the lap clears)

   [campaign]    [world] learned 4 warp(s) on (1, 87): (15, 9)->(1, 86), (32, 5)->(1, 86), (8, 17)->(1, 86), (9, 17)->(1, 86)

   [campaign] -- ROAM TICK 37/100000000 --

   [campaign]    [roam] STATE IN: Seafoam Islands (15, 11) | badges=8 (Boulder, Cascade, Thunder, Rainbow, Soul, Marsh, Volcano, Earth) | party=[blastoise L67, lapras L25, fearow L38, moltres L50, machop L34] | 8 badge(s) earned (Boulder, Cascade, Thunder, Rainbow, Soul, Marsh, Volcano, Earth). All 8 badges earned. Pokédex: 18 caught. All 8 badges — Victory Road and the Elite Four are next. This is the endgame.

   [campaign]    [roam] PROGRESS: RED (unchanged 27 ticks) | fp[(1, 87) (15,11) f1 -- badge8 $2198 party:4497 bag:1af5]

   [campaign]    [roam] OPTIONS OFFERED: ['victory_lap', 'talk_npc']

   [campaign]    [soul] surface_want FIRE -> Seafoam Islands

   [campaign]    [soul] ORACLE decision: kind=want ctx={'place': "You're in Seafoam Islands — underground in a real cave — rock, gloom, echoes.. ALREADY BESIDE YOU — your current team: blastoise (L67), lapras (L25), fearow (L38), moltres (L50), machop (L34). A want is something you DON'T yet have; never wish for a teammate who's already on your team.", 'map': (1, 87), 'badges': ['Boulder', 'Cascade', 'Thunder', 'Rainbow', 'Soul', 'Marsh', 'Volcano', 'Earth'], 'progress': '8 badge(s) earned (Boulder, Cascade, Thunder, Rainbow, Soul, Marsh, Volcano, Earth). All 8 badges earned. Pokédex: 18 caught. All 8 badges — Victory Road and the Elite Four are next. This is the endgame.', 'party': 'blastoise (L67), lapras (L25), fearow (L38), moltres (L50), machop (L34)', 'goal': {'short': "You're ready — stop grinding and push forward to the next objective", 'medium': "FIRST Articuno — the ice legendary on the Seafoam Islands' bottom floor, past the boulder cascade. Ice/Flying at L50: Lance's dragons become a formality — the gym comes right after; that errand is the road", 'long': 'Take on the Elite Four'}} options=['eevee', 'fossil', 'starters', 'rare', 'legendaries']

   [kira-voice] ORACLE kind=want options=['eevee', 'fossil', 'starters', 'rare', 'legendaries'] -> pick='catch articuno'

   [campaign]    [soul] ORACLE pick -> 'catch articuno'

   [campaign]    [roam] !! MACRO RED: no progress 27 ticks — feeding awareness back to the oracle: "You keep trying to victory lap but the world hasn't changed in 27 turns - it went 'questline_strike_failed', and you're completely stuck."

   [campaign]    [roam] !! REPEAT-NO-PROGRESS: 'victory_lap' repeated with a stuck fingerprint — nudging a different action

   [campaign]    [lap] !! FORCE VICTORY LAP — oracle SKIPPED (the checklist owns the endgame sequencing; the order is code, not mood)

   [campaign]    [roam] PICK OUT: victory_lap  <- her RECOVERY move (RED)

   [campaign]    [roam] RATIONALE: You're ready — stop grinding and push forward to the next objective. then on to the Elite Four

   [campaign]    [roam] !! QUESTLINE NO-PROGRESS ×5 (articuno) — abandoning the errand; re-recognizing fresh

   [kira-voice] ·floor· (<1s since last) T1 "hm — this plan's going nowhere from here. let me rethink."

   [campaign]    [roam] questline cleared (no-progress abandon)

   [campaign]    [lap] 'articuno' questline step -> questline_abandoned

   [campaign]    [lap] 'articuno' dispatch failed (questline_abandoned) — bounded attempt 16/6

   [campaign]    [lap] ⏭️ HONEST SKIP 'articuno': 16 bounded dispatch attempts spent (last: questline_abandoned) — the lap moves on (never an infinite park)

   [kira-voice] ·floor· (<1s since last) T2 "calling it on the articuno side quest — 16 bounded dispatch attempts spent (last: questline_abandoned). the League won't wait forever."

   [campaign]    [roam] RESULT: victory_lap -> questline_abandoned | pos (1, 87)(15, 11) -> (1, 87)(15, 11) (NO MOVEMENT)

   [kira-voice] -> T2·savor· (want) 'catch articuno'  fired=True  [age 0.0s + post 6ms]

   [campaign]    [roam] tick opened inside interior (1, 87)@(15, 11) with no battle since last tick — NOT a blackout; continuing (mid-route interior)

   [campaign]    [world] learned 4 warp(s) on (1, 87): (15, 9)->(1, 86), (32, 5)->(1, 86), (8, 17)->(1, 86), (9, 17)->(1, 86)

   [campaign]    [lap] 🦅 PROXIMITY UNSKIP 'articuno': standing on the hunt's own maps — honest-skip latch dropped (every visit; nothing outranks a legendary she is standing next to)

   [campaign]    [roam] 🎯 QUESTLINE OPENED: gate=story_npc/articuno → steps=['surf', 'articuno'] actionable=articuno (resolved=True)

   [kira-voice] ·floor· (<1s since last) T2 "Okay — to get past this I need Articuno — the ice legendary on the Seafoam Islands' bottom floor, past the boulder cascade. Ice/Flying at L50: Lance's dragons become a formality."

   [campaign]    [lap] 🏁 VICTORY LAP arms 'articuno' — the pre-E4 checklist owns the errand slot (order: earthquake → box_bench → moltres → articuno → eevee → zapdos → repack)

   [campaign]    [lap] checklist owes 'articuno' — victory_lap is the endgame action (head_to_league/enter_league held until the lap clears)

   [campaign]    [world] learned 4 warp(s) on (1, 87): (15, 9)->(1, 86), (32, 5)->(1, 86), (8, 17)->(1, 86), (9, 17)->(1, 86)

   [campaign] -- ROAM TICK 38/100000000 --

   [campaign]    [roam] STATE IN: Seafoam Islands (15, 11) | badges=8 (Boulder, Cascade, Thunder, Rainbow, Soul, Marsh, Volcano, Earth) | party=[blastoise L67, lapras L25, fearow L38, moltres L50, machop L34] | 8 badge(s) earned (Boulder, Cascade, Thunder, Rainbow, Soul, Marsh, Volcano, Earth). All 8 badges earned. Pokédex: 18 caught. All 8 badges — Victory Road and the Elite Four are next. This is the endgame.

   [campaign]    [roam] PROGRESS: RED (unchanged 28 ticks) | fp[(1, 87) (15,11) f1 -- badge8 $2198 party:4497 bag:1af5]

   [campaign]    [roam] OPTIONS OFFERED: ['victory_lap', 'talk_npc']

   [campaign]    [roam] !! MACRO RED: no progress 28 ticks — feeding awareness back to the oracle: "You keep trying to victory lap but the world hasn't changed in 28 turns - it went 'questline_abandoned', and you're completely stuck."

   [campaign]    [roam] !! REPEAT-NO-PROGRESS: 'victory_lap' repeated with a stuck fingerprint — nudging a different action

   [campaign]    [lap] !! FORCE VICTORY LAP — oracle SKIPPED (the checklist owns the endgame sequencing; the order is code, not mood)

   [campaign]    [roam] PICK OUT: victory_lap  <- her RECOVERY move (RED)

   [campaign]    [roam] RATIONALE: You're ready — stop grinding and push forward to the next objective. then on to the Elite Four

   [campaign]    [roam] questline STRIKE: 3 attempts exhausted for Seafoam Islands B4F (ARTICUNO — the legendary ice bird) — surfacing so recovery/other options carry her (not looping the strike)

   [campaign]    [roam] questline: no graph route (1, 87) -> anchor (3, 38) yet — falling through to dir/bend discovery

   [campaign]    [roam] questline STRIKE: 3 attempts exhausted for Seafoam Islands B4F (ARTICUNO — the legendary ice bird) — surfacing so recovery/other options carry her (not looping the strike)

   [campaign]    [roam] 🧭 QUESTLINE STEP: 'Articuno — the ice legendary on the Seafoam Islands' bottom floor, past the boulder cascade. Ice/Flying at L50: Lance's dragons become a formality' — heading SOUTH toward Seafoam Islands, bottom floor — descend the ladder chain from either Route 20 door; the bird waits across the (becalmed) B4F water (success=('flag', 'FLAG_FOUGHT_ARTICUNO'))

   [campaign]    [roam] questline: NOT arrived — (1, 87) is off-anchor ((3, 38) unreachable in the learned graph) with no local frontier; surfacing no-route

   [campaign]    [lap] 'articuno' questline step -> questline_no_route

   [campaign]    [roam] RESULT: victory_lap -> questline_no_route | pos (1, 87)(15, 11) -> (1, 87)(15, 11) (NO MOVEMENT)

   [campaign]    ⛰️  CAMPAIGN SAVE [tick38] -> campaign/kira_campaign.state  (map=(1, 87) coords=(15, 11) badges=8 party=5)

   [campaign]    [sanctity] bundle VALID (schema/encoding/truth/monotonic all clean)

   [campaign]    [roam] tick opened inside interior (1, 87)@(15, 11) with no battle since last tick — NOT a blackout; continuing (mid-route interior)

   [campaign]    [world] learned 4 warp(s) on (1, 87): (15, 9)->(1, 86), (32, 5)->(1, 86), (8, 17)->(1, 86), (9, 17)->(1, 86)

   [campaign]    [lap] checklist owes 'articuno' — victory_lap is the endgame action (head_to_league/enter_league held until the lap clears)

   [campaign]    [world] learned 4 warp(s) on (1, 87): (15, 9)->(1, 86), (32, 5)->(1, 86), (8, 17)->(1, 86), (9, 17)->(1, 86)

   [campaign] -- ROAM TICK 39/100000000 --

   [campaign]    [roam] STATE IN: Seafoam Islands (15, 11) | badges=8 (Boulder, Cascade, Thunder, Rainbow, Soul, Marsh, Volcano, Earth) | party=[blastoise L67, lapras L25, fearow L38, moltres L50, machop L34] | 8 badge(s) earned (Boulder, Cascade, Thunder, Rainbow, Soul, Marsh, Volcano, Earth). All 8 badges earned. Pokédex: 18 caught. All 8 badges — Victory Road and the Elite Four are next. This is the endgame.

   [campaign]    [roam] PROGRESS: RED (unchanged 29 ticks) | fp[(1, 87) (15,11) f1 -- badge8 $2198 party:4497 bag:1af5]

   [campaign]    [roam] OPTIONS OFFERED: ['victory_lap', 'talk_npc']

   [campaign]    [roam] !! MACRO RED: no progress 29 ticks — feeding awareness back to the oracle: "You keep trying to victory lap but the world hasn't changed in 29 turns - it went 'questline_no_route', and you're completely stuck."

   [campaign]    [roam] !! REPEAT-NO-PROGRESS: 'victory_lap' repeated with a stuck fingerprint — nudging a different action

   [campaign]    [lap] !! FORCE VICTORY LAP — oracle SKIPPED (the checklist owns the endgame sequencing; the order is code, not mood)

   [campaign]    [roam] PICK OUT: victory_lap  <- her RECOVERY move (RED)

   [campaign]    [roam] RATIONALE: You're ready — stop grinding and push forward to the next objective. then on to the Elite Four

   [campaign]    [roam] questline STRIKE: 3 attempts exhausted for Seafoam Islands B4F (ARTICUNO — the legendary ice bird) — surfacing so recovery/other options carry her (not looping the strike)

   [campaign]    [roam] questline: no graph route (1, 87) -> anchor (3, 38) yet — falling through to dir/bend discovery

   [campaign]    [roam] questline STRIKE: 3 attempts exhausted for Seafoam Islands B4F (ARTICUNO — the legendary ice bird) — surfacing so recovery/other options carry her (not looping the strike)

   [campaign]    [roam] 🧭 QUESTLINE STEP: 'Articuno — the ice legendary on the Seafoam Islands' bottom floor, past the boulder cascade. Ice/Flying at L50: Lance's dragons become a formality' — heading SOUTH toward Seafoam Islands, bottom floor — descend the ladder chain from either Route 20 door; the bird waits across the (becalmed) B4F water (success=('flag', 'FLAG_FOUGHT_ARTICUNO'))

   [campaign]    [roam] questline: NOT arrived — (1, 87) is off-anchor ((3, 38) unreachable in the learned graph) with no local frontier; surfacing no-route

   [campaign]    [lap] 'articuno' questline step -> questline_no_route

   [campaign]    [roam] RESULT: victory_lap -> questline_no_route | pos (1, 87)(15, 11) -> (1, 87)(15, 11) (NO MOVEMENT)

   [campaign]    [roam] tick opened inside interior (1, 87)@(15, 11) with no battle since last tick — NOT a blackout; continuing (mid-route interior)

   [campaign]    [world] learned 4 warp(s) on (1, 87): (15, 9)->(1, 86), (32, 5)->(1, 86), (8, 17)->(1, 86), (9, 17)->(1, 86)

   [campaign]    [lap] checklist owes 'articuno' — victory_lap is the endgame action (head_to_league/enter_league held until the lap clears)

   [campaign]    [world] learned 4 warp(s) on (1, 87): (15, 9)->(1, 86), (32, 5)->(1, 86), (8, 17)->(1, 86), (9, 17)->(1, 86)

   [campaign] -- ROAM TICK 40/100000000 --

   [campaign]    [roam] STATE IN: Seafoam Islands (15, 11) | badges=8 (Boulder, Cascade, Thunder, Rainbow, Soul, Marsh, Volcano, Earth) | party=[blastoise L67, lapras L25, fearow L38, moltres L50, machop L34] | 8 badge(s) earned (Boulder, Cascade, Thunder, Rainbow, Soul, Marsh, Volcano, Earth). All 8 badges earned. Pokédex: 18 caught. All 8 badges — Victory Road and the Elite Four are next. This is the endgame.

   [campaign]    [roam] PROGRESS: RED (unchanged 30 ticks) | fp[(1, 87) (15,11) f1 -- badge8 $2198 party:4497 bag:1af5]

   [campaign]    [roam] OPTIONS OFFERED: ['victory_lap', 'talk_npc']

   [campaign]    [soul] surface_want FIRE -> Seafoam Islands

   [campaign]    [soul] ORACLE decision: kind=want ctx={'place': "You're in Seafoam Islands — underground in a real cave — rock, gloom, echoes.. ALREADY BESIDE YOU — your current team: blastoise (L67), lapras (L25), fearow (L38), moltres (L50), machop (L34). A want is something you DON'T yet have; never wish for a teammate who's already on your team.", 'map': (1, 87), 'badges': ['Boulder', 'Cascade', 'Thunder', 'Rainbow', 'Soul', 'Marsh', 'Volcano', 'Earth'], 'progress': '8 badge(s) earned (Boulder, Cascade, Thunder, Rainbow, Soul, Marsh, Volcano, Earth). All 8 badges earned. Pokédex: 18 caught. All 8 badges — Victory Road and the Elite Four are next. This is the endgame.', 'party': 'blastoise (L67), lapras (L25), fearow (L38), moltres (L50), machop (L34)', 'goal': {'short': "You're ready — stop grinding and push forward to the next objective", 'medium': "FIRST Articuno — the ice legendary on the Seafoam Islands' bottom floor, past the boulder cascade. Ice/Flying at L50: Lance's dragons become a formality — the gym comes right after; that errand is the road", 'long': 'Take on the Elite Four'}} options=['eevee', 'fossil', 'starters', 'rare', 'legendaries']

   [kira-voice] ORACLE kind=want options=['eevee', 'fossil', 'starters', 'rare', 'legendaries'] -> pick='Articuno — get down there and catch it'

   [campaign]    [soul] ORACLE pick -> 'Articuno — get down there and catch it'

   [campaign]    [roam] !! MACRO RED: no progress 30 ticks — feeding awareness back to the oracle: "You keep trying to victory lap but the world hasn't changed in 30 turns - it went 'questline_no_route', and you're completely stuck."

   [campaign]    [roam] !! REPEAT-NO-PROGRESS: 'victory_lap' repeated with a stuck fingerprint — nudging a different action

   [campaign]    [lap] !! FORCE VICTORY LAP — oracle SKIPPED (the checklist owns the endgame sequencing; the order is code, not mood)

   [campaign]    [roam] PICK OUT: victory_lap  <- her RECOVERY move (RED)

   [campaign]    [roam] RATIONALE: You're ready — stop grinding and push forward to the next objective. then on to the Elite Four

   [kira-voice] -> T2·savor· (want) 'Articuno — get down there and catch it'  fired=True  [age 0.0s + post 5ms]

   [campaign]    [roam] questline STRIKE: 3 attempts exhausted for Seafoam Islands B4F (ARTICUNO — the legendary ice bird) — surfacing so recovery/other options carry her (not looping the strike)

   [campaign]    [roam] questline: no graph route (1, 87) -> anchor (3, 38) yet — falling through to dir/bend discovery

   [campaign]    [roam] questline STRIKE: 3 attempts exhausted for Seafoam Islands B4F (ARTICUNO — the legendary ice bird) — surfacing so recovery/other options carry her (not looping the strike)

   [campaign]    [roam] 🧭 QUESTLINE STEP: 'Articuno — the ice legendary on the Seafoam Islands' bottom floor, past the boulder cascade. Ice/Flying at L50: Lance's dragons become a formality' — heading SOUTH toward Seafoam Islands, bottom floor — descend the ladder chain from either Route 20 door; the bird waits across the (becalmed) B4F water (success=('flag', 'FLAG_FOUGHT_ARTICUNO'))

   [campaign]    [roam] questline: NOT arrived — (1, 87) is off-anchor ((3, 38) unreachable in the learned graph) with no local frontier; surfacing no-route

   [campaign]    [lap] 'articuno' questline step -> questline_no_route

   [campaign]    [roam] RESULT: victory_lap -> questline_no_route | pos (1, 87)(15, 11) -> (1, 87)(15, 11) (NO MOVEMENT)

   [campaign]    ⛰️  CAMPAIGN SAVE [tick40] -> campaign/kira_campaign.state  (map=(1, 87) coords=(15, 11) badges=8 party=5)

   [campaign]    [sanctity] bundle VALID (schema/encoding/truth/monotonic all clean)

   [campaign]    [roam] tick opened inside interior (1, 87)@(15, 11) with no battle since last tick — NOT a blackout; continuing (mid-route interior)

   [campaign]    [world] learned 4 warp(s) on (1, 87): (15, 9)->(1, 86), (32, 5)->(1, 86), (8, 17)->(1, 86), (9, 17)->(1, 86)

   [campaign]    [lap] checklist owes 'articuno' — victory_lap is the endgame action (head_to_league/enter_league held until the lap clears)

   [campaign]    [world] learned 4 warp(s) on (1, 87): (15, 9)->(1, 86), (32, 5)->(1, 86), (8, 17)->(1, 86), (9, 17)->(1, 86)

   [campaign] -- ROAM TICK 41/100000000 --

   [campaign]    [roam] STATE IN: Seafoam Islands (15, 11) | badges=8 (Boulder, Cascade, Thunder, Rainbow, Soul, Marsh, Volcano, Earth) | party=[blastoise L67, lapras L25, fearow L38, moltres L50, machop L34] | 8 badge(s) earned (Boulder, Cascade, Thunder, Rainbow, Soul, Marsh, Volcano, Earth). All 8 badges earned. Pokédex: 18 caught. All 8 badges — Victory Road and the Elite Four are next. This is the endgame.

   [campaign]    [roam] PROGRESS: RED (unchanged 31 ticks) | fp[(1, 87) (15,11) f1 -- badge8 $2198 party:4497 bag:1af5]

   [campaign]    [roam] deep-wedge ring EXHAUSTED (0 reverts, 0 same-region of 0 banked) — no clean checkpoint left to fall back to; trying the same-region disk banks

   [campaign]    [roam] !!!! REGION-LOCAL RELOAD: same-region (kanto) auto-checkpoint '20260807_112658_seafoam-islands_8b_35h45m_roam-start' loaded (map (1, 87), skip depth 1) — recovery stays on this side of the sea (LOUD)

   [kira-voice] ·floor· (<1s since last) T2 "something glitched me out — backing up a little, but I'm staying right here on this island and pushing on."

   [campaign]    [roam] strike memory reset (region-local reload): 1 errand try-counter(s) cleared — the reloaded world gets fresh strike attempts

   [campaign]    ⛰️  CAMPAIGN SAVE [post_region_reload] -> campaign/kira_campaign.state  (map=(1, 87) coords=(32, 5) badges=8 party=5)

   [campaign]    [roam] tick opened inside interior (1, 87)@(32, 5) with no battle since last tick — NOT a blackout; continuing (mid-route interior)

   [campaign]    [world] learned 4 warp(s) on (1, 87): (15, 9)->(1, 86), (32, 5)->(1, 86), (8, 17)->(1, 86), (9, 17)->(1, 86)

   [campaign]    [lap] checklist owes 'articuno' — victory_lap is the endgame action (head_to_league/enter_league held until the lap clears)

   [campaign]    [world] learned 4 warp(s) on (1, 87): (15, 9)->(1, 86), (32, 5)->(1, 86), (8, 17)->(1, 86), (9, 17)->(1, 86)

   [campaign]    [roam] known-good snapshot SKIPPED — this spot can't reach a Center; refusing to bank a poisoned escape target (would reload back into the strand)

   [campaign] -- ROAM TICK 42/100000000 --

   [campaign]    [roam] STATE IN: Seafoam Islands (32, 5) | badges=8 (Boulder, Cascade, Thunder, Rainbow, Soul, Marsh, Volcano, Earth) | party=[blastoise L67, lapras L25, fearow L38, moltres L50, machop L34] | 8 badge(s) earned (Boulder, Cascade, Thunder, Rainbow, Soul, Marsh, Volcano, Earth). All 8 badges earned. Pokédex: 18 caught. All 8 badges — Victory Road and the Elite Four are next. This is the endgame.

   [campaign]    [roam] PROGRESS: GREEN (unchanged 0 ticks) | fp[(1, 87) (32,5) f1 -- badge8 $2198 party:4497 bag:1af5]

   [campaign]    [roam] OPTIONS OFFERED: ['victory_lap']

   [campaign]    [lap] !! FORCE VICTORY LAP — oracle SKIPPED (the checklist owns the endgame sequencing; the order is code, not mood)

   [campaign]    [roam] PICK OUT: victory_lap

   [campaign]    [roam] RATIONALE: You're ready — stop grinding and push forward to the next objective. then on to the Elite Four

   [campaign]    [roam] 🎯 QUESTLINE STRIKE: Seafoam Islands B4F (ARTICUNO — the legendary ice bird) — attempt 1/3 from (1, 87)

   [campaign]    [hunt] Ultra pocket check — 29 Ultras (floor 20, target 50, wired=False, done=False, fails=0)

   [campaign]    [hunt] Ultra war-chest not wired on this hunt — no ferry (LOUD)

   [campaign]    [hunt] CHIP-PP AUDIT — slot0 L67 hp 200/205 dmgPP 59 safePP 0 (Bite:23, Skull Bash:15, Surf:14, Earthquake:7); slot1 L25 hp 106/106 dmgPP 30 safePP 30 (Strength:15, Body Slam:15, Confuse Ray:10, Perish Song:5); slot2 L38 hp 104/104 dmgPP 40 safePP 40 (Leer:30, Fury Attack:20, 228:20, Mirror Move:20); slot3 L50 hp 150/150 dmgPP 30 safePP 15 (83:15, Agility:30, 203:10, 53:15); slot4 L34 hp 101/101 dmgPP 40 safePP 40 (69:20, 193:40, 279:10, 233:10) | ace slot0 safe 0, party safe 125 (vs Articuno ice/flying L50)

   [campaign]    [hunt] !! chip PP THIN (ace 0 safe swing(s), party 125; mins 5/8) and no Center leg is wired for articuno — engaging in LADDER MODE (bench chipper carries the chip) (LOUD)

   [campaign]    [hunt] Ultra pocket check — 29 Ultras (floor 20, target 50, wired=False, done=False, fails=0)

   [campaign]    [hunt] Ultra war-chest not wired on this hunt — no ferry (LOUD)

   [campaign]    [hunt] CHIP-PP AUDIT — slot0 L67 hp 200/205 dmgPP 59 safePP 0 (Bite:23, Skull Bash:15, Surf:14, Earthquake:7); slot1 L25 hp 106/106 dmgPP 30 safePP 30 (Strength:15, Body Slam:15, Confuse Ray:10, Perish Song:5); slot2 L38 hp 104/104 dmgPP 40 safePP 40 (Leer:30, Fury Attack:20, 228:20, Mirror Move:20); slot3 L50 hp 150/150 dmgPP 30 safePP 15 (83:15, Agility:30, 203:10, 53:15); slot4 L34 hp 101/101 dmgPP 40 safePP 40 (69:20, 193:40, 279:10, 233:10) | ace slot0 safe 0, party safe 125 (vs Articuno ice/flying L50)

   [campaign]    [hunt] !! SKIPPING pre-articuno bank — ace safe chip PP is 0 (would poison soft-reload) (LOUD)

   [campaign]    [quarry-approach] replan at (32, 5) (len 0, budget 9)

   [campaign]    [quarry-approach] no path from (32, 5)

   [kira-voice] -> T3·BIG· (legendary) 'there it is. Articuno. okay — deep breath, balls ready. we are NOT blowing this.'  fired=True  [age 0.0s + post 23ms]

   [campaign]    [roam] 🎯 QUESTLINE STRIKE -> failed (now (1, 87)@(32, 5))

   [campaign]    [lap] 'articuno' questline step -> questline_strike_failed

   [campaign]    [lap] 'articuno' dispatch failed (questline_strike_failed) — bounded attempt 17/6

   [campaign]    [lap] ⏭️ HONEST SKIP 'articuno': 17 bounded dispatch attempts spent (last: questline_strike_failed) — the lap moves on (never an infinite park)

   [kira-voice] ·floor· (<1s since last) T2 "calling it on the articuno side quest — 17 bounded dispatch attempts spent (last: questline_strike_failed). the League won't wait forever."

   [campaign]    [roam] RESULT: victory_lap -> questline_strike_failed | pos (1, 87)(32, 5) -> (1, 87)(32, 5) (NO MOVEMENT)

   [campaign]    ⛰️  CAMPAIGN SAVE [tick42] -> campaign/kira_campaign.state  (map=(1, 87) coords=(32, 5) badges=8 party=5)

   [campaign]    [sanctity] bundle VALID (schema/encoding/truth/monotonic all clean)

   [campaign]    [roam] tick opened inside interior (1, 87)@(32, 5) with no battle since last tick — NOT a blackout; continuing (mid-route interior)

   [campaign]    [world] learned 4 warp(s) on (1, 87): (15, 9)->(1, 86), (32, 5)->(1, 86), (8, 17)->(1, 86), (9, 17)->(1, 86)

   [campaign]    [lap] 🦅 PROXIMITY UNSKIP 'articuno': standing on the hunt's own maps — honest-skip latch dropped (every visit; nothing outranks a legendary she is standing next to)

   [campaign]    [lap] checklist owes 'articuno' — victory_lap is the endgame action (head_to_league/enter_league held until the lap clears)

   [campaign]    [world] learned 4 warp(s) on (1, 87): (15, 9)->(1, 86), (32, 5)->(1, 86), (8, 17)->(1, 86), (9, 17)->(1, 86)

   [campaign]    [roam] known-good snapshot SKIPPED — this spot can't reach a Center; refusing to bank a poisoned escape target (would reload back into the strand)

   [campaign] -- ROAM TICK 43/100000000 --

   [campaign]    [roam] STATE IN: Seafoam Islands (32, 5) | badges=8 (Boulder, Cascade, Thunder, Rainbow, Soul, Marsh, Volcano, Earth) | party=[blastoise L67, lapras L25, fearow L38, moltres L50, machop L34] | 8 badge(s) earned (Boulder, Cascade, Thunder, Rainbow, Soul, Marsh, Volcano, Earth). All 8 badges earned. Pokédex: 18 caught. All 8 badges — Victory Road and the Elite Four are next. This is the endgame.

   [campaign]    [roam] PROGRESS: GREEN (unchanged 1 ticks) | fp[(1, 87) (32,5) f1 -- badge8 $2198 party:4497 bag:1af5]

   [campaign]    [roam] OPTIONS OFFERED: ['victory_lap']

   [campaign]    [soul] surface_want FIRE -> Seafoam Islands

   [campaign]    [soul] ORACLE decision: kind=want ctx={'place': "You're in Seafoam Islands — underground in a real cave — rock, gloom, echoes.. ALREADY BESIDE YOU — your current team: blastoise (L67), lapras (L25), fearow (L38), moltres (L50), machop (L34). A want is something you DON'T yet have; never wish for a teammate who's already on your team.", 'map': (1, 87), 'badges': ['Boulder', 'Cascade', 'Thunder', 'Rainbow', 'Soul', 'Marsh', 'Volcano', 'Earth'], 'progress': '8 badge(s) earned (Boulder, Cascade, Thunder, Rainbow, Soul, Marsh, Volcano, Earth). All 8 badges earned. Pokédex: 18 caught. All 8 badges — Victory Road and the Elite Four are next. This is the endgame.', 'party': 'blastoise (L67), lapras (L25), fearow (L38), moltres (L50), machop (L34)', 'goal': {'short': "You're ready — stop grinding and push forward to the next objective", 'medium': "FIRST Articuno — the ice legendary on the Seafoam Islands' bottom floor, past the boulder cascade. Ice/Flying at L50: Lance's dragons become a formality — the gym comes right after; that errand is the road", 'long': 'Take on the Elite Four'}} options=['eevee', 'fossil', 'starters', 'rare', 'legendaries']

   [kira-voice] ORACLE kind=want options=['eevee', 'fossil', 'starters', 'rare', 'legendaries'] -> pick='catch Articuno'

   [campaign]    [soul] ORACLE pick -> 'catch Articuno'

   [campaign]    [lap] !! FORCE VICTORY LAP — oracle SKIPPED (the checklist owns the endgame sequencing; the order is code, not mood)

   [campaign]    [roam] PICK OUT: victory_lap

   [campaign]    [roam] RATIONALE: You're ready — stop grinding and push forward to the next objective. then on to the Elite Four

   [campaign]    [roam] 🎯 QUESTLINE STRIKE: Seafoam Islands B4F (ARTICUNO — the legendary ice bird) — attempt 2/3 from (1, 87)

   [campaign]    [hunt] Ultra pocket check — 29 Ultras (floor 20, target 50, wired=False, done=False, fails=0)

   [campaign]    [hunt] Ultra war-chest not wired on this hunt — no ferry (LOUD)

   [campaign]    [hunt] CHIP-PP AUDIT — slot0 L67 hp 200/205 dmgPP 59 safePP 0 (Bite:23, Skull Bash:15, Surf:14, Earthquake:7); slot1 L25 hp 106/106 dmgPP 30 safePP 30 (Strength:15, Body Slam:15, Confuse Ray:10, Perish Song:5); slot2 L38 hp 104/104 dmgPP 40 safePP 40 (Leer:30, Fury Attack:20, 228:20, Mirror Move:20); slot3 L50 hp 150/150 dmgPP 30 safePP 15 (83:15, Agility:30, 203:10, 53:15); slot4 L34 hp 101/101 dmgPP 40 safePP 40 (69:20, 193:40, 279:10, 233:10) | ace slot0 safe 0, party safe 125 (vs Articuno ice/flying L50)

   [campaign]    [hunt] !! chip PP THIN (ace 0 safe swing(s), party 125; mins 5/8) and no Center leg is wired for articuno — engaging in LADDER MODE (bench chipper carries the chip) (LOUD)

   [campaign]    [hunt] Ultra pocket check — 29 Ultras (floor 20, target 50, wired=False, done=False, fails=0)

   [campaign]    [hunt] Ultra war-chest not wired on this hunt — no ferry (LOUD)

   [campaign]    [hunt] CHIP-PP AUDIT — slot0 L67 hp 200/205 dmgPP 59 safePP 0 (Bite:23, Skull Bash:15, Surf:14, Earthquake:7); slot1 L25 hp 106/106 dmgPP 30 safePP 30 (Strength:15, Body Slam:15, Confuse Ray:10, Perish Song:5); slot2 L38 hp 104/104 dmgPP 40 safePP 40 (Leer:30, Fury Attack:20, 228:20, Mirror Move:20); slot3 L50 hp 150/150 dmgPP 30 safePP 15 (83:15, Agility:30, 203:10, 53:15); slot4 L34 hp 101/101 dmgPP 40 safePP 40 (69:20, 193:40, 279:10, 233:10) | ace slot0 safe 0, party safe 125 (vs Articuno ice/flying L50)

   [campaign]    [hunt] !! SKIPPING pre-articuno bank — ace safe chip PP is 0 (would poison soft-reload) (LOUD)

   [campaign]    [quarry-approach] replan at (32, 5) (len 0, budget 9)

   [campaign]    [quarry-approach] no path from (32, 5)

   [kira-voice] -> T2·savor· (want) 'catch Articuno'  fired=True  [age 0.0s + post 25ms]

   [kira-voice] -> T3·BIG· (legendary) 'there it is. Articuno. okay — deep breath, balls ready. we are NOT blowing this.'  fired=True  [age 0.0s + post 6ms]

   [campaign]    [roam] 🎯 QUESTLINE STRIKE -> failed (now (1, 87)@(32, 5))

   [campaign]    [lap] 'articuno' questline step -> questline_strike_failed

   [campaign]    [lap] 'articuno' dispatch failed (questline_strike_failed) — bounded attempt 18/6

   [campaign]    [lap] ⏭️ HONEST SKIP 'articuno': 18 bounded dispatch attempts spent (last: questline_strike_failed) — the lap moves on (never an infinite park)

   [kira-voice] ·floor· (<1s since last) T2 "calling it on the articuno side quest — 18 bounded dispatch attempts spent (last: questline_strike_failed). the League won't wait forever."

   [campaign]    [roam] RESULT: victory_lap -> questline_strike_failed | pos (1, 87)(32, 5) -> (1, 87)(32, 5) (NO MOVEMENT)

   [campaign]    [roam] tick opened inside interior (1, 87)@(32, 5) with no battle since last tick — NOT a blackout; continuing (mid-route interior)

   [campaign]    [world] learned 4 warp(s) on (1, 87): (15, 9)->(1, 86), (32, 5)->(1, 86), (8, 17)->(1, 86), (9, 17)->(1, 86)

   [campaign]    [lap] 🦅 PROXIMITY UNSKIP 'articuno': standing on the hunt's own maps — honest-skip latch dropped (every visit; nothing outranks a legendary she is standing next to)

   [campaign]    [lap] checklist owes 'articuno' — victory_lap is the endgame action (head_to_league/enter_league held until the lap clears)

   [campaign]    [world] learned 4 warp(s) on (1, 87): (15, 9)->(1, 86), (32, 5)->(1, 86), (8, 17)->(1, 86), (9, 17)->(1, 86)

   [campaign]    [roam] known-good snapshot SKIPPED — this spot can't reach a Center; refusing to bank a poisoned escape target (would reload back into the strand)

   [campaign] -- ROAM TICK 44/100000000 --

   [campaign]    [roam] STATE IN: Seafoam Islands (32, 5) | badges=8 (Boulder, Cascade, Thunder, Rainbow, Soul, Marsh, Volcano, Earth) | party=[blastoise L67, lapras L25, fearow L38, moltres L50, machop L34] | 8 badge(s) earned (Boulder, Cascade, Thunder, Rainbow, Soul, Marsh, Volcano, Earth). All 8 badges earned. Pokédex: 18 caught. All 8 badges — Victory Road and the Elite Four are next. This is the endgame.

   [campaign]    [roam] PROGRESS: GREEN (unchanged 2 ticks) | fp[(1, 87) (32,5) f1 -- badge8 $2198 party:4497 bag:1af5]

   [campaign]    [roam] OPTIONS OFFERED: ['victory_lap']

   [campaign]    [lap] !! FORCE VICTORY LAP — oracle SKIPPED (the checklist owns the endgame sequencing; the order is code, not mood)

   [campaign]    [roam] PICK OUT: victory_lap

   [campaign]    [roam] RATIONALE: You're ready — stop grinding and push forward to the next objective. then on to the Elite Four

   [campaign]    [roam] 🎯 QUESTLINE STRIKE: Seafoam Islands B4F (ARTICUNO — the legendary ice bird) — attempt 3/3 from (1, 87)

   [campaign]    [hunt] Ultra pocket check — 29 Ultras (floor 20, target 50, wired=False, done=False, fails=0)

   [campaign]    [hunt] Ultra war-chest not wired on this hunt — no ferry (LOUD)

   [campaign]    [hunt] CHIP-PP AUDIT — slot0 L67 hp 200/205 dmgPP 59 safePP 0 (Bite:23, Skull Bash:15, Surf:14, Earthquake:7); slot1 L25 hp 106/106 dmgPP 30 safePP 30 (Strength:15, Body Slam:15, Confuse Ray:10, Perish Song:5); slot2 L38 hp 104/104 dmgPP 40 safePP 40 (Leer:30, Fury Attack:20, 228:20, Mirror Move:20); slot3 L50 hp 150/150 dmgPP 30 safePP 15 (83:15, Agility:30, 203:10, 53:15); slot4 L34 hp 101/101 dmgPP 40 safePP 40 (69:20, 193:40, 279:10, 233:10) | ace slot0 safe 0, party safe 125 (vs Articuno ice/flying L50)

   [campaign]    [hunt] !! chip PP THIN (ace 0 safe swing(s), party 125; mins 5/8) and no Center leg is wired for articuno — engaging in LADDER MODE (bench chipper carries the chip) (LOUD)

   [campaign]    [hunt] Ultra pocket check — 29 Ultras (floor 20, target 50, wired=False, done=False, fails=0)

   [campaign]    [hunt] Ultra war-chest not wired on this hunt — no ferry (LOUD)

   [campaign]    [hunt] CHIP-PP AUDIT — slot0 L67 hp 200/205 dmgPP 59 safePP 0 (Bite:23, Skull Bash:15, Surf:14, Earthquake:7); slot1 L25 hp 106/106 dmgPP 30 safePP 30 (Strength:15, Body Slam:15, Confuse Ray:10, Perish Song:5); slot2 L38 hp 104/104 dmgPP 40 safePP 40 (Leer:30, Fury Attack:20, 228:20, Mirror Move:20); slot3 L50 hp 150/150 dmgPP 30 safePP 15 (83:15, Agility:30, 203:10, 53:15); slot4 L34 hp 101/101 dmgPP 40 safePP 40 (69:20, 193:40, 279:10, 233:10) | ace slot0 safe 0, party safe 125 (vs Articuno ice/flying L50)

   [campaign]    [hunt] !! SKIPPING pre-articuno bank — ace safe chip PP is 0 (would poison soft-reload) (LOUD)

   [campaign]    [quarry-approach] replan at (32, 5) (len 0, budget 9)

   [campaign]    [quarry-approach] no path from (32, 5)

   [campaign]    [roam] 🎯 QUESTLINE STRIKE -> failed (now (1, 87)@(32, 5))

   [campaign]    [lap] 'articuno' questline step -> questline_strike_failed

   [campaign]    [lap] 'articuno' dispatch failed (questline_strike_failed) — bounded attempt 19/6

   [campaign]    [lap] ⏭️ HONEST SKIP 'articuno': 19 bounded dispatch attempts spent (last: questline_strike_failed) — the lap moves on (never an infinite park)

   [kira-voice] ·floor· (<1s since last) T2 "calling it on the articuno side quest — 19 bounded dispatch attempts spent (last: questline_strike_failed). the League won't wait forever."

   [campaign]    [roam] RESULT: victory_lap -> questline_strike_failed | pos (1, 87)(32, 5) -> (1, 87)(32, 5) (NO MOVEMENT)

   [campaign]    ⛰️  CAMPAIGN SAVE [tick44] -> campaign/kira_campaign.state  (map=(1, 87) coords=(32, 5) badges=8 party=5)

   [campaign]    [sanctity] bundle VALID (schema/encoding/truth/monotonic all clean)

   [campaign]    [roam] tick opened inside interior (1, 87)@(32, 5) with no battle since last tick — NOT a blackout; continuing (mid-route interior)

   [campaign]    [world] learned 4 warp(s) on (1, 87): (15, 9)->(1, 86), (32, 5)->(1, 86), (8, 17)->(1, 86), (9, 17)->(1, 86)

   [campaign]    [lap] 🦅 PROXIMITY UNSKIP 'articuno': standing on the hunt's own maps — honest-skip latch dropped (every visit; nothing outranks a legendary she is standing next to)

   [campaign]    [lap] checklist owes 'articuno' — victory_lap is the endgame action (head_to_league/enter_league held until the lap clears)

   [campaign]    [world] learned 4 warp(s) on (1, 87): (15, 9)->(1, 86), (32, 5)->(1, 86), (8, 17)->(1, 86), (9, 17)->(1, 86)

   [campaign] -- ROAM TICK 45/100000000 --

   [campaign]    [roam] STATE IN: Seafoam Islands (32, 5) | badges=8 (Boulder, Cascade, Thunder, Rainbow, Soul, Marsh, Volcano, Earth) | party=[blastoise L67, lapras L25, fearow L38, moltres L50, machop L34] | 8 badge(s) earned (Boulder, Cascade, Thunder, Rainbow, Soul, Marsh, Volcano, Earth). All 8 badges earned. Pokédex: 18 caught. All 8 badges — Victory Road and the Elite Four are next. This is the endgame.

   [campaign]    [roam] PROGRESS: YELLOW (unchanged 3 ticks) | fp[(1, 87) (32,5) f1 -- badge8 $2198 party:4497 bag:1af5]

   [campaign]    [roam] OPTIONS OFFERED: ['victory_lap']

   [campaign]    [roam] !! MACRO YELLOW: no progress 3 ticks — feeding awareness back to the oracle: "You keep trying to victory lap but the world hasn't changed in 3 turns - it went 'questline_strike_failed', and you don't seem to be getting anywhere."

   [campaign]    [roam] !! REPEAT-NO-PROGRESS: 'victory_lap' repeated with a stuck fingerprint — nudging a different action

   [campaign]    [lap] !! FORCE VICTORY LAP — oracle SKIPPED (the checklist owns the endgame sequencing; the order is code, not mood)

   [campaign]    [roam] PICK OUT: victory_lap  <- her RECOVERY move (YELLOW)

   [campaign]    [roam] RATIONALE: You're ready — stop grinding and push forward to the next objective. then on to the Elite Four

   [campaign]    [roam] questline STRIKE: 3 attempts exhausted for Seafoam Islands B4F (ARTICUNO — the legendary ice bird) — surfacing so recovery/other options carry her (not looping the strike)

   [campaign]    [roam] questline: no graph route (1, 87) -> anchor (3, 38) yet — falling through to dir/bend discovery

   [campaign]    [roam] questline STRIKE: 3 attempts exhausted for Seafoam Islands B4F (ARTICUNO — the legendary ice bird) — surfacing so recovery/other options carry her (not looping the strike)

   [campaign]    [roam] 🧭 QUESTLINE STEP: 'Articuno — the ice legendary on the Seafoam Islands' bottom floor, past the boulder cascade. Ice/Flying at L50: Lance's dragons become a formality' — heading SOUTH toward Seafoam Islands, bottom floor — descend the ladder chain from either Route 20 door; the bird waits across the (becalmed) B4F water (success=('flag', 'FLAG_FOUGHT_ARTICUNO'))

   [campaign]    [roam] questline: NOT arrived — (1, 87) is off-anchor ((3, 38) unreachable in the learned graph) with no local frontier; surfacing no-route

   [campaign]    [lap] 'articuno' questline step -> questline_no_route

   [campaign]    [roam] RESULT: victory_lap -> questline_no_route | pos (1, 87)(32, 5) -> (1, 87)(32, 5) (NO MOVEMENT)

   [campaign]    [roam] tick opened inside interior (1, 87)@(32, 5) with no battle since last tick — NOT a blackout; continuing (mid-route interior)

   [campaign]    [world] learned 4 warp(s) on (1, 87): (15, 9)->(1, 86), (32, 5)->(1, 86), (8, 17)->(1, 86), (9, 17)->(1, 86)

   [campaign]    [lap] checklist owes 'articuno' — victory_lap is the endgame action (head_to_league/enter_league held until the lap clears)

   [campaign]    [world] learned 4 warp(s) on (1, 87): (15, 9)->(1, 86), (32, 5)->(1, 86), (8, 17)->(1, 86), (9, 17)->(1, 86)

   [campaign] -- ROAM TICK 46/100000000 --

   [campaign]    [roam] STATE IN: Seafoam Islands (32, 5) | badges=8 (Boulder, Cascade, Thunder, Rainbow, Soul, Marsh, Volcano, Earth) | party=[blastoise L67, lapras L25, fearow L38, moltres L50, machop L34] | 8 badge(s) earned (Boulder, Cascade, Thunder, Rainbow, Soul, Marsh, Volcano, Earth). All 8 badges earned. Pokédex: 18 caught. All 8 badges — Victory Road and the Elite Four are next. This is the endgame.

   [campaign]    [roam] PROGRESS: YELLOW (unchanged 4 ticks) | fp[(1, 87) (32,5) f1 -- badge8 $2198 party:4497 bag:1af5]

   [campaign]    [roam] OPTIONS OFFERED: ['victory_lap']

   [campaign]    [soul] surface_want FIRE -> Seafoam Islands

   [campaign]    [soul] ORACLE decision: kind=want ctx={'place': "You're in Seafoam Islands — underground in a real cave — rock, gloom, echoes.. ALREADY BESIDE YOU — your current team: blastoise (L67), lapras (L25), fearow (L38), moltres (L50), machop (L34). A want is something you DON'T yet have; never wish for a teammate who's already on your team.", 'map': (1, 87), 'badges': ['Boulder', 'Cascade', 'Thunder', 'Rainbow', 'Soul', 'Marsh', 'Volcano', 'Earth'], 'progress': '8 badge(s) earned (Boulder, Cascade, Thunder, Rainbow, Soul, Marsh, Volcano, Earth). All 8 badges earned. Pokédex: 18 caught. All 8 badges — Victory Road and the Elite Four are next. This is the endgame.', 'party': 'blastoise (L67), lapras (L25), fearow (L38), moltres (L50), machop (L34)', 'goal': {'short': "You're ready — stop grinding and push forward to the next objective", 'medium': "FIRST Articuno — the ice legendary on the Seafoam Islands' bottom floor, past the boulder cascade. Ice/Flying at L50: Lance's dragons become a formality — the gym comes right after; that errand is the road", 'long': 'Take on the Elite Four'}} options=['eevee', 'fossil', 'starters', 'rare', 'legendaries']

   [kira-voice] ORACLE kind=want options=['eevee', 'fossil', 'starters', 'rare', 'legendaries'] -> pick='Catch Articuno'

   [campaign]    [soul] ORACLE pick -> 'Catch Articuno'

   [campaign]    [roam] !! MACRO YELLOW: no progress 4 ticks — feeding awareness back to the oracle: "You keep trying to victory lap but the world hasn't changed in 4 turns - it went 'questline_no_route', and you don't seem to be getting anywhere."

   [campaign]    [roam] !! REPEAT-NO-PROGRESS: 'victory_lap' repeated with a stuck fingerprint — nudging a different action

   [campaign]    [lap] !! FORCE VICTORY LAP — oracle SKIPPED (the checklist owns the endgame sequencing; the order is code, not mood)

   [campaign]    [roam] PICK OUT: victory_lap  <- her RECOVERY move (YELLOW)

   [campaign]    [roam] RATIONALE: You're ready — stop grinding and push forward to the next objective. then on to the Elite Four

   [kira-voice] -> T2·savor· (want) 'Catch Articuno'  fired=True  [age 0.0s + post 4ms]

   [campaign]    [roam] questline STRIKE: 3 attempts exhausted for Seafoam Islands B4F (ARTICUNO — the legendary ice bird) — surfacing so recovery/other options carry her (not looping the strike)

   [campaign]    [roam] questline: no graph route (1, 87) -> anchor (3, 38) yet — falling through to dir/bend discovery

   [campaign]    [roam] questline STRIKE: 3 attempts exhausted for Seafoam Islands B4F (ARTICUNO — the legendary ice bird) — surfacing so recovery/other options carry her (not looping the strike)

   [campaign]    [roam] 🧭 QUESTLINE STEP: 'Articuno — the ice legendary on the Seafoam Islands' bottom floor, past the boulder cascade. Ice/Flying at L50: Lance's dragons become a formality' — heading SOUTH toward Seafoam Islands, bottom floor — descend the ladder chain from either Route 20 door; the bird waits across the (becalmed) B4F water (success=('flag', 'FLAG_FOUGHT_ARTICUNO'))

   [campaign]    [roam] questline: NOT arrived — (1, 87) is off-anchor ((3, 38) unreachable in the learned graph) with no local frontier; surfacing no-route

   [campaign]    [lap] 'articuno' questline step -> questline_no_route

   [campaign]    [roam] RESULT: victory_lap -> questline_no_route | pos (1, 87)(32, 5) -> (1, 87)(32, 5) (NO MOVEMENT)

   [campaign]    ⛰️  CAMPAIGN SAVE [tick46] -> campaign/kira_campaign.state  (map=(1, 87) coords=(32, 5) badges=8 party=5)

   [campaign]    [sanctity] bundle VALID (schema/encoding/truth/monotonic all clean)

   [campaign]    [roam] tick opened inside interior (1, 87)@(32, 5) with no battle since last tick — NOT a blackout; continuing (mid-route interior)

   [campaign]    [world] learned 4 warp(s) on (1, 87): (15, 9)->(1, 86), (32, 5)->(1, 86), (8, 17)->(1, 86), (9, 17)->(1, 86)

   [campaign]    [lap] checklist owes 'articuno' — victory_lap is the endgame action (head_to_league/enter_league held until the lap clears)

   [campaign]    [world] learned 4 warp(s) on (1, 87): (15, 9)->(1, 86), (32, 5)->(1, 86), (8, 17)->(1, 86), (9, 17)->(1, 86)

   [campaign] -- ROAM TICK 47/100000000 --

   [campaign]    [roam] STATE IN: Seafoam Islands (32, 5) | badges=8 (Boulder, Cascade, Thunder, Rainbow, Soul, Marsh, Volcano, Earth) | party=[blastoise L67, lapras L25, fearow L38, moltres L50, machop L34] | 8 badge(s) earned (Boulder, Cascade, Thunder, Rainbow, Soul, Marsh, Volcano, Earth). All 8 badges earned. Pokédex: 18 caught. All 8 badges — Victory Road and the Elite Four are next. This is the endgame.

   [campaign]    [roam] PROGRESS: YELLOW (unchanged 5 ticks) | fp[(1, 87) (32,5) f1 -- badge8 $2198 party:4497 bag:1af5]

   [campaign]    [roam] OPTIONS OFFERED: ['victory_lap']

   [campaign]    [roam] !! MACRO YELLOW: no progress 5 ticks — feeding awareness back to the oracle: "You keep trying to victory lap but the world hasn't changed in 5 turns - it went 'questline_no_route', and you don't seem to be getting anywhere."

   [campaign]    [roam] !! REPEAT-NO-PROGRESS: 'victory_lap' repeated with a stuck fingerprint — nudging a different action

   [campaign]    [lap] !! FORCE VICTORY LAP — oracle SKIPPED (the checklist owns the endgame sequencing; the order is code, not mood)

   [campaign]    [roam] PICK OUT: victory_lap  <- her RECOVERY move (YELLOW)

   [campaign]    [roam] RATIONALE: You're ready — stop grinding and push forward to the next objective. then on to the Elite Four

   [campaign]    [roam] !! QUESTLINE NO-PROGRESS ×5 (articuno) — abandoning the errand; re-recognizing fresh

   [kira-voice] ·floor· (<1s since last) T1 "hm — this plan's going nowhere from here. let me rethink."

   [campaign]    [roam] questline cleared (no-progress abandon)

   [campaign]    [lap] 'articuno' questline step -> questline_abandoned

   [campaign]    [lap] 'articuno' dispatch failed (questline_abandoned) — bounded attempt 20/6

   [campaign]    [lap] ⏭️ HONEST SKIP 'articuno': 20 bounded dispatch attempts spent (last: questline_abandoned) — the lap moves on (never an infinite park)

   [kira-voice] ·floor· (<1s since last) T2 "calling it on the articuno side quest — 20 bounded dispatch attempts spent (last: questline_abandoned). the League won't wait forever."

   [campaign]    [roam] RESULT: victory_lap -> questline_abandoned | pos (1, 87)(32, 5) -> (1, 87)(32, 5) (NO MOVEMENT)

   [campaign]    [roam] tick opened inside interior (1, 87)@(32, 5) with no battle since last tick — NOT a blackout; continuing (mid-route interior)

   [campaign]    [world] learned 4 warp(s) on (1, 87): (15, 9)->(1, 86), (32, 5)->(1, 86), (8, 17)->(1, 86), (9, 17)->(1, 86)

   [campaign]    [lap] 🦅 PROXIMITY UNSKIP 'articuno': standing on the hunt's own maps — honest-skip latch dropped (every visit; nothing outranks a legendary she is standing next to)

   [campaign]    [roam] 🎯 QUESTLINE OPENED: gate=story_npc/articuno → steps=['surf', 'articuno'] actionable=articuno (resolved=True)

   [kira-voice] ·floor· (<1s since last) T2 "Okay — to get past this I need Articuno — the ice legendary on the Seafoam Islands' bottom floor, past the boulder cascade. Ice/Flying at L50: Lance's dragons become a formality."

   [campaign]    [lap] 🏁 VICTORY LAP arms 'articuno' — the pre-E4 checklist owns the errand slot (order: earthquake → box_bench → moltres → articuno → eevee → zapdos → repack)

   [campaign]    [lap] checklist owes 'articuno' — victory_lap is the endgame action (head_to_league/enter_league held until the lap clears)

   [campaign]    [world] learned 4 warp(s) on (1, 87): (15, 9)->(1, 86), (32, 5)->(1, 86), (8, 17)->(1, 86), (9, 17)->(1, 86)

   [campaign] -- ROAM TICK 48/100000000 --

   [campaign]    [roam] STATE IN: Seafoam Islands (32, 5) | badges=8 (Boulder, Cascade, Thunder, Rainbow, Soul, Marsh, Volcano, Earth) | party=[blastoise L67, lapras L25, fearow L38, moltres L50, machop L34] | 8 badge(s) earned (Boulder, Cascade, Thunder, Rainbow, Soul, Marsh, Volcano, Earth). All 8 badges earned. Pokédex: 18 caught. All 8 badges — Victory Road and the Elite Four are next. This is the endgame.

   [campaign]    [roam] PROGRESS: RED (unchanged 6 ticks) | fp[(1, 87) (32,5) f1 -- badge8 $2198 party:4497 bag:1af5]

   [campaign]    [roam] OPTIONS OFFERED: ['victory_lap']

   [campaign]    [roam] !! MACRO RED: no progress 6 ticks — feeding awareness back to the oracle: "You keep trying to victory lap but the world hasn't changed in 6 turns - it went 'questline_abandoned', and you're completely stuck."

   [campaign]    [roam] !! REPEAT-NO-PROGRESS: 'victory_lap' repeated with a stuck fingerprint — nudging a different action

   [campaign]    [lap] !! FORCE VICTORY LAP — oracle SKIPPED (the checklist owns the endgame sequencing; the order is code, not mood)

   [campaign]    [roam] PICK OUT: victory_lap  <- her RECOVERY move (RED)

   [campaign]    [roam] RATIONALE: You're ready — stop grinding and push forward to the next objective. then on to the Elite Four

   [campaign]    [roam] questline STRIKE: 3 attempts exhausted for Seafoam Islands B4F (ARTICUNO — the legendary ice bird) — surfacing so recovery/other options carry her (not looping the strike)

   [campaign]    [roam] questline: no graph route (1, 87) -> anchor (3, 38) yet — falling through to dir/bend discovery

   [campaign]    [roam] questline STRIKE: 3 attempts exhausted for Seafoam Islands B4F (ARTICUNO — the legendary ice bird) — surfacing so recovery/other options carry her (not looping the strike)

   [campaign]    [roam] 🧭 QUESTLINE STEP: 'Articuno — the ice legendary on the Seafoam Islands' bottom floor, past the boulder cascade. Ice/Flying at L50: Lance's dragons become a formality' — heading SOUTH toward Seafoam Islands, bottom floor — descend the ladder chain from either Route 20 door; the bird waits across the (becalmed) B4F water (success=('flag', 'FLAG_FOUGHT_ARTICUNO'))

   [campaign]    [roam] questline: NOT arrived — (1, 87) is off-anchor ((3, 38) unreachable in the learned graph) with no local frontier; surfacing no-route

   [campaign]    [lap] 'articuno' questline step -> questline_no_route

   [campaign]    [roam] RESULT: victory_lap -> questline_no_route | pos (1, 87)(32, 5) -> (1, 87)(32, 5) (NO MOVEMENT)

   [campaign]    ⛰️  CAMPAIGN SAVE [tick48] -> campaign/kira_campaign.state  (map=(1, 87) coords=(32, 5) badges=8 party=5)

   [campaign]    [sanctity] bundle VALID (schema/encoding/truth/monotonic all clean)

   [campaign]    [roam] tick opened inside interior (1, 87)@(32, 5) with no battle since last tick — NOT a blackout; continuing (mid-route interior)

   [campaign]    [world] learned 4 warp(s) on (1, 87): (15, 9)->(1, 86), (32, 5)->(1, 86), (8, 17)->(1, 86), (9, 17)->(1, 86)

   [campaign]    [lap] checklist owes 'articuno' — victory_lap is the endgame action (head_to_league/enter_league held until the lap clears)

   [campaign]    [world] learned 4 warp(s) on (1, 87): (15, 9)->(1, 86), (32, 5)->(1, 86), (8, 17)->(1, 86), (9, 17)->(1, 86)

   [campaign] -- ROAM TICK 49/100000000 --

   [campaign]    [roam] STATE IN: Seafoam Islands (32, 5) | badges=8 (Boulder, Cascade, Thunder, Rainbow, Soul, Marsh, Volcano, Earth) | party=[blastoise L67, lapras L25, fearow L38, moltres L50, machop L34] | 8 badge(s) earned (Boulder, Cascade, Thunder, Rainbow, Soul, Marsh, Volcano, Earth). All 8 badges earned. Pokédex: 18 caught. All 8 badges — Victory Road and the Elite Four are next. This is the endgame.

   [campaign]    [roam] PROGRESS: RED (unchanged 7 ticks) | fp[(1, 87) (32,5) f1 -- badge8 $2198 party:4497 bag:1af5]

   [campaign]    [roam] OPTIONS OFFERED: ['victory_lap']

   [campaign]    [soul] surface_want FIRE -> Seafoam Islands

   [campaign]    [soul] ORACLE decision: kind=want ctx={'place': "You're in Seafoam Islands — underground in a real cave — rock, gloom, echoes.. ALREADY BESIDE YOU — your current team: blastoise (L67), lapras (L25), fearow (L38), moltres (L50), machop (L34). A want is something you DON'T yet have; never wish for a teammate who's already on your team.", 'map': (1, 87), 'badges': ['Boulder', 'Cascade', 'Thunder', 'Rainbow', 'Soul', 'Marsh', 'Volcano', 'Earth'], 'progress': '8 badge(s) earned (Boulder, Cascade, Thunder, Rainbow, Soul, Marsh, Volcano, Earth). All 8 badges earned. Pokédex: 18 caught. All 8 badges — Victory Road and the Elite Four are next. This is the endgame.', 'party': 'blastoise (L67), lapras (L25), fearow (L38), moltres (L50), machop (L34)', 'goal': {'short': "You're ready — stop grinding and push forward to the next objective", 'medium': "FIRST Articuno — the ice legendary on the Seafoam Islands' bottom floor, past the boulder cascade. Ice/Flying at L50: Lance's dragons become a formality — the gym comes right after; that errand is the road", 'long': 'Take on the Elite Four'}} options=['eevee', 'fossil', 'starters', 'rare', 'legendaries']

   [kira-voice] ORACLE kind=want options=['eevee', 'fossil', 'starters', 'rare', 'legendaries'] -> pick='catch Articuno'

   [campaign]    [soul] ORACLE pick -> 'catch Articuno'

   [campaign]    [roam] !! MACRO RED: no progress 7 ticks — feeding awareness back to the oracle: "You keep trying to victory lap but the world hasn't changed in 7 turns - it went 'questline_no_route', and you're completely stuck."

   [campaign]    [roam] !! REPEAT-NO-PROGRESS: 'victory_lap' repeated with a stuck fingerprint — nudging a different action

   [campaign]    [lap] !! FORCE VICTORY LAP — oracle SKIPPED (the checklist owns the endgame sequencing; the order is code, not mood)

   [campaign]    [roam] PICK OUT: victory_lap  <- her RECOVERY move (RED)

   [campaign]    [roam] RATIONALE: You're ready — stop grinding and push forward to the next objective. then on to the Elite Four

   [kira-voice] -> T2·savor· (want) 'catch Articuno'  fired=True  [age 0.0s + post 4ms]

   [campaign]    [roam] questline STRIKE: 3 attempts exhausted for Seafoam Islands B4F (ARTICUNO — the legendary ice bird) — surfacing so recovery/other options carry her (not looping the strike)

   [campaign]    [roam] questline: no graph route (1, 87) -> anchor (3, 38) yet — falling through to dir/bend discovery

   [campaign]    [roam] questline STRIKE: 3 attempts exhausted for Seafoam Islands B4F (ARTICUNO — the legendary ice bird) — surfacing so recovery/other options carry her (not looping the strike)

   [campaign]    [roam] 🧭 QUESTLINE STEP: 'Articuno — the ice legendary on the Seafoam Islands' bottom floor, past the boulder cascade. Ice/Flying at L50: Lance's dragons become a formality' — heading SOUTH toward Seafoam Islands, bottom floor — descend the ladder chain from either Route 20 door; the bird waits across the (becalmed) B4F water (success=('flag', 'FLAG_FOUGHT_ARTICUNO'))

   [campaign]    [roam] questline: NOT arrived — (1, 87) is off-anchor ((3, 38) unreachable in the learned graph) with no local frontier; surfacing no-route

   [campaign]    [lap] 'articuno' questline step -> questline_no_route

   [campaign]    [roam] RESULT: victory_lap -> questline_no_route | pos (1, 87)(32, 5) -> (1, 87)(32, 5) (NO MOVEMENT)

   [campaign]    [roam] tick opened inside interior (1, 87)@(32, 5) with no battle since last tick — NOT a blackout; continuing (mid-route interior)

   [campaign]    [world] learned 4 warp(s) on (1, 87): (15, 9)->(1, 86), (32, 5)->(1, 86), (8, 17)->(1, 86), (9, 17)->(1, 86)

   [campaign]    [lap] checklist owes 'articuno' — victory_lap is the endgame action (head_to_league/enter_league held until the lap clears)

   [campaign]    [world] learned 4 warp(s) on (1, 87): (15, 9)->(1, 86), (32, 5)->(1, 86), (8, 17)->(1, 86), (9, 17)->(1, 86)

   [campaign] -- ROAM TICK 50/100000000 --

   [campaign]    [roam] STATE IN: Seafoam Islands (32, 5) | badges=8 (Boulder, Cascade, Thunder, Rainbow, Soul, Marsh, Volcano, Earth) | party=[blastoise L67, lapras L25, fearow L38, moltres L50, machop L34] | 8 badge(s) earned (Boulder, Cascade, Thunder, Rainbow, Soul, Marsh, Volcano, Earth). All 8 badges earned. Pokédex: 18 caught. All 8 badges — Victory Road and the Elite Four are next. This is the endgame.

   [campaign]    [roam] PROGRESS: RED (unchanged 8 ticks) | fp[(1, 87) (32,5) f1 -- badge8 $2198 party:4497 bag:1af5]

   [campaign]    [roam] !! HARD RECOVERY: RED 3 ticks — FORCING a route to the nearest Pokémon Center to break the position (not re-asking the oracle this tick)

   [kira-voice] ·floor· (<1s since last) T2 "okay, this isn't working — I'm heading to the Pokémon Center to reset and figure out my next move."

   [campaign]    HEAL: inside a building complex (1, 87) — exiting to the overworld before routing

   [Bridge] INPUT OWNER = 'agent' (sole writer; others dropped+logged)

   [Bridge] INPUT OWNER = 'agent' (sole writer; others dropped+logged)

   [travel] start map=(1, 87) coords=(32, 5) -> coord (32, 5) (budget 60s, surf-capable)

   [travel] reached target coord (32, 5)

   [campaign]    2 door(s); candidates (chosen order): [(32, 5)]

   [campaign]    door (32, 5): at (32, 5) (approach=(32, 6)) — stepping UP in

   [campaign]    no reachable door warped (entry geometry?) - LOUD

   [Bridge] INPUT OWNER = 'agent' (sole writer; others dropped+logged)

   [travel] start map=(1, 87) coords=(32, 5) -> coord (15, 9) (budget 60s, surf-capable)

   [travel] step 0: (32, 5)->(31, 5) map=(1, 87) (path 22 to exit)

   [travel] step 10: (22, 5)->(22, 6) map=(1, 87) (path 12 to exit)

   [travel] step 20: (16, 9)->(15, 9) map=(1, 87) (path 2 to exit)

   [travel] reached target coord (15, 9)

   [campaign]    EXIT-BUILDING: (1, 87) -> (1, 86)@(12, 9)

   [Bridge] INPUT OWNER = 'agent' (sole writer; others dropped+logged)

   [travel] start map=(1, 86) coords=(12, 9) -> coord (12, 9) (budget 60s, surf-capable)

   [travel] reached target coord (12, 9)

   [campaign]    7 door(s); candidates (chosen order): [(12, 9)]

   [campaign]    door (12, 9): at (12, 9) (approach=(12, 10)) — stepping UP in

   [campaign]    reachable door (12, 9): walking to approach (12, 10)

   [Bridge] INPUT OWNER = 'agent' (sole writer; others dropped+logged)

   [travel] start map=(1, 86) coords=(12, 9) -> coord (12, 10) (budget 60s, surf-capable)

   [travel] step 0: (12, 9)->(12, 10) map=(1, 86) (path 2 to exit)

   [travel] reached target coord (12, 10)

   [campaign]    [roam] watchdog: SCENE callback owns the screen (evolution/naming/cutscene) — deliberate stillness, watch resets until the world returns

   [campaign]    WARPED (1, 86) -> (1, 87) via door (12, 9)

   [campaign]    [world] learned 4 warp(s) on (1, 87): (15, 9)->(1, 86), (32, 5)->(1, 86), (8, 17)->(1, 86), (9, 17)->(1, 86)

   [campaign]    EXIT-BUILDING: (1, 86) -> (1, 87)@(15, 9)

   [campaign]    EXIT: door (9, 17) walk-unreachable from (15, 9) — skipped (sealed pocket)

   [campaign]    EXIT: door (8, 17) walk-unreachable from (15, 9) — skipped (sealed pocket)

   [campaign]    !! EXIT-BUILDING: still inside (1, 87)@(15, 11) - LOUD

   [campaign]    !! HEAL: no graph route to any known Center from (1, 87) — FALLBACK to a cross-region Viridian heal (FIX: add (1, 87)'s PC door to CITY_PC_DOORS)

   [campaign]    HEAL-RETURN: lead at (200, 205) - routing south to Viridian to heal

   [campaign]    HEAL-RETURN leg 0: no south edge on map (1, 87) - warping south

   [campaign]    2 door(s); candidates (chosen order): [(15, 9), (32, 5)]

   [campaign]    no reachable door warped (entry geometry?) - LOUD

   [campaign]    !! HEAL-RETURN stuck on map (1, 87) (no south edge, no south warp)

   [campaign]    ⛰️  CAMPAIGN SAVE [tick50] -> campaign/kira_campaign.state  (map=(1, 87) coords=(15, 11) badges=8 party=5)

   [campaign]    [sanctity] bundle VALID (schema/encoding/truth/monotonic all clean)

   [campaign]    [roam] tick opened inside interior (1, 87)@(15, 11) with no battle since last tick — NOT a blackout; continuing (mid-route interior)

   [campaign]    [world] learned 4 warp(s) on (1, 87): (15, 9)->(1, 86), (32, 5)->(1, 86), (8, 17)->(1, 86), (9, 17)->(1, 86)

   [campaign]    [lap] checklist owes 'articuno' — victory_lap is the endgame action (head_to_league/enter_league held until the lap clears)

   [campaign]    [world] learned 4 warp(s) on (1, 87): (15, 9)->(1, 86), (32, 5)->(1, 86), (8, 17)->(1, 86), (9, 17)->(1, 86)

   [campaign]    [roam] known-good snapshot SKIPPED — this spot can't reach a Center; refusing to bank a poisoned escape target (would reload back into the strand)

   [campaign] -- ROAM TICK 51/100000000 --

   [campaign]    [roam] STATE IN: Seafoam Islands (15, 11) | badges=8 (Boulder, Cascade, Thunder, Rainbow, Soul, Marsh, Volcano, Earth) | party=[blastoise L67, lapras L25, fearow L38, moltres L50, machop L34] | 8 badge(s) earned (Boulder, Cascade, Thunder, Rainbow, Soul, Marsh, Volcano, Earth). All 8 badges earned. Pokédex: 18 caught. All 8 badges — Victory Road and the Elite Four are next. This is the endgame.

   [campaign]    [roam] PROGRESS: GREEN (unchanged 0 ticks) | fp[(1, 87) (15,11) f1 -- badge8 $2198 party:4497 bag:1af5]

   [campaign]    [roam] OPTIONS OFFERED: ['victory_lap', 'talk_npc']

   [campaign]    [lap] !! FORCE VICTORY LAP — oracle SKIPPED (the checklist owns the endgame sequencing; the order is code, not mood)

   [campaign]    [roam] PICK OUT: victory_lap

   [campaign]    [roam] RATIONALE: You're ready — stop grinding and push forward to the next objective. then on to the Elite Four

   [campaign]    [roam] questline STRIKE: 3 attempts exhausted for Seafoam Islands B4F (ARTICUNO — the legendary ice bird) — surfacing so recovery/other options carry her (not looping the strike)

   [campaign]    [roam] questline: no graph route (1, 87) -> anchor (3, 38) yet — falling through to dir/bend discovery

   [campaign]    [roam] questline STRIKE: 3 attempts exhausted for Seafoam Islands B4F (ARTICUNO — the legendary ice bird) — surfacing so recovery/other options carry her (not looping the strike)

   [campaign]    [roam] 🧭 QUESTLINE STEP: 'Articuno — the ice legendary on the Seafoam Islands' bottom floor, past the boulder cascade. Ice/Flying at L50: Lance's dragons become a formality' — heading SOUTH toward Seafoam Islands, bottom floor — descend the ladder chain from either Route 20 door; the bird waits across the (becalmed) B4F water (success=('flag', 'FLAG_FOUGHT_ARTICUNO'))

   [campaign]    [roam] questline: NOT arrived — (1, 87) is off-anchor ((3, 38) unreachable in the learned graph) with no local frontier; surfacing no-route

   [campaign]    [lap] 'articuno' questline step -> questline_no_route

   [campaign]    [roam] RESULT: victory_lap -> questline_no_route | pos (1, 87)(15, 11) -> (1, 87)(15, 11) (NO MOVEMENT)

   [campaign]    [roam] tick opened inside interior (1, 87)@(15, 11) with no battle since last tick — NOT a blackout; continuing (mid-route interior)

   [campaign]    [world] learned 4 warp(s) on (1, 87): (15, 9)->(1, 86), (32, 5)->(1, 86), (8, 17)->(1, 86), (9, 17)->(1, 86)

   [campaign]    [lap] checklist owes 'articuno' — victory_lap is the endgame action (head_to_league/enter_league held until the lap clears)

   [campaign]    [world] learned 4 warp(s) on (1, 87): (15, 9)->(1, 86), (32, 5)->(1, 86), (8, 17)->(1, 86), (9, 17)->(1, 86)

   [campaign]    [roam] known-good snapshot SKIPPED — this spot can't reach a Center; refusing to bank a poisoned escape target (would reload back into the strand)

   [campaign] -- ROAM TICK 52/100000000 --

   [campaign]    [roam] STATE IN: Seafoam Islands (15, 11) | badges=8 (Boulder, Cascade, Thunder, Rainbow, Soul, Marsh, Volcano, Earth) | party=[blastoise L67, lapras L25, fearow L38, moltres L50, machop L34] | 8 badge(s) earned (Boulder, Cascade, Thunder, Rainbow, Soul, Marsh, Volcano, Earth). All 8 badges earned. Pokédex: 18 caught. All 8 badges — Victory Road and the Elite Four are next. This is the endgame.

   [campaign]    [roam] PROGRESS: GREEN (unchanged 1 ticks) | fp[(1, 87) (15,11) f1 -- badge8 $2198 party:4497 bag:1af5]

   [campaign]    [roam] OPTIONS OFFERED: ['victory_lap', 'talk_npc']

   [campaign]    [soul] surface_want FIRE -> Seafoam Islands

   [campaign]    [soul] ORACLE decision: kind=want ctx={'place': "You're in Seafoam Islands — underground in a real cave — rock, gloom, echoes.. ALREADY BESIDE YOU — your current team: blastoise (L67), lapras (L25), fearow (L38), moltres (L50), machop (L34). A want is something you DON'T yet have; never wish for a teammate who's already on your team.", 'map': (1, 87), 'badges': ['Boulder', 'Cascade', 'Thunder', 'Rainbow', 'Soul', 'Marsh', 'Volcano', 'Earth'], 'progress': '8 badge(s) earned (Boulder, Cascade, Thunder, Rainbow, Soul, Marsh, Volcano, Earth). All 8 badges earned. Pokédex: 18 caught. All 8 badges — Victory Road and the Elite Four are next. This is the endgame.', 'party': 'blastoise (L67), lapras (L25), fearow (L38), moltres (L50), machop (L34)', 'goal': {'short': "You're ready — stop grinding and push forward to the next objective", 'medium': "FIRST Articuno — the ice legendary on the Seafoam Islands' bottom floor, past the boulder cascade. Ice/Flying at L50: Lance's dragons become a formality — the gym comes right after; that errand is the road", 'long': 'Take on the Elite Four'}} options=['eevee', 'fossil', 'starters', 'rare', 'legendaries']

   [kira-voice] ORACLE kind=want options=['eevee', 'fossil', 'starters', 'rare', 'legendaries'] -> pick='Articuno'

   [campaign]    [soul] ORACLE pick -> 'Articuno'

   [campaign]    [lap] !! FORCE VICTORY LAP — oracle SKIPPED (the checklist owns the endgame sequencing; the order is code, not mood)

   [campaign]    [roam] PICK OUT: victory_lap

   [campaign]    [roam] RATIONALE: You're ready — stop grinding and push forward to the next objective. then on to the Elite Four

   [kira-voice] -> T2·savor· (want) 'Articuno'  fired=True  [age 0.0s + post 4ms]

   [campaign]    [roam] questline STRIKE: 3 attempts exhausted for Seafoam Islands B4F (ARTICUNO — the legendary ice bird) — surfacing so recovery/other options carry her (not looping the strike)

   [campaign]    [roam] questline: no graph route (1, 87) -> anchor (3, 38) yet — falling through to dir/bend discovery

   [campaign]    [roam] questline STRIKE: 3 attempts exhausted for Seafoam Islands B4F (ARTICUNO — the legendary ice bird) — surfacing so recovery/other options carry her (not looping the strike)

   [campaign]    [roam] 🧭 QUESTLINE STEP: 'Articuno — the ice legendary on the Seafoam Islands' bottom floor, past the boulder cascade. Ice/Flying at L50: Lance's dragons become a formality' — heading SOUTH toward Seafoam Islands, bottom floor — descend the ladder chain from either Route 20 door; the bird waits across the (becalmed) B4F water (success=('flag', 'FLAG_FOUGHT_ARTICUNO'))

   [campaign]    [roam] questline: NOT arrived — (1, 87) is off-anchor ((3, 38) unreachable in the learned graph) with no local frontier; surfacing no-route

   [campaign]    [lap] 'articuno' questline step -> questline_no_route

   [campaign]    [roam] RESULT: victory_lap -> questline_no_route | pos (1, 87)(15, 11) -> (1, 87)(15, 11) (NO MOVEMENT)

   [campaign]    ⛰️  CAMPAIGN SAVE [tick52] -> campaign/kira_campaign.state  (map=(1, 87) coords=(15, 11) badges=8 party=5)

   [campaign]    [sanctity] bundle VALID (schema/encoding/truth/monotonic all clean)

   [campaign]    [roam] tick opened inside interior (1, 87)@(15, 11) with no battle since last tick — NOT a blackout; continuing (mid-route interior)

   [campaign]    [world] learned 4 warp(s) on (1, 87): (15, 9)->(1, 86), (32, 5)->(1, 86), (8, 17)->(1, 86), (9, 17)->(1, 86)

   [campaign]    [lap] checklist owes 'articuno' — victory_lap is the endgame action (head_to_league/enter_league held until the lap clears)

   [campaign]    [world] learned 4 warp(s) on (1, 87): (15, 9)->(1, 86), (32, 5)->(1, 86), (8, 17)->(1, 86), (9, 17)->(1, 86)

   [campaign]    [roam] known-good snapshot SKIPPED — this spot can't reach a Center; refusing to bank a poisoned escape target (would reload back into the strand)

   [campaign] -- ROAM TICK 53/100000000 --

   [campaign]    [roam] STATE IN: Seafoam Islands (15, 11) | badges=8 (Boulder, Cascade, Thunder, Rainbow, Soul, Marsh, Volcano, Earth) | party=[blastoise L67, lapras L25, fearow L38, moltres L50, machop L34] | 8 badge(s) earned (Boulder, Cascade, Thunder, Rainbow, Soul, Marsh, Volcano, Earth). All 8 badges earned. Pokédex: 18 caught. All 8 badges — Victory Road and the Elite Four are next. This is the endgame.

   [campaign]    [roam] PROGRESS: GREEN (unchanged 2 ticks) | fp[(1, 87) (15,11) f1 -- badge8 $2198 party:4497 bag:1af5]

   [campaign]    [roam] OPTIONS OFFERED: ['victory_lap', 'talk_npc']

   [campaign]    [lap] !! FORCE VICTORY LAP — oracle SKIPPED (the checklist owns the endgame sequencing; the order is code, not mood)

   [campaign]    [roam] PICK OUT: victory_lap

   [campaign]    [roam] RATIONALE: You're ready — stop grinding and push forward to the next objective. then on to the Elite Four

   [campaign]    [roam] questline STRIKE: 3 attempts exhausted for Seafoam Islands B4F (ARTICUNO — the legendary ice bird) — surfacing so recovery/other options carry her (not looping the strike)

   [campaign]    [roam] questline: no graph route (1, 87) -> anchor (3, 38) yet — falling through to dir/bend discovery

   [campaign]    [roam] questline STRIKE: 3 attempts exhausted for Seafoam Islands B4F (ARTICUNO — the legendary ice bird) — surfacing so recovery/other options carry her (not looping the strike)

   [campaign]    [roam] 🧭 QUESTLINE STEP: 'Articuno — the ice legendary on the Seafoam Islands' bottom floor, past the boulder cascade. Ice/Flying at L50: Lance's dragons become a formality' — heading SOUTH toward Seafoam Islands, bottom floor — descend the ladder chain from either Route 20 door; the bird waits across the (becalmed) B4F water (success=('flag', 'FLAG_FOUGHT_ARTICUNO'))

   [campaign]    [roam] questline: NOT arrived — (1, 87) is off-anchor ((3, 38) unreachable in the learned graph) with no local frontier; surfacing no-route

   [campaign]    [lap] 'articuno' questline step -> questline_no_route

   [campaign]    [roam] RESULT: victory_lap -> questline_no_route | pos (1, 87)(15, 11) -> (1, 87)(15, 11) (NO MOVEMENT)

   [campaign]    [roam] tick opened inside interior (1, 87)@(15, 11) with no battle since last tick — NOT a blackout; continuing (mid-route interior)

   [campaign]    [world] learned 4 warp(s) on (1, 87): (15, 9)->(1, 86), (32, 5)->(1, 86), (8, 17)->(1, 86), (9, 17)->(1, 86)

   [campaign]    [lap] checklist owes 'articuno' — victory_lap is the endgame action (head_to_league/enter_league held until the lap clears)

   [campaign]    [world] learned 4 warp(s) on (1, 87): (15, 9)->(1, 86), (32, 5)->(1, 86), (8, 17)->(1, 86), (9, 17)->(1, 86)

   [campaign] -- ROAM TICK 54/100000000 --

   [campaign]    [roam] STATE IN: Seafoam Islands (15, 11) | badges=8 (Boulder, Cascade, Thunder, Rainbow, Soul, Marsh, Volcano, Earth) | party=[blastoise L67, lapras L25, fearow L38, moltres L50, machop L34] | 8 badge(s) earned (Boulder, Cascade, Thunder, Rainbow, Soul, Marsh, Volcano, Earth). All 8 badges earned. Pokédex: 18 caught. All 8 badges — Victory Road and the Elite Four are next. This is the endgame.

   [campaign]    [roam] PROGRESS: YELLOW (unchanged 3 ticks) | fp[(1, 87) (15,11) f1 -- badge8 $2198 party:4497 bag:1af5]

   [campaign]    [roam] OPTIONS OFFERED: ['victory_lap', 'talk_npc']

   [campaign]    [roam] !! MACRO YELLOW: no progress 3 ticks — feeding awareness back to the oracle: "You keep trying to victory lap but the world hasn't changed in 3 turns - it went 'questline_no_route', and you don't seem to be getting anywhere."

   [campaign]    [roam] !! REPEAT-NO-PROGRESS: 'victory_lap' repeated with a stuck fingerprint — nudging a different action

   [campaign]    [lap] !! FORCE VICTORY LAP — oracle SKIPPED (the checklist owns the endgame sequencing; the order is code, not mood)

   [campaign]    [roam] PICK OUT: victory_lap  <- her RECOVERY move (YELLOW)

   [campaign]    [roam] RATIONALE: You're ready — stop grinding and push forward to the next objective. then on to the Elite Four

   [campaign]    [roam] questline STRIKE: 3 attempts exhausted for Seafoam Islands B4F (ARTICUNO — the legendary ice bird) — surfacing so recovery/other options carry her (not looping the strike)

   [campaign]    [roam] questline: no graph route (1, 87) -> anchor (3, 38) yet — falling through to dir/bend discovery

   [campaign]    [roam] questline STRIKE: 3 attempts exhausted for Seafoam Islands B4F (ARTICUNO — the legendary ice bird) — surfacing so recovery/other options carry her (not looping the strike)

   [campaign]    [roam] 🧭 QUESTLINE STEP: 'Articuno — the ice legendary on the Seafoam Islands' bottom floor, past the boulder cascade. Ice/Flying at L50: Lance's dragons become a formality' — heading SOUTH toward Seafoam Islands, bottom floor — descend the ladder chain from either Route 20 door; the bird waits across the (becalmed) B4F water (success=('flag', 'FLAG_FOUGHT_ARTICUNO'))

   [campaign]    [roam] questline: NOT arrived — (1, 87) is off-anchor ((3, 38) unreachable in the learned graph) with no local frontier; surfacing no-route

   [campaign]    [lap] 'articuno' questline step -> questline_no_route

   [campaign]    [roam] RESULT: victory_lap -> questline_no_route | pos (1, 87)(15, 11) -> (1, 87)(15, 11) (NO MOVEMENT)

   [campaign]    ⛰️  CAMPAIGN SAVE [tick54] -> campaign/kira_campaign.state  (map=(1, 87) coords=(15, 11) badges=8 party=5)

   [campaign]    [sanctity] bundle VALID (schema/encoding/truth/monotonic all clean)

   [campaign]    [roam] tick opened inside interior (1, 87)@(15, 11) with no battle since last tick — NOT a blackout; continuing (mid-route interior)

   [campaign]    [world] learned 4 warp(s) on (1, 87): (15, 9)->(1, 86), (32, 5)->(1, 86), (8, 17)->(1, 86), (9, 17)->(1, 86)

   [campaign]    [lap] checklist owes 'articuno' — victory_lap is the endgame action (head_to_league/enter_league held until the lap clears)

   [campaign]    [world] learned 4 warp(s) on (1, 87): (15, 9)->(1, 86), (32, 5)->(1, 86), (8, 17)->(1, 86), (9, 17)->(1, 86)

   [campaign] -- ROAM TICK 55/100000000 --

   [campaign]    [roam] STATE IN: Seafoam Islands (15, 11) | badges=8 (Boulder, Cascade, Thunder, Rainbow, Soul, Marsh, Volcano, Earth) | party=[blastoise L67, lapras L25, fearow L38, moltres L50, machop L34] | 8 badge(s) earned (Boulder, Cascade, Thunder, Rainbow, Soul, Marsh, Volcano, Earth). All 8 badges earned. Pokédex: 18 caught. All 8 badges — Victory Road and the Elite Four are next. This is the endgame.

   [campaign]    [roam] PROGRESS: YELLOW (unchanged 4 ticks) | fp[(1, 87) (15,11) f1 -- badge8 $2198 party:4497 bag:1af5]

   [campaign]    [roam] OPTIONS OFFERED: ['victory_lap', 'talk_npc']

   [campaign]    [soul] surface_want FIRE -> Seafoam Islands

   [campaign]    [soul] ORACLE decision: kind=want ctx={'place': "You're in Seafoam Islands — underground in a real cave — rock, gloom, echoes.. ALREADY BESIDE YOU — your current team: blastoise (L67), lapras (L25), fearow (L38), moltres (L50), machop (L34). A want is something you DON'T yet have; never wish for a teammate who's already on your team.", 'map': (1, 87), 'badges': ['Boulder', 'Cascade', 'Thunder', 'Rainbow', 'Soul', 'Marsh', 'Volcano', 'Earth'], 'progress': '8 badge(s) earned (Boulder, Cascade, Thunder, Rainbow, Soul, Marsh, Volcano, Earth). All 8 badges earned. Pokédex: 18 caught. All 8 badges — Victory Road and the Elite Four are next. This is the endgame.', 'party': 'blastoise (L67), lapras (L25), fearow (L38), moltres (L50), machop (L34)', 'goal': {'short': "You're ready — stop grinding and push forward to the next objective", 'medium': "FIRST Articuno — the ice legendary on the Seafoam Islands' bottom floor, past the boulder cascade. Ice/Flying at L50: Lance's dragons become a formality — the gym comes right after; that errand is the road", 'long': 'Take on the Elite Four'}} options=['eevee', 'fossil', 'starters', 'rare', 'legendaries']

   [kira-voice] ORACLE kind=want options=['eevee', 'fossil', 'starters', 'rare', 'legendaries'] -> pick='Articuno, right now'

   [campaign]    [soul] ORACLE pick -> 'Articuno, right now'

   [campaign]    [roam] !! MACRO YELLOW: no progress 4 ticks — feeding awareness back to the oracle: "You keep trying to victory lap but the world hasn't changed in 4 turns - it went 'questline_no_route', and you don't seem to be getting anywhere."

   [campaign]    [roam] !! REPEAT-NO-PROGRESS: 'victory_lap' repeated with a stuck fingerprint — nudging a different action

   [campaign]    [lap] !! FORCE VICTORY LAP — oracle SKIPPED (the checklist owns the endgame sequencing; the order is code, not mood)

   [campaign]    [roam] PICK OUT: victory_lap  <- her RECOVERY move (YELLOW)

   [campaign]    [roam] RATIONALE: You're ready — stop grinding and push forward to the next objective. then on to the Elite Four

   [campaign]    [roam] questline STRIKE: 3 attempts exhausted for Seafoam Islands B4F (ARTICUNO — the legendary ice bird) — surfacing so recovery/other options carry her (not looping the strike)

   [campaign]    [roam] questline: no graph route (1, 87) -> anchor (3, 38) yet — falling through to dir/bend discovery

   [campaign]    [roam] questline STRIKE: 3 attempts exhausted for Seafoam Islands B4F (ARTICUNO — the legendary ice bird) — surfacing so recovery/other options carry her (not looping the strike)

   [campaign]    [roam] 🧭 QUESTLINE STEP: 'Articuno — the ice legendary on the Seafoam Islands' bottom floor, past the boulder cascade. Ice/Flying at L50: Lance's dragons become a formality' — heading SOUTH toward Seafoam Islands, bottom floor — descend the ladder chain from either Route 20 door; the bird waits across the (becalmed) B4F water (success=('flag', 'FLAG_FOUGHT_ARTICUNO'))

   [campaign]    [roam] questline: NOT arrived — (1, 87) is off-anchor ((3, 38) unreachable in the learned graph) with no local frontier; surfacing no-route

   [campaign]    [lap] 'articuno' questline step -> questline_no_route

   [campaign]    [roam] RESULT: victory_lap -> questline_no_route | pos (1, 87)(15, 11) -> (1, 87)(15, 11) (NO MOVEMENT)

   [kira-voice] -> T2·savor· (want) 'Articuno, right now'  fired=True  [age 0.0s + post 13ms]

   [campaign]    [roam] tick opened inside interior (1, 87)@(15, 11) with no battle since last tick — NOT a blackout; continuing (mid-route interior)

   [campaign]    [world] learned 4 warp(s) on (1, 87): (15, 9)->(1, 86), (32, 5)->(1, 86), (8, 17)->(1, 86), (9, 17)->(1, 86)

   [campaign]    [lap] checklist owes 'articuno' — victory_lap is the endgame action (head_to_league/enter_league held until the lap clears)

   [campaign]    [world] learned 4 warp(s) on (1, 87): (15, 9)->(1, 86), (32, 5)->(1, 86), (8, 17)->(1, 86), (9, 17)->(1, 86)

   [campaign] -- ROAM TICK 56/100000000 --

   [campaign]    [roam] STATE IN: Seafoam Islands (15, 11) | badges=8 (Boulder, Cascade, Thunder, Rainbow, Soul, Marsh, Volcano, Earth) | party=[blastoise L67, lapras L25, fearow L38, moltres L50, machop L34] | 8 badge(s) earned (Boulder, Cascade, Thunder, Rainbow, Soul, Marsh, Volcano, Earth). All 8 badges earned. Pokédex: 18 caught. All 8 badges — Victory Road and the Elite Four are next. This is the endgame.

   [campaign]    [roam] PROGRESS: YELLOW (unchanged 5 ticks) | fp[(1, 87) (15,11) f1 -- badge8 $2198 party:4497 bag:1af5]

   [campaign]    [roam] OPTIONS OFFERED: ['victory_lap', 'talk_npc']

   [campaign]    [roam] !! MACRO YELLOW: no progress 5 ticks — feeding awareness back to the oracle: "You keep trying to victory lap but the world hasn't changed in 5 turns - it went 'questline_no_route', and you don't seem to be getting anywhere."

   [campaign]    [roam] !! REPEAT-NO-PROGRESS: 'victory_lap' repeated with a stuck fingerprint — nudging a different action

   [campaign]    [lap] !! FORCE VICTORY LAP — oracle SKIPPED (the checklist owns the endgame sequencing; the order is code, not mood)

   [campaign]    [roam] PICK OUT: victory_lap  <- her RECOVERY move (YELLOW)

   [campaign]    [roam] RATIONALE: You're ready — stop grinding and push forward to the next objective. then on to the Elite Four

   [campaign]    [roam] !! QUESTLINE NO-PROGRESS ×5 (articuno) — abandoning the errand; re-recognizing fresh

   [kira-voice] ·floor· (<1s since last) T1 "hm — this plan's going nowhere from here. let me rethink."

   [campaign]    [roam] questline cleared (no-progress abandon)

   [campaign]    [lap] 'articuno' questline step -> questline_abandoned

   [campaign]    [lap] 'articuno' dispatch failed (questline_abandoned) — bounded attempt 21/6

   [campaign]    [lap] ⏭️ HONEST SKIP 'articuno': 21 bounded dispatch attempts spent (last: questline_abandoned) — the lap moves on (never an infinite park)

   [kira-voice] ·floor· (<1s since last) T2 "calling it on the articuno side quest — 21 bounded dispatch attempts spent (last: questline_abandoned). the League won't wait forever."

   [campaign]    [roam] RESULT: victory_lap -> questline_abandoned | pos (1, 87)(15, 11) -> (1, 87)(15, 11) (NO MOVEMENT)

   [campaign]    ⛰️  CAMPAIGN SAVE [tick56] -> campaign/kira_campaign.state  (map=(1, 87) coords=(15, 11) badges=8 party=5)

   [campaign]    [sanctity] bundle VALID (schema/encoding/truth/monotonic all clean)

   [campaign]    [roam] tick opened inside interior (1, 87)@(15, 11) with no battle since last tick — NOT a blackout; continuing (mid-route interior)

   [campaign]    [world] learned 4 warp(s) on (1, 87): (15, 9)->(1, 86), (32, 5)->(1, 86), (8, 17)->(1, 86), (9, 17)->(1, 86)

   [campaign]    [lap] 🦅 PROXIMITY UNSKIP 'articuno': standing on the hunt's own maps — honest-skip latch dropped (every visit; nothing outranks a legendary she is standing next to)

   [campaign]    [roam] 🎯 QUESTLINE OPENED: gate=story_npc/articuno → steps=['surf', 'articuno'] actionable=articuno (resolved=True)

   [kira-voice] ·floor· (<1s since last) T2 "Okay — to get past this I need Articuno — the ice legendary on the Seafoam Islands' bottom floor, past the boulder cascade. Ice/Flying at L50: Lance's dragons become a formality."

   [campaign]    [lap] 🏁 VICTORY LAP arms 'articuno' — the pre-E4 checklist owns the errand slot (order: earthquake → box_bench → moltres → articuno → eevee → zapdos → repack)

   [campaign]    [lap] checklist owes 'articuno' — victory_lap is the endgame action (head_to_league/enter_league held until the lap clears)

   [campaign]    [world] learned 4 warp(s) on (1, 87): (15, 9)->(1, 86), (32, 5)->(1, 86), (8, 17)->(1, 86), (9, 17)->(1, 86)

   [campaign] -- ROAM TICK 57/100000000 --

   [campaign]    [roam] STATE IN: Seafoam Islands (15, 11) | badges=8 (Boulder, Cascade, Thunder, Rainbow, Soul, Marsh, Volcano, Earth) | party=[blastoise L67, lapras L25, fearow L38, moltres L50, machop L34] | 8 badge(s) earned (Boulder, Cascade, Thunder, Rainbow, Soul, Marsh, Volcano, Earth). All 8 badges earned. Pokédex: 18 caught. All 8 badges — Victory Road and the Elite Four are next. This is the endgame.

   [campaign]    [roam] PROGRESS: RED (unchanged 6 ticks) | fp[(1, 87) (15,11) f1 -- badge8 $2198 party:4497 bag:1af5]

   [campaign]    [roam] OPTIONS OFFERED: ['victory_lap', 'talk_npc']

   [campaign]    [roam] !! MACRO RED: no progress 6 ticks — feeding awareness back to the oracle: "You keep trying to victory lap but the world hasn't changed in 6 turns - it went 'questline_abandoned', and you're completely stuck."

   [campaign]    [roam] !! REPEAT-NO-PROGRESS: 'victory_lap' repeated with a stuck fingerprint — nudging a different action

   [campaign]    [lap] !! FORCE VICTORY LAP — oracle SKIPPED (the checklist owns the endgame sequencing; the order is code, not mood)

   [campaign]    [roam] PICK OUT: victory_lap  <- her RECOVERY move (RED)

   [campaign]    [roam] RATIONALE: You're ready — stop grinding and push forward to the next objective. then on to the Elite Four

   [campaign]    [roam] questline STRIKE: 3 attempts exhausted for Seafoam Islands B4F (ARTICUNO — the legendary ice bird) — surfacing so recovery/other options carry her (not looping the strike)

   [campaign]    [roam] questline: no graph route (1, 87) -> anchor (3, 38) yet — falling through to dir/bend discovery

   [campaign]    [roam] questline STRIKE: 3 attempts exhausted for Seafoam Islands B4F (ARTICUNO — the legendary ice bird) — surfacing so recovery/other options carry her (not looping the strike)

   [campaign]    [roam] 🧭 QUESTLINE STEP: 'Articuno — the ice legendary on the Seafoam Islands' bottom floor, past the boulder cascade. Ice/Flying at L50: Lance's dragons become a formality' — heading SOUTH toward Seafoam Islands, bottom floor — descend the ladder chain from either Route 20 door; the bird waits across the (becalmed) B4F water (success=('flag', 'FLAG_FOUGHT_ARTICUNO'))

   [campaign]    [roam] questline: NOT arrived — (1, 87) is off-anchor ((3, 38) unreachable in the learned graph) with no local frontier; surfacing no-route

   [campaign]    [lap] 'articuno' questline step -> questline_no_route

   [campaign]    [roam] RESULT: victory_lap -> questline_no_route | pos (1, 87)(15, 11) -> (1, 87)(15, 11) (NO MOVEMENT)

   [campaign]    [roam] tick opened inside interior (1, 87)@(15, 11) with no battle since last tick — NOT a blackout; continuing (mid-route interior)

   [campaign]    [world] learned 4 warp(s) on (1, 87): (15, 9)->(1, 86), (32, 5)->(1, 86), (8, 17)->(1, 86), (9, 17)->(1, 86)

   [campaign]    [lap] checklist owes 'articuno' — victory_lap is the endgame action (head_to_league/enter_league held until the lap clears)

   [campaign]    [world] learned 4 warp(s) on (1, 87): (15, 9)->(1, 86), (32, 5)->(1, 86), (8, 17)->(1, 86), (9, 17)->(1, 86)

   [campaign] -- ROAM TICK 58/100000000 --

   [campaign]    [roam] STATE IN: Seafoam Islands (15, 11) | badges=8 (Boulder, Cascade, Thunder, Rainbow, Soul, Marsh, Volcano, Earth) | party=[blastoise L67, lapras L25, fearow L38, moltres L50, machop L34] | 8 badge(s) earned (Boulder, Cascade, Thunder, Rainbow, Soul, Marsh, Volcano, Earth). All 8 badges earned. Pokédex: 18 caught. All 8 badges — Victory Road and the Elite Four are next. This is the endgame.

   [campaign]    [roam] PROGRESS: RED (unchanged 7 ticks) | fp[(1, 87) (15,11) f1 -- badge8 $2198 party:4497 bag:1af5]

   [campaign]    [roam] OPTIONS OFFERED: ['victory_lap', 'talk_npc']

   [campaign]    [soul] surface_want FIRE -> Seafoam Islands

   [campaign]    [soul] ORACLE decision: kind=want ctx={'place': "You're in Seafoam Islands — underground in a real cave — rock, gloom, echoes.. ALREADY BESIDE YOU — your current team: blastoise (L67), lapras (L25), fearow (L38), moltres (L50), machop (L34). A want is something you DON'T yet have; never wish for a teammate who's already on your team.", 'map': (1, 87), 'badges': ['Boulder', 'Cascade', 'Thunder', 'Rainbow', 'Soul', 'Marsh', 'Volcano', 'Earth'], 'progress': '8 badge(s) earned (Boulder, Cascade, Thunder, Rainbow, Soul, Marsh, Volcano, Earth). All 8 badges earned. Pokédex: 18 caught. All 8 badges — Victory Road and the Elite Four are next. This is the endgame.', 'party': 'blastoise (L67), lapras (L25), fearow (L38), moltres (L50), machop (L34)', 'goal': {'short': "You're ready — stop grinding and push forward to the next objective", 'medium': "FIRST Articuno — the ice legendary on the Seafoam Islands' bottom floor, past the boulder cascade. Ice/Flying at L50: Lance's dragons become a formality — the gym comes right after; that errand is the road", 'long': 'Take on the Elite Four'}} options=['eevee', 'fossil', 'starters', 'rare', 'legendaries']

   [kira-voice] ORACLE kind=want options=['eevee', 'fossil', 'starters', 'rare', 'legendaries'] -> pick='Articuno'

   [campaign]    [soul] ORACLE pick -> 'Articuno'

   [campaign]    [roam] !! MACRO RED: no progress 7 ticks — feeding awareness back to the oracle: "You keep trying to victory lap but the world hasn't changed in 7 turns - it went 'questline_no_route', and you're completely stuck."

   [campaign]    [roam] !! REPEAT-NO-PROGRESS: 'victory_lap' repeated with a stuck fingerprint — nudging a different action

   [campaign]    [lap] !! FORCE VICTORY LAP — oracle SKIPPED (the checklist owns the endgame sequencing; the order is code, not mood)

   [campaign]    [roam] PICK OUT: victory_lap  <- her RECOVERY move (RED)

   [campaign]    [roam] RATIONALE: You're ready — stop grinding and push forward to the next objective. then on to the Elite Four

   [campaign]    [roam] questline STRIKE: 3 attempts exhausted for Seafoam Islands B4F (ARTICUNO — the legendary ice bird) — surfacing so recovery/other options carry her (not looping the strike)

   [campaign]    [roam] questline: no graph route (1, 87) -> anchor (3, 38) yet — falling through to dir/bend discovery

   [campaign]    [roam] questline STRIKE: 3 attempts exhausted for Seafoam Islands B4F (ARTICUNO — the legendary ice bird) — surfacing so recovery/other options carry her (not looping the strike)

   [campaign]    [roam] 🧭 QUESTLINE STEP: 'Articuno — the ice legendary on the Seafoam Islands' bottom floor, past the boulder cascade. Ice/Flying at L50: Lance's dragons become a formality' — heading SOUTH toward Seafoam Islands, bottom floor — descend the ladder chain from either Route 20 door; the bird waits across the (becalmed) B4F water (success=('flag', 'FLAG_FOUGHT_ARTICUNO'))

   [campaign]    [roam] questline: NOT arrived — (1, 87) is off-anchor ((3, 38) unreachable in the learned graph) with no local frontier; surfacing no-route

   [campaign]    [lap] 'articuno' questline step -> questline_no_route

   [campaign]    [roam] RESULT: victory_lap -> questline_no_route | pos (1, 87)(15, 11) -> (1, 87)(15, 11) (NO MOVEMENT)

   [campaign]    ⛰️  CAMPAIGN SAVE [tick58] -> campaign/kira_campaign.state  (map=(1, 87) coords=(15, 11) badges=8 party=5)

   [kira-voice] -> T2·savor· (want) 'Articuno'  fired=True  [age 0.0s + post 13ms]

   [campaign]    [sanctity] bundle VALID (schema/encoding/truth/monotonic all clean)

   [campaign]    [roam] tick opened inside interior (1, 87)@(15, 11) with no battle since last tick — NOT a blackout; continuing (mid-route interior)

   [campaign]    [world] learned 4 warp(s) on (1, 87): (15, 9)->(1, 86), (32, 5)->(1, 86), (8, 17)->(1, 86), (9, 17)->(1, 86)

   [campaign]    [lap] checklist owes 'articuno' — victory_lap is the endgame action (head_to_league/enter_league held until the lap clears)

   [campaign]    [world] learned 4 warp(s) on (1, 87): (15, 9)->(1, 86), (32, 5)->(1, 86), (8, 17)->(1, 86), (9, 17)->(1, 86)

   [campaign] -- ROAM TICK 59/100000000 --

   [campaign]    [roam] STATE IN: Seafoam Islands (15, 11) | badges=8 (Boulder, Cascade, Thunder, Rainbow, Soul, Marsh, Volcano, Earth) | party=[blastoise L67, lapras L25, fearow L38, moltres L50, machop L34] | 8 badge(s) earned (Boulder, Cascade, Thunder, Rainbow, Soul, Marsh, Volcano, Earth). All 8 badges earned. Pokédex: 18 caught. All 8 badges — Victory Road and the Elite Four are next. This is the endgame.

   [campaign]    [roam] PROGRESS: RED (unchanged 8 ticks) | fp[(1, 87) (15,11) f1 -- badge8 $2198 party:4497 bag:1af5]

   [campaign]    [roam] !! HARD RECOVERY: RED 3 ticks — FORCING a route to the nearest Pokémon Center to break the position (not re-asking the oracle this tick)

   [kira-voice] ·floor· (<1s since last) T2 "okay, this isn't working — I'm heading to the Pokémon Center to reset and figure out my next move."

   [campaign]    HEAL: inside a building complex (1, 87) — exiting to the overworld before routing

   [Bridge] INPUT OWNER = 'agent' (sole writer; others dropped+logged)

   [Bridge] INPUT OWNER = 'agent' (sole writer; others dropped+logged)

   [travel] start map=(1, 87) coords=(15, 11) -> coord (15, 9) (budget 60s, surf-capable)

   [travel] step 0: (15, 11)->(15, 10) map=(1, 87) (path 3 to exit)

   [travel] reached target coord (15, 9)

   [campaign]    EXIT-BUILDING: (1, 87) -> (1, 86)@(12, 9)

   [Bridge] INPUT OWNER = 'agent' (sole writer; others dropped+logged)

   [travel] start map=(1, 86) coords=(12, 9) -> coord (12, 9) (budget 60s, surf-capable)

   [travel] reached target coord (12, 9)

   [campaign]    7 door(s); candidates (chosen order): [(12, 9)]

   [campaign]    door (12, 9): at (12, 9) (approach=(12, 10)) — stepping UP in

   [campaign]    reachable door (12, 9): walking to approach (12, 10)

   [Bridge] INPUT OWNER = 'agent' (sole writer; others dropped+logged)

   [travel] start map=(1, 86) coords=(12, 9) -> coord (12, 10) (budget 60s, surf-capable)

   [travel] step 0: (12, 9)->(12, 10) map=(1, 86) (path 2 to exit)

   [travel] reached target coord (12, 10)

   [campaign]    [roam] watchdog: SCENE callback owns the screen (evolution/naming/cutscene) — deliberate stillness, watch resets until the world returns

   [campaign]    WARPED (1, 86) -> (1, 87) via door (12, 9)

   [campaign]    [world] learned 4 warp(s) on (1, 87): (15, 9)->(1, 86), (32, 5)->(1, 86), (8, 17)->(1, 86), (9, 17)->(1, 86)

   [campaign]    EXIT-BUILDING: (1, 86) -> (1, 87)@(15, 9)

   [campaign]    EXIT: door (9, 17) walk-unreachable from (15, 9) — skipped (sealed pocket)

   [campaign]    EXIT: door (8, 17) walk-unreachable from (15, 9) — skipped (sealed pocket)

   [Bridge] INPUT OWNER = 'agent' (sole writer; others dropped+logged)

   [travel] start map=(1, 87) coords=(15, 9) -> coord (32, 5) (budget 60s, surf-capable)

   [travel] step 0: (15, 9)->(16, 9) map=(1, 87) (path 22 to exit)

   [travel] step 10: (21, 5)->(22, 5) map=(1, 87) (path 12 to exit)

   [campaign]    [roam] watchdog: SCENE callback owns the screen (evolution/naming/cutscene) — deliberate stillness, watch resets until the world returns

   [travel] ENCOUNTER -> on-time beat, warm up, hand off

   [kira-voice] -> T1·brisk· (beat) 'a wild Pokemon leaps out at you'  fired=True  [age 0.0s + post 13ms]

   [Bridge] INPUT OWNER = 'agent' (sole writer; others dropped+logged)

   [play-live]    [engine] re-entry: foe is already DOWN — draining the faint/switch chain

   [kira-voice] -> T1·brisk· (event) 'a battle started against seel — your blastoise is up front'  fired=True  [age 0.0s + post 9ms]

   [kira-voice] ·floor· (<1s since last) T2 'the trainer sent out seel'

   [play-live]    [engine] JUST FIGHT: L67 vs L32 + connecting damage — skipping bag/switch hierarchy this turn

   [play-live]    [engine] action menu: Earthquake - a solid hit -> slot 3 (eff x1) vs seel 84/84 | [0]Bite(p60,pp=23,ref=0,sc=60) [1]Skull Bash(p100,pp=15,ref=0,sc=50) [2]Surf(p95*STAB,pp=14,ref=0,sc=35.625) [3]Earthquake(p100,pp=7,ref=0,sc=100)

   [play-live]    [engine] STREAM COMMIT: Earthquake - a solid hit slot 3 (menu_up=1 action=True moves=False)

   [play-live]    [engine] battle-progress: move resolved

   [play-live]    [engine] battle-progress: enemy fainted

   [kira-voice] -> T1·brisk· (event) "the enemy's seel went down to your blastoise — that's the battle, you won"  fired=True  [age 0.0s + post 3ms]

   [Bridge] INPUT OWNER = 'agent' (sole writer; others dropped+logged)

   [travel] battle outcome=win; resuming pathfind

   [Bridge] INPUT OWNER = 'agent' (sole writer; others dropped+logged)

   [kira-voice] -> T1·brisk· (beat) 'the cave presses in close around you, every sound echoing off the rock'  fired=True  [age 0.0s + post 12ms]

   [travel] reached target coord (32, 5)

   [campaign]    EXIT-BUILDING: (1, 87) -> (1, 86)@(29, 5)

   [Bridge] INPUT OWNER = 'agent' (sole writer; others dropped+logged)

   [travel] start map=(1, 86) coords=(29, 5) -> coord (29, 5) (budget 60s, surf-capable)

   [travel] reached target coord (29, 5)

   [campaign]    7 door(s); candidates (chosen order): [(29, 5)]

   [campaign]    door (29, 5): at (29, 5) (approach=(29, 6)) — stepping UP in

   [campaign]    reachable door (29, 5): walking to approach (29, 6)

   [Bridge] INPUT OWNER = 'agent' (sole writer; others dropped+logged)

   [travel] start map=(1, 86) coords=(29, 3) -> coord (29, 6) (budget 60s, surf-capable)

   [travel] step 0: (29, 3)->(29, 4) map=(1, 86) (path 4 to exit)

   [campaign]    [roam] watchdog: SCENE callback owns the screen (evolution/naming/cutscene) — deliberate stillness, watch resets until the world returns

   [travel] MAP TRANSITION (1, 86) -> (1, 87)

   [campaign]    [world] learned 4 warp(s) on (1, 87): (15, 9)->(1, 86), (32, 5)->(1, 86), (8, 17)->(1, 86), (9, 17)->(1, 86)

   [travel] coord leg ended by the transition -> (1, 87) (target (29, 6) was the old map's frame)

   [campaign]    no reachable door warped (entry geometry?) - LOUD

   [campaign]    EXIT-BUILDING: (1, 86) -> (1, 87)@(32, 5)

   [campaign]    EXIT: door (9, 17) walk-unreachable from (32, 5) — skipped (sealed pocket)

   [campaign]    EXIT: door (8, 17) walk-unreachable from (32, 5) — skipped (sealed pocket)

   [campaign]    !! EXIT-BUILDING: still inside (1, 87)@(32, 5) - LOUD

   [campaign]    !! HEAL: no graph route to any known Center from (1, 87) — FALLBACK to a cross-region Viridian heal (FIX: add (1, 87)'s PC door to CITY_PC_DOORS)

   [campaign]    HEAL-RETURN: lead at (200, 205) - routing south to Viridian to heal

   [campaign]    HEAL-RETURN leg 0: no south edge on map (1, 87) - warping south

   [campaign]    2 door(s); candidates (chosen order): [(15, 9), (32, 5)]

   [campaign]    door (32, 5): at (32, 5) (approach=(32, 4)) — stepping DOWN in

   [campaign]    no reachable door warped (entry geometry?) - LOUD

   [campaign]    !! HEAL-RETURN stuck on map (1, 87) (no south edge, no south warp)

   [campaign]    ⛰️  CAMPAIGN SAVE [ckpt] -> campaign/kira_campaign.state  (map=(1, 87) coords=(32, 5) badges=8 party=5)

   [campaign]    [sanctity] bundle VALID (schema/encoding/truth/monotonic all clean)

   [campaign]    📌 AUTO-CHECKPOINT [periodic] -> checkpoints/20260807_113123_seafoam-islands_8b_35h49m_periodic  (4 bundle file(s))

   [campaign]    [roam] !! BLACKOUT/STRANDED: in a building interior (1, 87)@(32, 5) — exiting to the overworld to re-orient

   [campaign]    [strat] loss vs wild:Seafoam Islands:golduck was a WILD encounter — NOT a strategic wall (no gate, no retry goal; shake it off and move on)

   [campaign]    [strat] WHITEOUT-BACKSTOP: recorded the loss vs wild:Seafoam Islands:golduck from the whiteout (the battle-end read had swallowed it) — active_wall now set

   [Bridge] INPUT OWNER = 'agent' (sole writer; others dropped+logged)

   [kira-voice] -> T2·savor· (blackout) 'ugh… I blacked out and came to back at the Pokémon Center. okay — regroup.'  fired=True  [age 0.0s + post 8ms]

   [Bridge] INPUT OWNER = 'agent' (sole writer; others dropped+logged)

   [travel] start map=(1, 87) coords=(32, 5) -> coord (32, 5) (budget 60s, surf-capable)

   [travel] reached target coord (32, 5)

   [campaign]    2 door(s); candidates (chosen order): [(32, 5)]

   [campaign]    door (32, 5): at (32, 5) (approach=(32, 6)) — stepping UP in

   [campaign]    no reachable door warped (entry geometry?) - LOUD

   [Bridge] INPUT OWNER = 'agent' (sole writer; others dropped+logged)

   [travel] start map=(1, 87) coords=(32, 5) -> coord (15, 9) (budget 60s, surf-capable)

   [travel] step 0: (32, 5)->(31, 5) map=(1, 87) (path 22 to exit)

   [travel] step 10: (22, 5)->(22, 6) map=(1, 87) (path 12 to exit)

   [travel] step 20: (16, 9)->(15, 9) map=(1, 87) (path 2 to exit)

   [travel] reached target coord (15, 9)

   [campaign]    EXIT-BUILDING: (1, 87) -> (1, 86)@(12, 9)

   [Bridge] INPUT OWNER = 'agent' (sole writer; others dropped+logged)

   [travel] start map=(1, 86) coords=(12, 9) -> coord (12, 9) (budget 60s, surf-capable)

   [travel] reached target coord (12, 9)

   [campaign]    7 door(s); candidates (chosen order): [(12, 9)]

   [campaign]    door (12, 9): at (12, 9) (approach=(12, 10)) — stepping UP in

   [campaign]    reachable door (12, 9): walking to approach (12, 10)

   [Bridge] INPUT OWNER = 'agent' (sole writer; others dropped+logged)

   [travel] start map=(1, 86) coords=(12, 9) -> coord (12, 10) (budget 60s, surf-capable)

   [travel] step 0: (12, 9)->(12, 10) map=(1, 86) (path 2 to exit)

   [travel] reached target coord (12, 10)

   [campaign]    [roam] watchdog: SCENE callback owns the screen (evolution/naming/cutscene) — deliberate stillness, watch resets until the world returns

   [campaign]    WARPED (1, 86) -> (1, 87) via door (12, 9)

   [campaign]    [world] learned 4 warp(s) on (1, 87): (15, 9)->(1, 86), (32, 5)->(1, 86), (8, 17)->(1, 86), (9, 17)->(1, 86)

   [campaign]    EXIT-BUILDING: (1, 86) -> (1, 87)@(15, 9)

   [campaign]    EXIT: door (9, 17) walk-unreachable from (15, 9) — skipped (sealed pocket)

   [campaign]    EXIT: door (8, 17) walk-unreachable from (15, 9) — skipped (sealed pocket)

   [campaign]    !! EXIT-BUILDING: still inside (1, 87)@(15, 11) - LOUD

   [campaign]    [world] learned 4 warp(s) on (1, 87): (15, 9)->(1, 86), (32, 5)->(1, 86), (8, 17)->(1, 86), (9, 17)->(1, 86)

   [campaign]    [lap] checklist owes 'articuno' — victory_lap is the endgame action (head_to_league/enter_league held until the lap clears)

   [campaign]    [world] learned 4 warp(s) on (1, 87): (15, 9)->(1, 86), (32, 5)->(1, 86), (8, 17)->(1, 86), (9, 17)->(1, 86)

   [campaign] -- ROAM TICK 60/100000000 --

   [campaign]    [roam] STATE IN: Seafoam Islands (15, 11) | badges=8 (Boulder, Cascade, Thunder, Rainbow, Soul, Marsh, Volcano, Earth) | party=[blastoise L67, lapras L25, fearow L38, moltres L50, machop L34] | 8 badge(s) earned (Boulder, Cascade, Thunder, Rainbow, Soul, Marsh, Volcano, Earth). All 8 badges earned. Pokédex: 18 caught. All 8 badges — Victory Road and the Elite Four are next. This is the endgame.

   [campaign]    [roam] PROGRESS: RED (unchanged 9 ticks) | fp[(1, 87) (15,11) f1 -- badge8 $2198 party:4497 bag:1af5]

   [campaign]    [roam] OPTIONS OFFERED: ['victory_lap', 'talk_npc']

   [campaign]    [roam] !! MACRO RED: no progress 9 ticks — feeding awareness back to the oracle: "You keep trying to hard recovery but the world hasn't changed in 9 turns - it went 'forced_center', and you're completely stuck."

   [campaign]    [roam] !! REPEAT-NO-PROGRESS: 'victory_lap' repeated with a stuck fingerprint — nudging a different action

   [campaign]    [lap] !! FORCE VICTORY LAP — oracle SKIPPED (the checklist owns the endgame sequencing; the order is code, not mood)

   [campaign]    [roam] PICK OUT: victory_lap  <- her RECOVERY move (RED)

   [campaign]    [roam] RATIONALE: You're ready — stop grinding and push forward to the next objective. then on to the Elite Four

   [campaign]    [roam] questline STRIKE: 3 attempts exhausted for Seafoam Islands B4F (ARTICUNO — the legendary ice bird) — surfacing so recovery/other options carry her (not looping the strike)

   [campaign]    [roam] questline: no graph route (1, 87) -> anchor (3, 38) yet — falling through to dir/bend discovery

   [campaign]    [roam] questline STRIKE: 3 attempts exhausted for Seafoam Islands B4F (ARTICUNO — the legendary ice bird) — surfacing so recovery/other options carry her (not looping the strike)

   [campaign]    [roam] 🧭 QUESTLINE STEP: 'Articuno — the ice legendary on the Seafoam Islands' bottom floor, past the boulder cascade. Ice/Flying at L50: Lance's dragons become a formality' — heading SOUTH toward Seafoam Islands, bottom floor — descend the ladder chain from either Route 20 door; the bird waits across the (becalmed) B4F water (success=('flag', 'FLAG_FOUGHT_ARTICUNO'))

   [campaign]    [roam] questline: NOT arrived — (1, 87) is off-anchor ((3, 38) unreachable in the learned graph) with no local frontier; surfacing no-route

   [campaign]    [lap] 'articuno' questline step -> questline_no_route

   [campaign]    [roam] RESULT: victory_lap -> questline_no_route | pos (1, 87)(15, 11) -> (1, 87)(15, 11) (NO MOVEMENT)

   [campaign]    ⛰️  CAMPAIGN SAVE [tick60] -> campaign/kira_campaign.state  (map=(1, 87) coords=(15, 11) badges=8 party=5)

   [campaign]    [sanctity] bundle VALID (schema/encoding/truth/monotonic all clean)

   [campaign]    [roam] tick opened inside interior (1, 87)@(15, 11) with no battle since last tick — NOT a blackout; continuing (mid-route interior)

   [campaign]    [world] learned 4 warp(s) on (1, 87): (15, 9)->(1, 86), (32, 5)->(1, 86), (8, 17)->(1, 86), (9, 17)->(1, 86)

   [campaign]    [lap] checklist owes 'articuno' — victory_lap is the endgame action (head_to_league/enter_league held until the lap clears)

   [campaign]    [world] learned 4 warp(s) on (1, 87): (15, 9)->(1, 86), (32, 5)->(1, 86), (8, 17)->(1, 86), (9, 17)->(1, 86)

