   [campaign]    [roam] !! FORCE GYM PICK: head_to_gym — oracle SKIPPED (dominant / creator order; grass is OFF the menu)

   [campaign]    [roam] PICK OUT: head_to_gym

   [campaign]    [roam] RATIONALE: Heading for the next gym — Celadon City: You're ready — stop grinding and head to Celadon City for the Rainbow Badge.

   [campaign]    GRIND-WEAK: swap 0<->1 verified — ekans now leads

   [campaign]    [roam] ROAD-BENCH-XP: leading with the weak L14 bench mon (target L20) so it banks participation XP on this leg — the ace fields turn 1 (fail-safe switch)

   [campaign]    [roam] ROAD to Celadon City: off-road at (3, 21) — steering toward road anchor Celadon City (north)

   [Bridge] INPUT OWNER = 'agent' (sole writer; others dropped+logged)

   [travel] start map=(3, 21) coords=(0, 12) -> map (3, 22) (budget 300s)

   [travel] north connection band cols: [0, 1, 2, 3, 4, 5, 6, 7, 8, 9, 10, 11, 12, 13, 14, 15, 16, 17, 18, 19, 20, 21, 22, 23, 24, 25, 26, 27, 28, 29, 30, 31, 32, 33, 34, 35, 36, 37, 38, 39, 40, 41, 42, 43, 44, 45, 46, 47, 48, 49, 50, 51, 52, 53, 54, 55, 56, 57, 58, 59, 68, 69, 70, 71, 72, 73, 74, 75]

   [travel] step 0: (0, 12)->(0, 11) map=(3, 21) (path 98 to exit)

   [travel] step 10: (7, 9)->(7, 8) map=(3, 21) (path 88 to exit)

   [travel] step 20: (14, 6)->(14, 5) map=(3, 21) (path 78 to exit)

   [travel] step 30: (23, 5)->(24, 5) map=(3, 21) (path 68 to exit)

   [travel] HEARTBEAT step=40 map=(3, 21) coords=(33, 5) elapsed=5s

   [travel] step 40: (33, 5)->(33, 6) map=(3, 21) (path 58 to exit)

   [travel] step 50: (39, 9)->(40, 9) map=(3, 21) (path 49 to exit)

   [travel] path blocked at (40, 9) (NPC on the gap?) - waiting

   [dialogue] +++ 'Eek! Did you touch me?'  tags=[]

   [kira-voice] -> T1·brisk· (dialogue) 'you read: "Eek! Did you touch me?"'  fired=True  [age 0.0s + post 14ms]

   [travel] no clean path from (40, 9); NPC-allowing path EXISTS (len 48), blocker NPC tile=None, npcs nearby=[(32, 6), (40, 10)] -> approaching to interact/trigger

   [campaign]    [roam] watchdog: SCENE callback owns the screen (evolution/naming/cutscene) — deliberate stillness, watch resets until the world returns

   [travel] blocker is a TRAINER - fighting through

   [kira-voice] -> T1·brisk· (beat) "a trainer's blocking the path - bring it on"  fired=True  [age 0.0s + post 3ms]

   [campaign]    [strat] !! gEnemyParty UNCONFIRMED (slot0=39 != active foe 50) — party-SIZE reads DISABLED (loss-learning still works on the verified active-foe read)

   [play-live] battle context: trainer=True foe=diglett rare=False -> Tier 2 savor

   [kira-voice] ·floor· (<0.4s since last) T2 "okay okay — a trainer just locked eyes with me. team's in good shape — let's play it smart."

   [Bridge] INPUT OWNER = 'agent' (sole writer; others dropped+logged)

   [kira-voice] -> T2·savor· (event) 'a battle started against jigglypuff — your ekans is up front'  fired=True  [age 0.0s + post 2ms]

   [kira-voice] -> T2·savor· (event) 'the trainer sent out jigglypuff'  fired=True  [age 0.0s + post 13ms]

   [kira-voice] -> T1·brisk· (event) "ekans showed up for the XP share — now blastoise takes it from here. that's how you train a rookie."  fired=True  [age 0.0s + post 6ms]

   [kira-voice] -> T2·savor· (event) "the enemy's jigglypuff went down to your blastoise — that's the battle, you won"  fired=True  [age 0.0s + post 3ms]

   [Bridge] INPUT OWNER = 'agent' (sole writer; others dropped+logged)

   [travel] blocker battle outcome=win; resuming pathfind

   [Bridge] INPUT OWNER = 'agent' (sole writer; others dropped+logged)

   [kira-voice] -> T1·brisk· (exhale) "phew — okay, that one's done. shake it off, back to the road."  fired=True  [age 0.0s + post 2ms]

   [kira-voice] ·floor· (<1s since last) T1 'the trees thin out along Route 3, trainers everywhere looking for a fight'

   [travel] step 60: (43, 9)->(44, 9) map=(3, 21) (path 45 to exit)

   [travel] step 70: (51, 7)->(52, 7) map=(3, 21) (path 35 to exit)

   [travel] HEARTBEAT step=80 map=(3, 21) coords=(57, 11) elapsed=82s

   [travel] step 80: (57, 11)->(58, 11) map=(3, 21) (path 26 to exit)

   [travel] step 90: (66, 10)->(67, 10) map=(3, 21) (path 16 to exit)

   [travel] step 100: (71, 5)->(71, 4) map=(3, 21) (path 6 to exit)

   [travel] MAP TRANSITION (3, 21) -> (3, 22)

   [campaign]    [world] learned 3 warp(s) on (3, 22): (19, 5)->(1, 1), (32, 5)->(1, 2), (12, 5)->(16, 0)

   [travel] north connection band cols: [0, 1, 2, 3, 4, 5, 6, 7, 8, 9, 10, 11, 12, 13, 14, 15, 16, 17, 18, 19, 20, 21, 22, 23, 24, 25, 26, 27, 28, 29, 30, 31, 32, 33, 34, 35, 36, 37, 38, 39, 40, 41, 42, 43, 44, 45, 46, 47, 48, 49, 50, 51, 52, 53, 54, 55, 56, 57, 58, 59, 60, 61, 62, 63, 64, 65, 66, 67, 68, 69, 70, 71, 72, 73, 74, 75, 76, 77, 78, 79, 80, 81, 82, 83, 84, 85, 86, 87, 88, 89, 90, 91, 92, 93, 94, 95, 96, 97, 98, 99, 100, 101, 102, 103, 104, 105, 106, 107]

   [travel] ARRIVED at target map (3, 22) coords=(11, 19)

   [campaign]    GRIND-WEAK: restoring the ace (slot 1, L39) to lead

   [campaign]    GRIND-WEAK: swap 0<->1 verified — blastoise now leads

   [campaign]    [roam] RESULT: head_to_gym -> arrived | pos (3, 21)(0, 12) -> (3, 22)(11, 19) (MOVED)

   [campaign]    [roam] structural dead routes KEPT on (3, 21) across exit (≥2 strikes): ['head_to_gym']

   [campaign]    [roam] standing objective complete (head_to_gym -> arrived) — clearing it

   [campaign]    ⛰️  CAMPAIGN SAVE [new_area] -> campaign/kira_campaign.state  (map=(3, 22) coords=(11, 19) badges=3 party=6)

   [kira-voice] -> T1·brisk· (beat) 'made it to a new area'  fired=True  [age 0.0s + post 14ms]

   [campaign]    [sanctity] bundle VALID (schema/encoding/truth/monotonic all clean)

   [campaign]    📌 AUTO-CHECKPOINT [gain-new_area] -> checkpoints/20260802_141819_route-4_3b_16h24m_gain-new-area  (4 bundle file(s))

   [campaign]    [world] learned 3 warp(s) on (3, 22): (19, 5)->(1, 1), (32, 5)->(1, 2), (12, 5)->(16, 0)

   [campaign]    [roam] grass she KNOWS: routing east -> (3, 3) toward Route 9 (FORWARD — on the road to the objective, visited grass, avoiding any wall)

   [campaign]    [roam] GYM-READINESS FLOOR: SPARED head_to_gym — 🔥 MOMENTUM (decisive last win; march at Erika, train on the road)

   [campaign]    [roam] !! retiring bench pin L20 — gym is GO now

   [campaign]    [roam] !! ACE-CARRIES → GO HARD: forced head_to_gym (Erika); pruned ['battle', 'travel:3,20', 'travel:3,27', 'travel:3,43', 'wander_catch']; oracle SKIPPED this tick

   [campaign] -- ROAM TICK 45/100000000 --

   [campaign]    [roam] STATE IN: Route 4 (11, 19) | badges=3 (Boulder, Cascade, Thunder) | party=[blastoise L39, ekans L14, spearow L17, rattata L15, kadabra L16, butterfree L15] | 3 badge(s) earned (Boulder, Cascade, Thunder). Next gym: Erika of Celadon City. Pokédex: 12 caught. She's three badges — over a third of the way there (of 8 badges, then the Elite Four).

   [campaign]    [roam] PROGRESS: GREEN (unchanged 0 ticks) | fp[(3, 22) (11,19) f2 -- badge3 $4128 party:8f1a bag:e816]

   [campaign]    [roam] OPTIONS OFFERED: ['head_to_gym']

   [campaign]    [roam] !! FORCE GYM PICK: head_to_gym — oracle SKIPPED (dominant / creator order; grass is OFF the menu)

   [campaign]    [roam] PICK OUT: head_to_gym

   [campaign]    [roam] RATIONALE: Heading for the next gym — Celadon City: You're ready — stop grinding and head to Celadon City for the Rainbow Badge.

   [campaign]    [roam] ROAD-BENCH-XP: rotating the lead — slot 1 rode the last leg, slot 3 (L15) takes this one

   [campaign]    GRIND-WEAK: swap 0<->3 verified — rattata now leads

   [campaign]    [roam] ROAD-BENCH-XP: leading with the weak L15 bench mon (target L20) so it banks participation XP on this leg — the ace fields turn 1 (fail-safe switch)

   [campaign]    [roam] ROAD to Celadon City: off-road at (3, 22) — steering toward road anchor Celadon City (east)

   [Bridge] INPUT OWNER = 'agent' (sole writer; others dropped+logged)

   [travel] start map=(3, 22) coords=(11, 19) -> map (3, 3) (budget 300s)

   [travel] east connection band rows: [2, 3, 4, 5, 10, 11, 12]

   [travel] path blocked at (11, 19) (NPC on the gap?) - waiting

   [travel] no clean path from (11, 19) AND no NPC-allowing path (npcs nearby=[(14, 14)]) - genuine wall/zone gap, will time out

   [travel] !! TRAVEL WEDGE: identical fp x4 retries at (11, 19) map=(3, 22) (reason=no_route) -> returning to roam LOUD (no inner spin)

   [kira-voice] -> T1·brisk· (event) "I can't find a way through here — let me rethink this"  fired=True  [age 0.0s + post 3ms]

   [campaign]    GRIND-WEAK: restoring the ace (slot 3, L39) to lead

   [campaign]    GRIND-WEAK: swap 0<->3 verified — blastoise now leads

   [campaign]    [roam] RESULT: head_to_gym -> no_path | pos (3, 22)(11, 19) -> (3, 22)(11, 19) (NO MOVEMENT)

   [campaign]    [roam] !! SPLIT-MAP DEAD ROAD: head_to_gym dead on (3, 22) right after riding in from (3, 21) — BOTH legs parked for the session (strikes persist across visits)

   [campaign]    [roam] !! SILENT NO-MOVE: 'head_to_gym' returned 'no_path' but her position never changed (streak 1, dead routes ['head_to_gym']) — not moving her; ALL dead routes get pruned next tick so she must do something that works

   [campaign]    ⛰️  CAMPAIGN SAVE [tick45] -> campaign/kira_campaign.state  (map=(3, 22) coords=(11, 19) badges=3 party=6)

   [campaign]    [sanctity] bundle VALID (schema/encoding/truth/monotonic all clean)

   [campaign]    [world] learned 3 warp(s) on (3, 22): (19, 5)->(1, 1), (32, 5)->(1, 2), (12, 5)->(16, 0)

   [campaign]    [roam] grass she KNOWS: routing east -> (3, 3) toward Route 9 (FORWARD — on the road to the objective, visited grass, avoiding any wall)

   [campaign]    [roam] GYM-READINESS FLOOR: SPARED head_to_gym — 🔥 MOMENTUM (decisive last win; march at Erika, train on the road)

   [campaign]    [roam] !! retiring bench pin L20 — gym is GO now

   [campaign]    [roam] !! ACE-CARRIES → GO HARD: forced head_to_gym (Erika); pruned ['battle', 'travel:3,20', 'travel:3,27', 'travel:3,43', 'wander_catch']; oracle SKIPPED this tick

   [campaign] -- ROAM TICK 46/100000000 --

   [campaign]    [roam] STATE IN: Route 4 (11, 19) | badges=3 (Boulder, Cascade, Thunder) | party=[blastoise L39, ekans L14, spearow L17, rattata L15, kadabra L16, butterfree L15] | 3 badge(s) earned (Boulder, Cascade, Thunder). Next gym: Erika of Celadon City. Pokédex: 12 caught. She's three badges — over a third of the way there (of 8 badges, then the Elite Four).

   [campaign]    [roam] PROGRESS: GREEN (unchanged 1 ticks) | fp[(3, 22) (11,19) f2 -- badge3 $4128 party:8f1a bag:e816]

   [campaign]    [roam] OPTIONS OFFERED: ['head_to_gym']

   [campaign]    [soul] surface_want FIRE -> Route 4

   [campaign]    [soul] ORACLE decision: kind=want ctx={'place': "You're on Route 4 — outdoors under open sky (a town with a Pokémon Center; tall grass around — wild Pokémon live in it).. ALREADY BESIDE YOU — your current team: blastoise (L39), ekans (L14), spearow (L17), rattata (L15), abra the kadabra (L16), caterpie the butterfree (L15). A want is something you DON'T yet have; never wish for a teammate who's already on your team.", 'map': (3, 22), 'badges': ['Boulder', 'Cascade', 'Thunder'], 'progress': "3 badge(s) earned (Boulder, Cascade, Thunder). Next gym: Erika of Celadon City. Pokédex: 12 caught. She's three badges — over a third of the way there (of 8 badges, then the Elite Four).", 'party': 'blastoise (L39), ekans (L14), spearow (L17), rattata (L15), abra the kadabra (L16), caterpie the butterfree (L15)', 'goal': {'short': "You're ready — stop grinding and head to Celadon City for the Rainbow Badge", 'medium': 'You CRUSHED Lt. Surge — ride the momentum: Erika in Celadon City is NEXT (not fought yet); the trainers on the way are your training', 'long': 'Reach Celadon City, beat Erika for the Rainbow Badge'}} options=['eevee', 'fossil', 'starters', 'rare', 'legendaries']

   [kira-voice] ORACLE kind=want options=['eevee', 'fossil', 'starters', 'rare', 'legendaries'] -> pick='reach Celadon City, get the Rainbow Badge'

   [campaign]    [soul] ORACLE pick -> 'reach Celadon City, get the Rainbow Badge'

   [campaign]    [roam] !! FORCE GYM PICK: head_to_gym — oracle SKIPPED (dominant / creator order; grass is OFF the menu)

   [campaign]    [roam] PICK OUT: head_to_gym

   [campaign]    [roam] RATIONALE: Heading for the next gym — Celadon City: You're ready — stop grinding and head to Celadon City for the Rainbow Badge.

   [kira-voice] -> T2·savor· (want) 'reach Celadon City, get the Rainbow Badge'  fired=True  [age 0.0s + post 5ms]

   [campaign]    GRIND-WEAK: swap 0<->1 verified — ekans now leads

   [campaign]    [roam] ROAD-BENCH-XP: leading with the weak L14 bench mon (target L20) so it banks participation XP on this leg — the ace fields turn 1 (fail-safe switch)

   [campaign]    [roam] ROAD to Celadon City: off-road at (3, 22) — steering toward road anchor Celadon City (east)

   [Bridge] INPUT OWNER = 'agent' (sole writer; others dropped+logged)

   [travel] start map=(3, 22) coords=(11, 19) -> map (3, 3) (budget 300s)

   [travel] east connection band rows: [2, 3, 4, 5, 10, 11, 12]

   [travel] path blocked at (11, 19) (NPC on the gap?) - waiting

   [travel] no clean path from (11, 19) AND no NPC-allowing path (npcs nearby=[(16, 14)]) - genuine wall/zone gap, will time out

   [travel] !! TRAVEL WEDGE: identical fp x4 retries at (11, 19) map=(3, 22) (reason=no_route) -> returning to roam LOUD (no inner spin)

   [kira-voice] ·dedup· (repeat text, T1, looping?) "I can't find a way through here — let me rethink this"

   [campaign]    GRIND-WEAK: restoring the ace (slot 1, L39) to lead

   [campaign]    GRIND-WEAK: swap 0<->1 verified — blastoise now leads

   [campaign]    [roam] RESULT: head_to_gym -> no_path | pos (3, 22)(11, 19) -> (3, 22)(11, 19) (NO MOVEMENT)

   [campaign]    [roam] !! SPLIT-MAP DEAD ROAD: head_to_gym dead on (3, 22) right after riding in from (3, 21) — BOTH legs parked for the session (strikes persist across visits)

   [campaign]    [roam] !! SILENT NO-MOVE: 'head_to_gym' returned 'no_path' but her position never changed (streak 2, dead routes ['head_to_gym']) — not moving her; ALL dead routes get pruned next tick so she must do something that works

   [campaign]    [world] learned 3 warp(s) on (3, 22): (19, 5)->(1, 1), (32, 5)->(1, 2), (12, 5)->(16, 0)

   [campaign]    [roam] grass she KNOWS: routing east -> (3, 3) toward Route 9 (FORWARD — on the road to the objective, visited grass, avoiding any wall)

   [campaign]    [roam] GYM-READINESS FLOOR: SPARED head_to_gym — 🔥 MOMENTUM (decisive last win; march at Erika, train on the road)

   [campaign]    [roam] !! retiring bench pin L20 — gym is GO now

   [campaign]    [roam] !! ACE-CARRIES → GO HARD: forced head_to_gym (Erika); pruned ['battle', 'travel:3,20', 'travel:3,27', 'travel:3,43', 'wander_catch']; oracle SKIPPED this tick

   [campaign]    [roam] !! NO-MOVE PRUNE (all-dead): every offered option ['head_to_gym'] is a proven dead route (streak 2) — pruned to the regroup floor instead of thrashing them

   [campaign]    [roam] !! EMPTY-OPTIONS FLOOR: no honest action was available here — offering the regroup-at-Center anchor so the roam never dead-ends

   [campaign] -- ROAM TICK 47/100000000 --

   [campaign]    [roam] STATE IN: Route 4 (11, 19) | badges=3 (Boulder, Cascade, Thunder) | party=[blastoise L39, ekans L14, spearow L17, rattata L15, kadabra L16, butterfree L15] | 3 badge(s) earned (Boulder, Cascade, Thunder). Next gym: Erika of Celadon City. Pokédex: 12 caught. She's three badges — over a third of the way there (of 8 badges, then the Elite Four).

   [campaign]    [roam] PROGRESS: GREEN (unchanged 2 ticks) | fp[(3, 22) (11,19) f2 -- badge3 $4128 party:8f1a bag:e816]

   [campaign]    [roam] OPTIONS OFFERED: ['regroup']

   [campaign]    [soul] ORACLE decision: kind=action ctx={'place': 'You\'re on Route 4 — outdoors under open sky (a town with a Pokémon Center; tall grass around — wild Pokémon live in it).. From here: SOUTH → Route 3 — wild Pokémon to catch/train; EAST → Cerulean City — a Mart, a Pokémon Center. Places you\'ve been with wild Pokémon you can walk back to: Route 24; Route 9; Route 2. You can walk to anywhere you\'ve already been. Field moves ready: CUT.. HOW POKÉMON WORKS (what you\'re playing for): the GOAL is to earn 8 Gym Badges, beat the Elite Four, and roll the credits — that\'s beating the game. You build a TEAM of up to 6 Pokémon you like AND that cover each other (types/roles) — a solo carry with a dead-weight bench is a losing setup; a real trainer fields a balanced, levelled squad. CATCHING wild Pokémon is central (\'gotta catch \'em all\') — you catch to build that team and to fill the Pokédex. When you meet a wild Pokémon, weigh it: is it cool/strong/useful, does it cover a gap, is it better than a bench-warmer? — keep your best ~6, and build a squad you actually like. THE ARC: build a team -> beat the 8 gyms prepared -> Elite Four -> credits. ALSO NORMAL: you entered your own name (and your rival\'s) when the game began — people in this world knowing your names is ordinary, not a mystery to react to. RIGHT NOW your team is thin/lopsided (a strong lead but weak or too few others) — that\'s why tough trainers wall you. Building up a real squad (catch a good new teammate, level the weak ones) is how a prepared trainer gets past these. THE MAIN QUEST IS A FIXED PATH you\'re always on: beat the 8 Gym Leaders in order, then the Elite Four, then you win the game. You\'re on GYM 4 of 8 — next is Erika in Celadon City. The road forward leads there: until you\'ve won you are ALWAYS making progress toward the next gym. Grinding/catching/detours are fine — but ONLY with a clear purpose, and then you GET BACK ON THE ROAD to Celadon City. Never just circle the same grass. Word on the road about Erika: the flower lady — GRASS and poison; fire melts her garden, flyers do fine too YOUR STORY SO FAR (what you\'ve actually done — your past, not the future): You\'ve beaten Brock (Boulder), Misty (Cascade), and Lt. Surge in Vermilion for the Thunder Badge — that\'s THREE gyms done. You have Cut and can clear trees on the road. Next is Erika in Celadon City (Rainbow Badge).. Next on my list: catch an pikachu around Viridian Forest (rare) / Power Plant later. It grows into my raichu — that\'s my answer for Lorelei AND Lance down the line. Grabbing it now, before I need it.. THINGS YOU\'VE HEARD AND READ (from people and signs — your own notes, use them when they point somewhere): "Oh, wow, that\'s the BOULDERBADGE! You got it from BROCK, didn\'t you? BROCK is cool. He\'s not just tough. People like and respect him. I want to become a GYM LEA"; "HM05 contains the hidden move FLASH. FLASH lights up even the darkest of caves and dungeons."; "KIRA put the HM05 in the TM CASE."; "KIRA received HM05 from the AIDE.". YOUR PLAN — right now: You\'re ready — stop grinding and head to Celadon City for the Rainbow Badge. Next: You CRUSHED Lt. Surge — ride the momentum: Erika in Celadon City is NEXT (not fought yet); the trainers on the way are your training. Bigger picture: Reach Celadon City, beat Erika for the Rainbow Badge. Your team right now: blastoise (L39), ekans (L14), spearow (L17), rattata (L15), abra the kadabra (L16), caterpie the butterfree (L15). Remember YOU are the one playing this — narrate your plan to chat in your own voice (first person: "I\'m grinding", "my team"), and never ask anyone what you\'re doing or who\'s on your team — you know.', 'progress': "3 badge(s) earned (Boulder, Cascade, Thunder). Next gym: Erika of Celadon City. Pokédex: 12 caught. She's three badges — over a third of the way there (of 8 badges, then the Elite Four).", 'party': 'blastoise (L39), ekans (L14), spearow (L17), rattata (L15), abra the kadabra (L16), caterpie the butterfree (L15)', 'goal': {'short': "You're ready — stop grinding and head to Celadon City for the Rainbow Badge", 'medium': 'You CRUSHED Lt. Surge — ride the momentum: Erika in Celadon City is NEXT (not fought yet); the trainers on the way are your training', 'long': 'Reach Celadon City, beat Erika for the Rainbow Badge'}} options=['regroup']

   [kira-voice] ORACLE kind=action options=['regroup'] -> pick='regroup'

   [campaign]    [soul] ORACLE pick -> 'regroup'

   [campaign]    [roam] DECISION THINK: 3237ms (world stayed live — pumped idle, not a freeze)

   [campaign]    [roam] PICK OUT: regroup

   [campaign]    [roam] RATIONALE: You're ready — stop grinding and head to Celadon City for the Rainbow Badge. then on to Celadon City for Erika

   [Bridge] INPUT OWNER = 'agent' (sole writer; others dropped+logged)

   [travel] start map=(3, 22) coords=(11, 19) -> coord (12, 6) (budget 90s)

   [travel] step 0: (11, 19)->(11, 18) map=(3, 22) (path 15 to exit)

   [travel] step 10: (12, 10)->(12, 9) map=(3, 22) (path 5 to exit)

   [travel] reached target coord (12, 6)

   [campaign]    [roam] REGROUP: walked to the Center anchor (12, 6) on (3, 22)

   [campaign]    [roam] RESULT: regroup -> regrouped | pos (3, 22)(11, 19) -> (3, 22)(12, 6) (MOVED)

   [campaign]    [world] learned 3 warp(s) on (3, 22): (19, 5)->(1, 1), (32, 5)->(1, 2), (12, 5)->(16, 0)

   [campaign]    [roam] grass she KNOWS: routing east -> (3, 3) toward Route 9 (FORWARD — on the road to the objective, visited grass, avoiding any wall)

   [campaign]    [roam] GYM-READINESS FLOOR: SPARED head_to_gym — 🔥 MOMENTUM (decisive last win; march at Erika, train on the road)

   [campaign]    [roam] !! retiring bench pin L20 — gym is GO now

   [campaign]    [roam] !! ACE-CARRIES → GO HARD: forced head_to_gym (Erika); pruned ['battle', 'travel:3,20', 'travel:3,27', 'travel:3,43', 'wander_catch']; oracle SKIPPED this tick

   [campaign] -- ROAM TICK 48/100000000 --

   [campaign]    [roam] STATE IN: Route 4 (12, 6) | badges=3 (Boulder, Cascade, Thunder) | party=[blastoise L39, ekans L14, spearow L17, rattata L15, kadabra L16, butterfree L15] | 3 badge(s) earned (Boulder, Cascade, Thunder). Next gym: Erika of Celadon City. Pokédex: 12 caught. She's three badges — over a third of the way there (of 8 badges, then the Elite Four).

   [campaign]    [roam] PROGRESS: GREEN (unchanged 0 ticks) | fp[(3, 22) (12,6) f2 -- badge3 $4128 party:8f1a bag:e816]

   [campaign]    [roam] OPTIONS OFFERED: ['head_to_gym']

   [campaign]    [roam] !! FORCE GYM PICK: head_to_gym — oracle SKIPPED (dominant / creator order; grass is OFF the menu)

   [campaign]    [roam] PICK OUT: head_to_gym

   [campaign]    [roam] RATIONALE: Heading for the next gym — Celadon City: You're ready — stop grinding and head to Celadon City for the Rainbow Badge.

   [campaign]    [roam] ROAD-BENCH-XP: rotating the lead — slot 1 rode the last leg, slot 3 (L15) takes this one

   [campaign]    GRIND-WEAK: swap 0<->3 verified — rattata now leads

   [campaign]    [roam] ROAD-BENCH-XP: leading with the weak L15 bench mon (target L20) so it banks participation XP on this leg — the ace fields turn 1 (fail-safe switch)

   [campaign]    [roam] ROAD to Celadon City: off-road at (3, 22) — steering toward road anchor Celadon City (east)

   [Bridge] INPUT OWNER = 'agent' (sole writer; others dropped+logged)

   [travel] start map=(3, 22) coords=(12, 6) -> map (3, 3) (budget 300s)

   [travel] east connection band rows: [2, 3, 4, 5, 10, 11, 12]

   [travel] path blocked at (12, 6) (NPC on the gap?) - waiting

   [travel] no clean path from (12, 6) AND no NPC-allowing path (npcs nearby=[(8, 8), (16, 14)]) - genuine wall/zone gap, will time out

   [travel] !! TRAVEL WEDGE: identical fp x4 retries at (12, 6) map=(3, 22) (reason=no_route) -> returning to roam LOUD (no inner spin)

   [kira-voice] ·dedup· (repeat text, T1, looping?) "I can't find a way through here — let me rethink this"

   [campaign]    GRIND-WEAK: restoring the ace (slot 3, L39) to lead

   [campaign]    GRIND-WEAK: swap 0<->3 verified — blastoise now leads

   [campaign]    [roam] RESULT: head_to_gym -> no_path | pos (3, 22)(12, 6) -> (3, 22)(12, 6) (NO MOVEMENT)

   [campaign]    [roam] !! SPLIT-MAP DEAD ROAD: head_to_gym dead on (3, 22) right after riding in from (3, 21) — BOTH legs parked for the session (strikes persist across visits)

   [campaign]    [roam] !! SILENT NO-MOVE: 'head_to_gym' returned 'no_path' but her position never changed (streak 1, dead routes ['head_to_gym']) — not moving her; ALL dead routes get pruned next tick so she must do something that works

   [campaign]    [world] learned 3 warp(s) on (3, 22): (19, 5)->(1, 1), (32, 5)->(1, 2), (12, 5)->(16, 0)

   [campaign]    [roam] grass she KNOWS: routing east -> (3, 3) toward Route 9 (FORWARD — on the road to the objective, visited grass, avoiding any wall)

   [campaign]    [roam] GYM-READINESS FLOOR: SPARED head_to_gym — 🔥 MOMENTUM (decisive last win; march at Erika, train on the road)

   [campaign]    [roam] !! retiring bench pin L20 — gym is GO now

   [campaign]    [roam] !! ACE-CARRIES → GO HARD: forced head_to_gym (Erika); pruned ['battle', 'travel:3,20', 'travel:3,27', 'travel:3,43', 'wander_catch']; oracle SKIPPED this tick

   [campaign] -- ROAM TICK 49/100000000 --

   [campaign]    [roam] STATE IN: Route 4 (12, 6) | badges=3 (Boulder, Cascade, Thunder) | party=[blastoise L39, ekans L14, spearow L17, rattata L15, kadabra L16, butterfree L15] | 3 badge(s) earned (Boulder, Cascade, Thunder). Next gym: Erika of Celadon City. Pokédex: 12 caught. She's three badges — over a third of the way there (of 8 badges, then the Elite Four).

   [campaign]    [roam] PROGRESS: GREEN (unchanged 1 ticks) | fp[(3, 22) (12,6) f2 -- badge3 $4128 party:8f1a bag:e816]

   [campaign]    [roam] OPTIONS OFFERED: ['head_to_gym']

   [campaign]    [soul] surface_want FIRE -> Route 4

   [campaign]    [soul] ORACLE decision: kind=want ctx={'place': "You're on Route 4 — outdoors under open sky (a town with a Pokémon Center; tall grass around — wild Pokémon live in it).. ALREADY BESIDE YOU — your current team: blastoise (L39), ekans (L14), spearow (L17), rattata (L15), abra the kadabra (L16), caterpie the butterfree (L15). A want is something you DON'T yet have; never wish for a teammate who's already on your team.", 'map': (3, 22), 'badges': ['Boulder', 'Cascade', 'Thunder'], 'progress': "3 badge(s) earned (Boulder, Cascade, Thunder). Next gym: Erika of Celadon City. Pokédex: 12 caught. She's three badges — over a third of the way there (of 8 badges, then the Elite Four).", 'party': 'blastoise (L39), ekans (L14), spearow (L17), rattata (L15), abra the kadabra (L16), caterpie the butterfree (L15)', 'goal': {'short': "You're ready — stop grinding and head to Celadon City for the Rainbow Badge", 'medium': 'You CRUSHED Lt. Surge — ride the momentum: Erika in Celadon City is NEXT (not fought yet); the trainers on the way are your training', 'long': 'Reach Celadon City, beat Erika for the Rainbow Badge'}} options=['eevee', 'fossil', 'starters', 'rare', 'legendaries']

   [kira-voice] ORACLE kind=want options=['eevee', 'fossil', 'starters', 'rare', 'legendaries'] -> pick='get to Celadon City and grab that Eevee'

   [campaign]    [soul] ORACLE pick -> 'get to Celadon City and grab that Eevee'

   [campaign]    [roam] !! FORCE GYM PICK: head_to_gym — oracle SKIPPED (dominant / creator order; grass is OFF the menu)

   [campaign]    [roam] PICK OUT: head_to_gym

   [campaign]    [roam] RATIONALE: Heading for the next gym — Celadon City: You're ready — stop grinding and head to Celadon City for the Rainbow Badge.

   [kira-voice] -> T2·savor· (want) 'get to Celadon City and grab that Eevee'  fired=True  [age 0.0s + post 2ms]

   [campaign]    GRIND-WEAK: swap 0<->1 verified — ekans now leads

   [campaign]    [roam] ROAD-BENCH-XP: leading with the weak L14 bench mon (target L20) so it banks participation XP on this leg — the ace fields turn 1 (fail-safe switch)

   [campaign]    [roam] ROAD to Celadon City: off-road at (3, 22) — steering toward road anchor Celadon City (east)

   [Bridge] INPUT OWNER = 'agent' (sole writer; others dropped+logged)

   [travel] start map=(3, 22) coords=(12, 6) -> map (3, 3) (budget 300s)

   [travel] east connection band rows: [2, 3, 4, 5, 10, 11, 12]

   [travel] path blocked at (12, 6) (NPC on the gap?) - waiting

   [campaign]    [health] publish skipped: [WinError 5] Access is denied: 'G:\\JonnyD\\NeuroAI_Bot\\pokemon_agent\\states\\campaign\\health.json.tmp' -> 'G:\\JonnyD\\NeuroAI_Bot\\pokemon_agent\\states\\campaign\\health.json'

   [travel] no clean path from (12, 6) AND no NPC-allowing path (npcs nearby=[(8, 7), (14, 14)]) - genuine wall/zone gap, will time out

   [travel] !! TRAVEL WEDGE: identical fp x4 retries at (12, 6) map=(3, 22) (reason=no_route) -> returning to roam LOUD (no inner spin)

   [kira-voice] ·dedup· (repeat text, T1, looping?) "I can't find a way through here — let me rethink this"

   [campaign]    GRIND-WEAK: restoring the ace (slot 1, L39) to lead

   [campaign]    GRIND-WEAK: swap 0<->1 verified — blastoise now leads

   [campaign]    [roam] RESULT: head_to_gym -> no_path | pos (3, 22)(12, 6) -> (3, 22)(12, 6) (NO MOVEMENT)

   [campaign]    [roam] !! SPLIT-MAP DEAD ROAD: head_to_gym dead on (3, 22) right after riding in from (3, 21) — BOTH legs parked for the session (strikes persist across visits)

   [campaign]    [roam] !! SILENT NO-MOVE: 'head_to_gym' returned 'no_path' but her position never changed (streak 2, dead routes ['head_to_gym']) — not moving her; ALL dead routes get pruned next tick so she must do something that works

   [campaign]    [world] learned 3 warp(s) on (3, 22): (19, 5)->(1, 1), (32, 5)->(1, 2), (12, 5)->(16, 0)

   [campaign]    [roam] grass she KNOWS: routing east -> (3, 3) toward Route 9 (FORWARD — on the road to the objective, visited grass, avoiding any wall)

   [campaign]    [roam] GYM-READINESS FLOOR: SPARED head_to_gym — 🔥 MOMENTUM (decisive last win; march at Erika, train on the road)

   [campaign]    [roam] !! retiring bench pin L20 — gym is GO now

   [campaign]    [roam] !! ACE-CARRIES → GO HARD: forced head_to_gym (Erika); pruned ['battle', 'travel:3,20', 'travel:3,27', 'travel:3,43', 'wander_catch']; oracle SKIPPED this tick

   [campaign]    [roam] !! NO-MOVE PRUNE (all-dead): every offered option ['head_to_gym'] is a proven dead route (streak 2) — pruned to the regroup floor instead of thrashing them

   [campaign]    [roam] !! EMPTY-OPTIONS FLOOR: no honest action was available here — offering the regroup-at-Center anchor so the roam never dead-ends

   [campaign] -- ROAM TICK 50/100000000 --

   [campaign]    [roam] STATE IN: Route 4 (12, 6) | badges=3 (Boulder, Cascade, Thunder) | party=[blastoise L39, ekans L14, spearow L17, rattata L15, kadabra L16, butterfree L15] | 3 badge(s) earned (Boulder, Cascade, Thunder). Next gym: Erika of Celadon City. Pokédex: 12 caught. She's three badges — over a third of the way there (of 8 badges, then the Elite Four).

   [campaign]    [roam] PROGRESS: GREEN (unchanged 2 ticks) | fp[(3, 22) (12,6) f2 -- badge3 $4128 party:8f1a bag:e816]

   [campaign]    [roam] OPTIONS OFFERED: ['regroup']

   [campaign]    [soul] ORACLE decision: kind=action ctx={'place': 'You\'re on Route 4 — outdoors under open sky (a town with a Pokémon Center; tall grass around — wild Pokémon live in it).. From here: SOUTH → Route 3 — wild Pokémon to catch/train; EAST → Cerulean City — a Mart, a Pokémon Center. Places you\'ve been with wild Pokémon you can walk back to: Route 24; Route 9; Route 2. You can walk to anywhere you\'ve already been. Field moves ready: CUT.. HOW POKÉMON WORKS (what you\'re playing for): the GOAL is to earn 8 Gym Badges, beat the Elite Four, and roll the credits — that\'s beating the game. You build a TEAM of up to 6 Pokémon you like AND that cover each other (types/roles) — a solo carry with a dead-weight bench is a losing setup; a real trainer fields a balanced, levelled squad. CATCHING wild Pokémon is central (\'gotta catch \'em all\') — you catch to build that team and to fill the Pokédex. When you meet a wild Pokémon, weigh it: is it cool/strong/useful, does it cover a gap, is it better than a bench-warmer? — keep your best ~6, and build a squad you actually like. THE ARC: build a team -> beat the 8 gyms prepared -> Elite Four -> credits. ALSO NORMAL: you entered your own name (and your rival\'s) when the game began — people in this world knowing your names is ordinary, not a mystery to react to. RIGHT NOW your team is thin/lopsided (a strong lead but weak or too few others) — that\'s why tough trainers wall you. Building up a real squad (catch a good new teammate, level the weak ones) is how a prepared trainer gets past these. THE MAIN QUEST IS A FIXED PATH you\'re always on: beat the 8 Gym Leaders in order, then the Elite Four, then you win the game. You\'re on GYM 4 of 8 — next is Erika in Celadon City. The road forward leads there: until you\'ve won you are ALWAYS making progress toward the next gym. Grinding/catching/detours are fine — but ONLY with a clear purpose, and then you GET BACK ON THE ROAD to Celadon City. Never just circle the same grass. Word on the road about Erika: the flower lady — GRASS and poison; fire melts her garden, flyers do fine too YOUR STORY SO FAR (what you\'ve actually done — your past, not the future): You\'ve beaten Brock (Boulder), Misty (Cascade), and Lt. Surge in Vermilion for the Thunder Badge — that\'s THREE gyms done. You have Cut and can clear trees on the road. Next is Erika in Celadon City (Rainbow Badge).. Next on my list: catch an pikachu around Viridian Forest (rare) / Power Plant later. It grows into my raichu — that\'s my answer for Lorelei AND Lance down the line. Grabbing it now, before I need it.. THINGS YOU\'VE HEARD AND READ (from people and signs — your own notes, use them when they point somewhere): "Oh, wow, that\'s the BOULDERBADGE! You got it from BROCK, didn\'t you? BROCK is cool. He\'s not just tough. People like and respect him. I want to become a GYM LEA"; "HM05 contains the hidden move FLASH. FLASH lights up even the darkest of caves and dungeons."; "KIRA put the HM05 in the TM CASE."; "KIRA received HM05 from the AIDE.". YOUR PLAN — right now: You\'re ready — stop grinding and head to Celadon City for the Rainbow Badge. Next: You CRUSHED Lt. Surge — ride the momentum: Erika in Celadon City is NEXT (not fought yet); the trainers on the way are your training. Bigger picture: Reach Celadon City, beat Erika for the Rainbow Badge. Your team right now: blastoise (L39), ekans (L14), spearow (L17), rattata (L15), abra the kadabra (L16), caterpie the butterfree (L15). Remember YOU are the one playing this — narrate your plan to chat in your own voice (first person: "I\'m grinding", "my team"), and never ask anyone what you\'re doing or who\'s on your team — you know.', 'progress': "3 badge(s) earned (Boulder, Cascade, Thunder). Next gym: Erika of Celadon City. Pokédex: 12 caught. She's three badges — over a third of the way there (of 8 badges, then the Elite Four).", 'party': 'blastoise (L39), ekans (L14), spearow (L17), rattata (L15), abra the kadabra (L16), caterpie the butterfree (L15)', 'goal': {'short': "You're ready — stop grinding and head to Celadon City for the Rainbow Badge", 'medium': 'You CRUSHED Lt. Surge — ride the momentum: Erika in Celadon City is NEXT (not fought yet); the trainers on the way are your training', 'long': 'Reach Celadon City, beat Erika for the Rainbow Badge'}} options=['regroup']

   [kira-voice] ORACLE kind=action options=['regroup'] -> pick='regroup'

   [campaign]    [soul] ORACLE pick -> 'regroup'

   [campaign]    [roam] DECISION THINK: 4232ms (world stayed live — pumped idle, not a freeze)

   [campaign]    [roam] PICK OUT: regroup

   [campaign]    [roam] RATIONALE: You're ready — stop grinding and head to Celadon City for the Rainbow Badge. then on to Celadon City for Erika

   [campaign]    [roam] REGROUP: no Center here — riding toward Cerulean City (next hop east -> Cerulean City)

   [Bridge] INPUT OWNER = 'agent' (sole writer; others dropped+logged)

   [travel] start map=(3, 22) coords=(12, 6) -> map (3, 3) (budget 300s)

   [travel] east connection band rows: [2, 3, 4, 5, 10, 11, 12]

   [travel] path blocked at (12, 6) (NPC on the gap?) - waiting

   [travel] no clean path from (12, 6) AND no NPC-allowing path (npcs nearby=[(8, 9), (16, 14)]) - genuine wall/zone gap, will time out

   [travel] !! TRAVEL WEDGE: identical fp x4 retries at (12, 6) map=(3, 22) (reason=no_route) -> returning to roam LOUD (no inner spin)

   [kira-voice] ·dedup· (repeat text, T1, looping?) "I can't find a way through here — let me rethink this"

   [campaign]    [roam] !! REGROUP: no Center anchor and no connector fired from (3, 22) (12, 6) — LOUD (a true seal; watchdogs carry it)

   [campaign]    [roam] RESULT: regroup -> stuck | pos (3, 22)(12, 6) -> (3, 22)(12, 6) (NO MOVEMENT)

   [campaign]    ⛰️  CAMPAIGN SAVE [tick50] -> campaign/kira_campaign.state  (map=(3, 22) coords=(12, 6) badges=3 party=6)

   [campaign]    [sanctity] bundle VALID (schema/encoding/truth/monotonic all clean)

   [campaign]    [world] learned 3 warp(s) on (3, 22): (19, 5)->(1, 1), (32, 5)->(1, 2), (12, 5)->(16, 0)

   [campaign]    [roam] grass she KNOWS: routing east -> (3, 3) toward Route 9 (FORWARD — on the road to the objective, visited grass, avoiding any wall)

   [campaign]    [roam] GYM-READINESS FLOOR: SPARED head_to_gym — 🔥 MOMENTUM (decisive last win; march at Erika, train on the road)

   [campaign]    [roam] !! retiring bench pin L20 — gym is GO now

   [campaign]    [roam] !! ACE-CARRIES → GO HARD: forced head_to_gym (Erika); pruned ['battle', 'travel:3,20', 'travel:3,27', 'travel:3,43', 'wander_catch']; oracle SKIPPED this tick

   [campaign]    [roam] !! NO-MOVE PRUNE (all-dead): every offered option ['head_to_gym'] is a proven dead route (streak 2) — pruned to the regroup floor instead of thrashing them

   [campaign]    [roam] !! EMPTY-OPTIONS FLOOR: no honest action was available here — offering the regroup-at-Center anchor so the roam never dead-ends

   [campaign] -- ROAM TICK 51/100000000 --

   [campaign]    [roam] STATE IN: Route 4 (12, 6) | badges=3 (Boulder, Cascade, Thunder) | party=[blastoise L39, ekans L14, spearow L17, rattata L15, kadabra L16, butterfree L15] | 3 badge(s) earned (Boulder, Cascade, Thunder). Next gym: Erika of Celadon City. Pokédex: 12 caught. She's three badges — over a third of the way there (of 8 badges, then the Elite Four).

   [campaign]    [roam] PROGRESS: YELLOW (unchanged 3 ticks) | fp[(3, 22) (12,6) f2 -- badge3 $4128 party:8f1a bag:e816]

   [campaign]    [roam] OPTIONS OFFERED: ['regroup']

   [campaign]    [roam] !! MACRO YELLOW: no progress 3 ticks — feeding awareness back to the oracle: "You keep trying to regroup but the world hasn't changed in 3 turns - it went 'stuck', and you don't seem to be getting anywhere."

   [campaign]    [soul] ORACLE decision: kind=action ctx={'place': 'You\'re on Route 4 — outdoors under open sky (a town with a Pokémon Center; tall grass around — wild Pokémon live in it).. From here: SOUTH → Route 3 — wild Pokémon to catch/train; EAST → Cerulean City — a Mart, a Pokémon Center. Places you\'ve been with wild Pokémon you can walk back to: Route 24; Route 9; Route 2. You can walk to anywhere you\'ve already been. Field moves ready: CUT.. You keep trying to regroup but the world hasn\'t changed in 3 turns - it went \'stuck\', and you don\'t seem to be getting anywhere.. HOW POKÉMON WORKS (what you\'re playing for): the GOAL is to earn 8 Gym Badges, beat the Elite Four, and roll the credits — that\'s beating the game. You build a TEAM of up to 6 Pokémon you like AND that cover each other (types/roles) — a solo carry with a dead-weight bench is a losing setup; a real trainer fields a balanced, levelled squad. CATCHING wild Pokémon is central (\'gotta catch \'em all\') — you catch to build that team and to fill the Pokédex. When you meet a wild Pokémon, weigh it: is it cool/strong/useful, does it cover a gap, is it better than a bench-warmer? — keep your best ~6, and build a squad you actually like. THE ARC: build a team -> beat the 8 gyms prepared -> Elite Four -> credits. ALSO NORMAL: you entered your own name (and your rival\'s) when the game began — people in this world knowing your names is ordinary, not a mystery to react to. RIGHT NOW your team is thin/lopsided (a strong lead but weak or too few others) — that\'s why tough trainers wall you. Building up a real squad (catch a good new teammate, level the weak ones) is how a prepared trainer gets past these. THE MAIN QUEST IS A FIXED PATH you\'re always on: beat the 8 Gym Leaders in order, then the Elite Four, then you win the game. You\'re on GYM 4 of 8 — next is Erika in Celadon City. The road forward leads there: until you\'ve won you are ALWAYS making progress toward the next gym. Grinding/catching/detours are fine — but ONLY with a clear purpose, and then you GET BACK ON THE ROAD to Celadon City. Never just circle the same grass. Word on the road about Erika: the flower lady — GRASS and poison; fire melts her garden, flyers do fine too YOUR STORY SO FAR (what you\'ve actually done — your past, not the future): You\'ve beaten Brock (Boulder), Misty (Cascade), and Lt. Surge in Vermilion for the Thunder Badge — that\'s THREE gyms done. You have Cut and can clear trees on the road. Next is Erika in Celadon City (Rainbow Badge).. Next on my list: catch an pikachu around Viridian Forest (rare) / Power Plant later. It grows into my raichu — that\'s my answer for Lorelei AND Lance down the line. Grabbing it now, before I need it.. THINGS YOU\'VE HEARD AND READ (from people and signs — your own notes, use them when they point somewhere): "Oh, wow, that\'s the BOULDERBADGE! You got it from BROCK, didn\'t you? BROCK is cool. He\'s not just tough. People like and respect him. I want to become a GYM LEA"; "HM05 contains the hidden move FLASH. FLASH lights up even the darkest of caves and dungeons."; "KIRA put the HM05 in the TM CASE."; "KIRA received HM05 from the AIDE.". YOUR PLAN — right now: You\'re ready — stop grinding and head to Celadon City for the Rainbow Badge. Next: You CRUSHED Lt. Surge — ride the momentum: Erika in Celadon City is NEXT (not fought yet); the trainers on the way are your training. Bigger picture: Reach Celadon City, beat Erika for the Rainbow Badge. Your team right now: blastoise (L39), ekans (L14), spearow (L17), rattata (L15), abra the kadabra (L16), caterpie the butterfree (L15). Remember YOU are the one playing this — narrate your plan to chat in your own voice (first person: "I\'m grinding", "my team"), and never ask anyone what you\'re doing or who\'s on your team — you know.', 'progress': "3 badge(s) earned (Boulder, Cascade, Thunder). Next gym: Erika of Celadon City. Pokédex: 12 caught. She's three badges — over a third of the way there (of 8 badges, then the Elite Four).", 'party': 'blastoise (L39), ekans (L14), spearow (L17), rattata (L15), abra the kadabra (L16), caterpie the butterfree (L15)', 'goal': {'short': "You're ready — stop grinding and head to Celadon City for the Rainbow Badge", 'medium': 'You CRUSHED Lt. Surge — ride the momentum: Erika in Celadon City is NEXT (not fought yet); the trainers on the way are your training', 'long': 'Reach Celadon City, beat Erika for the Rainbow Badge'}} options=['regroup']

   [kira-voice] ORACLE kind=action options=['regroup'] -> pick='regroup'

   [campaign]    [soul] ORACLE pick -> 'regroup'

   [campaign]    [roam] DECISION THINK: 2918ms (world stayed live — pumped idle, not a freeze)

   [campaign]    [roam] PICK OUT: regroup  <- her RECOVERY move (YELLOW)

   [campaign]    [roam] RATIONALE: You're ready — stop grinding and head to Celadon City for the Rainbow Badge. then on to Celadon City for Erika

   [campaign]    [roam] REGROUP: no Center here — riding toward Cerulean City (next hop east -> Cerulean City)

   [Bridge] INPUT OWNER = 'agent' (sole writer; others dropped+logged)

   [travel] start map=(3, 22) coords=(12, 6) -> map (3, 3) (budget 300s)

   [travel] east connection band rows: [2, 3, 4, 5, 10, 11, 12]

   [travel] path blocked at (12, 6) (NPC on the gap?) - waiting

   [travel] no clean path from (12, 6) AND no NPC-allowing path (npcs nearby=[(9, 8), (16, 14)]) - genuine wall/zone gap, will time out

   [travel] !! TRAVEL WEDGE: identical fp x4 retries at (12, 6) map=(3, 22) (reason=no_route) -> returning to roam LOUD (no inner spin)

   [kira-voice] ·dedup· (repeat text, T1, looping?) "I can't find a way through here — let me rethink this"

   [campaign]    [roam] !! REGROUP: no Center anchor and no connector fired from (3, 22) (12, 6) — LOUD (a true seal; watchdogs carry it)

   [campaign]    [roam] RESULT: regroup -> stuck | pos (3, 22)(12, 6) -> (3, 22)(12, 6) (NO MOVEMENT)

   [campaign]    [world] learned 3 warp(s) on (3, 22): (19, 5)->(1, 1), (32, 5)->(1, 2), (12, 5)->(16, 0)

   [campaign]    [roam] grass she KNOWS: routing east -> (3, 3) toward Route 9 (FORWARD — on the road to the objective, visited grass, avoiding any wall)

   [campaign]    [roam] GYM-READINESS FLOOR: SPARED head_to_gym — 🔥 MOMENTUM (decisive last win; march at Erika, train on the road)

   [campaign]    [roam] !! retiring bench pin L20 — gym is GO now

   [campaign]    [roam] !! ACE-CARRIES → GO HARD: forced head_to_gym (Erika); pruned ['battle', 'travel:3,20', 'travel:3,27', 'travel:3,43', 'wander_catch']; oracle SKIPPED this tick

   [campaign]    [roam] !! NO-MOVE PRUNE (all-dead): every offered option ['head_to_gym'] is a proven dead route (streak 2) — pruned to the regroup floor instead of thrashing them

   [campaign]    [roam] !! EMPTY-OPTIONS FLOOR: no honest action was available here — offering the regroup-at-Center anchor so the roam never dead-ends

   [campaign] -- ROAM TICK 52/100000000 --

   [campaign]    [roam] STATE IN: Route 4 (12, 6) | badges=3 (Boulder, Cascade, Thunder) | party=[blastoise L39, ekans L14, spearow L17, rattata L15, kadabra L16, butterfree L15] | 3 badge(s) earned (Boulder, Cascade, Thunder). Next gym: Erika of Celadon City. Pokédex: 12 caught. She's three badges — over a third of the way there (of 8 badges, then the Elite Four).

   [campaign]    [roam] PROGRESS: YELLOW (unchanged 4 ticks) | fp[(3, 22) (12,6) f2 -- badge3 $4128 party:8f1a bag:e816]

   [campaign]    [roam] OPTIONS OFFERED: ['regroup']

   [campaign]    [soul] surface_want FIRE -> Route 4

   [campaign]    [soul] ORACLE decision: kind=want ctx={'place': "You're on Route 4 — outdoors under open sky (a town with a Pokémon Center; tall grass around — wild Pokémon live in it).. ALREADY BESIDE YOU — your current team: blastoise (L39), ekans (L14), spearow (L17), rattata (L15), abra the kadabra (L16), caterpie the butterfree (L15). A want is something you DON'T yet have; never wish for a teammate who's already on your team.", 'map': (3, 22), 'badges': ['Boulder', 'Cascade', 'Thunder'], 'progress': "3 badge(s) earned (Boulder, Cascade, Thunder). Next gym: Erika of Celadon City. Pokédex: 12 caught. She's three badges — over a third of the way there (of 8 badges, then the Elite Four).", 'party': 'blastoise (L39), ekans (L14), spearow (L17), rattata (L15), abra the kadabra (L16), caterpie the butterfree (L15)', 'goal': {'short': "You're ready — stop grinding and head to Celadon City for the Rainbow Badge", 'medium': 'You CRUSHED Lt. Surge — ride the momentum: Erika in Celadon City is NEXT (not fought yet); the trainers on the way are your training', 'long': 'Reach Celadon City, beat Erika for the Rainbow Badge'}} options=['eevee', 'fossil', 'starters', 'rare', 'legendaries']

   [kira-voice] ORACLE kind=want options=['eevee', 'fossil', 'starters', 'rare', 'legendaries'] -> pick='Eevee in Celadon City'

   [campaign]    [soul] ORACLE pick -> 'Eevee in Celadon City'

   [campaign]    [roam] !! MACRO YELLOW: no progress 4 ticks — feeding awareness back to the oracle: "You keep trying to regroup but the world hasn't changed in 4 turns - it went 'stuck', and you don't seem to be getting anywhere."

   [campaign]    [roam] !! REPEAT-NO-PROGRESS: 'regroup' repeated with a stuck fingerprint — nudging a different action

   [campaign]    [soul] ORACLE decision: kind=action ctx={'place': 'You\'re on Route 4 — outdoors under open sky (a town with a Pokémon Center; tall grass around — wild Pokémon live in it).. From here: SOUTH → Route 3 — wild Pokémon to catch/train; EAST → Cerulean City — a Mart, a Pokémon Center. Places you\'ve been with wild Pokémon you can walk back to: Route 24; Route 9; Route 2. You can walk to anywhere you\'ve already been. Field moves ready: CUT.. You keep trying to regroup but the world hasn\'t changed in 4 turns - it went \'stuck\', and you don\'t seem to be getting anywhere.. HOW POKÉMON WORKS (what you\'re playing for): the GOAL is to earn 8 Gym Badges, beat the Elite Four, and roll the credits — that\'s beating the game. You build a TEAM of up to 6 Pokémon you like AND that cover each other (types/roles) — a solo carry with a dead-weight bench is a losing setup; a real trainer fields a balanced, levelled squad. CATCHING wild Pokémon is central (\'gotta catch \'em all\') — you catch to build that team and to fill the Pokédex. When you meet a wild Pokémon, weigh it: is it cool/strong/useful, does it cover a gap, is it better than a bench-warmer? — keep your best ~6, and build a squad you actually like. THE ARC: build a team -> beat the 8 gyms prepared -> Elite Four -> credits. ALSO NORMAL: you entered your own name (and your rival\'s) when the game began — people in this world knowing your names is ordinary, not a mystery to react to. RIGHT NOW your team is thin/lopsided (a strong lead but weak or too few others) — that\'s why tough trainers wall you. Building up a real squad (catch a good new teammate, level the weak ones) is how a prepared trainer gets past these. THE MAIN QUEST IS A FIXED PATH you\'re always on: beat the 8 Gym Leaders in order, then the Elite Four, then you win the game. You\'re on GYM 4 of 8 — next is Erika in Celadon City. The road forward leads there: until you\'ve won you are ALWAYS making progress toward the next gym. Grinding/catching/detours are fine — but ONLY with a clear purpose, and then you GET BACK ON THE ROAD to Celadon City. Never just circle the same grass. Word on the road about Erika: the flower lady — GRASS and poison; fire melts her garden, flyers do fine too YOUR STORY SO FAR (what you\'ve actually done — your past, not the future): You\'ve beaten Brock (Boulder), Misty (Cascade), and Lt. Surge in Vermilion for the Thunder Badge — that\'s THREE gyms done. You have Cut and can clear trees on the road. Next is Erika in Celadon City (Rainbow Badge).. Next on my list: catch an pikachu around Viridian Forest (rare) / Power Plant later. It grows into my raichu — that\'s my answer for Lorelei AND Lance down the line. Grabbing it now, before I need it.. THINGS YOU\'VE HEARD AND READ (from people and signs — your own notes, use them when they point somewhere): "Oh, wow, that\'s the BOULDERBADGE! You got it from BROCK, didn\'t you? BROCK is cool. He\'s not just tough. People like and respect him. I want to become a GYM LEA"; "HM05 contains the hidden move FLASH. FLASH lights up even the darkest of caves and dungeons."; "KIRA put the HM05 in the TM CASE."; "KIRA received HM05 from the AIDE.". YOUR PLAN — right now: You\'re ready — stop grinding and head to Celadon City for the Rainbow Badge. Next: You CRUSHED Lt. Surge — ride the momentum: Erika in Celadon City is NEXT (not fought yet); the trainers on the way are your training. Bigger picture: Reach Celadon City, beat Erika for the Rainbow Badge. Your team right now: blastoise (L39), ekans (L14), spearow (L17), rattata (L15), abra the kadabra (L16), caterpie the butterfree (L15). Remember YOU are the one playing this — narrate your plan to chat in your own voice (first person: "I\'m grinding", "my team"), and never ask anyone what you\'re doing or who\'s on your team — you know.. HEADS UP — you just chose \'regroup\' and NOTHING changed (same spot, no progress). Repeating it again will do the same nothing. Pick a DIFFERENT action this time and break the loop.', 'progress': "3 badge(s) earned (Boulder, Cascade, Thunder). Next gym: Erika of Celadon City. Pokédex: 12 caught. She's three badges — over a third of the way there (of 8 badges, then the Elite Four).", 'party': 'blastoise (L39), ekans (L14), spearow (L17), rattata (L15), abra the kadabra (L16), caterpie the butterfree (L15)', 'goal': {'short': "You're ready — stop grinding and head to Celadon City for the Rainbow Badge", 'medium': 'You CRUSHED Lt. Surge — ride the momentum: Erika in Celadon City is NEXT (not fought yet); the trainers on the way are your training', 'long': 'Reach Celadon City, beat Erika for the Rainbow Badge'}} options=['regroup']

   [kira-voice] -> T2·savor· (want) 'Eevee in Celadon City'  fired=True  [age 0.0s + post 5ms]

   [kira-voice] ORACLE kind=action options=['regroup'] -> pick='regroup'

   [campaign]    [soul] ORACLE pick -> 'regroup'

   [campaign]    [roam] DECISION THINK: 2511ms (world stayed live — pumped idle, not a freeze)

   [campaign]    [roam] PICK OUT: regroup  <- her RECOVERY move (YELLOW)

   [campaign]    [roam] RATIONALE: You're ready — stop grinding and head to Celadon City for the Rainbow Badge. then on to Celadon City for Erika

   [campaign]    [roam] REGROUP: no Center here — riding toward Cerulean City (next hop east -> Cerulean City)

   [Bridge] INPUT OWNER = 'agent' (sole writer; others dropped+logged)

   [travel] start map=(3, 22) coords=(12, 6) -> map (3, 3) (budget 300s)

   [travel] east connection band rows: [2, 3, 4, 5, 10, 11, 12]

   [travel] path blocked at (12, 6) (NPC on the gap?) - waiting

   [travel] no clean path from (12, 6) AND no NPC-allowing path (npcs nearby=[(9, 7), (14, 14)]) - genuine wall/zone gap, will time out

   [travel] !! TRAVEL WEDGE: identical fp x4 retries at (12, 6) map=(3, 22) (reason=no_route) -> returning to roam LOUD (no inner spin)

   [kira-voice] ·dedup· (repeat text, T1, looping?) "I can't find a way through here — let me rethink this"

   [campaign]    [roam] !! REGROUP: no Center anchor and no connector fired from (3, 22) (12, 6) — LOUD (a true seal; watchdogs carry it)

   [campaign]    [roam] RESULT: regroup -> stuck | pos (3, 22)(12, 6) -> (3, 22)(12, 6) (NO MOVEMENT)

   [campaign]    [world] learned 3 warp(s) on (3, 22): (19, 5)->(1, 1), (32, 5)->(1, 2), (12, 5)->(16, 0)

   [campaign]    [roam] grass she KNOWS: routing east -> (3, 3) toward Route 9 (FORWARD — on the road to the objective, visited grass, avoiding any wall)

   [campaign]    [roam] GYM-READINESS FLOOR: SPARED head_to_gym — 🔥 MOMENTUM (decisive last win; march at Erika, train on the road)

   [campaign]    [roam] !! retiring bench pin L20 — gym is GO now

   [campaign]    [roam] !! ACE-CARRIES → GO HARD: forced head_to_gym (Erika); pruned ['battle', 'travel:3,20', 'travel:3,27', 'travel:3,43', 'wander_catch']; oracle SKIPPED this tick

   [campaign]    [roam] !! NO-MOVE PRUNE (all-dead): every offered option ['head_to_gym'] is a proven dead route (streak 2) — pruned to the regroup floor instead of thrashing them

   [campaign]    [roam] !! EMPTY-OPTIONS FLOOR: no honest action was available here — offering the regroup-at-Center anchor so the roam never dead-ends

   [campaign] -- ROAM TICK 53/100000000 --

   [campaign]    [roam] STATE IN: Route 4 (12, 6) | badges=3 (Boulder, Cascade, Thunder) | party=[blastoise L39, ekans L14, spearow L17, rattata L15, kadabra L16, butterfree L15] | 3 badge(s) earned (Boulder, Cascade, Thunder). Next gym: Erika of Celadon City. Pokédex: 12 caught. She's three badges — over a third of the way there (of 8 badges, then the Elite Four).

   [campaign]    [roam] PROGRESS: YELLOW (unchanged 5 ticks) | fp[(3, 22) (12,6) f2 -- badge3 $4128 party:8f1a bag:e816]

   [campaign]    [roam] OPTIONS OFFERED: ['regroup']

   [campaign]    [roam] !! MACRO YELLOW: no progress 5 ticks — feeding awareness back to the oracle: "You keep trying to regroup but the world hasn't changed in 5 turns - it went 'stuck', and you don't seem to be getting anywhere."

   [campaign]    [roam] !! REPEAT-NO-PROGRESS: 'regroup' repeated with a stuck fingerprint — nudging a different action

   [campaign]    [soul] ORACLE decision: kind=action ctx={'place': 'You\'re on Route 4 — outdoors under open sky (a town with a Pokémon Center; tall grass around — wild Pokémon live in it).. From here: SOUTH → Route 3 — wild Pokémon to catch/train; EAST → Cerulean City — a Mart, a Pokémon Center. Places you\'ve been with wild Pokémon you can walk back to: Route 24; Route 9; Route 2. You can walk to anywhere you\'ve already been. Field moves ready: CUT.. You keep trying to regroup but the world hasn\'t changed in 5 turns - it went \'stuck\', and you don\'t seem to be getting anywhere.. HOW POKÉMON WORKS (what you\'re playing for): the GOAL is to earn 8 Gym Badges, beat the Elite Four, and roll the credits — that\'s beating the game. You build a TEAM of up to 6 Pokémon you like AND that cover each other (types/roles) — a solo carry with a dead-weight bench is a losing setup; a real trainer fields a balanced, levelled squad. CATCHING wild Pokémon is central (\'gotta catch \'em all\') — you catch to build that team and to fill the Pokédex. When you meet a wild Pokémon, weigh it: is it cool/strong/useful, does it cover a gap, is it better than a bench-warmer? — keep your best ~6, and build a squad you actually like. THE ARC: build a team -> beat the 8 gyms prepared -> Elite Four -> credits. ALSO NORMAL: you entered your own name (and your rival\'s) when the game began — people in this world knowing your names is ordinary, not a mystery to react to. RIGHT NOW your team is thin/lopsided (a strong lead but weak or too few others) — that\'s why tough trainers wall you. Building up a real squad (catch a good new teammate, level the weak ones) is how a prepared trainer gets past these. THE MAIN QUEST IS A FIXED PATH you\'re always on: beat the 8 Gym Leaders in order, then the Elite Four, then you win the game. You\'re on GYM 4 of 8 — next is Erika in Celadon City. The road forward leads there: until you\'ve won you are ALWAYS making progress toward the next gym. Grinding/catching/detours are fine — but ONLY with a clear purpose, and then you GET BACK ON THE ROAD to Celadon City. Never just circle the same grass. Word on the road about Erika: the flower lady — GRASS and poison; fire melts her garden, flyers do fine too YOUR STORY SO FAR (what you\'ve actually done — your past, not the future): You\'ve beaten Brock (Boulder), Misty (Cascade), and Lt. Surge in Vermilion for the Thunder Badge — that\'s THREE gyms done. You have Cut and can clear trees on the road. Next is Erika in Celadon City (Rainbow Badge).. Next on my list: catch an pikachu around Viridian Forest (rare) / Power Plant later. It grows into my raichu — that\'s my answer for Lorelei AND Lance down the line. Grabbing it now, before I need it.. THINGS YOU\'VE HEARD AND READ (from people and signs — your own notes, use them when they point somewhere): "Oh, wow, that\'s the BOULDERBADGE! You got it from BROCK, didn\'t you? BROCK is cool. He\'s not just tough. People like and respect him. I want to become a GYM LEA"; "HM05 contains the hidden move FLASH. FLASH lights up even the darkest of caves and dungeons."; "KIRA put the HM05 in the TM CASE."; "KIRA received HM05 from the AIDE.". YOUR PLAN — right now: You\'re ready — stop grinding and head to Celadon City for the Rainbow Badge. Next: You CRUSHED Lt. Surge — ride the momentum: Erika in Celadon City is NEXT (not fought yet); the trainers on the way are your training. Bigger picture: Reach Celadon City, beat Erika for the Rainbow Badge. Your team right now: blastoise (L39), ekans (L14), spearow (L17), rattata (L15), abra the kadabra (L16), caterpie the butterfree (L15). Remember YOU are the one playing this — narrate your plan to chat in your own voice (first person: "I\'m grinding", "my team"), and never ask anyone what you\'re doing or who\'s on your team — you know.. HEADS UP — you just chose \'regroup\' and NOTHING changed (same spot, no progress). Repeating it again will do the same nothing. Pick a DIFFERENT action this time and break the loop.', 'progress': "3 badge(s) earned (Boulder, Cascade, Thunder). Next gym: Erika of Celadon City. Pokédex: 12 caught. She's three badges — over a third of the way there (of 8 badges, then the Elite Four).", 'party': 'blastoise (L39), ekans (L14), spearow (L17), rattata (L15), abra the kadabra (L16), caterpie the butterfree (L15)', 'goal': {'short': "You're ready — stop grinding and head to Celadon City for the Rainbow Badge", 'medium': 'You CRUSHED Lt. Surge — ride the momentum: Erika in Celadon City is NEXT (not fought yet); the trainers on the way are your training', 'long': 'Reach Celadon City, beat Erika for the Rainbow Badge'}} options=['regroup']

   [kira-voice] ORACLE kind=action options=['regroup'] -> pick='regroup'

   [campaign]    [soul] ORACLE pick -> 'regroup'

   [campaign]    [roam] DECISION THINK: 3155ms (world stayed live — pumped idle, not a freeze)

   [campaign]    [roam] PICK OUT: regroup  <- her RECOVERY move (YELLOW)

   [campaign]    [roam] RATIONALE: You're ready — stop grinding and head to Celadon City for the Rainbow Badge. then on to Celadon City for Erika

   [campaign]    [roam] REGROUP: no Center here — riding toward Cerulean City (next hop east -> Cerulean City)

   [Bridge] INPUT OWNER = 'agent' (sole writer; others dropped+logged)

   [travel] start map=(3, 22) coords=(12, 6) -> map (3, 3) (budget 300s)

   [travel] east connection band rows: [2, 3, 4, 5, 10, 11, 12]

   [travel] path blocked at (12, 6) (NPC on the gap?) - waiting

   [travel] no clean path from (12, 6) AND no NPC-allowing path (npcs nearby=[(9, 7), (14, 14)]) - genuine wall/zone gap, will time out

   [travel] !! TRAVEL WEDGE: identical fp x4 retries at (12, 6) map=(3, 22) (reason=no_route) -> returning to roam LOUD (no inner spin)

   [kira-voice] ·dedup· (repeat text, T1, looping?) "I can't find a way through here — let me rethink this"

   [campaign]    [roam] !! REGROUP: no Center anchor and no connector fired from (3, 22) (12, 6) — LOUD (a true seal; watchdogs carry it)

   [campaign]    [roam] RESULT: regroup -> stuck | pos (3, 22)(12, 6) -> (3, 22)(12, 6) (NO MOVEMENT)

   [campaign]    [world] learned 3 warp(s) on (3, 22): (19, 5)->(1, 1), (32, 5)->(1, 2), (12, 5)->(16, 0)

   [campaign]    [roam] grass she KNOWS: routing east -> (3, 3) toward Route 9 (FORWARD — on the road to the objective, visited grass, avoiding any wall)

   [campaign]    [roam] GYM-READINESS FLOOR: SPARED head_to_gym — 🔥 MOMENTUM (decisive last win; march at Erika, train on the road)

   [campaign]    [roam] !! retiring bench pin L20 — gym is GO now

   [campaign]    [roam] !! ACE-CARRIES → GO HARD: forced head_to_gym (Erika); pruned ['battle', 'travel:3,20', 'travel:3,27', 'travel:3,43', 'wander_catch']; oracle SKIPPED this tick

   [campaign]    [roam] !! NO-MOVE PRUNE (all-dead): every offered option ['head_to_gym'] is a proven dead route (streak 2) — pruned to the regroup floor instead of thrashing them

   [campaign]    [roam] !! EMPTY-OPTIONS FLOOR: no honest action was available here — offering the regroup-at-Center anchor so the roam never dead-ends

   [campaign] -- ROAM TICK 54/100000000 --

   [campaign]    [roam] STATE IN: Route 4 (12, 6) | badges=3 (Boulder, Cascade, Thunder) | party=[blastoise L39, ekans L14, spearow L17, rattata L15, kadabra L16, butterfree L15] | 3 badge(s) earned (Boulder, Cascade, Thunder). Next gym: Erika of Celadon City. Pokédex: 12 caught. She's three badges — over a third of the way there (of 8 badges, then the Elite Four).

   [campaign]    [roam] PROGRESS: RED (unchanged 6 ticks) | fp[(3, 22) (12,6) f2 -- badge3 $4128 party:8f1a bag:e816]

   [campaign]    [roam] OPTIONS OFFERED: ['regroup']

   [campaign]    [roam] !! MACRO RED: no progress 6 ticks — feeding awareness back to the oracle: "You keep trying to regroup but the world hasn't changed in 6 turns - it went 'stuck', and you're completely stuck."

   [campaign]    [roam] !! REPEAT-NO-PROGRESS: 'regroup' repeated with a stuck fingerprint — nudging a different action

   [campaign]    [soul] ORACLE decision: kind=action ctx={'place': 'You\'re on Route 4 — outdoors under open sky (a town with a Pokémon Center; tall grass around — wild Pokémon live in it).. From here: SOUTH → Route 3 — wild Pokémon to catch/train; EAST → Cerulean City — a Mart, a Pokémon Center. Places you\'ve been with wild Pokémon you can walk back to: Route 24; Route 9; Route 2. You can walk to anywhere you\'ve already been. Field moves ready: CUT.. You keep trying to regroup but the world hasn\'t changed in 6 turns - it went \'stuck\', and you\'re completely stuck.. HOW POKÉMON WORKS (what you\'re playing for): the GOAL is to earn 8 Gym Badges, beat the Elite Four, and roll the credits — that\'s beating the game. You build a TEAM of up to 6 Pokémon you like AND that cover each other (types/roles) — a solo carry with a dead-weight bench is a losing setup; a real trainer fields a balanced, levelled squad. CATCHING wild Pokémon is central (\'gotta catch \'em all\') — you catch to build that team and to fill the Pokédex. When you meet a wild Pokémon, weigh it: is it cool/strong/useful, does it cover a gap, is it better than a bench-warmer? — keep your best ~6, and build a squad you actually like. THE ARC: build a team -> beat the 8 gyms prepared -> Elite Four -> credits. ALSO NORMAL: you entered your own name (and your rival\'s) when the game began — people in this world knowing your names is ordinary, not a mystery to react to. RIGHT NOW your team is thin/lopsided (a strong lead but weak or too few others) — that\'s why tough trainers wall you. Building up a real squad (catch a good new teammate, level the weak ones) is how a prepared trainer gets past these. THE MAIN QUEST IS A FIXED PATH you\'re always on: beat the 8 Gym Leaders in order, then the Elite Four, then you win the game. You\'re on GYM 4 of 8 — next is Erika in Celadon City. The road forward leads there: until you\'ve won you are ALWAYS making progress toward the next gym. Grinding/catching/detours are fine — but ONLY with a clear purpose, and then you GET BACK ON THE ROAD to Celadon City. Never just circle the same grass. Word on the road about Erika: the flower lady — GRASS and poison; fire melts her garden, flyers do fine too YOUR STORY SO FAR (what you\'ve actually done — your past, not the future): You\'ve beaten Brock (Boulder), Misty (Cascade), and Lt. Surge in Vermilion for the Thunder Badge — that\'s THREE gyms done. You have Cut and can clear trees on the road. Next is Erika in Celadon City (Rainbow Badge).. Next on my list: catch an pikachu around Viridian Forest (rare) / Power Plant later. It grows into my raichu — that\'s my answer for Lorelei AND Lance down the line. Grabbing it now, before I need it.. THINGS YOU\'VE HEARD AND READ (from people and signs — your own notes, use them when they point somewhere): "Oh, wow, that\'s the BOULDERBADGE! You got it from BROCK, didn\'t you? BROCK is cool. He\'s not just tough. People like and respect him. I want to become a GYM LEA"; "HM05 contains the hidden move FLASH. FLASH lights up even the darkest of caves and dungeons."; "KIRA put the HM05 in the TM CASE."; "KIRA received HM05 from the AIDE.". YOUR PLAN — right now: You\'re ready — stop grinding and head to Celadon City for the Rainbow Badge. Next: You CRUSHED Lt. Surge — ride the momentum: Erika in Celadon City is NEXT (not fought yet); the trainers on the way are your training. Bigger picture: Reach Celadon City, beat Erika for the Rainbow Badge. Your team right now: blastoise (L39), ekans (L14), spearow (L17), rattata (L15), abra the kadabra (L16), caterpie the butterfree (L15). Remember YOU are the one playing this — narrate your plan to chat in your own voice (first person: "I\'m grinding", "my team"), and never ask anyone what you\'re doing or who\'s on your team — you know.. HEADS UP — you just chose \'regroup\' and NOTHING changed (same spot, no progress). Repeating it again will do the same nothing. Pick a DIFFERENT action this time and break the loop.', 'progress': "3 badge(s) earned (Boulder, Cascade, Thunder). Next gym: Erika of Celadon City. Pokédex: 12 caught. She's three badges — over a third of the way there (of 8 badges, then the Elite Four).", 'party': 'blastoise (L39), ekans (L14), spearow (L17), rattata (L15), abra the kadabra (L16), caterpie the butterfree (L15)', 'goal': {'short': "You're ready — stop grinding and head to Celadon City for the Rainbow Badge", 'medium': 'You CRUSHED Lt. Surge — ride the momentum: Erika in Celadon City is NEXT (not fought yet); the trainers on the way are your training', 'long': 'Reach Celadon City, beat Erika for the Rainbow Badge'}} options=['regroup']

   [kira-voice] ORACLE kind=action options=['regroup'] -> pick='regroup'

   [campaign]    [soul] ORACLE pick -> 'regroup'

   [campaign]    [roam] DECISION THINK: 3048ms (world stayed live — pumped idle, not a freeze)

   [campaign]    [roam] PICK OUT: regroup  <- her RECOVERY move (RED)

   [campaign]    [roam] RATIONALE: You're ready — stop grinding and head to Celadon City for the Rainbow Badge. then on to Celadon City for Erika

   [campaign]    [roam] REGROUP: no Center here — riding toward Cerulean City (next hop east -> Cerulean City)

   [Bridge] INPUT OWNER = 'agent' (sole writer; others dropped+logged)

   [travel] start map=(3, 22) coords=(12, 6) -> map (3, 3) (budget 300s)

   [travel] east connection band rows: [2, 3, 4, 5, 10, 11, 12]

   [travel] path blocked at (12, 6) (NPC on the gap?) - waiting

   [travel] no clean path from (12, 6) AND no NPC-allowing path (npcs nearby=[(9, 7), (16, 14)]) - genuine wall/zone gap, will time out

   [travel] !! TRAVEL WEDGE: identical fp x4 retries at (12, 6) map=(3, 22) (reason=no_route) -> returning to roam LOUD (no inner spin)

   [kira-voice] ·dedup· (repeat text, T1, looping?) "I can't find a way through here — let me rethink this"

   [campaign]    [roam] !! REGROUP: no Center anchor and no connector fired from (3, 22) (12, 6) — LOUD (a true seal; watchdogs carry it)

   [campaign]    [roam] RESULT: regroup -> stuck | pos (3, 22)(12, 6) -> (3, 22)(12, 6) (NO MOVEMENT)

   [campaign]    [world] learned 3 warp(s) on (3, 22): (19, 5)->(1, 1), (32, 5)->(1, 2), (12, 5)->(16, 0)

   [campaign]    [roam] grass she KNOWS: routing east -> (3, 3) toward Route 9 (FORWARD — on the road to the objective, visited grass, avoiding any wall)

   [campaign]    [roam] GYM-READINESS FLOOR: SPARED head_to_gym — 🔥 MOMENTUM (decisive last win; march at Erika, train on the road)

   [campaign]    [roam] !! retiring bench pin L20 — gym is GO now

   [campaign]    [roam] !! ACE-CARRIES → GO HARD: forced head_to_gym (Erika); pruned ['battle', 'travel:3,20', 'travel:3,27', 'travel:3,43', 'wander_catch']; oracle SKIPPED this tick

   [campaign]    [roam] !! NO-MOVE PRUNE (all-dead): every offered option ['head_to_gym'] is a proven dead route (streak 2) — pruned to the regroup floor instead of thrashing them

   [campaign]    [roam] !! EMPTY-OPTIONS FLOOR: no honest action was available here — offering the regroup-at-Center anchor so the roam never dead-ends

   [campaign] -- ROAM TICK 55/100000000 --

   [campaign]    [roam] STATE IN: Route 4 (12, 6) | badges=3 (Boulder, Cascade, Thunder) | party=[blastoise L39, ekans L14, spearow L17, rattata L15, kadabra L16, butterfree L15] | 3 badge(s) earned (Boulder, Cascade, Thunder). Next gym: Erika of Celadon City. Pokédex: 12 caught. She's three badges — over a third of the way there (of 8 badges, then the Elite Four).

   [campaign]    [roam] PROGRESS: RED (unchanged 7 ticks) | fp[(3, 22) (12,6) f2 -- badge3 $4128 party:8f1a bag:e816]

   [campaign]    [roam] OPTIONS OFFERED: ['regroup']

   [campaign]    [soul] surface_want FIRE -> Route 4

   [campaign]    [soul] ORACLE decision: kind=want ctx={'place': "You're on Route 4 — outdoors under open sky (a town with a Pokémon Center; tall grass around — wild Pokémon live in it).. ALREADY BESIDE YOU — your current team: blastoise (L39), ekans (L14), spearow (L17), rattata (L15), abra the kadabra (L16), caterpie the butterfree (L15). A want is something you DON'T yet have; never wish for a teammate who's already on your team.", 'map': (3, 22), 'badges': ['Boulder', 'Cascade', 'Thunder'], 'progress': "3 badge(s) earned (Boulder, Cascade, Thunder). Next gym: Erika of Celadon City. Pokédex: 12 caught. She's three badges — over a third of the way there (of 8 badges, then the Elite Four).", 'party': 'blastoise (L39), ekans (L14), spearow (L17), rattata (L15), abra the kadabra (L16), caterpie the butterfree (L15)', 'goal': {'short': "You're ready — stop grinding and head to Celadon City for the Rainbow Badge", 'medium': 'You CRUSHED Lt. Surge — ride the momentum: Erika in Celadon City is NEXT (not fought yet); the trainers on the way are your training', 'long': 'Reach Celadon City, beat Erika for the Rainbow Badge'}} options=['eevee', 'fossil', 'starters', 'rare', 'legendaries']

   [kira-voice] ORACLE kind=want options=['eevee', 'fossil', 'starters', 'rare', 'legendaries'] -> pick="Eevee in Celadon — I'm getting that thing and I haven't decided what it becomes yet but I want it"

   [campaign]    [soul] ORACLE pick -> "Eevee in Celadon — I'm getting that thing and I haven't decided what it becomes yet but I want it"

   [campaign]    [roam] !! MACRO RED: no progress 7 ticks — feeding awareness back to the oracle: "You keep trying to regroup but the world hasn't changed in 7 turns - it went 'stuck', and you're completely stuck."

   [campaign]    [roam] !! REPEAT-NO-PROGRESS: 'regroup' repeated with a stuck fingerprint — nudging a different action

   [campaign]    [soul] ORACLE decision: kind=action ctx={'place': 'You\'re on Route 4 — outdoors under open sky (a town with a Pokémon Center; tall grass around — wild Pokémon live in it).. From here: SOUTH → Route 3 — wild Pokémon to catch/train; EAST → Cerulean City — a Mart, a Pokémon Center. Places you\'ve been with wild Pokémon you can walk back to: Route 24; Route 9; Route 2. You can walk to anywhere you\'ve already been. Field moves ready: CUT.. You keep trying to regroup but the world hasn\'t changed in 7 turns - it went \'stuck\', and you\'re completely stuck.. HOW POKÉMON WORKS (what you\'re playing for): the GOAL is to earn 8 Gym Badges, beat the Elite Four, and roll the credits — that\'s beating the game. You build a TEAM of up to 6 Pokémon you like AND that cover each other (types/roles) — a solo carry with a dead-weight bench is a losing setup; a real trainer fields a balanced, levelled squad. CATCHING wild Pokémon is central (\'gotta catch \'em all\') — you catch to build that team and to fill the Pokédex. When you meet a wild Pokémon, weigh it: is it cool/strong/useful, does it cover a gap, is it better than a bench-warmer? — keep your best ~6, and build a squad you actually like. THE ARC: build a team -> beat the 8 gyms prepared -> Elite Four -> credits. ALSO NORMAL: you entered your own name (and your rival\'s) when the game began — people in this world knowing your names is ordinary, not a mystery to react to. RIGHT NOW your team is thin/lopsided (a strong lead but weak or too few others) — that\'s why tough trainers wall you. Building up a real squad (catch a good new teammate, level the weak ones) is how a prepared trainer gets past these. THE MAIN QUEST IS A FIXED PATH you\'re always on: beat the 8 Gym Leaders in order, then the Elite Four, then you win the game. You\'re on GYM 4 of 8 — next is Erika in Celadon City. The road forward leads there: until you\'ve won you are ALWAYS making progress toward the next gym. Grinding/catching/detours are fine — but ONLY with a clear purpose, and then you GET BACK ON THE ROAD to Celadon City. Never just circle the same grass. Word on the road about Erika: the flower lady — GRASS and poison; fire melts her garden, flyers do fine too YOUR STORY SO FAR (what you\'ve actually done — your past, not the future): You\'ve beaten Brock (Boulder), Misty (Cascade), and Lt. Surge in Vermilion for the Thunder Badge — that\'s THREE gyms done. You have Cut and can clear trees on the road. Next is Erika in Celadon City (Rainbow Badge).. Next on my list: catch an pikachu around Viridian Forest (rare) / Power Plant later. It grows into my raichu — that\'s my answer for Lorelei AND Lance down the line. Grabbing it now, before I need it.. THINGS YOU\'VE HEARD AND READ (from people and signs — your own notes, use them when they point somewhere): "Oh, wow, that\'s the BOULDERBADGE! You got it from BROCK, didn\'t you? BROCK is cool. He\'s not just tough. People like and respect him. I want to become a GYM LEA"; "HM05 contains the hidden move FLASH. FLASH lights up even the darkest of caves and dungeons."; "KIRA put the HM05 in the TM CASE."; "KIRA received HM05 from the AIDE.". YOUR PLAN — right now: You\'re ready — stop grinding and head to Celadon City for the Rainbow Badge. Next: You CRUSHED Lt. Surge — ride the momentum: Erika in Celadon City is NEXT (not fought yet); the trainers on the way are your training. Bigger picture: Reach Celadon City, beat Erika for the Rainbow Badge. Your team right now: blastoise (L39), ekans (L14), spearow (L17), rattata (L15), abra the kadabra (L16), caterpie the butterfree (L15). Remember YOU are the one playing this — narrate your plan to chat in your own voice (first person: "I\'m grinding", "my team"), and never ask anyone what you\'re doing or who\'s on your team — you know.. HEADS UP — you just chose \'regroup\' and NOTHING changed (same spot, no progress). Repeating it again will do the same nothing. Pick a DIFFERENT action this time and break the loop.', 'progress': "3 badge(s) earned (Boulder, Cascade, Thunder). Next gym: Erika of Celadon City. Pokédex: 12 caught. She's three badges — over a third of the way there (of 8 badges, then the Elite Four).", 'party': 'blastoise (L39), ekans (L14), spearow (L17), rattata (L15), abra the kadabra (L16), caterpie the butterfree (L15)', 'goal': {'short': "You're ready — stop grinding and head to Celadon City for the Rainbow Badge", 'medium': 'You CRUSHED Lt. Surge — ride the momentum: Erika in Celadon City is NEXT (not fought yet); the trainers on the way are your training', 'long': 'Reach Celadon City, beat Erika for the Rainbow Badge'}} options=['regroup']

   [kira-voice] -> T2·savor· (want) "Eevee in Celadon — I'm getting that thing and I haven't decided what it becomes yet but I want it"  fired=True  [age 0.0s + post 8ms]

   [kira-voice] ORACLE kind=action options=['regroup'] -> pick='regroup'

   [campaign]    [soul] ORACLE pick -> 'regroup'

   [campaign]    [roam] DECISION THINK: 2581ms (world stayed live — pumped idle, not a freeze)

   [campaign]    [roam] PICK OUT: regroup  <- her RECOVERY move (RED)

   [campaign]    [roam] RATIONALE: You're ready — stop grinding and head to Celadon City for the Rainbow Badge. then on to Celadon City for Erika

   [campaign]    [roam] REGROUP: no Center here — riding toward Cerulean City (next hop east -> Cerulean City)

   [Bridge] INPUT OWNER = 'agent' (sole writer; others dropped+logged)

   [travel] start map=(3, 22) coords=(12, 6) -> map (3, 3) (budget 300s)

   [travel] east connection band rows: [2, 3, 4, 5, 10, 11, 12]

   [travel] path blocked at (12, 6) (NPC on the gap?) - waiting

   [travel] no clean path from (12, 6) AND no NPC-allowing path (npcs nearby=[(8, 9), (14, 14)]) - genuine wall/zone gap, will time out

   [travel] !! TRAVEL WEDGE: identical fp x4 retries at (12, 6) map=(3, 22) (reason=no_route) -> returning to roam LOUD (no inner spin)

   [kira-voice] ·dedup· (repeat text, T1, looping?) "I can't find a way through here — let me rethink this"

   [campaign]    [roam] !! REGROUP: no Center anchor and no connector fired from (3, 22) (12, 6) — LOUD (a true seal; watchdogs carry it)

   [campaign]    [roam] RESULT: regroup -> stuck | pos (3, 22)(12, 6) -> (3, 22)(12, 6) (NO MOVEMENT)

   [campaign]    ⛰️  CAMPAIGN SAVE [tick55] -> campaign/kira_campaign.state  (map=(3, 22) coords=(12, 6) badges=3 party=6)

   [campaign]    [sanctity] bundle VALID (schema/encoding/truth/monotonic all clean)

   [campaign]    [world] learned 3 warp(s) on (3, 22): (19, 5)->(1, 1), (32, 5)->(1, 2), (12, 5)->(16, 0)

   [campaign]    [roam] grass she KNOWS: routing east -> (3, 3) toward Route 9 (FORWARD — on the road to the objective, visited grass, avoiding any wall)

   [campaign]    [roam] GYM-READINESS FLOOR: SPARED head_to_gym — 🔥 MOMENTUM (decisive last win; march at Erika, train on the road)

   [campaign]    [roam] !! retiring bench pin L20 — gym is GO now

   [campaign]    [roam] !! ACE-CARRIES → GO HARD: forced head_to_gym (Erika); pruned ['battle', 'travel:3,20', 'travel:3,27', 'travel:3,43', 'wander_catch']; oracle SKIPPED this tick

   [campaign]    [roam] !! NO-MOVE PRUNE (all-dead): every offered option ['head_to_gym'] is a proven dead route (streak 2) — pruned to the regroup floor instead of thrashing them

   [campaign]    [roam] !! EMPTY-OPTIONS FLOOR: no honest action was available here — offering the regroup-at-Center anchor so the roam never dead-ends

   [campaign] -- ROAM TICK 56/100000000 --

   [campaign]    [roam] STATE IN: Route 4 (12, 6) | badges=3 (Boulder, Cascade, Thunder) | party=[blastoise L39, ekans L14, spearow L17, rattata L15, kadabra L16, butterfree L15] | 3 badge(s) earned (Boulder, Cascade, Thunder). Next gym: Erika of Celadon City. Pokédex: 12 caught. She's three badges — over a third of the way there (of 8 badges, then the Elite Four).

   [campaign]    [roam] PROGRESS: RED (unchanged 8 ticks) | fp[(3, 22) (12,6) f2 -- badge3 $4128 party:8f1a bag:e816]

   [campaign]    [roam] !! HARD RECOVERY: RED 3 ticks — FORCING a route to the nearest Pokémon Center to break the position (not re-asking the oracle this tick)

   [kira-voice] -> T2·savor· (recover) "okay, this isn't working — I'm heading to the Pokémon Center to reset and figure out my next move."  fired=True  [age 0.0s + post 3ms]

   [campaign]    HEAL: whole party already full - skipping

   [campaign]    [roam] !! HARD RECOVERY was a no-op (healed + returned to the same tile) — breaking the position ONE-WAY to an adjacent Center city

   [Bridge] INPUT OWNER = 'agent' (sole writer; others dropped+logged)

   [travel] start map=(3, 22) coords=(12, 6) -> map (3, 3) (budget 300s)

   [travel] east connection band rows: [2, 3, 4, 5, 10, 11, 12]

   [travel] path blocked at (12, 6) (NPC on the gap?) - waiting

   [travel] no clean path from (12, 6) AND no NPC-allowing path (npcs nearby=[(8, 9), (15, 14)]) - genuine wall/zone gap, will time out

   [travel] !! TRAVEL WEDGE: identical fp x4 retries at (12, 6) map=(3, 22) (reason=no_route) -> returning to roam LOUD (no inner spin)

   [kira-voice] ·dedup· (repeat text, T1, looping?) "I can't find a way through here — let me rethink this"

   [campaign]    [roam] one-way position break east -> (3, 3): no_path

   [campaign]    [world] learned 3 warp(s) on (3, 22): (19, 5)->(1, 1), (32, 5)->(1, 2), (12, 5)->(16, 0)

   [campaign]    [roam] grass she KNOWS: routing east -> (3, 3) toward Route 9 (FORWARD — on the road to the objective, visited grass, avoiding any wall)

   [campaign]    [roam] GYM-READINESS FLOOR: SPARED head_to_gym — 🔥 MOMENTUM (decisive last win; march at Erika, train on the road)

   [campaign]    [roam] !! retiring bench pin L20 — gym is GO now

   [campaign]    [roam] !! ACE-CARRIES → GO HARD: forced head_to_gym (Erika); pruned ['battle', 'travel:3,20', 'travel:3,27', 'travel:3,43', 'wander_catch']; oracle SKIPPED this tick

   [campaign]    [roam] !! NO-MOVE PRUNE (all-dead): every offered option ['head_to_gym'] is a proven dead route (streak 2) — pruned to the regroup floor instead of thrashing them

   [campaign]    [roam] !! EMPTY-OPTIONS FLOOR: no honest action was available here — offering the regroup-at-Center anchor so the roam never dead-ends

   [campaign] -- ROAM TICK 57/100000000 --

   [campaign]    [roam] STATE IN: Route 4 (12, 6) | badges=3 (Boulder, Cascade, Thunder) | party=[blastoise L39, ekans L14, spearow L17, rattata L15, kadabra L16, butterfree L15] | 3 badge(s) earned (Boulder, Cascade, Thunder). Next gym: Erika of Celadon City. Pokédex: 12 caught. She's three badges — over a third of the way there (of 8 badges, then the Elite Four).

   [campaign]    [roam] PROGRESS: RED (unchanged 9 ticks) | fp[(3, 22) (12,6) f2 -- badge3 $4128 party:8f1a bag:e816]

   [campaign]    [roam] OPTIONS OFFERED: ['regroup']

   [campaign]    [roam] !! MACRO RED: no progress 9 ticks — feeding awareness back to the oracle: "You keep trying to hard recovery but the world hasn't changed in 9 turns - it went 'forced_center', and you're completely stuck."

   [campaign]    [roam] !! REPEAT-NO-PROGRESS: 'regroup' repeated with a stuck fingerprint — nudging a different action

   [campaign]    [soul] ORACLE decision: kind=action ctx={'place': 'You\'re on Route 4 — outdoors under open sky (a town with a Pokémon Center; tall grass around — wild Pokémon live in it).. From here: SOUTH → Route 3 — wild Pokémon to catch/train; EAST → Cerulean City — a Mart, a Pokémon Center. Places you\'ve been with wild Pokémon you can walk back to: Route 24; Route 9; Route 2. You can walk to anywhere you\'ve already been. Field moves ready: CUT.. You keep trying to hard recovery but the world hasn\'t changed in 9 turns - it went \'forced_center\', and you\'re completely stuck.. HOW POKÉMON WORKS (what you\'re playing for): the GOAL is to earn 8 Gym Badges, beat the Elite Four, and roll the credits — that\'s beating the game. You build a TEAM of up to 6 Pokémon you like AND that cover each other (types/roles) — a solo carry with a dead-weight bench is a losing setup; a real trainer fields a balanced, levelled squad. CATCHING wild Pokémon is central (\'gotta catch \'em all\') — you catch to build that team and to fill the Pokédex. When you meet a wild Pokémon, weigh it: is it cool/strong/useful, does it cover a gap, is it better than a bench-warmer? — keep your best ~6, and build a squad you actually like. THE ARC: build a team -> beat the 8 gyms prepared -> Elite Four -> credits. ALSO NORMAL: you entered your own name (and your rival\'s) when the game began — people in this world knowing your names is ordinary, not a mystery to react to. RIGHT NOW your team is thin/lopsided (a strong lead but weak or too few others) — that\'s why tough trainers wall you. Building up a real squad (catch a good new teammate, level the weak ones) is how a prepared trainer gets past these. THE MAIN QUEST IS A FIXED PATH you\'re always on: beat the 8 Gym Leaders in order, then the Elite Four, then you win the game. You\'re on GYM 4 of 8 — next is Erika in Celadon City. The road forward leads there: until you\'ve won you are ALWAYS making progress toward the next gym. Grinding/catching/detours are fine — but ONLY with a clear purpose, and then you GET BACK ON THE ROAD to Celadon City. Never just circle the same grass. Word on the road about Erika: the flower lady — GRASS and poison; fire melts her garden, flyers do fine too YOUR STORY SO FAR (what you\'ve actually done — your past, not the future): You\'ve beaten Brock (Boulder), Misty (Cascade), and Lt. Surge in Vermilion for the Thunder Badge — that\'s THREE gyms done. You have Cut and can clear trees on the road. Next is Erika in Celadon City (Rainbow Badge).. Next on my list: catch an pikachu around Viridian Forest (rare) / Power Plant later. It grows into my raichu — that\'s my answer for Lorelei AND Lance down the line. Grabbing it now, before I need it.. THINGS YOU\'VE HEARD AND READ (from people and signs — your own notes, use them when they point somewhere): "Oh, wow, that\'s the BOULDERBADGE! You got it from BROCK, didn\'t you? BROCK is cool. He\'s not just tough. People like and respect him. I want to become a GYM LEA"; "HM05 contains the hidden move FLASH. FLASH lights up even the darkest of caves and dungeons."; "KIRA put the HM05 in the TM CASE."; "KIRA received HM05 from the AIDE.". YOUR PLAN — right now: You\'re ready — stop grinding and head to Celadon City for the Rainbow Badge. Next: You CRUSHED Lt. Surge — ride the momentum: Erika in Celadon City is NEXT (not fought yet); the trainers on the way are your training. Bigger picture: Reach Celadon City, beat Erika for the Rainbow Badge. Your team right now: blastoise (L39), ekans (L14), spearow (L17), rattata (L15), abra the kadabra (L16), caterpie the butterfree (L15). Remember YOU are the one playing this — narrate your plan to chat in your own voice (first person: "I\'m grinding", "my team"), and never ask anyone what you\'re doing or who\'s on your team — you know.. HEADS UP — you just chose \'regroup\' and NOTHING changed (same spot, no progress). Repeating it again will do the same nothing. Pick a DIFFERENT action this time and break the loop.', 'progress': "3 badge(s) earned (Boulder, Cascade, Thunder). Next gym: Erika of Celadon City. Pokédex: 12 caught. She's three badges — over a third of the way there (of 8 badges, then the Elite Four).", 'party': 'blastoise (L39), ekans (L14), spearow (L17), rattata (L15), abra the kadabra (L16), caterpie the butterfree (L15)', 'goal': {'short': "You're ready — stop grinding and head to Celadon City for the Rainbow Badge", 'medium': 'You CRUSHED Lt. Surge — ride the momentum: Erika in Celadon City is NEXT (not fought yet); the trainers on the way are your training', 'long': 'Reach Celadon City, beat Erika for the Rainbow Badge'}} options=['regroup']

   [kira-voice] ORACLE kind=action options=['regroup'] -> pick='regroup'

   [campaign]    [soul] ORACLE pick -> 'regroup'

   [campaign]    [roam] DECISION THINK: 2691ms (world stayed live — pumped idle, not a freeze)

   [campaign]    [roam] PICK OUT: regroup  <- her RECOVERY move (RED)

   [campaign]    [roam] RATIONALE: You're ready — stop grinding and head to Celadon City for the Rainbow Badge. then on to Celadon City for Erika

   [campaign]    [roam] REGROUP: no Center here — riding toward Cerulean City (next hop east -> Cerulean City)

   [Bridge] INPUT OWNER = 'agent' (sole writer; others dropped+logged)

   [travel] start map=(3, 22) coords=(12, 6) -> map (3, 3) (budget 300s)

   [travel] east connection band rows: [2, 3, 4, 5, 10, 11, 12]

   [travel] path blocked at (12, 6) (NPC on the gap?) - waiting

   [travel] no clean path from (12, 6) AND no NPC-allowing path (npcs nearby=[(10, 9), (14, 14)]) - genuine wall/zone gap, will time out

   [travel] !! TRAVEL WEDGE: identical fp x4 retries at (12, 6) map=(3, 22) (reason=no_route) -> returning to roam LOUD (no inner spin)

   [kira-voice] ·dedup· (repeat text, T1, looping?) "I can't find a way through here — let me rethink this"

   [campaign]    [roam] !! REGROUP: no Center anchor and no connector fired from (3, 22) (12, 6) — LOUD (a true seal; watchdogs carry it)

   [campaign]    [roam] RESULT: regroup -> stuck | pos (3, 22)(12, 6) -> (3, 22)(12, 6) (NO MOVEMENT)

   [campaign]    [world] learned 3 warp(s) on (3, 22): (19, 5)->(1, 1), (32, 5)->(1, 2), (12, 5)->(16, 0)

   [campaign]    [roam] grass she KNOWS: routing east -> (3, 3) toward Route 9 (FORWARD — on the road to the objective, visited grass, avoiding any wall)

   [campaign]    [roam] GYM-READINESS FLOOR: SPARED head_to_gym — 🔥 MOMENTUM (decisive last win; march at Erika, train on the road)

   [campaign]    [roam] !! retiring bench pin L20 — gym is GO now

   [campaign]    [roam] !! ACE-CARRIES → GO HARD: forced head_to_gym (Erika); pruned ['battle', 'travel:3,20', 'travel:3,27', 'travel:3,43', 'wander_catch']; oracle SKIPPED this tick

   [campaign]    [roam] !! NO-MOVE PRUNE (all-dead): every offered option ['head_to_gym'] is a proven dead route (streak 2) — pruned to the regroup floor instead of thrashing them

   [campaign]    [roam] !! EMPTY-OPTIONS FLOOR: no honest action was available here — offering the regroup-at-Center anchor so the roam never dead-ends

   [campaign] -- ROAM TICK 58/100000000 --

   [campaign]    [roam] STATE IN: Route 4 (12, 6) | badges=3 (Boulder, Cascade, Thunder) | party=[blastoise L39, ekans L14, spearow L17, rattata L15, kadabra L16, butterfree L15] | 3 badge(s) earned (Boulder, Cascade, Thunder). Next gym: Erika of Celadon City. Pokédex: 12 caught. She's three badges — over a third of the way there (of 8 badges, then the Elite Four).

   [campaign]    [roam] PROGRESS: RED (unchanged 10 ticks) | fp[(3, 22) (12,6) f2 -- badge3 $4128 party:8f1a bag:e816]

   [campaign]    [roam] !! ESCAPE-HATCH considering reload: RED 5 ticks, hard-recovery already tried, reload 1/2

   [campaign]    [roam] !! ESCAPE-HATCH: banked CURRENT state -> G:\JonnyD\NeuroAI_Bot\pokemon_agent\states\campaign\pre_reload_20260802_141927.state (nothing live is lost, even on a misfire)

   [campaign]    [roam] !!!! ESCAPE-HATCH FIRED: genuine wedge — RELOADED last known-good state (gain (3, 6, 12, 116)); current backed up to pre_reload_20260802_141927.state. Continuing the climb. (LOUD)

   [campaign]    ⛰️  CAMPAIGN SAVE [post_escape_reload] -> campaign/kira_campaign.state  (map=(3, 22) coords=(12, 6) badges=3 party=6)

   [kira-voice] -> T2·savor· (recover) "something got me properly stuck back there — I'm backing up to where I knew what I was doing and picking it up from there."  fired=True  [age 0.0s + post 16ms]

   [campaign]    [world] learned 3 warp(s) on (3, 22): (19, 5)->(1, 1), (32, 5)->(1, 2), (12, 5)->(16, 0)

   [campaign]    [roam] grass she KNOWS: routing east -> (3, 3) toward Route 9 (FORWARD — on the road to the objective, visited grass, avoiding any wall)

   [campaign]    [roam] GYM-READINESS FLOOR: SPARED head_to_gym — 🔥 MOMENTUM (decisive last win; march at Erika, train on the road)

   [campaign]    [roam] !! retiring bench pin L20 — gym is GO now

   [campaign]    [roam] !! ACE-CARRIES → GO HARD: forced head_to_gym (Erika); pruned ['battle', 'travel:3,20', 'travel:3,27', 'travel:3,43', 'wander_catch']; oracle SKIPPED this tick

   [campaign]    [roam] !! NO-MOVE PRUNE (all-dead): every offered option ['head_to_gym'] is a proven dead route (streak 2) — pruned to the regroup floor instead of thrashing them

   [campaign]    [roam] !! EMPTY-OPTIONS FLOOR: no honest action was available here — offering the regroup-at-Center anchor so the roam never dead-ends

   [campaign] -- ROAM TICK 59/100000000 --

   [campaign]    [roam] STATE IN: Route 4 (12, 6) | badges=3 (Boulder, Cascade, Thunder) | party=[blastoise L39, ekans L14, spearow L17, rattata L15, kadabra L16, butterfree L15] | 3 badge(s) earned (Boulder, Cascade, Thunder). Next gym: Erika of Celadon City. Pokédex: 12 caught. She's three badges — over a third of the way there (of 8 badges, then the Elite Four).

   [campaign]    [roam] PROGRESS: RED (unchanged 11 ticks) | fp[(3, 22) (12,6) f2 -- badge3 $4128 party:8f1a bag:e816]

   [campaign]    [roam] OPTIONS OFFERED: ['regroup']

   [campaign]    [roam] !! MACRO RED: no progress 11 ticks — feeding awareness back to the oracle: "You keep trying to regroup but the world hasn't changed in 11 turns - it went 'stuck', and you're completely stuck."

   [campaign]    [roam] !! REPEAT-NO-PROGRESS: 'regroup' repeated with a stuck fingerprint — nudging a different action

   [campaign]    [soul] ORACLE decision: kind=action ctx={'place': 'You\'re on Route 4 — outdoors under open sky (a town with a Pokémon Center; tall grass around — wild Pokémon live in it).. From here: SOUTH → Route 3 — wild Pokémon to catch/train; EAST → Cerulean City — a Mart, a Pokémon Center. Places you\'ve been with wild Pokémon you can walk back to: Route 24; Route 9; Route 2. You can walk to anywhere you\'ve already been. Field moves ready: CUT.. You keep trying to regroup but the world hasn\'t changed in 11 turns - it went \'stuck\', and you\'re completely stuck.. HOW POKÉMON WORKS (what you\'re playing for): the GOAL is to earn 8 Gym Badges, beat the Elite Four, and roll the credits — that\'s beating the game. You build a TEAM of up to 6 Pokémon you like AND that cover each other (types/roles) — a solo carry with a dead-weight bench is a losing setup; a real trainer fields a balanced, levelled squad. CATCHING wild Pokémon is central (\'gotta catch \'em all\') — you catch to build that team and to fill the Pokédex. When you meet a wild Pokémon, weigh it: is it cool/strong/useful, does it cover a gap, is it better than a bench-warmer? — keep your best ~6, and build a squad you actually like. THE ARC: build a team -> beat the 8 gyms prepared -> Elite Four -> credits. ALSO NORMAL: you entered your own name (and your rival\'s) when the game began — people in this world knowing your names is ordinary, not a mystery to react to. RIGHT NOW your team is thin/lopsided (a strong lead but weak or too few others) — that\'s why tough trainers wall you. Building up a real squad (catch a good new teammate, level the weak ones) is how a prepared trainer gets past these. THE MAIN QUEST IS A FIXED PATH you\'re always on: beat the 8 Gym Leaders in order, then the Elite Four, then you win the game. You\'re on GYM 4 of 8 — next is Erika in Celadon City. The road forward leads there: until you\'ve won you are ALWAYS making progress toward the next gym. Grinding/catching/detours are fine — but ONLY with a clear purpose, and then you GET BACK ON THE ROAD to Celadon City. Never just circle the same grass. Word on the road about Erika: the flower lady — GRASS and poison; fire melts her garden, flyers do fine too YOUR STORY SO FAR (what you\'ve actually done — your past, not the future): You\'ve beaten Brock (Boulder), Misty (Cascade), and Lt. Surge in Vermilion for the Thunder Badge — that\'s THREE gyms done. You have Cut and can clear trees on the road. Next is Erika in Celadon City (Rainbow Badge).. Next on my list: catch an pikachu around Viridian Forest (rare) / Power Plant later. It grows into my raichu — that\'s my answer for Lorelei AND Lance down the line. Grabbing it now, before I need it.. THINGS YOU\'VE HEARD AND READ (from people and signs — your own notes, use them when they point somewhere): "Oh, wow, that\'s the BOULDERBADGE! You got it from BROCK, didn\'t you? BROCK is cool. He\'s not just tough. People like and respect him. I want to become a GYM LEA"; "HM05 contains the hidden move FLASH. FLASH lights up even the darkest of caves and dungeons."; "KIRA put the HM05 in the TM CASE."; "KIRA received HM05 from the AIDE.". YOUR PLAN — right now: You\'re ready — stop grinding and head to Celadon City for the Rainbow Badge. Next: You CRUSHED Lt. Surge — ride the momentum: Erika in Celadon City is NEXT (not fought yet); the trainers on the way are your training. Bigger picture: Reach Celadon City, beat Erika for the Rainbow Badge. Your team right now: blastoise (L39), ekans (L14), spearow (L17), rattata (L15), abra the kadabra (L16), caterpie the butterfree (L15). Remember YOU are the one playing this — narrate your plan to chat in your own voice (first person: "I\'m grinding", "my team"), and never ask anyone what you\'re doing or who\'s on your team — you know.. HEADS UP — you just chose \'regroup\' and NOTHING changed (same spot, no progress). Repeating it again will do the same nothing. Pick a DIFFERENT action this time and break the loop.', 'progress': "3 badge(s) earned (Boulder, Cascade, Thunder). Next gym: Erika of Celadon City. Pokédex: 12 caught. She's three badges — over a third of the way there (of 8 badges, then the Elite Four).", 'party': 'blastoise (L39), ekans (L14), spearow (L17), rattata (L15), abra the kadabra (L16), caterpie the butterfree (L15)', 'goal': {'short': "You're ready — stop grinding and head to Celadon City for the Rainbow Badge", 'medium': 'You CRUSHED Lt. Surge — ride the momentum: Erika in Celadon City is NEXT (not fought yet); the trainers on the way are your training', 'long': 'Reach Celadon City, beat Erika for the Rainbow Badge'}} options=['regroup']

   [kira-voice] ORACLE kind=action options=['regroup'] -> pick='regroup'

   [campaign]    [soul] ORACLE pick -> 'regroup'

   [campaign]    [roam] DECISION THINK: 2972ms (world stayed live — pumped idle, not a freeze)

   [campaign]    [roam] PICK OUT: regroup  <- her RECOVERY move (RED)

   [campaign]    [roam] RATIONALE: You're ready — stop grinding and head to Celadon City for the Rainbow Badge. then on to Celadon City for Erika

   [campaign]    [roam] REGROUP: no Center here — riding toward Cerulean City (next hop east -> Cerulean City)

   [Bridge] INPUT OWNER = 'agent' (sole writer; others dropped+logged)

   [travel] start map=(3, 22) coords=(12, 6) -> map (3, 3) (budget 300s)

   [travel] east connection band rows: [2, 3, 4, 5, 10, 11, 12]

   [travel] path blocked at (12, 6) (NPC on the gap?) - waiting

   [travel] no clean path from (12, 6) AND no NPC-allowing path (npcs nearby=[(8, 8), (16, 14)]) - genuine wall/zone gap, will time out

   [travel] !! TRAVEL WEDGE: identical fp x4 retries at (12, 6) map=(3, 22) (reason=no_route) -> returning to roam LOUD (no inner spin)

   [kira-voice] ·dedup· (repeat text, T1, looping?) "I can't find a way through here — let me rethink this"

   [campaign]    [roam] !! REGROUP: no Center anchor and no connector fired from (3, 22) (12, 6) — LOUD (a true seal; watchdogs carry it)

   [campaign]    [roam] RESULT: regroup -> stuck | pos (3, 22)(12, 6) -> (3, 22)(12, 6) (NO MOVEMENT)

   [campaign]    [world] learned 3 warp(s) on (3, 22): (19, 5)->(1, 1), (32, 5)->(1, 2), (12, 5)->(16, 0)

   [campaign]    [roam] grass she KNOWS: routing east -> (3, 3) toward Route 9 (FORWARD — on the road to the objective, visited grass, avoiding any wall)

   [campaign]    [roam] GYM-READINESS FLOOR: SPARED head_to_gym — 🔥 MOMENTUM (decisive last win; march at Erika, train on the road)

   [campaign]    [roam] !! retiring bench pin L20 — gym is GO now

   [campaign]    [roam] !! ACE-CARRIES → GO HARD: forced head_to_gym (Erika); pruned ['battle', 'travel:3,20', 'travel:3,27', 'travel:3,43', 'wander_catch']; oracle SKIPPED this tick

   [campaign]    [roam] !! NO-MOVE PRUNE (all-dead): every offered option ['head_to_gym'] is a proven dead route (streak 2) — pruned to the regroup floor instead of thrashing them

   [campaign]    [roam] !! EMPTY-OPTIONS FLOOR: no honest action was available here — offering the regroup-at-Center anchor so the roam never dead-ends

   [campaign] -- ROAM TICK 60/100000000 --

   [campaign]    [roam] STATE IN: Route 4 (12, 6) | badges=3 (Boulder, Cascade, Thunder) | party=[blastoise L39, ekans L14, spearow L17, rattata L15, kadabra L16, butterfree L15] | 3 badge(s) earned (Boulder, Cascade, Thunder). Next gym: Erika of Celadon City. Pokédex: 12 caught. She's three badges — over a third of the way there (of 8 badges, then the Elite Four).

   [campaign]    [roam] PROGRESS: RED (unchanged 12 ticks) | fp[(3, 22) (12,6) f2 -- badge3 $4128 party:8f1a bag:e816]

   [campaign]    [roam] OPTIONS OFFERED: ['regroup']

   [campaign]    [roam] !! MACRO RED: no progress 12 ticks — feeding awareness back to the oracle: "You keep trying to regroup but the world hasn't changed in 12 turns - it went 'stuck', and you're completely stuck."

   [campaign]    [roam] !! REPEAT-NO-PROGRESS: 'regroup' repeated with a stuck fingerprint — nudging a different action

   [campaign]    [soul] ORACLE decision: kind=action ctx={'place': 'You\'re on Route 4 — outdoors under open sky (a town with a Pokémon Center; tall grass around — wild Pokémon live in it).. From here: SOUTH → Route 3 — wild Pokémon to catch/train; EAST → Cerulean City — a Mart, a Pokémon Center. Places you\'ve been with wild Pokémon you can walk back to: Route 24; Route 9; Route 2. You can walk to anywhere you\'ve already been. Field moves ready: CUT.. You keep trying to regroup but the world hasn\'t changed in 12 turns - it went \'stuck\', and you\'re completely stuck.. HOW POKÉMON WORKS (what you\'re playing for): the GOAL is to earn 8 Gym Badges, beat the Elite Four, and roll the credits — that\'s beating the game. You build a TEAM of up to 6 Pokémon you like AND that cover each other (types/roles) — a solo carry with a dead-weight bench is a losing setup; a real trainer fields a balanced, levelled squad. CATCHING wild Pokémon is central (\'gotta catch \'em all\') — you catch to build that team and to fill the Pokédex. When you meet a wild Pokémon, weigh it: is it cool/strong/useful, does it cover a gap, is it better than a bench-warmer? — keep your best ~6, and build a squad you actually like. THE ARC: build a team -> beat the 8 gyms prepared -> Elite Four -> credits. ALSO NORMAL: you entered your own name (and your rival\'s) when the game began — people in this world knowing your names is ordinary, not a mystery to react to. RIGHT NOW your team is thin/lopsided (a strong lead but weak or too few others) — that\'s why tough trainers wall you. Building up a real squad (catch a good new teammate, level the weak ones) is how a prepared trainer gets past these. THE MAIN QUEST IS A FIXED PATH you\'re always on: beat the 8 Gym Leaders in order, then the Elite Four, then you win the game. You\'re on GYM 4 of 8 — next is Erika in Celadon City. The road forward leads there: until you\'ve won you are ALWAYS making progress toward the next gym. Grinding/catching/detours are fine — but ONLY with a clear purpose, and then you GET BACK ON THE ROAD to Celadon City. Never just circle the same grass. Word on the road about Erika: the flower lady — GRASS and poison; fire melts her garden, flyers do fine too YOUR STORY SO FAR (what you\'ve actually done — your past, not the future): You\'ve beaten Brock (Boulder), Misty (Cascade), and Lt. Surge in Vermilion for the Thunder Badge — that\'s THREE gyms done. You have Cut and can clear trees on the road. Next is Erika in Celadon City (Rainbow Badge).. Next on my list: catch an pikachu around Viridian Forest (rare) / Power Plant later. It grows into my raichu — that\'s my answer for Lorelei AND Lance down the line. Grabbing it now, before I need it.. THINGS YOU\'VE HEARD AND READ (from people and signs — your own notes, use them when they point somewhere): "Oh, wow, that\'s the BOULDERBADGE! You got it from BROCK, didn\'t you? BROCK is cool. He\'s not just tough. People like and respect him. I want to become a GYM LEA"; "HM05 contains the hidden move FLASH. FLASH lights up even the darkest of caves and dungeons."; "KIRA put the HM05 in the TM CASE."; "KIRA received HM05 from the AIDE.". YOUR PLAN — right now: You\'re ready — stop grinding and head to Celadon City for the Rainbow Badge. Next: You CRUSHED Lt. Surge — ride the momentum: Erika in Celadon City is NEXT (not fought yet); the trainers on the way are your training. Bigger picture: Reach Celadon City, beat Erika for the Rainbow Badge. Your team right now: blastoise (L39), ekans (L14), spearow (L17), rattata (L15), abra the kadabra (L16), caterpie the butterfree (L15). Remember YOU are the one playing this — narrate your plan to chat in your own voice (first person: "I\'m grinding", "my team"), and never ask anyone what you\'re doing or who\'s on your team — you know.. HEADS UP — you just chose \'regroup\' and NOTHING changed (same spot, no progress). Repeating it again will do the same nothing. Pick a DIFFERENT action this time and break the loop.', 'progress': "3 badge(s) earned (Boulder, Cascade, Thunder). Next gym: Erika of Celadon City. Pokédex: 12 caught. She's three badges — over a third of the way there (of 8 badges, then the Elite Four).", 'party': 'blastoise (L39), ekans (L14), spearow (L17), rattata (L15), abra the kadabra (L16), caterpie the butterfree (L15)', 'goal': {'short': "You're ready — stop grinding and head to Celadon City for the Rainbow Badge", 'medium': 'You CRUSHED Lt. Surge — ride the momentum: Erika in Celadon City is NEXT (not fought yet); the trainers on the way are your training', 'long': 'Reach Celadon City, beat Erika for the Rainbow Badge'}} options=['regroup']

   [kira-voice] ORACLE kind=action options=['regroup'] -> pick='regroup'

   [campaign]    [soul] ORACLE pick -> 'regroup'

   [campaign]    [roam] DECISION THINK: 3241ms (world stayed live — pumped idle, not a freeze)

   [campaign]    [roam] PICK OUT: regroup  <- her RECOVERY move (RED)

   [campaign]    [roam] RATIONALE: You're ready — stop grinding and head to Celadon City for the Rainbow Badge. then on to Celadon City for Erika

   [campaign]    [roam] REGROUP: no Center here — riding toward Cerulean City (next hop east -> Cerulean City)

   [Bridge] INPUT OWNER = 'agent' (sole writer; others dropped+logged)

   [travel] start map=(3, 22) coords=(12, 6) -> map (3, 3) (budget 300s)

   [travel] east connection band rows: [2, 3, 4, 5, 10, 11, 12]

   [travel] path blocked at (12, 6) (NPC on the gap?) - waiting

   [travel] no clean path from (12, 6) AND no NPC-allowing path (npcs nearby=[(8, 8), (15, 14)]) - genuine wall/zone gap, will time out

   [travel] !! TRAVEL WEDGE: identical fp x4 retries at (12, 6) map=(3, 22) (reason=no_route) -> returning to roam LOUD (no inner spin)

   [kira-voice] ·dedup· (repeat text, T1, looping?) "I can't find a way through here — let me rethink this"

   [campaign]    [roam] !! REGROUP: no Center anchor and no connector fired from (3, 22) (12, 6) — LOUD (a true seal; watchdogs carry it)

   [campaign]    [roam] RESULT: regroup -> stuck | pos (3, 22)(12, 6) -> (3, 22)(12, 6) (NO MOVEMENT)

   [campaign]    ⛰️  CAMPAIGN SAVE [tick60] -> campaign/kira_campaign.state  (map=(3, 22) coords=(12, 6) badges=3 party=6)

   [campaign]    [sanctity] bundle VALID (schema/encoding/truth/monotonic all clean)

   [campaign]    [world] learned 3 warp(s) on (3, 22): (19, 5)->(1, 1), (32, 5)->(1, 2), (12, 5)->(16, 0)

   [campaign]    [roam] grass she KNOWS: routing east -> (3, 3) toward Route 9 (FORWARD — on the road to the objective, visited grass, avoiding any wall)

   [campaign]    [roam] GYM-READINESS FLOOR: SPARED head_to_gym — 🔥 MOMENTUM (decisive last win; march at Erika, train on the road)

   [campaign]    [roam] !! retiring bench pin L20 — gym is GO now

   [campaign]    [roam] !! ACE-CARRIES → GO HARD: forced head_to_gym (Erika); pruned ['battle', 'travel:3,20', 'travel:3,27', 'travel:3,43', 'wander_catch']; oracle SKIPPED this tick

   [campaign]    [roam] !! NO-MOVE PRUNE (all-dead): every offered option ['head_to_gym'] is a proven dead route (streak 2) — pruned to the regroup floor instead of thrashing them

   [campaign]    [roam] !! EMPTY-OPTIONS FLOOR: no honest action was available here — offering the regroup-at-Center anchor so the roam never dead-ends

   [campaign] -- ROAM TICK 61/100000000 --

   [campaign]    [roam] STATE IN: Route 4 (12, 6) | badges=3 (Boulder, Cascade, Thunder) | party=[blastoise L39, ekans L14, spearow L17, rattata L15, kadabra L16, butterfree L15] | 3 badge(s) earned (Boulder, Cascade, Thunder). Next gym: Erika of Celadon City. Pokédex: 12 caught. She's three badges — over a third of the way there (of 8 badges, then the Elite Four).

   [campaign]    [roam] PROGRESS: RED (unchanged 13 ticks) | fp[(3, 22) (12,6) f2 -- badge3 $4128 party:8f1a bag:e816]

   [campaign]    [roam] OPTIONS OFFERED: ['regroup']

   [campaign]    [soul] surface_want FIRE -> Route 4

   [campaign]    [soul] ORACLE decision: kind=want ctx={'place': "You're on Route 4 — outdoors under open sky (a town with a Pokémon Center; tall grass around — wild Pokémon live in it).. ALREADY BESIDE YOU — your current team: blastoise (L39), ekans (L14), spearow (L17), rattata (L15), abra the kadabra (L16), caterpie the butterfree (L15). A want is something you DON'T yet have; never wish for a teammate who's already on your team.", 'map': (3, 22), 'badges': ['Boulder', 'Cascade', 'Thunder'], 'progress': "3 badge(s) earned (Boulder, Cascade, Thunder). Next gym: Erika of Celadon City. Pokédex: 12 caught. She's three badges — over a third of the way there (of 8 badges, then the Elite Four).", 'party': 'blastoise (L39), ekans (L14), spearow (L17), rattata (L15), abra the kadabra (L16), caterpie the butterfree (L15)', 'goal': {'short': "You're ready — stop grinding and head to Celadon City for the Rainbow Badge", 'medium': 'You CRUSHED Lt. Surge — ride the momentum: Erika in Celadon City is NEXT (not fought yet); the trainers on the way are your training', 'long': 'Reach Celadon City, beat Erika for the Rainbow Badge'}} options=['eevee', 'fossil', 'starters', 'rare', 'legendaries']

   [kira-voice] ORACLE kind=want options=['eevee', 'fossil', 'starters', 'rare', 'legendaries'] -> pick='get to Celadon City and scope out that Eevee'

   [campaign]    [soul] ORACLE pick -> 'get to Celadon City and scope out that Eevee'

   [campaign]    [roam] !! MACRO RED: no progress 13 ticks — feeding awareness back to the oracle: "You keep trying to regroup but the world hasn't changed in 13 turns - it went 'stuck', and you're completely stuck."

   [campaign]    [roam] !! REPEAT-NO-PROGRESS: 'regroup' repeated with a stuck fingerprint — nudging a different action

   [campaign]    [soul] ORACLE decision: kind=action ctx={'place': 'You\'re on Route 4 — outdoors under open sky (a town with a Pokémon Center; tall grass around — wild Pokémon live in it).. From here: SOUTH → Route 3 — wild Pokémon to catch/train; EAST → Cerulean City — a Mart, a Pokémon Center. Places you\'ve been with wild Pokémon you can walk back to: Route 24; Route 9; Route 2. You can walk to anywhere you\'ve already been. Field moves ready: CUT.. You keep trying to regroup but the world hasn\'t changed in 13 turns - it went \'stuck\', and you\'re completely stuck.. HOW POKÉMON WORKS (what you\'re playing for): the GOAL is to earn 8 Gym Badges, beat the Elite Four, and roll the credits — that\'s beating the game. You build a TEAM of up to 6 Pokémon you like AND that cover each other (types/roles) — a solo carry with a dead-weight bench is a losing setup; a real trainer fields a balanced, levelled squad. CATCHING wild Pokémon is central (\'gotta catch \'em all\') — you catch to build that team and to fill the Pokédex. When you meet a wild Pokémon, weigh it: is it cool/strong/useful, does it cover a gap, is it better than a bench-warmer? — keep your best ~6, and build a squad you actually like. THE ARC: build a team -> beat the 8 gyms prepared -> Elite Four -> credits. ALSO NORMAL: you entered your own name (and your rival\'s) when the game began — people in this world knowing your names is ordinary, not a mystery to react to. RIGHT NOW your team is thin/lopsided (a strong lead but weak or too few others) — that\'s why tough trainers wall you. Building up a real squad (catch a good new teammate, level the weak ones) is how a prepared trainer gets past these. THE MAIN QUEST IS A FIXED PATH you\'re always on: beat the 8 Gym Leaders in order, then the Elite Four, then you win the game. You\'re on GYM 4 of 8 — next is Erika in Celadon City. The road forward leads there: until you\'ve won you are ALWAYS making progress toward the next gym. Grinding/catching/detours are fine — but ONLY with a clear purpose, and then you GET BACK ON THE ROAD to Celadon City. Never just circle the same grass. Word on the road about Erika: the flower lady — GRASS and poison; fire melts her garden, flyers do fine too YOUR STORY SO FAR (what you\'ve actually done — your past, not the future): You\'ve beaten Brock (Boulder), Misty (Cascade), and Lt. Surge in Vermilion for the Thunder Badge — that\'s THREE gyms done. You have Cut and can clear trees on the road. Next is Erika in Celadon City (Rainbow Badge).. Next on my list: catch an pikachu around Viridian Forest (rare) / Power Plant later. It grows into my raichu — that\'s my answer for Lorelei AND Lance down the line. Grabbing it now, before I need it.. THINGS YOU\'VE HEARD AND READ (from people and signs — your own notes, use them when they point somewhere): "Oh, wow, that\'s the BOULDERBADGE! You got it from BROCK, didn\'t you? BROCK is cool. He\'s not just tough. People like and respect him. I want to become a GYM LEA"; "HM05 contains the hidden move FLASH. FLASH lights up even the darkest of caves and dungeons."; "KIRA put the HM05 in the TM CASE."; "KIRA received HM05 from the AIDE.". YOUR PLAN — right now: You\'re ready — stop grinding and head to Celadon City for the Rainbow Badge. Next: You CRUSHED Lt. Surge — ride the momentum: Erika in Celadon City is NEXT (not fought yet); the trainers on the way are your training. Bigger picture: Reach Celadon City, beat Erika for the Rainbow Badge. Your team right now: blastoise (L39), ekans (L14), spearow (L17), rattata (L15), abra the kadabra (L16), caterpie the butterfree (L15). Remember YOU are the one playing this — narrate your plan to chat in your own voice (first person: "I\'m grinding", "my team"), and never ask anyone what you\'re doing or who\'s on your team — you know.. HEADS UP — you just chose \'regroup\' and NOTHING changed (same spot, no progress). Repeating it again will do the same nothing. Pick a DIFFERENT action this time and break the loop.', 'progress': "3 badge(s) earned (Boulder, Cascade, Thunder). Next gym: Erika of Celadon City. Pokédex: 12 caught. She's three badges — over a third of the way there (of 8 badges, then the Elite Four).", 'party': 'blastoise (L39), ekans (L14), spearow (L17), rattata (L15), abra the kadabra (L16), caterpie the butterfree (L15)', 'goal': {'short': "You're ready — stop grinding and head to Celadon City for the Rainbow Badge", 'medium': 'You CRUSHED Lt. Surge — ride the momentum: Erika in Celadon City is NEXT (not fought yet); the trainers on the way are your training', 'long': 'Reach Celadon City, beat Erika for the Rainbow Badge'}} options=['regroup']

   [kira-voice] -> T2·savor· (want) 'get to Celadon City and scope out that Eevee'  fired=True  [age 0.0s + post 4ms]

   [kira-voice] ORACLE kind=action options=['regroup'] -> pick='regroup'

   [campaign]    [soul] ORACLE pick -> 'regroup'

   [campaign]    [roam] DECISION THINK: 2712ms (world stayed live — pumped idle, not a freeze)

   [campaign]    [roam] PICK OUT: regroup  <- her RECOVERY move (RED)

   [campaign]    [roam] RATIONALE: You're ready — stop grinding and head to Celadon City for the Rainbow Badge. then on to Celadon City for Erika

   [campaign]    [roam] REGROUP: no Center here — riding toward Cerulean City (next hop east -> Cerulean City)

   [Bridge] INPUT OWNER = 'agent' (sole writer; others dropped+logged)

   [travel] start map=(3, 22) coords=(12, 6) -> map (3, 3) (budget 300s)

   [travel] east connection band rows: [2, 3, 4, 5, 10, 11, 12]

   [travel] path blocked at (12, 6) (NPC on the gap?) - waiting

   [travel] no clean path from (12, 6) AND no NPC-allowing path (npcs nearby=[(9, 7), (14, 14)]) - genuine wall/zone gap, will time out

   [travel] !! TRAVEL WEDGE: identical fp x4 retries at (12, 6) map=(3, 22) (reason=no_route) -> returning to roam LOUD (no inner spin)

   [kira-voice] ·dedup· (repeat text, T1, looping?) "I can't find a way through here — let me rethink this"

   [campaign]    [roam] !! REGROUP: no Center anchor and no connector fired from (3, 22) (12, 6) — LOUD (a true seal; watchdogs carry it)

   [campaign]    [roam] RESULT: regroup -> stuck | pos (3, 22)(12, 6) -> (3, 22)(12, 6) (NO MOVEMENT)

   [campaign]    [world] learned 3 warp(s) on (3, 22): (19, 5)->(1, 1), (32, 5)->(1, 2), (12, 5)->(16, 0)

   [campaign]    [roam] grass she KNOWS: routing east -> (3, 3) toward Route 9 (FORWARD — on the road to the objective, visited grass, avoiding any wall)

   [campaign]    [roam] GYM-READINESS FLOOR: SPARED head_to_gym — 🔥 MOMENTUM (decisive last win; march at Erika, train on the road)

   [campaign]    [roam] !! retiring bench pin L20 — gym is GO now

   [campaign]    [roam] !! ACE-CARRIES → GO HARD: forced head_to_gym (Erika); pruned ['battle', 'travel:3,20', 'travel:3,27', 'travel:3,43', 'wander_catch']; oracle SKIPPED this tick

   [campaign]    [roam] !! NO-MOVE PRUNE (all-dead): every offered option ['head_to_gym'] is a proven dead route (streak 2) — pruned to the regroup floor instead of thrashing them

   [campaign]    [roam] !! EMPTY-OPTIONS FLOOR: no honest action was available here — offering the regroup-at-Center anchor so the roam never dead-ends

   [campaign] -- ROAM TICK 62/100000000 --

   [campaign]    [roam] STATE IN: Route 4 (12, 6) | badges=3 (Boulder, Cascade, Thunder) | party=[blastoise L39, ekans L14, spearow L17, rattata L15, kadabra L16, butterfree L15] | 3 badge(s) earned (Boulder, Cascade, Thunder). Next gym: Erika of Celadon City. Pokédex: 12 caught. She's three badges — over a third of the way there (of 8 badges, then the Elite Four).

   [campaign]    [roam] PROGRESS: RED (unchanged 14 ticks) | fp[(3, 22) (12,6) f2 -- badge3 $4128 party:8f1a bag:e816]

   [campaign]    [roam] OPTIONS OFFERED: ['regroup']

   [campaign]    [roam] !! MACRO RED: no progress 14 ticks — feeding awareness back to the oracle: "You keep trying to regroup but the world hasn't changed in 14 turns - it went 'stuck', and you're completely stuck."

   [campaign]    [roam] !! REPEAT-NO-PROGRESS: 'regroup' repeated with a stuck fingerprint — nudging a different action

   [campaign]    [soul] ORACLE decision: kind=action ctx={'place': 'You\'re on Route 4 — outdoors under open sky (a town with a Pokémon Center; tall grass around — wild Pokémon live in it).. From here: SOUTH → Route 3 — wild Pokémon to catch/train; EAST → Cerulean City — a Mart, a Pokémon Center. Places you\'ve been with wild Pokémon you can walk back to: Route 24; Route 9; Route 2. You can walk to anywhere you\'ve already been. Field moves ready: CUT.. You keep trying to regroup but the world hasn\'t changed in 14 turns - it went \'stuck\', and you\'re completely stuck.. HOW POKÉMON WORKS (what you\'re playing for): the GOAL is to earn 8 Gym Badges, beat the Elite Four, and roll the credits — that\'s beating the game. You build a TEAM of up to 6 Pokémon you like AND that cover each other (types/roles) — a solo carry with a dead-weight bench is a losing setup; a real trainer fields a balanced, levelled squad. CATCHING wild Pokémon is central (\'gotta catch \'em all\') — you catch to build that team and to fill the Pokédex. When you meet a wild Pokémon, weigh it: is it cool/strong/useful, does it cover a gap, is it better than a bench-warmer? — keep your best ~6, and build a squad you actually like. THE ARC: build a team -> beat the 8 gyms prepared -> Elite Four -> credits. ALSO NORMAL: you entered your own name (and your rival\'s) when the game began — people in this world knowing your names is ordinary, not a mystery to react to. RIGHT NOW your team is thin/lopsided (a strong lead but weak or too few others) — that\'s why tough trainers wall you. Building up a real squad (catch a good new teammate, level the weak ones) is how a prepared trainer gets past these. THE MAIN QUEST IS A FIXED PATH you\'re always on: beat the 8 Gym Leaders in order, then the Elite Four, then you win the game. You\'re on GYM 4 of 8 — next is Erika in Celadon City. The road forward leads there: until you\'ve won you are ALWAYS making progress toward the next gym. Grinding/catching/detours are fine — but ONLY with a clear purpose, and then you GET BACK ON THE ROAD to Celadon City. Never just circle the same grass. Word on the road about Erika: the flower lady — GRASS and poison; fire melts her garden, flyers do fine too YOUR STORY SO FAR (what you\'ve actually done — your past, not the future): You\'ve beaten Brock (Boulder), Misty (Cascade), and Lt. Surge in Vermilion for the Thunder Badge — that\'s THREE gyms done. You have Cut and can clear trees on the road. Next is Erika in Celadon City (Rainbow Badge).. Next on my list: catch an pikachu around Viridian Forest (rare) / Power Plant later. It grows into my raichu — that\'s my answer for Lorelei AND Lance down the line. Grabbing it now, before I need it.. THINGS YOU\'VE HEARD AND READ (from people and signs — your own notes, use them when they point somewhere): "Oh, wow, that\'s the BOULDERBADGE! You got it from BROCK, didn\'t you? BROCK is cool. He\'s not just tough. People like and respect him. I want to become a GYM LEA"; "HM05 contains the hidden move FLASH. FLASH lights up even the darkest of caves and dungeons."; "KIRA put the HM05 in the TM CASE."; "KIRA received HM05 from the AIDE.". YOUR PLAN — right now: You\'re ready — stop grinding and head to Celadon City for the Rainbow Badge. Next: You CRUSHED Lt. Surge — ride the momentum: Erika in Celadon City is NEXT (not fought yet); the trainers on the way are your training. Bigger picture: Reach Celadon City, beat Erika for the Rainbow Badge. Your team right now: blastoise (L39), ekans (L14), spearow (L17), rattata (L15), abra the kadabra (L16), caterpie the butterfree (L15). Remember YOU are the one playing this — narrate your plan to chat in your own voice (first person: "I\'m grinding", "my team"), and never ask anyone what you\'re doing or who\'s on your team — you know.. HEADS UP — you just chose \'regroup\' and NOTHING changed (same spot, no progress). Repeating it again will do the same nothing. Pick a DIFFERENT action this time and break the loop.', 'progress': "3 badge(s) earned (Boulder, Cascade, Thunder). Next gym: Erika of Celadon City. Pokédex: 12 caught. She's three badges — over a third of the way there (of 8 badges, then the Elite Four).", 'party': 'blastoise (L39), ekans (L14), spearow (L17), rattata (L15), abra the kadabra (L16), caterpie the butterfree (L15)', 'goal': {'short': "You're ready — stop grinding and head to Celadon City for the Rainbow Badge", 'medium': 'You CRUSHED Lt. Surge — ride the momentum: Erika in Celadon City is NEXT (not fought yet); the trainers on the way are your training', 'long': 'Reach Celadon City, beat Erika for the Rainbow Badge'}} options=['regroup']

   [kira-voice] ORACLE kind=action options=['regroup'] -> pick='regroup'

   [campaign]    [soul] ORACLE pick -> 'regroup'

   [campaign]    [roam] DECISION THINK: 3295ms (world stayed live — pumped idle, not a freeze)

   [campaign]    [roam] PICK OUT: regroup  <- her RECOVERY move (RED)

   [campaign]    [roam] RATIONALE: You're ready — stop grinding and head to Celadon City for the Rainbow Badge. then on to Celadon City for Erika

   [campaign]    [roam] REGROUP: no Center here — riding toward Cerulean City (next hop east -> Cerulean City)

   [Bridge] INPUT OWNER = 'agent' (sole writer; others dropped+logged)

   [travel] start map=(3, 22) coords=(12, 6) -> map (3, 3) (budget 300s)

   [travel] east connection band rows: [2, 3, 4, 5, 10, 11, 12]

   [travel] path blocked at (12, 6) (NPC on the gap?) - waiting

   [travel] no clean path from (12, 6) AND no NPC-allowing path (npcs nearby=[(9, 7), (15, 14)]) - genuine wall/zone gap, will time out

   [travel] !! TRAVEL WEDGE: identical fp x4 retries at (12, 6) map=(3, 22) (reason=no_route) -> returning to roam LOUD (no inner spin)

   [kira-voice] ·dedup· (repeat text, T1, looping?) "I can't find a way through here — let me rethink this"

   [campaign]    [roam] !! REGROUP: no Center anchor and no connector fired from (3, 22) (12, 6) — LOUD (a true seal; watchdogs carry it)

   [campaign]    [roam] RESULT: regroup -> stuck | pos (3, 22)(12, 6) -> (3, 22)(12, 6) (NO MOVEMENT)

   [campaign]    [world] learned 3 warp(s) on (3, 22): (19, 5)->(1, 1), (32, 5)->(1, 2), (12, 5)->(16, 0)

   [campaign]    [roam] grass she KNOWS: routing east -> (3, 3) toward Route 9 (FORWARD — on the road to the objective, visited grass, avoiding any wall)

   [campaign]    [roam] GYM-READINESS FLOOR: SPARED head_to_gym — 🔥 MOMENTUM (decisive last win; march at Erika, train on the road)

   [campaign]    [roam] !! retiring bench pin L20 — gym is GO now

   [campaign]    [roam] !! ACE-CARRIES → GO HARD: forced head_to_gym (Erika); pruned ['battle', 'travel:3,20', 'travel:3,27', 'travel:3,43', 'wander_catch']; oracle SKIPPED this tick

   [campaign]    [roam] !! NO-MOVE PRUNE (all-dead): every offered option ['head_to_gym'] is a proven dead route (streak 2) — pruned to the regroup floor instead of thrashing them

   [campaign]    [roam] !! EMPTY-OPTIONS FLOOR: no honest action was available here — offering the regroup-at-Center anchor so the roam never dead-ends

   [campaign] -- ROAM TICK 63/100000000 --

   [campaign]    [roam] STATE IN: Route 4 (12, 6) | badges=3 (Boulder, Cascade, Thunder) | party=[blastoise L39, ekans L14, spearow L17, rattata L15, kadabra L16, butterfree L15] | 3 badge(s) earned (Boulder, Cascade, Thunder). Next gym: Erika of Celadon City. Pokédex: 12 caught. She's three badges — over a third of the way there (of 8 badges, then the Elite Four).

   [campaign]    [roam] PROGRESS: RED (unchanged 15 ticks) | fp[(3, 22) (12,6) f2 -- badge3 $4128 party:8f1a bag:e816]

   [campaign]    [roam] !! ESCAPE-HATCH considering reload: RED 5 ticks, hard-recovery already tried, reload 2/2

   [campaign]    [roam] !! ESCAPE-HATCH: banked CURRENT state -> G:\JonnyD\NeuroAI_Bot\pokemon_agent\states\campaign\pre_reload_20260802_141953.state (nothing live is lost, even on a misfire)

   [campaign]    [roam] !!!! ESCAPE-HATCH FIRED: genuine wedge — RELOADED last known-good state (gain (3, 6, 12, 116)); current backed up to pre_reload_20260802_141953.state. Continuing the climb. (LOUD)

   [kira-voice] -> T2·savor· (recover) "something got me properly stuck back there — I'm backing up to where I knew what I was doing and picking it up from there."  fired=True  [age 0.0s + post 4ms]

   [campaign]    ⛰️  CAMPAIGN SAVE [post_escape_reload] -> campaign/kira_campaign.state  (map=(3, 22) coords=(12, 6) badges=3 party=6)

   [campaign]    [world] learned 3 warp(s) on (3, 22): (19, 5)->(1, 1), (32, 5)->(1, 2), (12, 5)->(16, 0)

   [campaign]    [roam] grass she KNOWS: routing east -> (3, 3) toward Route 9 (FORWARD — on the road to the objective, visited grass, avoiding any wall)

   [campaign]    [roam] GYM-READINESS FLOOR: SPARED head_to_gym — 🔥 MOMENTUM (decisive last win; march at Erika, train on the road)

   [campaign]    [roam] !! retiring bench pin L20 — gym is GO now

   [campaign]    [roam] !! ACE-CARRIES → GO HARD: forced head_to_gym (Erika); pruned ['battle', 'travel:3,20', 'travel:3,27', 'travel:3,43', 'wander_catch']; oracle SKIPPED this tick

   [campaign]    [roam] !! NO-MOVE PRUNE (all-dead): every offered option ['head_to_gym'] is a proven dead route (streak 2) — pruned to the regroup floor instead of thrashing them

   [campaign]    [roam] !! EMPTY-OPTIONS FLOOR: no honest action was available here — offering the regroup-at-Center anchor so the roam never dead-ends

   [campaign] -- ROAM TICK 64/100000000 --

   [campaign]    [roam] STATE IN: Route 4 (12, 6) | badges=3 (Boulder, Cascade, Thunder) | party=[blastoise L39, ekans L14, spearow L17, rattata L15, kadabra L16, butterfree L15] | 3 badge(s) earned (Boulder, Cascade, Thunder). Next gym: Erika of Celadon City. Pokédex: 12 caught. She's three badges — over a third of the way there (of 8 badges, then the Elite Four).

   [campaign]    [roam] PROGRESS: RED (unchanged 16 ticks) | fp[(3, 22) (12,6) f2 -- badge3 $4128 party:8f1a bag:e816]

   [campaign]    [roam] OPTIONS OFFERED: ['regroup']

   [campaign]    [soul] surface_want FIRE -> Route 4

   [campaign]    [soul] ORACLE decision: kind=want ctx={'place': "You're on Route 4 — outdoors under open sky (a town with a Pokémon Center; tall grass around — wild Pokémon live in it).. ALREADY BESIDE YOU — your current team: blastoise (L39), ekans (L14), spearow (L17), rattata (L15), abra the kadabra (L16), caterpie the butterfree (L15). A want is something you DON'T yet have; never wish for a teammate who's already on your team.", 'map': (3, 22), 'badges': ['Boulder', 'Cascade', 'Thunder'], 'progress': "3 badge(s) earned (Boulder, Cascade, Thunder). Next gym: Erika of Celadon City. Pokédex: 12 caught. She's three badges — over a third of the way there (of 8 badges, then the Elite Four).", 'party': 'blastoise (L39), ekans (L14), spearow (L17), rattata (L15), abra the kadabra (L16), caterpie the butterfree (L15)', 'goal': {'short': "You're ready — stop grinding and head to Celadon City for the Rainbow Badge", 'medium': 'You CRUSHED Lt. Surge — ride the momentum: Erika in Celadon City is NEXT (not fought yet); the trainers on the way are your training', 'long': 'Reach Celadon City, beat Erika for the Rainbow Badge'}} options=['eevee', 'fossil', 'starters', 'rare', 'legendaries']

   [kira-voice] ORACLE kind=want options=['eevee', 'fossil', 'starters', 'rare', 'legendaries'] -> pick='get to Celadon City, scope out that Eevee'

   [campaign]    [soul] ORACLE pick -> 'get to Celadon City, scope out that Eevee'

   [campaign]    [roam] !! MACRO RED: no progress 16 ticks — feeding awareness back to the oracle: "You keep trying to regroup but the world hasn't changed in 16 turns - it went 'stuck', and you're completely stuck."

   [campaign]    [roam] !! REPEAT-NO-PROGRESS: 'regroup' repeated with a stuck fingerprint — nudging a different action

   [campaign]    [soul] ORACLE decision: kind=action ctx={'place': 'You\'re on Route 4 — outdoors under open sky (a town with a Pokémon Center; tall grass around — wild Pokémon live in it).. From here: SOUTH → Route 3 — wild Pokémon to catch/train; EAST → Cerulean City — a Mart, a Pokémon Center. Places you\'ve been with wild Pokémon you can walk back to: Route 24; Route 9; Route 2. You can walk to anywhere you\'ve already been. Field moves ready: CUT.. You keep trying to regroup but the world hasn\'t changed in 16 turns - it went \'stuck\', and you\'re completely stuck.. HOW POKÉMON WORKS (what you\'re playing for): the GOAL is to earn 8 Gym Badges, beat the Elite Four, and roll the credits — that\'s beating the game. You build a TEAM of up to 6 Pokémon you like AND that cover each other (types/roles) — a solo carry with a dead-weight bench is a losing setup; a real trainer fields a balanced, levelled squad. CATCHING wild Pokémon is central (\'gotta catch \'em all\') — you catch to build that team and to fill the Pokédex. When you meet a wild Pokémon, weigh it: is it cool/strong/useful, does it cover a gap, is it better than a bench-warmer? — keep your best ~6, and build a squad you actually like. THE ARC: build a team -> beat the 8 gyms prepared -> Elite Four -> credits. ALSO NORMAL: you entered your own name (and your rival\'s) when the game began — people in this world knowing your names is ordinary, not a mystery to react to. RIGHT NOW your team is thin/lopsided (a strong lead but weak or too few others) — that\'s why tough trainers wall you. Building up a real squad (catch a good new teammate, level the weak ones) is how a prepared trainer gets past these. THE MAIN QUEST IS A FIXED PATH you\'re always on: beat the 8 Gym Leaders in order, then the Elite Four, then you win the game. You\'re on GYM 4 of 8 — next is Erika in Celadon City. The road forward leads there: until you\'ve won you are ALWAYS making progress toward the next gym. Grinding/catching/detours are fine — but ONLY with a clear purpose, and then you GET BACK ON THE ROAD to Celadon City. Never just circle the same grass. Word on the road about Erika: the flower lady — GRASS and poison; fire melts her garden, flyers do fine too YOUR STORY SO FAR (what you\'ve actually done — your past, not the future): You\'ve beaten Brock (Boulder), Misty (Cascade), and Lt. Surge in Vermilion for the Thunder Badge — that\'s THREE gyms done. You have Cut and can clear trees on the road. Next is Erika in Celadon City (Rainbow Badge).. Next on my list: catch an pikachu around Viridian Forest (rare) / Power Plant later. It grows into my raichu — that\'s my answer for Lorelei AND Lance down the line. Grabbing it now, before I need it.. THINGS YOU\'VE HEARD AND READ (from people and signs — your own notes, use them when they point somewhere): "Oh, wow, that\'s the BOULDERBADGE! You got it from BROCK, didn\'t you? BROCK is cool. He\'s not just tough. People like and respect him. I want to become a GYM LEA"; "HM05 contains the hidden move FLASH. FLASH lights up even the darkest of caves and dungeons."; "KIRA put the HM05 in the TM CASE."; "KIRA received HM05 from the AIDE.". YOUR PLAN — right now: You\'re ready — stop grinding and head to Celadon City for the Rainbow Badge. Next: You CRUSHED Lt. Surge — ride the momentum: Erika in Celadon City is NEXT (not fought yet); the trainers on the way are your training. Bigger picture: Reach Celadon City, beat Erika for the Rainbow Badge. Your team right now: blastoise (L39), ekans (L14), spearow (L17), rattata (L15), abra the kadabra (L16), caterpie the butterfree (L15). Remember YOU are the one playing this — narrate your plan to chat in your own voice (first person: "I\'m grinding", "my team"), and never ask anyone what you\'re doing or who\'s on your team — you know.. HEADS UP — you just chose \'regroup\' and NOTHING changed (same spot, no progress). Repeating it again will do the same nothing. Pick a DIFFERENT action this time and break the loop.', 'progress': "3 badge(s) earned (Boulder, Cascade, Thunder). Next gym: Erika of Celadon City. Pokédex: 12 caught. She's three badges — over a third of the way there (of 8 badges, then the Elite Four).", 'party': 'blastoise (L39), ekans (L14), spearow (L17), rattata (L15), abra the kadabra (L16), caterpie the butterfree (L15)', 'goal': {'short': "You're ready — stop grinding and head to Celadon City for the Rainbow Badge", 'medium': 'You CRUSHED Lt. Surge — ride the momentum: Erika in Celadon City is NEXT (not fought yet); the trainers on the way are your training', 'long': 'Reach Celadon City, beat Erika for the Rainbow Badge'}} options=['regroup']

   [kira-voice] -> T2·savor· (want) 'get to Celadon City, scope out that Eevee'  fired=True  [age 0.0s + post 6ms]

   [kira-voice] ORACLE kind=action options=['regroup'] -> pick='regroup'

   [campaign]    [soul] ORACLE pick -> 'regroup'

   [campaign]    [roam] DECISION THINK: 3129ms (world stayed live — pumped idle, not a freeze)

   [campaign]    [roam] PICK OUT: regroup  <- her RECOVERY move (RED)

   [campaign]    [roam] RATIONALE: You're ready — stop grinding and head to Celadon City for the Rainbow Badge. then on to Celadon City for Erika

   [campaign]    [roam] REGROUP: no Center here — riding toward Cerulean City (next hop east -> Cerulean City)

   [Bridge] INPUT OWNER = 'agent' (sole writer; others dropped+logged)

   [travel] start map=(3, 22) coords=(12, 6) -> map (3, 3) (budget 300s)

   [travel] east connection band rows: [2, 3, 4, 5, 10, 11, 12]

   [travel] path blocked at (12, 6) (NPC on the gap?) - waiting

   [travel] no clean path from (12, 6) AND no NPC-allowing path (npcs nearby=[(8, 9), (15, 14)]) - genuine wall/zone gap, will time out

   [travel] !! TRAVEL WEDGE: identical fp x4 retries at (12, 6) map=(3, 22) (reason=no_route) -> returning to roam LOUD (no inner spin)

   [kira-voice] -> T1·brisk· (event) "I can't find a way through here — let me rethink this"  fired=True  [age 0.0s + post 9ms]

   [campaign]    [roam] !! REGROUP: no Center anchor and no connector fired from (3, 22) (12, 6) — LOUD (a true seal; watchdogs carry it)

   [campaign]    [roam] RESULT: regroup -> stuck | pos (3, 22)(12, 6) -> (3, 22)(12, 6) (NO MOVEMENT)

   [campaign]    [world] learned 3 warp(s) on (3, 22): (19, 5)->(1, 1), (32, 5)->(1, 2), (12, 5)->(16, 0)

   [campaign]    [roam] grass she KNOWS: routing east -> (3, 3) toward Route 9 (FORWARD — on the road to the objective, visited grass, avoiding any wall)

   [campaign]    [roam] GYM-READINESS FLOOR: SPARED head_to_gym — 🔥 MOMENTUM (decisive last win; march at Erika, train on the road)

   [campaign]    [roam] !! retiring bench pin L20 — gym is GO now

   [campaign]    [roam] !! ACE-CARRIES → GO HARD: forced head_to_gym (Erika); pruned ['battle', 'travel:3,20', 'travel:3,27', 'travel:3,43', 'wander_catch']; oracle SKIPPED this tick

   [campaign]    [roam] !! NO-MOVE PRUNE (all-dead): every offered option ['head_to_gym'] is a proven dead route (streak 2) — pruned to the regroup floor instead of thrashing them

   [campaign]    [roam] !! EMPTY-OPTIONS FLOOR: no honest action was available here — offering the regroup-at-Center anchor so the roam never dead-ends

   [campaign] -- ROAM TICK 65/100000000 --

   [campaign]    [roam] STATE IN: Route 4 (12, 6) | badges=3 (Boulder, Cascade, Thunder) | party=[blastoise L39, ekans L14, spearow L17, rattata L15, kadabra L16, butterfree L15] | 3 badge(s) earned (Boulder, Cascade, Thunder). Next gym: Erika of Celadon City. Pokédex: 12 caught. She's three badges — over a third of the way there (of 8 badges, then the Elite Four).

   [campaign]    [roam] PROGRESS: RED (unchanged 17 ticks) | fp[(3, 22) (12,6) f2 -- badge3 $4128 party:8f1a bag:e816]

   [campaign]    [roam] OPTIONS OFFERED: ['regroup']

   [campaign]    [roam] !! MACRO RED: no progress 17 ticks — feeding awareness back to the oracle: "You keep trying to regroup but the world hasn't changed in 17 turns - it went 'stuck', and you're completely stuck."

   [campaign]    [roam] !! REPEAT-NO-PROGRESS: 'regroup' repeated with a stuck fingerprint — nudging a different action

   [campaign]    [soul] ORACLE decision: kind=action ctx={'place': 'You\'re on Route 4 — outdoors under open sky (a town with a Pokémon Center; tall grass around — wild Pokémon live in it).. From here: SOUTH → Route 3 — wild Pokémon to catch/train; EAST → Cerulean City — a Mart, a Pokémon Center. Places you\'ve been with wild Pokémon you can walk back to: Route 24; Route 9; Route 2. You can walk to anywhere you\'ve already been. Field moves ready: CUT.. You keep trying to regroup but the world hasn\'t changed in 17 turns - it went \'stuck\', and you\'re completely stuck.. HOW POKÉMON WORKS (what you\'re playing for): the GOAL is to earn 8 Gym Badges, beat the Elite Four, and roll the credits — that\'s beating the game. You build a TEAM of up to 6 Pokémon you like AND that cover each other (types/roles) — a solo carry with a dead-weight bench is a losing setup; a real trainer fields a balanced, levelled squad. CATCHING wild Pokémon is central (\'gotta catch \'em all\') — you catch to build that team and to fill the Pokédex. When you meet a wild Pokémon, weigh it: is it cool/strong/useful, does it cover a gap, is it better than a bench-warmer? — keep your best ~6, and build a squad you actually like. THE ARC: build a team -> beat the 8 gyms prepared -> Elite Four -> credits. ALSO NORMAL: you entered your own name (and your rival\'s) when the game began — people in this world knowing your names is ordinary, not a mystery to react to. RIGHT NOW your team is thin/lopsided (a strong lead but weak or too few others) — that\'s why tough trainers wall you. Building up a real squad (catch a good new teammate, level the weak ones) is how a prepared trainer gets past these. THE MAIN QUEST IS A FIXED PATH you\'re always on: beat the 8 Gym Leaders in order, then the Elite Four, then you win the game. You\'re on GYM 4 of 8 — next is Erika in Celadon City. The road forward leads there: until you\'ve won you are ALWAYS making progress toward the next gym. Grinding/catching/detours are fine — but ONLY with a clear purpose, and then you GET BACK ON THE ROAD to Celadon City. Never just circle the same grass. Word on the road about Erika: the flower lady — GRASS and poison; fire melts her garden, flyers do fine too YOUR STORY SO FAR (what you\'ve actually done — your past, not the future): You\'ve beaten Brock (Boulder), Misty (Cascade), and Lt. Surge in Vermilion for the Thunder Badge — that\'s THREE gyms done. You have Cut and can clear trees on the road. Next is Erika in Celadon City (Rainbow Badge).. Next on my list: catch an pikachu around Viridian Forest (rare) / Power Plant later. It grows into my raichu — that\'s my answer for Lorelei AND Lance down the line. Grabbing it now, before I need it.. THINGS YOU\'VE HEARD AND READ (from people and signs — your own notes, use them when they point somewhere): "Oh, wow, that\'s the BOULDERBADGE! You got it from BROCK, didn\'t you? BROCK is cool. He\'s not just tough. People like and respect him. I want to become a GYM LEA"; "HM05 contains the hidden move FLASH. FLASH lights up even the darkest of caves and dungeons."; "KIRA put the HM05 in the TM CASE."; "KIRA received HM05 from the AIDE.". YOUR PLAN — right now: You\'re ready — stop grinding and head to Celadon City for the Rainbow Badge. Next: You CRUSHED Lt. Surge — ride the momentum: Erika in Celadon City is NEXT (not fought yet); the trainers on the way are your training. Bigger picture: Reach Celadon City, beat Erika for the Rainbow Badge. Your team right now: blastoise (L39), ekans (L14), spearow (L17), rattata (L15), abra the kadabra (L16), caterpie the butterfree (L15). Remember YOU are the one playing this — narrate your plan to chat in your own voice (first person: "I\'m grinding", "my team"), and never ask anyone what you\'re doing or who\'s on your team — you know.. HEADS UP — you just chose \'regroup\' and NOTHING changed (same spot, no progress). Repeating it again will do the same nothing. Pick a DIFFERENT action this time and break the loop.', 'progress': "3 badge(s) earned (Boulder, Cascade, Thunder). Next gym: Erika of Celadon City. Pokédex: 12 caught. She's three badges — over a third of the way there (of 8 badges, then the Elite Four).", 'party': 'blastoise (L39), ekans (L14), spearow (L17), rattata (L15), abra the kadabra (L16), caterpie the butterfree (L15)', 'goal': {'short': "You're ready — stop grinding and head to Celadon City for the Rainbow Badge", 'medium': 'You CRUSHED Lt. Surge — ride the momentum: Erika in Celadon City is NEXT (not fought yet); the trainers on the way are your training', 'long': 'Reach Celadon City, beat Erika for the Rainbow Badge'}} options=['regroup']

   [kira-voice] ORACLE kind=action options=['regroup'] -> pick='regroup'

   [campaign]    [soul] ORACLE pick -> 'regroup'

   [campaign]    [roam] DECISION THINK: 4890ms (world stayed live — pumped idle, not a freeze)

   [campaign]    [roam] PICK OUT: regroup  <- her RECOVERY move (RED)

   [campaign]    [roam] RATIONALE: You're ready — stop grinding and head to Celadon City for the Rainbow Badge. then on to Celadon City for Erika

   [campaign]    [roam] REGROUP: no Center here — riding toward Cerulean City (next hop east -> Cerulean City)

   [Bridge] INPUT OWNER = 'agent' (sole writer; others dropped+logged)

   [travel] start map=(3, 22) coords=(12, 6) -> map (3, 3) (budget 300s)

   [travel] east connection band rows: [2, 3, 4, 5, 10, 11, 12]

   [travel] path blocked at (12, 6) (NPC on the gap?) - waiting

   [travel] no clean path from (12, 6) AND no NPC-allowing path (npcs nearby=[(9, 7), (14, 14)]) - genuine wall/zone gap, will time out

   [travel] !! TRAVEL WEDGE: identical fp x4 retries at (12, 6) map=(3, 22) (reason=no_route) -> returning to roam LOUD (no inner spin)

   [campaign]    [roam] !! REGROUP: no Center anchor and no connector fired from (3, 22) (12, 6) — LOUD (a true seal; watchdogs carry it)

   [campaign]    [roam] RESULT: regroup -> stuck | pos (3, 22)(12, 6) -> (3, 22)(12, 6) (NO MOVEMENT)

   [campaign]    ⛰️  CAMPAIGN SAVE [tick65] -> campaign/kira_campaign.state  (map=(3, 22) coords=(12, 6) badges=3 party=6)

   [campaign]    [sanctity] bundle VALID (schema/encoding/truth/monotonic all clean)

   [campaign]    [world] learned 3 warp(s) on (3, 22): (19, 5)->(1, 1), (32, 5)->(1, 2), (12, 5)->(16, 0)

   [campaign]    [roam] grass she KNOWS: routing east -> (3, 3) toward Route 9 (FORWARD — on the road to the objective, visited grass, avoiding any wall)

   [campaign]    [roam] GYM-READINESS FLOOR: SPARED head_to_gym — 🔥 MOMENTUM (decisive last win; march at Erika, train on the road)

   [campaign]    [roam] !! retiring bench pin L20 — gym is GO now

   [campaign]    [roam] !! ACE-CARRIES → GO HARD: forced head_to_gym (Erika); pruned ['battle', 'travel:3,20', 'travel:3,27', 'travel:3,43', 'wander_catch']; oracle SKIPPED this tick

   [campaign]    [roam] !! NO-MOVE PRUNE (all-dead): every offered option ['head_to_gym'] is a proven dead route (streak 2) — pruned to the regroup floor instead of thrashing them

   [campaign]    [roam] !! EMPTY-OPTIONS FLOOR: no honest action was available here — offering the regroup-at-Center anchor so the roam never dead-ends

   [campaign] -- ROAM TICK 66/100000000 --

   [campaign]    [roam] STATE IN: Route 4 (12, 6) | badges=3 (Boulder, Cascade, Thunder) | party=[blastoise L39, ekans L14, spearow L17, rattata L15, kadabra L16, butterfree L15] | 3 badge(s) earned (Boulder, Cascade, Thunder). Next gym: Erika of Celadon City. Pokédex: 12 caught. She's three badges — over a third of the way there (of 8 badges, then the Elite Four).

   [campaign]    [roam] PROGRESS: RED (unchanged 18 ticks) | fp[(3, 22) (12,6) f2 -- badge3 $4128 party:8f1a bag:e816]

   [campaign]    [roam] OPTIONS OFFERED: ['regroup']

   [campaign]    [roam] !! MACRO RED: no progress 18 ticks — feeding awareness back to the oracle: "You keep trying to regroup but the world hasn't changed in 18 turns - it went 'stuck', and you're completely stuck."

   [campaign]    [roam] !! REPEAT-NO-PROGRESS: 'regroup' repeated with a stuck fingerprint — nudging a different action

   [campaign]    [soul] ORACLE decision: kind=action ctx={'place': 'You\'re on Route 4 — outdoors under open sky (a town with a Pokémon Center; tall grass around — wild Pokémon live in it).. From here: SOUTH → Route 3 — wild Pokémon to catch/train; EAST → Cerulean City — a Mart, a Pokémon Center. Places you\'ve been with wild Pokémon you can walk back to: Route 24; Route 9; Route 2. You can walk to anywhere you\'ve already been. Field moves ready: CUT.. You keep trying to regroup but the world hasn\'t changed in 18 turns - it went \'stuck\', and you\'re completely stuck.. HOW POKÉMON WORKS (what you\'re playing for): the GOAL is to earn 8 Gym Badges, beat the Elite Four, and roll the credits — that\'s beating the game. You build a TEAM of up to 6 Pokémon you like AND that cover each other (types/roles) — a solo carry with a dead-weight bench is a losing setup; a real trainer fields a balanced, levelled squad. CATCHING wild Pokémon is central (\'gotta catch \'em all\') — you catch to build that team and to fill the Pokédex. When you meet a wild Pokémon, weigh it: is it cool/strong/useful, does it cover a gap, is it better than a bench-warmer? — keep your best ~6, and build a squad you actually like. THE ARC: build a team -> beat the 8 gyms prepared -> Elite Four -> credits. ALSO NORMAL: you entered your own name (and your rival\'s) when the game began — people in this world knowing your names is ordinary, not a mystery to react to. RIGHT NOW your team is thin/lopsided (a strong lead but weak or too few others) — that\'s why tough trainers wall you. Building up a real squad (catch a good new teammate, level the weak ones) is how a prepared trainer gets past these. THE MAIN QUEST IS A FIXED PATH you\'re always on: beat the 8 Gym Leaders in order, then the Elite Four, then you win the game. You\'re on GYM 4 of 8 — next is Erika in Celadon City. The road forward leads there: until you\'ve won you are ALWAYS making progress toward the next gym. Grinding/catching/detours are fine — but ONLY with a clear purpose, and then you GET BACK ON THE ROAD to Celadon City. Never just circle the same grass. Word on the road about Erika: the flower lady — GRASS and poison; fire melts her garden, flyers do fine too YOUR STORY SO FAR (what you\'ve actually done — your past, not the future): You\'ve beaten Brock (Boulder), Misty (Cascade), and Lt. Surge in Vermilion for the Thunder Badge — that\'s THREE gyms done. You have Cut and can clear trees on the road. Next is Erika in Celadon City (Rainbow Badge).. Next on my list: catch an pikachu around Viridian Forest (rare) / Power Plant later. It grows into my raichu — that\'s my answer for Lorelei AND Lance down the line. Grabbing it now, before I need it.. THINGS YOU\'VE HEARD AND READ (from people and signs — your own notes, use them when they point somewhere): "Oh, wow, that\'s the BOULDERBADGE! You got it from BROCK, didn\'t you? BROCK is cool. He\'s not just tough. People like and respect him. I want to become a GYM LEA"; "HM05 contains the hidden move FLASH. FLASH lights up even the darkest of caves and dungeons."; "KIRA put the HM05 in the TM CASE."; "KIRA received HM05 from the AIDE.". YOUR PLAN — right now: You\'re ready — stop grinding and head to Celadon City for the Rainbow Badge. Next: You CRUSHED Lt. Surge — ride the momentum: Erika in Celadon City is NEXT (not fought yet); the trainers on the way are your training. Bigger picture: Reach Celadon City, beat Erika for the Rainbow Badge. Your team right now: blastoise (L39), ekans (L14), spearow (L17), rattata (L15), abra the kadabra (L16), caterpie the butterfree (L15). Remember YOU are the one playing this — narrate your plan to chat in your own voice (first person: "I\'m grinding", "my team"), and never ask anyone what you\'re doing or who\'s on your team — you know.. HEADS UP — you just chose \'regroup\' and NOTHING changed (same spot, no progress). Repeating it again will do the same nothing. Pick a DIFFERENT action this time and break the loop.', 'progress': "3 badge(s) earned (Boulder, Cascade, Thunder). Next gym: Erika of Celadon City. Pokédex: 12 caught. She's three badges — over a third of the way there (of 8 badges, then the Elite Four).", 'party': 'blastoise (L39), ekans (L14), spearow (L17), rattata (L15), abra the kadabra (L16), caterpie the butterfree (L15)', 'goal': {'short': "You're ready — stop grinding and head to Celadon City for the Rainbow Badge", 'medium': 'You CRUSHED Lt. Surge — ride the momentum: Erika in Celadon City is NEXT (not fought yet); the trainers on the way are your training', 'long': 'Reach Celadon City, beat Erika for the Rainbow Badge'}} options=['regroup']

   [kira-voice] ORACLE kind=action options=['regroup'] -> pick='regroup'

   [campaign]    [soul] ORACLE pick -> 'regroup'

   [campaign]    [roam] DECISION THINK: 2824ms (world stayed live — pumped idle, not a freeze)

   [campaign]    [roam] PICK OUT: regroup  <- her RECOVERY move (RED)

   [campaign]    [roam] RATIONALE: You're ready — stop grinding and head to Celadon City for the Rainbow Badge. then on to Celadon City for Erika

   [campaign]    [roam] REGROUP: no Center here — riding toward Cerulean City (next hop east -> Cerulean City)

   [Bridge] INPUT OWNER = 'agent' (sole writer; others dropped+logged)

   [travel] start map=(3, 22) coords=(12, 6) -> map (3, 3) (budget 300s)

   [travel] east connection band rows: [2, 3, 4, 5, 10, 11, 12]

   [travel] path blocked at (12, 6) (NPC on the gap?) - waiting

   [travel] no clean path from (12, 6) AND no NPC-allowing path (npcs nearby=[(9, 7), (14, 14)]) - genuine wall/zone gap, will time out

   [travel] !! TRAVEL WEDGE: identical fp x4 retries at (12, 6) map=(3, 22) (reason=no_route) -> returning to roam LOUD (no inner spin)

   [campaign]    [roam] !! REGROUP: no Center anchor and no connector fired from (3, 22) (12, 6) — LOUD (a true seal; watchdogs carry it)

   [campaign]    [roam] RESULT: regroup -> stuck | pos (3, 22)(12, 6) -> (3, 22)(12, 6) (NO MOVEMENT)

   [campaign]    [world] learned 3 warp(s) on (3, 22): (19, 5)->(1, 1), (32, 5)->(1, 2), (12, 5)->(16, 0)

   [campaign]    [roam] grass she KNOWS: routing east -> (3, 3) toward Route 9 (FORWARD — on the road to the objective, visited grass, avoiding any wall)

   [campaign]    [roam] GYM-READINESS FLOOR: SPARED head_to_gym — 🔥 MOMENTUM (decisive last win; march at Erika, train on the road)

   [campaign]    [roam] !! retiring bench pin L20 — gym is GO now

   [campaign]    [roam] !! ACE-CARRIES → GO HARD: forced head_to_gym (Erika); pruned ['battle', 'travel:3,20', 'travel:3,27', 'travel:3,43', 'wander_catch']; oracle SKIPPED this tick

   [campaign]    [roam] !! NO-MOVE PRUNE (all-dead): every offered option ['head_to_gym'] is a proven dead route (streak 2) — pruned to the regroup floor instead of thrashing them

   [campaign]    [roam] !! EMPTY-OPTIONS FLOOR: no honest action was available here — offering the regroup-at-Center anchor so the roam never dead-ends

   [campaign] -- ROAM TICK 67/100000000 --

   [campaign]    [roam] STATE IN: Route 4 (12, 6) | badges=3 (Boulder, Cascade, Thunder) | party=[blastoise L39, ekans L14, spearow L17, rattata L15, kadabra L16, butterfree L15] | 3 badge(s) earned (Boulder, Cascade, Thunder). Next gym: Erika of Celadon City. Pokédex: 12 caught. She's three badges — over a third of the way there (of 8 badges, then the Elite Four).

   [campaign]    [roam] PROGRESS: RED (unchanged 19 ticks) | fp[(3, 22) (12,6) f2 -- badge3 $4128 party:8f1a bag:e816]

   [campaign]    [roam] OPTIONS OFFERED: ['regroup']

   [campaign]    [soul] surface_want FIRE -> Route 4

   [campaign]    [soul] ORACLE decision: kind=want ctx={'place': "You're on Route 4 — outdoors under open sky (a town with a Pokémon Center; tall grass around — wild Pokémon live in it).. ALREADY BESIDE YOU — your current team: blastoise (L39), ekans (L14), spearow (L17), rattata (L15), abra the kadabra (L16), caterpie the butterfree (L15). A want is something you DON'T yet have; never wish for a teammate who's already on your team.", 'map': (3, 22), 'badges': ['Boulder', 'Cascade', 'Thunder'], 'progress': "3 badge(s) earned (Boulder, Cascade, Thunder). Next gym: Erika of Celadon City. Pokédex: 12 caught. She's three badges — over a third of the way there (of 8 badges, then the Elite Four).", 'party': 'blastoise (L39), ekans (L14), spearow (L17), rattata (L15), abra the kadabra (L16), caterpie the butterfree (L15)', 'goal': {'short': "You're ready — stop grinding and head to Celadon City for the Rainbow Badge", 'medium': 'You CRUSHED Lt. Surge — ride the momentum: Erika in Celadon City is NEXT (not fought yet); the trainers on the way are your training', 'long': 'Reach Celadon City, beat Erika for the Rainbow Badge'}} options=['eevee', 'fossil', 'starters', 'rare', 'legendaries']

   [kira-voice] ORACLE kind=want options=['eevee', 'fossil', 'starters', 'rare', 'legendaries'] -> pick='Get to Celadon, grab that Eevee before deciding its fate'

   [campaign]    [soul] ORACLE pick -> 'Get to Celadon, grab that Eevee before deciding its fate'

   [campaign]    [roam] !! MACRO RED: no progress 19 ticks — feeding awareness back to the oracle: "You keep trying to regroup but the world hasn't changed in 19 turns - it went 'stuck', and you're completely stuck."

   [campaign]    [roam] !! REPEAT-NO-PROGRESS: 'regroup' repeated with a stuck fingerprint — nudging a different action

   [campaign]    [soul] ORACLE decision: kind=action ctx={'place': 'You\'re on Route 4 — outdoors under open sky (a town with a Pokémon Center; tall grass around — wild Pokémon live in it).. From here: SOUTH → Route 3 — wild Pokémon to catch/train; EAST → Cerulean City — a Mart, a Pokémon Center. Places you\'ve been with wild Pokémon you can walk back to: Route 24; Route 9; Route 2. You can walk to anywhere you\'ve already been. Field moves ready: CUT.. You keep trying to regroup but the world hasn\'t changed in 19 turns - it went \'stuck\', and you\'re completely stuck.. HOW POKÉMON WORKS (what you\'re playing for): the GOAL is to earn 8 Gym Badges, beat the Elite Four, and roll the credits — that\'s beating the game. You build a TEAM of up to 6 Pokémon you like AND that cover each other (types/roles) — a solo carry with a dead-weight bench is a losing setup; a real trainer fields a balanced, levelled squad. CATCHING wild Pokémon is central (\'gotta catch \'em all\') — you catch to build that team and to fill the Pokédex. When you meet a wild Pokémon, weigh it: is it cool/strong/useful, does it cover a gap, is it better than a bench-warmer? — keep your best ~6, and build a squad you actually like. THE ARC: build a team -> beat the 8 gyms prepared -> Elite Four -> credits. ALSO NORMAL: you entered your own name (and your rival\'s) when the game began — people in this world knowing your names is ordinary, not a mystery to react to. RIGHT NOW your team is thin/lopsided (a strong lead but weak or too few others) — that\'s why tough trainers wall you. Building up a real squad (catch a good new teammate, level the weak ones) is how a prepared trainer gets past these. THE MAIN QUEST IS A FIXED PATH you\'re always on: beat the 8 Gym Leaders in order, then the Elite Four, then you win the game. You\'re on GYM 4 of 8 — next is Erika in Celadon City. The road forward leads there: until you\'ve won you are ALWAYS making progress toward the next gym. Grinding/catching/detours are fine — but ONLY with a clear purpose, and then you GET BACK ON THE ROAD to Celadon City. Never just circle the same grass. Word on the road about Erika: the flower lady — GRASS and poison; fire melts her garden, flyers do fine too YOUR STORY SO FAR (what you\'ve actually done — your past, not the future): You\'ve beaten Brock (Boulder), Misty (Cascade), and Lt. Surge in Vermilion for the Thunder Badge — that\'s THREE gyms done. You have Cut and can clear trees on the road. Next is Erika in Celadon City (Rainbow Badge).. Next on my list: catch an pikachu around Viridian Forest (rare) / Power Plant later. It grows into my raichu — that\'s my answer for Lorelei AND Lance down the line. Grabbing it now, before I need it.. THINGS YOU\'VE HEARD AND READ (from people and signs — your own notes, use them when they point somewhere): "Oh, wow, that\'s the BOULDERBADGE! You got it from BROCK, didn\'t you? BROCK is cool. He\'s not just tough. People like and respect him. I want to become a GYM LEA"; "HM05 contains the hidden move FLASH. FLASH lights up even the darkest of caves and dungeons."; "KIRA put the HM05 in the TM CASE."; "KIRA received HM05 from the AIDE.". YOUR PLAN — right now: You\'re ready — stop grinding and head to Celadon City for the Rainbow Badge. Next: You CRUSHED Lt. Surge — ride the momentum: Erika in Celadon City is NEXT (not fought yet); the trainers on the way are your training. Bigger picture: Reach Celadon City, beat Erika for the Rainbow Badge. Your team right now: blastoise (L39), ekans (L14), spearow (L17), rattata (L15), abra the kadabra (L16), caterpie the butterfree (L15). Remember YOU are the one playing this — narrate your plan to chat in your own voice (first person: "I\'m grinding", "my team"), and never ask anyone what you\'re doing or who\'s on your team — you know.. HEADS UP — you just chose \'regroup\' and NOTHING changed (same spot, no progress). Repeating it again will do the same nothing. Pick a DIFFERENT action this time and break the loop.', 'progress': "3 badge(s) earned (Boulder, Cascade, Thunder). Next gym: Erika of Celadon City. Pokédex: 12 caught. She's three badges — over a third of the way there (of 8 badges, then the Elite Four).", 'party': 'blastoise (L39), ekans (L14), spearow (L17), rattata (L15), abra the kadabra (L16), caterpie the butterfree (L15)', 'goal': {'short': "You're ready — stop grinding and head to Celadon City for the Rainbow Badge", 'medium': 'You CRUSHED Lt. Surge — ride the momentum: Erika in Celadon City is NEXT (not fought yet); the trainers on the way are your training', 'long': 'Reach Celadon City, beat Erika for the Rainbow Badge'}} options=['regroup']

   [kira-voice] -> T2·savor· (want) 'Get to Celadon, grab that Eevee before deciding its fate'  fired=True  [age 0.0s + post 4ms]

   [kira-voice] ORACLE kind=action options=['regroup'] -> pick='regroup'

   [campaign]    [soul] ORACLE pick -> 'regroup'

   [campaign]    [roam] DECISION THINK: 2463ms (world stayed live — pumped idle, not a freeze)

   [campaign]    [roam] PICK OUT: regroup  <- her RECOVERY move (RED)

   [campaign]    [roam] RATIONALE: You're ready — stop grinding and head to Celadon City for the Rainbow Badge. then on to Celadon City for Erika

   [campaign]    [roam] REGROUP: no Center here — riding toward Cerulean City (next hop east -> Cerulean City)

   [Bridge] INPUT OWNER = 'agent' (sole writer; others dropped+logged)

   [travel] start map=(3, 22) coords=(12, 6) -> map (3, 3) (budget 300s)

   [travel] east connection band rows: [2, 3, 4, 5, 10, 11, 12]

   [travel] path blocked at (12, 6) (NPC on the gap?) - waiting

   [travel] no clean path from (12, 6) AND no NPC-allowing path (npcs nearby=[(10, 7), (16, 14)]) - genuine wall/zone gap, will time out

   [travel] !! TRAVEL WEDGE: identical fp x4 retries at (12, 6) map=(3, 22) (reason=no_route) -> returning to roam LOUD (no inner spin)

   [kira-voice] ·dedup· (repeat text, T1, looping?) "I can't find a way through here — let me rethink this"

   [campaign]    [roam] !! REGROUP: no Center anchor and no connector fired from (3, 22) (12, 6) — LOUD (a true seal; watchdogs carry it)

   [campaign]    [roam] RESULT: regroup -> stuck | pos (3, 22)(12, 6) -> (3, 22)(12, 6) (NO MOVEMENT)

   [campaign]    [world] learned 3 warp(s) on (3, 22): (19, 5)->(1, 1), (32, 5)->(1, 2), (12, 5)->(16, 0)

   [campaign]    [roam] grass she KNOWS: routing east -> (3, 3) toward Route 9 (FORWARD — on the road to the objective, visited grass, avoiding any wall)

   [campaign]    [roam] GYM-READINESS FLOOR: SPARED head_to_gym — 🔥 MOMENTUM (decisive last win; march at Erika, train on the road)

   [campaign]    [roam] !! retiring bench pin L20 — gym is GO now

   [campaign]    [roam] !! ACE-CARRIES → GO HARD: forced head_to_gym (Erika); pruned ['battle', 'travel:3,20', 'travel:3,27', 'travel:3,43', 'wander_catch']; oracle SKIPPED this tick

   [campaign]    [roam] !! NO-MOVE PRUNE (all-dead): every offered option ['head_to_gym'] is a proven dead route (streak 2) — pruned to the regroup floor instead of thrashing them

   [campaign]    [roam] !! EMPTY-OPTIONS FLOOR: no honest action was available here — offering the regroup-at-Center anchor so the roam never dead-ends

   [campaign] -- ROAM TICK 68/100000000 --

   [campaign]    [roam] STATE IN: Route 4 (12, 6) | badges=3 (Boulder, Cascade, Thunder) | party=[blastoise L39, ekans L14, spearow L17, rattata L15, kadabra L16, butterfree L15] | 3 badge(s) earned (Boulder, Cascade, Thunder). Next gym: Erika of Celadon City. Pokédex: 12 caught. She's three badges — over a third of the way there (of 8 badges, then the Elite Four).

   [campaign]    [roam] PROGRESS: RED (unchanged 20 ticks) | fp[(3, 22) (12,6) f2 -- badge3 $4128 party:8f1a bag:e816]

   [campaign]    [roam] OPTIONS OFFERED: ['regroup']

   [campaign]    [roam] !! MACRO RED: no progress 20 ticks — feeding awareness back to the oracle: "You keep trying to regroup but the world hasn't changed in 20 turns - it went 'stuck', and you're completely stuck."

   [campaign]    [roam] !! REPEAT-NO-PROGRESS: 'regroup' repeated with a stuck fingerprint — nudging a different action

   [campaign]    [soul] ORACLE decision: kind=action ctx={'place': 'You\'re on Route 4 — outdoors under open sky (a town with a Pokémon Center; tall grass around — wild Pokémon live in it).. From here: SOUTH → Route 3 — wild Pokémon to catch/train; EAST → Cerulean City — a Mart, a Pokémon Center. Places you\'ve been with wild Pokémon you can walk back to: Route 24; Route 9; Route 2. You can walk to anywhere you\'ve already been. Field moves ready: CUT.. You keep trying to regroup but the world hasn\'t changed in 20 turns - it went \'stuck\', and you\'re completely stuck.. HOW POKÉMON WORKS (what you\'re playing for): the GOAL is to earn 8 Gym Badges, beat the Elite Four, and roll the credits — that\'s beating the game. You build a TEAM of up to 6 Pokémon you like AND that cover each other (types/roles) — a solo carry with a dead-weight bench is a losing setup; a real trainer fields a balanced, levelled squad. CATCHING wild Pokémon is central (\'gotta catch \'em all\') — you catch to build that team and to fill the Pokédex. When you meet a wild Pokémon, weigh it: is it cool/strong/useful, does it cover a gap, is it better than a bench-warmer? — keep your best ~6, and build a squad you actually like. THE ARC: build a team -> beat the 8 gyms prepared -> Elite Four -> credits. ALSO NORMAL: you entered your own name (and your rival\'s) when the game began — people in this world knowing your names is ordinary, not a mystery to react to. RIGHT NOW your team is thin/lopsided (a strong lead but weak or too few others) — that\'s why tough trainers wall you. Building up a real squad (catch a good new teammate, level the weak ones) is how a prepared trainer gets past these. THE MAIN QUEST IS A FIXED PATH you\'re always on: beat the 8 Gym Leaders in order, then the Elite Four, then you win the game. You\'re on GYM 4 of 8 — next is Erika in Celadon City. The road forward leads there: until you\'ve won you are ALWAYS making progress toward the next gym. Grinding/catching/detours are fine — but ONLY with a clear purpose, and then you GET BACK ON THE ROAD to Celadon City. Never just circle the same grass. Word on the road about Erika: the flower lady — GRASS and poison; fire melts her garden, flyers do fine too YOUR STORY SO FAR (what you\'ve actually done — your past, not the future): You\'ve beaten Brock (Boulder), Misty (Cascade), and Lt. Surge in Vermilion for the Thunder Badge — that\'s THREE gyms done. You have Cut and can clear trees on the road. Next is Erika in Celadon City (Rainbow Badge).. Next on my list: catch an pikachu around Viridian Forest (rare) / Power Plant later. It grows into my raichu — that\'s my answer for Lorelei AND Lance down the line. Grabbing it now, before I need it.. THINGS YOU\'VE HEARD AND READ (from people and signs — your own notes, use them when they point somewhere): "Oh, wow, that\'s the BOULDERBADGE! You got it from BROCK, didn\'t you? BROCK is cool. He\'s not just tough. People like and respect him. I want to become a GYM LEA"; "HM05 contains the hidden move FLASH. FLASH lights up even the darkest of caves and dungeons."; "KIRA put the HM05 in the TM CASE."; "KIRA received HM05 from the AIDE.". YOUR PLAN — right now: You\'re ready — stop grinding and head to Celadon City for the Rainbow Badge. Next: You CRUSHED Lt. Surge — ride the momentum: Erika in Celadon City is NEXT (not fought yet); the trainers on the way are your training. Bigger picture: Reach Celadon City, beat Erika for the Rainbow Badge. Your team right now: blastoise (L39), ekans (L14), spearow (L17), rattata (L15), abra the kadabra (L16), caterpie the butterfree (L15). Remember YOU are the one playing this — narrate your plan to chat in your own voice (first person: "I\'m grinding", "my team"), and never ask anyone what you\'re doing or who\'s on your team — you know.. HEADS UP — you just chose \'regroup\' and NOTHING changed (same spot, no progress). Repeating it again will do the same nothing. Pick a DIFFERENT action this time and break the loop.', 'progress': "3 badge(s) earned (Boulder, Cascade, Thunder). Next gym: Erika of Celadon City. Pokédex: 12 caught. She's three badges — over a third of the way there (of 8 badges, then the Elite Four).", 'party': 'blastoise (L39), ekans (L14), spearow (L17), rattata (L15), abra the kadabra (L16), caterpie the butterfree (L15)', 'goal': {'short': "You're ready — stop grinding and head to Celadon City for the Rainbow Badge", 'medium': 'You CRUSHED Lt. Surge — ride the momentum: Erika in Celadon City is NEXT (not fought yet); the trainers on the way are your training', 'long': 'Reach Celadon City, beat Erika for the Rainbow Badge'}} options=['regroup']

   [kira-voice] ORACLE kind=action options=['regroup'] -> pick='regroup'

   [campaign]    [soul] ORACLE pick -> 'regroup'

   [campaign]    [roam] DECISION THINK: 2478ms (world stayed live — pumped idle, not a freeze)

   [campaign]    [roam] PICK OUT: regroup  <- her RECOVERY move (RED)

   [campaign]    [roam] RATIONALE: You're ready — stop grinding and head to Celadon City for the Rainbow Badge. then on to Celadon City for Erika

   [campaign]    [roam] REGROUP: no Center here — riding toward Cerulean City (next hop east -> Cerulean City)

   [Bridge] INPUT OWNER = 'agent' (sole writer; others dropped+logged)

   [travel] start map=(3, 22) coords=(12, 6) -> map (3, 3) (budget 300s)

   [travel] east connection band rows: [2, 3, 4, 5, 10, 11, 12]

   [travel] path blocked at (12, 6) (NPC on the gap?) - waiting

   [pkmn-audio-child] parent closed the pipe (EOF) � clean shutdown.

   [pkmn-audio-child] stopped after 54634 frames.

   [pkmn-audio] stopped (isolated); audio child closed; frame-stepping restored.



================================================================

   PLAY-LIVE RESULT: window-closed

   final: map=(3, 22) coords=(12, 6)  badge=True

   [kira-voice] === 88 fired, 57 gated (0 failed) | by tier: T3=1 T2=42 T1=45 (incl ambient trickle) ===

================================================================

