   [Bridge] INPUT OWNER = 'agent' (sole writer; others dropped+logged)

   [travel] start map=(7, 7) coords=(2, 5) -> coord (3, 7) (budget 60s)

   [travel] north connection band cols: [0, 1, 2, 3, 4, 5, 6, 7, 8, 9, 10, 11]

   [travel] !! WATCHDOG disengage requested — bailing this leg LOUD

   [campaign]    1 door(s); candidates (chosen order): [(3, 7)]

   [campaign]    pick (3, 7) failed — trying adjacent actuatable door (4, 7) (mat-row)

   [Bridge] INPUT OWNER = 'agent' (sole writer; others dropped+logged)

   [travel] start map=(7, 7) coords=(2, 5) -> coord (4, 6) (budget 60s)

   [travel] north connection band cols: [0, 1, 2, 3, 4, 5, 6, 7, 8, 9, 10, 11]

   [travel] !! WATCHDOG disengage requested — bailing this leg LOUD

   [Bridge] INPUT OWNER = 'agent' (sole writer; others dropped+logged)

   [travel] start map=(7, 7) coords=(2, 5) -> coord (4, 8) (budget 45s)

   [travel] north connection band cols: [0, 1, 2, 3, 4, 5, 6, 7, 8, 9, 10, 11]

   [travel] !! WATCHDOG disengage requested — bailing this leg LOUD

   [Bridge] INPUT OWNER = 'agent' (sole writer; others dropped+logged)

   [travel] start map=(7, 7) coords=(2, 5) -> coord (4, 6) (budget 45s)

   [travel] north connection band cols: [0, 1, 2, 3, 4, 5, 6, 7, 8, 9, 10, 11]

   [travel] !! WATCHDOG disengage requested — bailing this leg LOUD

   [Bridge] INPUT OWNER = 'agent' (sole writer; others dropped+logged)

   [travel] start map=(7, 7) coords=(2, 5) -> coord (3, 7) (budget 45s)

   [travel] north connection band cols: [0, 1, 2, 3, 4, 5, 6, 7, 8, 9, 10, 11]

   [travel] !! WATCHDOG disengage requested — bailing this leg LOUD

   [Bridge] INPUT OWNER = 'agent' (sole writer; others dropped+logged)

   [travel] start map=(7, 7) coords=(2, 5) -> coord (5, 7) (budget 45s)

   [travel] north connection band cols: [0, 1, 2, 3, 4, 5, 6, 7, 8, 9, 10, 11]

   [travel] !! WATCHDOG disengage requested — bailing this leg LOUD

   [campaign]    no reachable door warped (entry geometry?) - LOUD

   [Bridge] INPUT OWNER = 'agent' (sole writer; others dropped+logged)

   [travel] start map=(7, 7) coords=(2, 5) -> coord (5, 7) (budget 60s)

   [travel] north connection band cols: [0, 1, 2, 3, 4, 5, 6, 7, 8, 9, 10, 11]

   [travel] !! WATCHDOG disengage requested — bailing this leg LOUD

   [campaign]    1 door(s); candidates (chosen order): [(5, 7)]

   [campaign]    pick (5, 7) failed — trying adjacent actuatable door (4, 7) (mat-row)

   [Bridge] INPUT OWNER = 'agent' (sole writer; others dropped+logged)

   [travel] start map=(7, 7) coords=(2, 5) -> coord (4, 6) (budget 60s)

   [travel] north connection band cols: [0, 1, 2, 3, 4, 5, 6, 7, 8, 9, 10, 11]

   [travel] !! WATCHDOG disengage requested — bailing this leg LOUD

   [Bridge] INPUT OWNER = 'agent' (sole writer; others dropped+logged)

   [travel] start map=(7, 7) coords=(2, 5) -> coord (4, 8) (budget 45s)

   [travel] north connection band cols: [0, 1, 2, 3, 4, 5, 6, 7, 8, 9, 10, 11]

   [travel] !! WATCHDOG disengage requested — bailing this leg LOUD

   [Bridge] INPUT OWNER = 'agent' (sole writer; others dropped+logged)

   [travel] start map=(7, 7) coords=(2, 5) -> coord (4, 6) (budget 45s)

   [travel] north connection band cols: [0, 1, 2, 3, 4, 5, 6, 7, 8, 9, 10, 11]

   [travel] !! WATCHDOG disengage requested — bailing this leg LOUD

   [Bridge] INPUT OWNER = 'agent' (sole writer; others dropped+logged)

   [travel] start map=(7, 7) coords=(2, 5) -> coord (3, 7) (budget 45s)

   [travel] north connection band cols: [0, 1, 2, 3, 4, 5, 6, 7, 8, 9, 10, 11]

   [travel] !! WATCHDOG disengage requested — bailing this leg LOUD

   [Bridge] INPUT OWNER = 'agent' (sole writer; others dropped+logged)

   [travel] start map=(7, 7) coords=(2, 5) -> coord (5, 7) (budget 45s)

   [travel] north connection band cols: [0, 1, 2, 3, 4, 5, 6, 7, 8, 9, 10, 11]

   [travel] !! WATCHDOG disengage requested — bailing this leg LOUD

   [campaign]    no reachable door warped (entry geometry?) - LOUD

   [campaign]    EXIT: floor sealed — engaging the guard: NPC #2 at (7, 2) (from (7, 3))

   [Bridge] INPUT OWNER = 'agent' (sole writer; others dropped+logged)

   [dialogue] +++ "Do you know about RARE CANDY? They don't sell it in shops. I think it makes POK.MON grow very quickly all of a sudden."  tags=[]

   [kira-voice] -> T1·brisk· (dialogue) 'you read: "Do you know about RARE CANDY? They don\'t sell it in shops. I think it makes POK.MON grow very quickly all of a sudden."'  fired=True  [age 0.0s + post 18ms]

   [Bridge] INPUT OWNER = 'agent' (sole writer; others dropped+logged)

   [campaign]    [dlg exit-guard] "Do you know about RARE CANDY? They don't sell it in shops. I think it ma"

   [campaign]    [dlg-uwatch exit-guard] fp[(7, 7) (7,3) f2 D- badge1 $1568 party:6f43 bag:90ea] same line, frozen world x15/90

   [campaign]    [dlg-pace exit-guard] box "Do you know about RARE CANDY? They don't sell it" visible 5.23s (sink 0ms, hold 0.11s, end=closed)

   [Bridge] INPUT OWNER = 'agent' (sole writer; others dropped+logged)

   [travel] start map=(7, 7) coords=(7, 3) -> coord (4, 6) (budget 60s)

   [travel] north connection band cols: [0, 1, 2, 3, 4, 5, 6, 7, 8, 9, 10, 11]

   [travel] !! WATCHDOG disengage requested — bailing this leg LOUD

   [Bridge] INPUT OWNER = 'agent' (sole writer; others dropped+logged)

   [travel] start map=(7, 7) coords=(7, 3) -> coord (4, 8) (budget 45s)

   [travel] north connection band cols: [0, 1, 2, 3, 4, 5, 6, 7, 8, 9, 10, 11]

   [travel] !! WATCHDOG disengage requested — bailing this leg LOUD

   [Bridge] INPUT OWNER = 'agent' (sole writer; others dropped+logged)

   [travel] start map=(7, 7) coords=(7, 3) -> coord (4, 6) (budget 45s)

   [travel] north connection band cols: [0, 1, 2, 3, 4, 5, 6, 7, 8, 9, 10, 11]

   [travel] !! WATCHDOG disengage requested — bailing this leg LOUD

   [Bridge] INPUT OWNER = 'agent' (sole writer; others dropped+logged)

   [travel] start map=(7, 7) coords=(7, 3) -> coord (3, 7) (budget 45s)

   [travel] north connection band cols: [0, 1, 2, 3, 4, 5, 6, 7, 8, 9, 10, 11]

   [travel] !! WATCHDOG disengage requested — bailing this leg LOUD

   [Bridge] INPUT OWNER = 'agent' (sole writer; others dropped+logged)

   [travel] start map=(7, 7) coords=(7, 3) -> coord (5, 7) (budget 45s)

   [travel] north connection band cols: [0, 1, 2, 3, 4, 5, 6, 7, 8, 9, 10, 11]

   [travel] !! WATCHDOG disengage requested — bailing this leg LOUD

   [Bridge] INPUT OWNER = 'agent' (sole writer; others dropped+logged)

   [travel] start map=(7, 7) coords=(7, 3) -> coord (4, 7) (budget 60s)

   [travel] north connection band cols: [0, 1, 2, 3, 4, 5, 6, 7, 8, 9, 10, 11]

   [travel] !! WATCHDOG disengage requested — bailing this leg LOUD

   [Bridge] INPUT OWNER = 'agent' (sole writer; others dropped+logged)

   [travel] start map=(7, 7) coords=(7, 3) -> coord (4, 6) (budget 60s)

   [travel] north connection band cols: [0, 1, 2, 3, 4, 5, 6, 7, 8, 9, 10, 11]

   [travel] !! WATCHDOG disengage requested — bailing this leg LOUD

   [Bridge] INPUT OWNER = 'agent' (sole writer; others dropped+logged)

   [travel] start map=(7, 7) coords=(7, 3) -> coord (4, 8) (budget 45s)

   [travel] north connection band cols: [0, 1, 2, 3, 4, 5, 6, 7, 8, 9, 10, 11]

   [travel] !! WATCHDOG disengage requested — bailing this leg LOUD

   [Bridge] INPUT OWNER = 'agent' (sole writer; others dropped+logged)

   [travel] start map=(7, 7) coords=(7, 3) -> coord (4, 6) (budget 45s)

   [travel] north connection band cols: [0, 1, 2, 3, 4, 5, 6, 7, 8, 9, 10, 11]

   [travel] !! WATCHDOG disengage requested — bailing this leg LOUD

   [Bridge] INPUT OWNER = 'agent' (sole writer; others dropped+logged)

   [travel] start map=(7, 7) coords=(7, 3) -> coord (3, 7) (budget 45s)

   [travel] north connection band cols: [0, 1, 2, 3, 4, 5, 6, 7, 8, 9, 10, 11]

   [travel] !! WATCHDOG disengage requested — bailing this leg LOUD

   [Bridge] INPUT OWNER = 'agent' (sole writer; others dropped+logged)

   [travel] start map=(7, 7) coords=(7, 3) -> coord (5, 7) (budget 45s)

   [travel] north connection band cols: [0, 1, 2, 3, 4, 5, 6, 7, 8, 9, 10, 11]

   [travel] !! WATCHDOG disengage requested — bailing this leg LOUD

   [campaign]    1 door(s); candidates (chosen order): [(4, 7)]

   [Bridge] INPUT OWNER = 'agent' (sole writer; others dropped+logged)

   [travel] start map=(7, 7) coords=(7, 3) -> coord (4, 6) (budget 60s)

   [travel] north connection band cols: [0, 1, 2, 3, 4, 5, 6, 7, 8, 9, 10, 11]

   [travel] !! WATCHDOG disengage requested — bailing this leg LOUD

   [Bridge] INPUT OWNER = 'agent' (sole writer; others dropped+logged)

   [travel] start map=(7, 7) coords=(7, 3) -> coord (4, 8) (budget 45s)

   [travel] north connection band cols: [0, 1, 2, 3, 4, 5, 6, 7, 8, 9, 10, 11]

   [travel] !! WATCHDOG disengage requested — bailing this leg LOUD

   [Bridge] INPUT OWNER = 'agent' (sole writer; others dropped+logged)

   [travel] start map=(7, 7) coords=(7, 3) -> coord (4, 6) (budget 45s)

   [travel] north connection band cols: [0, 1, 2, 3, 4, 5, 6, 7, 8, 9, 10, 11]

   [travel] !! WATCHDOG disengage requested — bailing this leg LOUD

   [Bridge] INPUT OWNER = 'agent' (sole writer; others dropped+logged)

   [travel] start map=(7, 7) coords=(7, 3) -> coord (3, 7) (budget 45s)

   [travel] north connection band cols: [0, 1, 2, 3, 4, 5, 6, 7, 8, 9, 10, 11]

   [travel] !! WATCHDOG disengage requested — bailing this leg LOUD

   [Bridge] INPUT OWNER = 'agent' (sole writer; others dropped+logged)

   [travel] start map=(7, 7) coords=(7, 3) -> coord (5, 7) (budget 45s)

   [travel] north connection band cols: [0, 1, 2, 3, 4, 5, 6, 7, 8, 9, 10, 11]

   [travel] !! WATCHDOG disengage requested — bailing this leg LOUD

   [campaign]    no reachable door warped (entry geometry?) - LOUD

   [Bridge] INPUT OWNER = 'agent' (sole writer; others dropped+logged)

   [travel] start map=(7, 7) coords=(7, 3) -> coord (5, 7) (budget 60s)

   [travel] north connection band cols: [0, 1, 2, 3, 4, 5, 6, 7, 8, 9, 10, 11]

   [travel] !! WATCHDOG disengage requested — bailing this leg LOUD

   [campaign]    1 door(s); candidates (chosen order): [(5, 7)]

   [campaign]    pick (5, 7) failed — trying adjacent actuatable door (4, 7) (mat-row)

   [Bridge] INPUT OWNER = 'agent' (sole writer; others dropped+logged)

   [travel] start map=(7, 7) coords=(7, 3) -> coord (4, 6) (budget 60s)

   [travel] north connection band cols: [0, 1, 2, 3, 4, 5, 6, 7, 8, 9, 10, 11]

   [travel] !! WATCHDOG disengage requested — bailing this leg LOUD

   [Bridge] INPUT OWNER = 'agent' (sole writer; others dropped+logged)

   [travel] start map=(7, 7) coords=(7, 3) -> coord (4, 8) (budget 45s)

   [travel] north connection band cols: [0, 1, 2, 3, 4, 5, 6, 7, 8, 9, 10, 11]

   [travel] !! WATCHDOG disengage requested — bailing this leg LOUD

   [Bridge] INPUT OWNER = 'agent' (sole writer; others dropped+logged)

   [travel] start map=(7, 7) coords=(7, 3) -> coord (4, 6) (budget 45s)

   [travel] north connection band cols: [0, 1, 2, 3, 4, 5, 6, 7, 8, 9, 10, 11]

   [travel] !! WATCHDOG disengage requested — bailing this leg LOUD

   [Bridge] INPUT OWNER = 'agent' (sole writer; others dropped+logged)

   [travel] start map=(7, 7) coords=(7, 3) -> coord (3, 7) (budget 45s)

   [travel] north connection band cols: [0, 1, 2, 3, 4, 5, 6, 7, 8, 9, 10, 11]

   [travel] !! WATCHDOG disengage requested — bailing this leg LOUD

   [Bridge] INPUT OWNER = 'agent' (sole writer; others dropped+logged)

   [travel] start map=(7, 7) coords=(7, 3) -> coord (5, 7) (budget 45s)

   [travel] north connection band cols: [0, 1, 2, 3, 4, 5, 6, 7, 8, 9, 10, 11]

   [travel] !! WATCHDOG disengage requested — bailing this leg LOUD

   [campaign]    no reachable door warped (entry geometry?) - LOUD

   [Bridge] INPUT OWNER = 'agent' (sole writer; others dropped+logged)

   [travel] start map=(7, 7) coords=(7, 3) -> coord (3, 7) (budget 60s)

   [travel] north connection band cols: [0, 1, 2, 3, 4, 5, 6, 7, 8, 9, 10, 11]

   [travel] !! WATCHDOG disengage requested — bailing this leg LOUD

   [campaign]    1 door(s); candidates (chosen order): [(3, 7)]

   [campaign]    pick (3, 7) failed — trying adjacent actuatable door (4, 7) (mat-row)

   [Bridge] INPUT OWNER = 'agent' (sole writer; others dropped+logged)

   [travel] start map=(7, 7) coords=(7, 3) -> coord (4, 6) (budget 60s)

   [travel] north connection band cols: [0, 1, 2, 3, 4, 5, 6, 7, 8, 9, 10, 11]

   [travel] !! WATCHDOG disengage requested — bailing this leg LOUD

   [Bridge] INPUT OWNER = 'agent' (sole writer; others dropped+logged)

   [travel] start map=(7, 7) coords=(7, 3) -> coord (4, 8) (budget 45s)

   [travel] north connection band cols: [0, 1, 2, 3, 4, 5, 6, 7, 8, 9, 10, 11]

   [travel] !! WATCHDOG disengage requested — bailing this leg LOUD

   [Bridge] INPUT OWNER = 'agent' (sole writer; others dropped+logged)

   [travel] start map=(7, 7) coords=(7, 3) -> coord (4, 6) (budget 45s)

   [travel] north connection band cols: [0, 1, 2, 3, 4, 5, 6, 7, 8, 9, 10, 11]

   [travel] !! WATCHDOG disengage requested — bailing this leg LOUD

   [Bridge] INPUT OWNER = 'agent' (sole writer; others dropped+logged)

   [travel] start map=(7, 7) coords=(7, 3) -> coord (3, 7) (budget 45s)

   [travel] north connection band cols: [0, 1, 2, 3, 4, 5, 6, 7, 8, 9, 10, 11]

   [travel] !! WATCHDOG disengage requested — bailing this leg LOUD

   [Bridge] INPUT OWNER = 'agent' (sole writer; others dropped+logged)

   [travel] start map=(7, 7) coords=(7, 3) -> coord (5, 7) (budget 45s)

   [travel] north connection band cols: [0, 1, 2, 3, 4, 5, 6, 7, 8, 9, 10, 11]

   [travel] !! WATCHDOG disengage requested — bailing this leg LOUD

   [campaign]    no reachable door warped (entry geometry?) - LOUD

   [campaign]    !! EXIT-BUILDING: still inside (7, 7)@(7, 3) - LOUD

   [campaign]    MART: shopping done — {22: 6, 4: 3} (money now 1568)

   [campaign]    [roam] RESULT: stock_up -> stocked | pos (3, 3)(25, 31) -> (7, 7)(7, 3) (MOVED)

   [campaign]    ⛰️  CAMPAIGN SAVE [new_area] -> campaign/kira_campaign.state  (map=(7, 7) coords=(7, 3) badges=1 party=1)

   [kira-voice] -> T2·savor· (shop) 'stocked up on potions — better to have them and not need them'  fired=True  [age 0.0s + post 6ms]

   [campaign]    [sanctity] bundle VALID (schema/encoding/truth/monotonic all clean)

   [campaign]    📌 AUTO-CHECKPOINT [gain-new_area] -> checkpoints/20260730_095133_the-cerulean-pok-mart_1b_23h56m_gain-new-area  (4 bundle file(s))

   [campaign]    [roam] tick opened inside interior (7, 7)@(7, 3) with no battle since last tick — NOT a blackout; continuing (mid-route interior)

   [campaign]    [world] learned 3 warp(s) on (7, 7): (3, 7)->(3, 3), (4, 7)->(3, 3), (5, 7)->(3, 3)

   [campaign]    [world] learned 3 warp(s) on (7, 7): (3, 7)->(3, 3), (4, 7)->(3, 3), (5, 7)->(3, 3)

   [campaign]    [roam] !! GYM-READINESS FLOOR: not ready for Misty (a real team (1/3 mons), levels (top 19 vs bar 22)) — pruned head_to_gym; strengthen: ['travel:3,22', 'travel:3,43', 'travel:3,27', 'travel:3,21']

   [campaign]    [roam] known-good snapshot SKIPPED — this spot can't reach a Center; refusing to bank a poisoned escape target (would reload back into the strand)

   [campaign] -- ROAM TICK 2/100000000 --

   [campaign]    [roam] STATE IN: the Cerulean Poké Mart (7, 3) | badges=1 (Boulder) | party=[wartortle L19] | 1 badge(s) earned (Boulder). Next gym: Misty of Cerulean City. Pokédex: 2 caught. She's one badge in — the adventure's really starting (of 8 badges, then the Elite Four).

   [campaign]    [roam] PROGRESS: GREEN (unchanged 0 ticks) | fp[(7, 7) (7,3) f1 -- badge1 $1568 party:6f43 bag:90ea]

   [campaign]    [roam] !!!! WATCHDOG DISENGAGE #1 at (7, 7)@(2, 5) (reason=frozen_world, frozen 8.0s) — top-level recovery, sub-layer-agnostic

   [campaign]    [roam] wedge spot: blocking (2, 4) on (7, 7) (route around it) + marking (2, 5) a resolved talk-spot — unified block memory now 2 tile(s)

   [kira-voice] ·floor· (<1s since last) T2 "I've been stuck on the same spot going nowhere — backing off and trying something different."

   [campaign]    [roam] tick opened inside interior (7, 7)@(7, 3) with no battle since last tick — NOT a blackout; continuing (mid-route interior)

   [campaign]    [world] learned 3 warp(s) on (7, 7): (3, 7)->(3, 3), (4, 7)->(3, 3), (5, 7)->(3, 3)

   [campaign]    [world] learned 3 warp(s) on (7, 7): (3, 7)->(3, 3), (4, 7)->(3, 3), (5, 7)->(3, 3)

   [campaign]    [roam] !! GYM-READINESS FLOOR: not ready for Misty (a real team (1/3 mons), levels (top 19 vs bar 22)) — pruned head_to_gym; strengthen: ['travel:3,22', 'travel:3,43', 'travel:3,27', 'travel:3,21']

   [campaign]    [roam] known-good snapshot SKIPPED — this spot can't reach a Center; refusing to bank a poisoned escape target (would reload back into the strand)

   [campaign] -- ROAM TICK 3/100000000 --

   [campaign]    [roam] STATE IN: the Cerulean Poké Mart (7, 3) | badges=1 (Boulder) | party=[wartortle L19] | 1 badge(s) earned (Boulder). Next gym: Misty of Cerulean City. Pokédex: 2 caught. She's one badge in — the adventure's really starting (of 8 badges, then the Elite Four).

   [campaign]    [roam] PROGRESS: GREEN (unchanged 1 ticks) | fp[(7, 7) (7,3) f1 -- badge1 $1568 party:6f43 bag:90ea]

   [campaign]    [roam] OPTIONS OFFERED: ['heal', 'talk_npc', 'travel:3,22', 'travel:3,43', 'travel:3,27', 'travel:3,21']

   [campaign]    [roam] STRATEGY roster: feeding team-shape awareness to the oracle

   [campaign]    [soul] ORACLE decision: kind=action ctx={'place': 'You\'re in the Cerulean Poké Mart — indoors, inside a building (rooms and doors — NOT a cave).. Places you\'ve been with wild Pokémon you can walk back to: Route 4; an unfamiliar area; an unfamiliar area. You can walk to anywhere you\'ve already been.. Okay — to get past this I need the S.S. Ticket — a guy named Bill, in the house past the Nugget Bridge to the north, hands it over.. Roster check: it\'s just wartortle carrying the whole run solo — no backup, no type coverage, nothing to switch to if you hit a bad matchup. Catching a teammate or two would give you options. (A solo run is a real choice too — your call.). HOW POKÉMON WORKS (what you\'re playing for): the GOAL is to earn 8 Gym Badges, beat the Elite Four, and roll the credits — that\'s beating the game. You build a TEAM of up to 6 Pokémon you like AND that cover each other (types/roles) — a solo carry with a dead-weight bench is a losing setup; a real trainer fields a balanced, levelled squad. CATCHING wild Pokémon is central (\'gotta catch \'em all\') — you catch to build that team and to fill the Pokédex. When you meet a wild Pokémon, weigh it: is it cool/strong/useful, does it cover a gap, is it better than a bench-warmer? — keep your best ~6, and build a squad you actually like. THE ARC: build a team -> beat the 8 gyms prepared -> Elite Four -> credits. ALSO NORMAL: you entered your own name (and your rival\'s) when the game began — people in this world knowing your names is ordinary, not a mystery to react to. RIGHT NOW your team is thin/lopsided (a strong lead but weak or too few others) — that\'s why tough trainers wall you. Building up a real squad (catch a good new teammate, level the weak ones) is how a prepared trainer gets past these. THE MAIN QUEST IS A FIXED PATH you\'re always on: beat the 8 Gym Leaders in order, then the Elite Four, then you win the game. You\'re on GYM 2 of 8 — next is Misty in Cerulean City. The road forward leads there: until you\'ve won you are ALWAYS making progress toward the next gym. Grinding/catching/detours are fine — but ONLY with a clear purpose, and then you GET BACK ON THE ROAD to Cerulean City. Never just circle the same grass. Word on the road about Misty: she runs WATER-types — a whole gym over a pool; grass and electric do the work YOUR STORY SO FAR (what you\'ve actually done — your past, not the future): You started in Pallet Town, crossed Route 1-2 and Viridian Forest, and beat Brock in Pewter City for the Boulder Badge. Now you\'re pushing on toward the next gym.. Next on my list: catch an abra around Route 24 / Route 25. It grows into my alakazam — that\'s my answer for Erika AND Koga down the line. Grabbing it now, before I need it.. THINGS YOU\'VE HEARD AND READ (from people and signs — your own notes, use them when they point somewhere): "What? I\'m waiting for my friends to find me here."; "POK. BALL, and you want 1. That will be .200. Okay?"; "POK. BALL? Certainly. How many would you like?". YOUR PLAN — right now: Find a second teammate before Misty. Next: Make your way to Cerulean City. Bigger picture: Reach Cerulean City, beat Misty for the Cascade Badge. Your team right now: wartortle (L19). Remember YOU are the one playing this — narrate your plan to chat in your own voice (first person: "I\'m grinding", "my team"), and never ask anyone what you\'re doing or who\'s on your team — you know.', 'progress': "1 badge(s) earned (Boulder). Next gym: Misty of Cerulean City. Pokédex: 2 caught. She's one badge in — the adventure's really starting (of 8 badges, then the Elite Four).", 'party': 'wartortle (L19)', 'goal': {'short': 'Find a second teammate before Misty', 'medium': 'Make your way to Cerulean City', 'long': 'Reach Cerulean City, beat Misty for the Cascade Badge'}} options=['heal', 'talk_npc', 'travel:3,22', 'travel:3,43', 'travel:3,27', 'travel:3,21']

   [kira-voice] ORACLE kind=action options=['heal', 'talk_npc', 'travel:3,22', 'travel:3,43', 'travel:3,27', 'travel:3,21'] -> pick='travel:3,21'

   [campaign]    [soul] ORACLE pick -> 'travel:3,21'

   [campaign]    [roam] DECISION THINK: 3874ms (world stayed live — pumped idle, not a freeze)

   [campaign]    [roam] PICK OUT: travel:3,21

   [campaign]    [roam] RATIONALE: Routing to a place I need then on to Cerulean City for Misty.

   [campaign]    [roam] TRAVEL: the Cerulean Poké Mart -> Route 3 (next hop warp (3, 7) -> Cerulean City)

   [Bridge] INPUT OWNER = 'agent' (sole writer; others dropped+logged)

   [travel] start map=(7, 7) coords=(7, 3) -> coord (3, 7) (budget 300s)

   [travel] north connection band cols: [0, 1, 2, 3, 4, 5, 6, 7, 8, 9, 10, 11]

   [travel] releasing 1 stale NPC block(s) [(2, 4)] — tile(s) read empty now (wanderer moved on)

   [travel] step 0: (7, 3)->(6, 3) map=(7, 7) (path 9 to exit)

   [travel] reached target coord (3, 7)

   [campaign]    1 door(s); candidates (chosen order): [(3, 7)]

   [campaign]    pick (3, 7) failed — trying adjacent actuatable door (4, 7) (mat-row)

   [Bridge] INPUT OWNER = 'agent' (sole writer; others dropped+logged)

   [travel] start map=(7, 7) coords=(3, 7) -> coord (4, 6) (budget 60s)

   [travel] north connection band cols: [0, 1, 2, 3, 4, 5, 6, 7, 8, 9, 10, 11]

   [travel] step 0: (3, 7)->(3, 6) map=(7, 7) (path 3 to exit)

   [travel] reached target coord (4, 6)

   [campaign]    directional warp (4, 7) (behavior 0x65) entered via DOWN

   [campaign]    [world] learned 14 warp(s) on (3, 3): (10, 11)->(7, 0), (30, 11)->(7, 1), (15, 17)->(7, 2), (22, 19)->(7, 3), (31, 21)->(7, 5), (13, 28)->(7, 6)

   [campaign]    WARPED (7, 7) -> (3, 3) via mat-row door (4, 7)

   [campaign]    [roam] RESULT: travel:3,21 -> hop_ok | pos (7, 7)(7, 3) -> (3, 3)(29, 29) (MOVED)

   [campaign]    ⛰️  CAMPAIGN SAVE [new_area] -> campaign/kira_campaign.state  (map=(3, 3) coords=(29, 29) badges=1 party=1)

   [campaign]    [sanctity] bundle VALID (schema/encoding/truth/monotonic all clean)

   [campaign]    📌 AUTO-CHECKPOINT [gain-new_area] -> checkpoints/20260730_095149_cerulean-city_1b_23h56m_gain-new-area  (4 bundle file(s))

   [campaign]    [world] learned 14 warp(s) on (3, 3): (10, 11)->(7, 0), (30, 11)->(7, 1), (15, 17)->(7, 2), (22, 19)->(7, 3), (31, 21)->(7, 5), (13, 28)->(7, 6)

   [campaign]    [roam] grass she KNOWS: routing west -> (3, 22) toward Route 4 (visited grass, avoiding any wall)

   [campaign]    [roam] !! GYM-READINESS FLOOR: not ready for Misty (a real team (1/3 mons), levels (top 19 vs bar 22)) — pruned head_to_gym; strengthen: ['battle', 'wander_catch', 'travel:3,22', 'travel:3,43', 'travel:3,27', 'travel:3,21']

   [campaign] -- ROAM TICK 4/100000000 --

   [campaign]    [roam] STATE IN: Cerulean City (29, 29) | badges=1 (Boulder) | party=[wartortle L19] | 1 badge(s) earned (Boulder). Next gym: Misty of Cerulean City. Pokédex: 2 caught. She's one badge in — the adventure's really starting (of 8 badges, then the Elite Four).

   [campaign]    [roam] PROGRESS: GREEN (unchanged 0 ticks) | fp[(3, 3) (29,29) f1 -- badge1 $1568 party:6f43 bag:90ea]

   [campaign]    [roam] OPTIONS OFFERED: ['heal', 'battle', 'wander_catch', 'talk_npc', 'travel:3,22', 'travel:3,43', 'travel:3,27', 'travel:3,21']

   [campaign]    [soul] surface_want FIRE -> Cerulean City

   [campaign]    [soul] ORACLE decision: kind=want ctx={'place': "You're in Cerulean City — outdoors under open sky (a town with a Pokémon Center and a Mart; tall grass around — wild Pokémon live in it).. ALREADY BESIDE YOU — your current team: wartortle (L19). A want is something you DON'T yet have; never wish for a teammate who's already on your team.", 'map': (3, 3), 'badges': ['Boulder'], 'progress': "1 badge(s) earned (Boulder). Next gym: Misty of Cerulean City. Pokédex: 2 caught. She's one badge in — the adventure's really starting (of 8 badges, then the Elite Four).", 'party': 'wartortle (L19)', 'goal': {'short': 'Find a second teammate before Misty', 'medium': 'Make your way to Cerulean City', 'long': 'Reach Cerulean City, beat Misty for the Cascade Badge'}} options=['eevee', 'fossil', 'starters', 'rare', 'legendaries']

   [kira-voice] ORACLE kind=want options=['eevee', 'fossil', 'starters', 'rare', 'legendaries'] -> pick='catch a second teammate on Route 3'

   [campaign]    [soul] ORACLE pick -> 'catch a second teammate on Route 3'

   [campaign]    [roam] STRATEGY roster: feeding team-shape awareness to the oracle

   [campaign]    [soul] ORACLE decision: kind=action ctx={'place': 'You\'re in Cerulean City — outdoors under open sky (a town with a Pokémon Center and a Mart; tall grass around — wild Pokémon live in it).. From here: NORTH → an unexplored area — wild Pokémon to catch/train; SOUTH → an unexplored area; EAST → an unexplored area — wild Pokémon to catch/train; WEST → Route 4 — wild Pokémon to catch/train, a Pokémon Center. Places you\'ve been with wild Pokémon you can walk back to: Route 3; an unfamiliar area; an unfamiliar area. You can walk to anywhere you\'ve already been.. Okay — to get past this I need the S.S. Ticket — a guy named Bill, in the house past the Nugget Bridge to the north, hands it over.. Roster check: it\'s just wartortle carrying the whole run solo — no backup, no type coverage, nothing to switch to if you hit a bad matchup. Catching a teammate or two would give you options. (A solo run is a real choice too — your call.). HOW POKÉMON WORKS (what you\'re playing for): the GOAL is to earn 8 Gym Badges, beat the Elite Four, and roll the credits — that\'s beating the game. You build a TEAM of up to 6 Pokémon you like AND that cover each other (types/roles) — a solo carry with a dead-weight bench is a losing setup; a real trainer fields a balanced, levelled squad. CATCHING wild Pokémon is central (\'gotta catch \'em all\') — you catch to build that team and to fill the Pokédex. When you meet a wild Pokémon, weigh it: is it cool/strong/useful, does it cover a gap, is it better than a bench-warmer? — keep your best ~6, and build a squad you actually like. THE ARC: build a team -> beat the 8 gyms prepared -> Elite Four -> credits. ALSO NORMAL: you entered your own name (and your rival\'s) when the game began — people in this world knowing your names is ordinary, not a mystery to react to. RIGHT NOW your team is thin/lopsided (a strong lead but weak or too few others) — that\'s why tough trainers wall you. Building up a real squad (catch a good new teammate, level the weak ones) is how a prepared trainer gets past these. THE MAIN QUEST IS A FIXED PATH you\'re always on: beat the 8 Gym Leaders in order, then the Elite Four, then you win the game. You\'re on GYM 2 of 8 — next is Misty in Cerulean City. The road forward leads there: until you\'ve won you are ALWAYS making progress toward the next gym. Grinding/catching/detours are fine — but ONLY with a clear purpose, and then you GET BACK ON THE ROAD to Cerulean City. Never just circle the same grass. Word on the road about Misty: she runs WATER-types — a whole gym over a pool; grass and electric do the work YOUR STORY SO FAR (what you\'ve actually done — your past, not the future): You started in Pallet Town, crossed Route 1-2 and Viridian Forest, and beat Brock in Pewter City for the Boulder Badge. Now you\'re pushing on toward the next gym.. Next on my list: catch an abra around Route 24 / Route 25. It grows into my alakazam — that\'s my answer for Erika AND Koga down the line. Grabbing it now, before I need it.. THINGS YOU\'VE HEARD AND READ (from people and signs — your own notes, use them when they point somewhere): "What? I\'m waiting for my friends to find me here."; "POK. BALL, and you want 1. That will be .200. Okay?"; "POK. BALL? Certainly. How many would you like?". YOUR PLAN — right now: catch a second teammate on Route 3. Next: Make your way to Cerulean City. Bigger picture: Reach Cerulean City, beat Misty for the Cascade Badge. Your team right now: wartortle (L19). Remember YOU are the one playing this — narrate your plan to chat in your own voice (first person: "I\'m grinding", "my team"), and never ask anyone what you\'re doing or who\'s on your team — you know.. RECALIBRATE — before the last detour you\'d set out to: "head back to Route 3 — wild Pokémon to catch and level up". That\'s still available. Unless something fundamental has actually changed, pick it back up and continue — don\'t lose the thread to aimless wandering.', 'progress': "1 badge(s) earned (Boulder). Next gym: Misty of Cerulean City. Pokédex: 2 caught. She's one badge in — the adventure's really starting (of 8 badges, then the Elite Four).", 'party': 'wartortle (L19)', 'goal': {'short': 'catch a second teammate on Route 3', 'medium': 'Make your way to Cerulean City', 'long': 'Reach Cerulean City, beat Misty for the Cascade Badge'}} options=['heal', 'battle', 'wander_catch', 'talk_npc', 'travel:3,22', 'travel:3,43', 'travel:3,27', 'travel:3,21']

   [kira-voice] -> T2·savor· (want) 'catch a second teammate on Route 3'  fired=True  [age 0.0s + post 5ms]

   [kira-voice] ORACLE kind=action options=['heal', 'battle', 'wander_catch', 'talk_npc', 'travel:3,22', 'travel:3,43', 'travel:3,27', 'travel:3,21'] -> pick='travel:3,21'

   [campaign]    [soul] ORACLE pick -> 'travel:3,21'

   [campaign]    [roam] DECISION THINK: 3662ms (world stayed live — pumped idle, not a freeze)

   [campaign]    [roam] PICK OUT: travel:3,21

   [campaign]    [roam] RATIONALE: Routing to a place I need then on to Cerulean City for Misty.

   [campaign]    [roam] TRAVEL: Cerulean City -> Route 3 (next hop west -> Route 4)

   [Bridge] INPUT OWNER = 'agent' (sole writer; others dropped+logged)

   [travel] start map=(3, 3) coords=(29, 29) -> map (3, 22) (budget 300s)

   [travel] west connection band rows: [0, 1, 2, 3, 4, 5, 6, 7, 8, 9, 13, 14, 20, 21, 22, 30, 31, 32, 33, 34, 35, 36, 37, 38, 39]

   [travel] step 0: (29, 29)->(28, 29) map=(3, 3) (path 37 to exit)

   [travel] step 10: (20, 28)->(20, 27) map=(3, 3) (path 27 to exit)

   [travel] step 20: (16, 22)->(15, 22) map=(3, 3) (path 17 to exit)

   [travel] step 30: (6, 22)->(5, 22) map=(3, 3) (path 7 to exit)

   [travel] MAP TRANSITION (3, 3) -> (3, 22)

   [campaign]    [world] learned 3 warp(s) on (3, 22): (19, 5)->(1, 1), (32, 5)->(1, 2), (12, 5)->(16, 0)

   [travel] west connection band rows: [0, 1, 2, 3, 4, 5, 6, 7, 8, 9, 10, 11, 12, 13, 14, 15, 16, 17, 18, 19]

   [travel] ARRIVED at target map (3, 22) coords=(107, 12)

   [campaign]    [roam] RESULT: travel:3,21 -> hop_ok | pos (3, 3)(29, 29) -> (3, 22)(107, 12) (MOVED)

   [campaign]    ⛰️  CAMPAIGN SAVE [new_area] -> campaign/kira_campaign.state  (map=(3, 22) coords=(107, 12) badges=1 party=1)

   [kira-voice] -> T1·brisk· (beat) 'made it to a new area'  fired=True  [age 0.0s + post 7ms]

   [campaign]    [sanctity] bundle VALID (schema/encoding/truth/monotonic all clean)

   [campaign]    📌 AUTO-CHECKPOINT [gain-new_area] -> checkpoints/20260730_095201_route-4_1b_23h56m_gain-new-area  (4 bundle file(s))

   [campaign]    [world] learned 3 warp(s) on (3, 22): (19, 5)->(1, 1), (32, 5)->(1, 2), (12, 5)->(16, 0)

   [campaign]    [roam] !! GYM-READINESS FLOOR: not ready for Misty (a real team (1/3 mons), levels (top 19 vs bar 22)) — pruned head_to_gym; strengthen: ['battle', 'wander_catch', 'travel:3,21', 'travel:3,43', 'travel:3,27', 'travel:3,20', 'travel:3,26']

   [campaign] -- ROAM TICK 5/100000000 --

   [campaign]    [roam] STATE IN: Route 4 (107, 12) | badges=1 (Boulder) | party=[wartortle L19] | 1 badge(s) earned (Boulder). Next gym: Misty of Cerulean City. Pokédex: 2 caught. She's one badge in — the adventure's really starting (of 8 badges, then the Elite Four).

   [campaign]    [roam] PROGRESS: GREEN (unchanged 0 ticks) | fp[(3, 22) (107,12) f3 -- badge1 $1568 party:6f43 bag:90ea]

   [campaign]    [roam] OPTIONS OFFERED: ['heal', 'battle', 'wander_catch', 'talk_npc', 'travel:3,21', 'travel:3,43', 'travel:3,27', 'travel:3,20', 'travel:3,26']

   [campaign]    [roam] STRATEGY roster: feeding team-shape awareness to the oracle

   [campaign]    [soul] ORACLE decision: kind=action ctx={'place': 'You\'re on Route 4 — outdoors under open sky (a town with a Pokémon Center; tall grass around — wild Pokémon live in it).. From here: SOUTH → Route 3 — wild Pokémon to catch/train; EAST → Cerulean City — a Mart, a Pokémon Center. Places you\'ve been with wild Pokémon you can walk back to: an unfamiliar area; an unfamiliar area; Route 2. You can walk to anywhere you\'ve already been.. Okay — to get past this I need the S.S. Ticket — a guy named Bill, in the house past the Nugget Bridge to the north, hands it over.. Roster check: it\'s just wartortle carrying the whole run solo — no backup, no type coverage, nothing to switch to if you hit a bad matchup. Catching a teammate or two would give you options. (A solo run is a real choice too — your call.). HOW POKÉMON WORKS (what you\'re playing for): the GOAL is to earn 8 Gym Badges, beat the Elite Four, and roll the credits — that\'s beating the game. You build a TEAM of up to 6 Pokémon you like AND that cover each other (types/roles) — a solo carry with a dead-weight bench is a losing setup; a real trainer fields a balanced, levelled squad. CATCHING wild Pokémon is central (\'gotta catch \'em all\') — you catch to build that team and to fill the Pokédex. When you meet a wild Pokémon, weigh it: is it cool/strong/useful, does it cover a gap, is it better than a bench-warmer? — keep your best ~6, and build a squad you actually like. THE ARC: build a team -> beat the 8 gyms prepared -> Elite Four -> credits. ALSO NORMAL: you entered your own name (and your rival\'s) when the game began — people in this world knowing your names is ordinary, not a mystery to react to. RIGHT NOW your team is thin/lopsided (a strong lead but weak or too few others) — that\'s why tough trainers wall you. Building up a real squad (catch a good new teammate, level the weak ones) is how a prepared trainer gets past these. THE MAIN QUEST IS A FIXED PATH you\'re always on: beat the 8 Gym Leaders in order, then the Elite Four, then you win the game. You\'re on GYM 2 of 8 — next is Misty in Cerulean City. The road forward leads there: until you\'ve won you are ALWAYS making progress toward the next gym. Grinding/catching/detours are fine — but ONLY with a clear purpose, and then you GET BACK ON THE ROAD to Cerulean City. Never just circle the same grass. Word on the road about Misty: she runs WATER-types — a whole gym over a pool; grass and electric do the work YOUR STORY SO FAR (what you\'ve actually done — your past, not the future): You started in Pallet Town, crossed Route 1-2 and Viridian Forest, and beat Brock in Pewter City for the Boulder Badge. Now you\'re pushing on toward the next gym.. Next on my list: catch an abra around Route 24 / Route 25. It grows into my alakazam — that\'s my answer for Erika AND Koga down the line. Grabbing it now, before I need it.. THINGS YOU\'VE HEARD AND READ (from people and signs — your own notes, use them when they point somewhere): "What? I\'m waiting for my friends to find me here."; "POK. BALL, and you want 1. That will be .200. Okay?"; "POK. BALL? Certainly. How many would you like?". YOUR PLAN — right now: catch a second teammate on Route 3. Next: Make your way to Cerulean City. Bigger picture: Reach Cerulean City, beat Misty for the Cascade Badge. Your team right now: wartortle (L19). Remember YOU are the one playing this — narrate your plan to chat in your own voice (first person: "I\'m grinding", "my team"), and never ask anyone what you\'re doing or who\'s on your team — you know.. RECALIBRATE — before the last detour you\'d set out to: "head back to Route 3 — wild Pokémon to catch and level up". That\'s still available. Unless something fundamental has actually changed, pick it back up and continue — don\'t lose the thread to aimless wandering.', 'progress': "1 badge(s) earned (Boulder). Next gym: Misty of Cerulean City. Pokédex: 2 caught. She's one badge in — the adventure's really starting (of 8 badges, then the Elite Four).", 'party': 'wartortle (L19)', 'goal': {'short': 'catch a second teammate on Route 3', 'medium': 'Make your way to Cerulean City', 'long': 'Reach Cerulean City, beat Misty for the Cascade Badge'}} options=['heal', 'battle', 'wander_catch', 'talk_npc', 'travel:3,21', 'travel:3,43', 'travel:3,27', 'travel:3,20', 'travel:3,26']

   [kira-voice] ORACLE kind=action options=['heal', 'battle', 'wander_catch', 'talk_npc', 'travel:3,21', 'travel:3,43', 'travel:3,27', 'travel:3,20', 'travel:3,26'] -> pick='travel:3,21'

   [campaign]    [soul] ORACLE pick -> 'travel:3,21'

   [campaign]    [roam] DECISION THINK: 2388ms (world stayed live — pumped idle, not a freeze)

   [campaign]    [roam] PICK OUT: travel:3,21

   [campaign]    [roam] RATIONALE: Routing to a place I need then on to Cerulean City for Misty.

   [campaign]    [roam] TRAVEL: Route 4 -> Route 3 (next hop south -> Route 3)

   [Bridge] INPUT OWNER = 'agent' (sole writer; others dropped+logged)

   [travel] start map=(3, 22) coords=(107, 12) -> map (3, 21) (budget 300s)

   [travel] south connection band cols: [8, 9, 10, 11, 12, 13, 14, 15, 24, 25, 26, 27, 28, 29, 30, 31, 32, 33, 34, 35, 36, 37, 38, 39, 40, 41, 42, 43, 44, 45, 46, 47, 48, 49, 50, 51, 52, 53, 54, 55, 56, 57, 58, 59, 60, 61, 62, 63, 64, 65, 66, 67, 68, 69, 70, 71, 72, 73, 74, 75, 76, 77, 78, 79, 80, 81, 82, 83, 84, 85, 86, 87, 88, 89, 90, 91, 92, 93, 94, 95, 96, 97, 98, 99, 100, 101, 102, 103, 104, 105, 106, 107]

   [travel] path blocked at (107, 12) (NPC on the gap?) - waiting

   [travel] no clean path from (107, 12) AND no NPC-allowing path (npcs nearby=[(116, 12)]) - genuine wall/zone gap, will time out

   [travel] !! TRAVEL WEDGE: identical fp x4 retries at (107, 12) map=(3, 22) (reason=no_route) -> returning to roam LOUD (no inner spin)

   [kira-voice] -> T1·brisk· (event) "I can't find a way through here — let me rethink this"  fired=True  [age 0.0s + post 2ms]

   [Bridge] INPUT OWNER = 'agent' (sole writer; others dropped+logged)

   [travel] start map=(3, 22) coords=(107, 12) -> map (3, 21) (budget 180s)

   [travel] south connection band cols: [8, 9, 10, 11, 12, 13, 14, 15, 24, 25, 26, 27, 28, 29, 30, 31, 32, 33, 34, 35, 36, 37, 38, 39, 40, 41, 42, 43, 44, 45, 46, 47, 48, 49, 50, 51, 52, 53, 54, 55, 56, 57, 58, 59, 60, 61, 62, 63, 64, 65, 66, 67, 68, 69, 70, 71, 72, 73, 74, 75, 76, 77, 78, 79, 80, 81, 82, 83, 84, 85, 86, 87, 88, 89, 90, 91, 92, 93, 94, 95, 96, 97, 98, 99, 100, 101, 102, 103, 104, 105, 106, 107]

   [travel] path blocked at (107, 12) (NPC on the gap?) - waiting

   [travel] no clean path from (107, 12) AND no NPC-allowing path (npcs nearby=[(116, 12)]) - genuine wall/zone gap, will time out

   [travel] !! TRAVEL WEDGE: identical fp x4 retries at (107, 12) map=(3, 22) (reason=no_route) -> returning to roam LOUD (no inner spin)

   [Bridge] INPUT OWNER = 'agent' (sole writer; others dropped+logged)

   [travel] start map=(3, 22) coords=(107, 12) -> map (3, 21) (budget 180s)

   [travel] south connection band cols: [8, 9, 10, 11, 12, 13, 14, 15, 24, 25, 26, 27, 28, 29, 30, 31, 32, 33, 34, 35, 36, 37, 38, 39, 40, 41, 42, 43, 44, 45, 46, 47, 48, 49, 50, 51, 52, 53, 54, 55, 56, 57, 58, 59, 60, 61, 62, 63, 64, 65, 66, 67, 68, 69, 70, 71, 72, 73, 74, 75, 76, 77, 78, 79, 80, 81, 82, 83, 84, 85, 86, 87, 88, 89, 90, 91, 92, 93, 94, 95, 96, 97, 98, 99, 100, 101, 102, 103, 104, 105, 106, 107]

   [travel] path blocked at (107, 12) (NPC on the gap?) - waiting

   [travel] no clean path from (107, 12) AND no NPC-allowing path (npcs nearby=[(116, 12)]) - genuine wall/zone gap, will time out

   [travel] !! TRAVEL WEDGE: identical fp x4 retries at (107, 12) map=(3, 22) (reason=no_route) -> returning to roam LOUD (no inner spin)

   [Bridge] INPUT OWNER = 'agent' (sole writer; others dropped+logged)

   [travel] start map=(3, 22) coords=(107, 12) -> map (3, 21) (budget 180s)

   [travel] south connection band cols: [8, 9, 10, 11, 12, 13, 14, 15, 24, 25, 26, 27, 28, 29, 30, 31, 32, 33, 34, 35, 36, 37, 38, 39, 40, 41, 42, 43, 44, 45, 46, 47, 48, 49, 50, 51, 52, 53, 54, 55, 56, 57, 58, 59, 60, 61, 62, 63, 64, 65, 66, 67, 68, 69, 70, 71, 72, 73, 74, 75, 76, 77, 78, 79, 80, 81, 82, 83, 84, 85, 86, 87, 88, 89, 90, 91, 92, 93, 94, 95, 96, 97, 98, 99, 100, 101, 102, 103, 104, 105, 106, 107]

   [travel] path blocked at (107, 12) (NPC on the gap?) - waiting

   [travel] no clean path from (107, 12) AND no NPC-allowing path (npcs nearby=[(116, 12)]) - genuine wall/zone gap, will time out

   [travel] !! TRAVEL WEDGE: identical fp x4 retries at (107, 12) map=(3, 22) (reason=no_route) -> returning to roam LOUD (no inner spin)

   [campaign]    [roam] RESULT: travel:3,21 -> travel:no_path | pos (3, 22)(107, 12) -> (3, 22)(107, 12) (NO MOVEMENT)

   [campaign]    [roam] !! SILENT NO-MOVE: 'travel:3,21' returned 'travel:no_path' but her position never changed (streak 1, dead routes ['travel:3,21']) — not moving her; ALL dead routes get pruned next tick so she must do something that works

   [campaign]    ⛰️  CAMPAIGN SAVE [tick5] -> campaign/kira_campaign.state  (map=(3, 22) coords=(107, 12) badges=1 party=1)

   [campaign]    [sanctity] bundle VALID (schema/encoding/truth/monotonic all clean)

   [campaign]    [world] learned 3 warp(s) on (3, 22): (19, 5)->(1, 1), (32, 5)->(1, 2), (12, 5)->(16, 0)

   [campaign]    [roam] !! GYM-READINESS FLOOR: not ready for Misty (a real team (1/3 mons), levels (top 19 vs bar 22)) — pruned head_to_gym; strengthen: ['battle', 'wander_catch', 'travel:3,21', 'travel:3,43', 'travel:3,27', 'travel:3,20', 'travel:3,26']

   [campaign] -- ROAM TICK 6/100000000 --

   [campaign]    [roam] STATE IN: Route 4 (107, 12) | badges=1 (Boulder) | party=[wartortle L19] | 1 badge(s) earned (Boulder). Next gym: Misty of Cerulean City. Pokédex: 2 caught. She's one badge in — the adventure's really starting (of 8 badges, then the Elite Four).

   [campaign]    [roam] PROGRESS: GREEN (unchanged 1 ticks) | fp[(3, 22) (107,12) f3 -- badge1 $1568 party:6f43 bag:90ea]

   [campaign]    [roam] OPTIONS OFFERED: ['heal', 'battle', 'wander_catch', 'talk_npc', 'travel:3,21', 'travel:3,43', 'travel:3,27', 'travel:3,20', 'travel:3,26']

   [campaign]    [roam] STRATEGY roster: feeding team-shape awareness to the oracle

   [campaign]    [soul] ORACLE decision: kind=action ctx={'place': 'You\'re on Route 4 — outdoors under open sky (a town with a Pokémon Center; tall grass around — wild Pokémon live in it).. From here: SOUTH → Route 3 — wild Pokémon to catch/train; EAST → Cerulean City — a Mart, a Pokémon Center. Places you\'ve been with wild Pokémon you can walk back to: an unfamiliar area; an unfamiliar area; Route 2. You can walk to anywhere you\'ve already been.. Okay — to get past this I need the S.S. Ticket — a guy named Bill, in the house past the Nugget Bridge to the north, hands it over.. Roster check: it\'s just wartortle carrying the whole run solo — no backup, no type coverage, nothing to switch to if you hit a bad matchup. Catching a teammate or two would give you options. (A solo run is a real choice too — your call.). HOW POKÉMON WORKS (what you\'re playing for): the GOAL is to earn 8 Gym Badges, beat the Elite Four, and roll the credits — that\'s beating the game. You build a TEAM of up to 6 Pokémon you like AND that cover each other (types/roles) — a solo carry with a dead-weight bench is a losing setup; a real trainer fields a balanced, levelled squad. CATCHING wild Pokémon is central (\'gotta catch \'em all\') — you catch to build that team and to fill the Pokédex. When you meet a wild Pokémon, weigh it: is it cool/strong/useful, does it cover a gap, is it better than a bench-warmer? — keep your best ~6, and build a squad you actually like. THE ARC: build a team -> beat the 8 gyms prepared -> Elite Four -> credits. ALSO NORMAL: you entered your own name (and your rival\'s) when the game began — people in this world knowing your names is ordinary, not a mystery to react to. RIGHT NOW your team is thin/lopsided (a strong lead but weak or too few others) — that\'s why tough trainers wall you. Building up a real squad (catch a good new teammate, level the weak ones) is how a prepared trainer gets past these. THE MAIN QUEST IS A FIXED PATH you\'re always on: beat the 8 Gym Leaders in order, then the Elite Four, then you win the game. You\'re on GYM 2 of 8 — next is Misty in Cerulean City. The road forward leads there: until you\'ve won you are ALWAYS making progress toward the next gym. Grinding/catching/detours are fine — but ONLY with a clear purpose, and then you GET BACK ON THE ROAD to Cerulean City. Never just circle the same grass. Word on the road about Misty: she runs WATER-types — a whole gym over a pool; grass and electric do the work YOUR STORY SO FAR (what you\'ve actually done — your past, not the future): You started in Pallet Town, crossed Route 1-2 and Viridian Forest, and beat Brock in Pewter City for the Boulder Badge. Now you\'re pushing on toward the next gym.. Next on my list: catch an abra around Route 24 / Route 25. It grows into my alakazam — that\'s my answer for Erika AND Koga down the line. Grabbing it now, before I need it.. THINGS YOU\'VE HEARD AND READ (from people and signs — your own notes, use them when they point somewhere): "What? I\'m waiting for my friends to find me here."; "POK. BALL, and you want 1. That will be .200. Okay?"; "POK. BALL? Certainly. How many would you like?". YOUR PLAN — right now: catch a second teammate on Route 3. Next: Make your way to Cerulean City. Bigger picture: Reach Cerulean City, beat Misty for the Cascade Badge. Your team right now: wartortle (L19). Remember YOU are the one playing this — narrate your plan to chat in your own voice (first person: "I\'m grinding", "my team"), and never ask anyone what you\'re doing or who\'s on your team — you know.', 'progress': "1 badge(s) earned (Boulder). Next gym: Misty of Cerulean City. Pokédex: 2 caught. She's one badge in — the adventure's really starting (of 8 badges, then the Elite Four).", 'party': 'wartortle (L19)', 'goal': {'short': 'catch a second teammate on Route 3', 'medium': 'Make your way to Cerulean City', 'long': 'Reach Cerulean City, beat Misty for the Cascade Badge'}} options=['heal', 'battle', 'wander_catch', 'talk_npc', 'travel:3,21', 'travel:3,43', 'travel:3,27', 'travel:3,20', 'travel:3,26']

   [kira-voice] ORACLE kind=action options=['heal', 'battle', 'wander_catch', 'talk_npc', 'travel:3,21', 'travel:3,43', 'travel:3,27', 'travel:3,20', 'travel:3,26'] -> pick='travel:3,21'

   [campaign]    [soul] ORACLE pick -> 'travel:3,21'

   [campaign]    [roam] DECISION THINK: 4004ms (world stayed live — pumped idle, not a freeze)

   [campaign]    [roam] PICK OUT: travel:3,21

   [campaign]    [roam] RATIONALE: Routing to a place I need then on to Cerulean City for Misty.

   [campaign]    [roam] TRAVEL: Route 4 -> Route 3 (next hop south -> Route 3)

   [Bridge] INPUT OWNER = 'agent' (sole writer; others dropped+logged)

   [travel] start map=(3, 22) coords=(107, 12) -> map (3, 21) (budget 300s)

   [travel] south connection band cols: [8, 9, 10, 11, 12, 13, 14, 15, 24, 25, 26, 27, 28, 29, 30, 31, 32, 33, 34, 35, 36, 37, 38, 39, 40, 41, 42, 43, 44, 45, 46, 47, 48, 49, 50, 51, 52, 53, 54, 55, 56, 57, 58, 59, 60, 61, 62, 63, 64, 65, 66, 67, 68, 69, 70, 71, 72, 73, 74, 75, 76, 77, 78, 79, 80, 81, 82, 83, 84, 85, 86, 87, 88, 89, 90, 91, 92, 93, 94, 95, 96, 97, 98, 99, 100, 101, 102, 103, 104, 105, 106, 107]

   [travel] path blocked at (107, 12) (NPC on the gap?) - waiting

   [campaign]    [roam] !!!! WATCHDOG TRIPPED (frozen_world): nothing on screen has meaningfully changed for 11.2s at (3, 22)@(107, 12) — latching a top-level disengage (catches a sub-layer wedge the per-tick ledger can't see). LOUD

   [travel] !! WATCHDOG disengage requested — bailing this leg LOUD

   [campaign]    [roam] RESULT: travel:3,21 -> travel:stuck | pos (3, 22)(107, 12) -> (3, 22)(107, 12) (NO MOVEMENT)

   [campaign]    [roam] !! SILENT NO-MOVE: 'travel:3,21' returned 'travel:stuck' but her position never changed (streak 2, dead routes ['travel:3,21']) — not moving her; ALL dead routes get pruned next tick so she must do something that works

   [campaign]    [world] learned 3 warp(s) on (3, 22): (19, 5)->(1, 1), (32, 5)->(1, 2), (12, 5)->(16, 0)

   [campaign]    [roam] !! GYM-READINESS FLOOR: not ready for Misty (a real team (1/3 mons), levels (top 19 vs bar 22)) — pruned head_to_gym; strengthen: ['battle', 'wander_catch', 'travel:3,21', 'travel:3,43', 'travel:3,27', 'travel:3,20', 'travel:3,26']

   [campaign]    [roam] !! NO-MOVE PRUNE: dead routes ['travel:3,21'] haven't moved her (streak 2) — removed this tick so she picks something that works; remaining: ['battle', 'heal', 'talk_npc', 'travel:3,20', 'travel:3,26', 'travel:3,27', 'travel:3,43', 'wander_catch']

   [campaign] -- ROAM TICK 7/100000000 --

   [campaign]    [roam] STATE IN: Route 4 (107, 12) | badges=1 (Boulder) | party=[wartortle L19] | 1 badge(s) earned (Boulder). Next gym: Misty of Cerulean City. Pokédex: 2 caught. She's one badge in — the adventure's really starting (of 8 badges, then the Elite Four).

   [campaign]    [roam] PROGRESS: GREEN (unchanged 2 ticks) | fp[(3, 22) (107,12) f3 -- badge1 $1568 party:6f43 bag:90ea]

   [campaign]    [roam] !!!! WATCHDOG DISENGAGE #1 at (3, 22)@(107, 12) (reason=frozen_world, frozen 11.2s) — top-level recovery, sub-layer-agnostic

   [campaign]    [roam] wedge spot: blocking (106, 12) on (3, 22) (route around it) + marking (107, 12) a resolved talk-spot — unified block memory now 2 tile(s)

   [kira-voice] -> T2·savor· (recover) "I've been stuck on the same spot going nowhere — backing off and trying something different."  fired=True  [age 0.0s + post 5ms]

   [campaign]    [world] learned 3 warp(s) on (3, 22): (19, 5)->(1, 1), (32, 5)->(1, 2), (12, 5)->(16, 0)

   [campaign]    [roam] !! GYM-READINESS FLOOR: not ready for Misty (a real team (1/3 mons), levels (top 19 vs bar 22)) — pruned head_to_gym; strengthen: ['battle', 'wander_catch', 'travel:3,21', 'travel:3,43', 'travel:3,27', 'travel:3,20', 'travel:3,26']

   [campaign]    [roam] !! NO-MOVE PRUNE: dead routes ['travel:3,21'] haven't moved her (streak 2) — removed this tick so she picks something that works; remaining: ['battle', 'heal', 'talk_npc', 'travel:3,20', 'travel:3,26', 'travel:3,27', 'travel:3,43', 'wander_catch']

   [campaign] -- ROAM TICK 8/100000000 --

   [campaign]    [roam] STATE IN: Route 4 (107, 12) | badges=1 (Boulder) | party=[wartortle L19] | 1 badge(s) earned (Boulder). Next gym: Misty of Cerulean City. Pokédex: 2 caught. She's one badge in — the adventure's really starting (of 8 badges, then the Elite Four).

   [campaign]    [roam] PROGRESS: YELLOW (unchanged 3 ticks) | fp[(3, 22) (107,12) f3 -- badge1 $1568 party:6f43 bag:90ea]

   [campaign]    [roam] OPTIONS OFFERED: ['heal', 'battle', 'wander_catch', 'talk_npc', 'travel:3,43', 'travel:3,27', 'travel:3,20', 'travel:3,26']

   [campaign]    [roam] !! MACRO YELLOW: no progress 3 ticks — feeding awareness back to the oracle: "You keep trying to watchdog disengage but the world hasn't changed in 3 turns - it went 'frozen_world', and you don't seem to be getting anywhere."

   [campaign]    [roam] STRATEGY roster: feeding team-shape awareness to the oracle

   [campaign]    [soul] ORACLE decision: kind=action ctx={'place': 'You\'re on Route 4 — outdoors under open sky (a town with a Pokémon Center; tall grass around — wild Pokémon live in it).. From here: SOUTH → Route 3 — wild Pokémon to catch/train; EAST → Cerulean City — a Mart, a Pokémon Center. Places you\'ve been with wild Pokémon you can walk back to: an unfamiliar area; an unfamiliar area; Route 2. You can walk to anywhere you\'ve already been.. Okay — to get past this I need the S.S. Ticket — a guy named Bill, in the house past the Nugget Bridge to the north, hands it over.. You keep trying to watchdog disengage but the world hasn\'t changed in 3 turns - it went \'frozen_world\', and you don\'t seem to be getting anywhere.. Roster check: it\'s just wartortle carrying the whole run solo — no backup, no type coverage, nothing to switch to if you hit a bad matchup. Catching a teammate or two would give you options. (A solo run is a real choice too — your call.). HOW POKÉMON WORKS (what you\'re playing for): the GOAL is to earn 8 Gym Badges, beat the Elite Four, and roll the credits — that\'s beating the game. You build a TEAM of up to 6 Pokémon you like AND that cover each other (types/roles) — a solo carry with a dead-weight bench is a losing setup; a real trainer fields a balanced, levelled squad. CATCHING wild Pokémon is central (\'gotta catch \'em all\') — you catch to build that team and to fill the Pokédex. When you meet a wild Pokémon, weigh it: is it cool/strong/useful, does it cover a gap, is it better than a bench-warmer? — keep your best ~6, and build a squad you actually like. THE ARC: build a team -> beat the 8 gyms prepared -> Elite Four -> credits. ALSO NORMAL: you entered your own name (and your rival\'s) when the game began — people in this world knowing your names is ordinary, not a mystery to react to. RIGHT NOW your team is thin/lopsided (a strong lead but weak or too few others) — that\'s why tough trainers wall you. Building up a real squad (catch a good new teammate, level the weak ones) is how a prepared trainer gets past these. THE MAIN QUEST IS A FIXED PATH you\'re always on: beat the 8 Gym Leaders in order, then the Elite Four, then you win the game. You\'re on GYM 2 of 8 — next is Misty in Cerulean City. The road forward leads there: until you\'ve won you are ALWAYS making progress toward the next gym. Grinding/catching/detours are fine — but ONLY with a clear purpose, and then you GET BACK ON THE ROAD to Cerulean City. Never just circle the same grass. Word on the road about Misty: she runs WATER-types — a whole gym over a pool; grass and electric do the work YOUR STORY SO FAR (what you\'ve actually done — your past, not the future): You started in Pallet Town, crossed Route 1-2 and Viridian Forest, and beat Brock in Pewter City for the Boulder Badge. Now you\'re pushing on toward the next gym.. Next on my list: catch an abra around Route 24 / Route 25. It grows into my alakazam — that\'s my answer for Erika AND Koga down the line. Grabbing it now, before I need it.. THINGS YOU\'VE HEARD AND READ (from people and signs — your own notes, use them when they point somewhere): "What? I\'m waiting for my friends to find me here."; "POK. BALL, and you want 1. That will be .200. Okay?"; "POK. BALL? Certainly. How many would you like?". YOUR PLAN — right now: catch a second teammate on Route 3. Next: Make your way to Cerulean City. Bigger picture: Reach Cerulean City, beat Misty for the Cascade Badge. Your team right now: wartortle (L19). Remember YOU are the one playing this — narrate your plan to chat in your own voice (first person: "I\'m grinding", "my team"), and never ask anyone what you\'re doing or who\'s on your team — you know.', 'progress': "1 badge(s) earned (Boulder). Next gym: Misty of Cerulean City. Pokédex: 2 caught. She's one badge in — the adventure's really starting (of 8 badges, then the Elite Four).", 'party': 'wartortle (L19)', 'goal': {'short': 'catch a second teammate on Route 3', 'medium': 'Make your way to Cerulean City', 'long': 'Reach Cerulean City, beat Misty for the Cascade Badge'}} options=['heal', 'battle', 'wander_catch', 'talk_npc', 'travel:3,43', 'travel:3,27', 'travel:3,20', 'travel:3,26']

   [kira-voice] ORACLE kind=action options=['heal', 'battle', 'wander_catch', 'talk_npc', 'travel:3,43', 'travel:3,27', 'travel:3,20', 'travel:3,26'] -> pick='wander_catch'

   [campaign]    [soul] ORACLE pick -> 'wander_catch'

   [campaign]    [roam] DECISION THINK: 2458ms (world stayed live — pumped idle, not a freeze)

   [campaign]    [roam] PICK OUT: wander_catch  <- her RECOVERY move (YELLOW)

   [campaign]    [roam] RATIONALE: catch a second teammate on Route 3 — building up here with a purpose, then on to Cerulean City for Misty.

   [campaign]    [soul] ORACLE decision: kind=move_drop ctx={'place': "your moveset is full and you're leveling, so to learn anything new you'd have to part with ONE move. Your current moves: Tackle (normal, 35 pwr; your ONLY normal-type move); Bubble (water, 20 pwr); Water Gun (water, 40 pwr); Bite (dark, 60 pwr; your ONLY dark-type move). Think like a real trainer: your hard-hitter and your type COVERAGE are PRECIOUS — a super-effective or only-of-its-type move must NEVER be tossed for raw power, and a good move can't be re-learned. If one move is clearly redundant or junk, drop THAT; if nothing is worth losing, KEEP THEM ALL. Which do you do?"} options=['Bubble', 'Water Gun', 'Tackle', 'keep them all']

   [kira-voice] ORACLE kind=move_drop options=['Bubble', 'Water Gun', 'Tackle', 'keep them all'] -> pick='Bubble'

   [campaign]    [soul] ORACLE pick -> 'Bubble'

   [campaign]    [movelearn] PHASE 3B reserved a slot — dropped Bubble (her pick; kept the rest) so a new move auto-learns with no un-actuatable box

   [kira-voice] -> T2·savor· (move) "my moveset's full — I'll let Bubble go to make room for something new"  fired=True  [age 0.0s + post 4ms]

   [campaign]    CATCH: 84 reachable grass tile(s) (nearest (87, 13)); avoiding 4 warp tile(s) - traversing grass to catch one

   [Bridge] INPUT OWNER = 'agent' (sole writer; others dropped+logged)

   [travel] start map=(3, 22) coords=(107, 12) -> coord (87, 13) (budget 80s)

   [travel] north connection band cols: [0, 1, 2, 3, 4, 5, 6, 7, 8, 9, 10, 11, 12, 13, 14, 15, 16, 17, 18, 19, 20, 21, 22, 23, 24, 25, 26, 27, 28, 29, 30, 31, 32, 33, 34, 35, 36, 37, 38, 39, 40, 41, 42, 43, 44, 45, 46, 47, 48, 49, 50, 51, 52, 53, 54, 55, 56, 57, 58, 59, 60, 61, 62, 63, 64, 65, 66, 67, 68, 69, 70, 71, 72, 73, 74, 75, 76, 77, 78, 79, 80, 81, 82, 83, 84, 85, 86, 87, 88, 89, 90, 91, 92, 93, 94, 95, 96, 97, 98, 99, 100, 101, 102, 103, 104, 105, 106, 107]

   [travel] releasing 1 stale NPC block(s) [(106, 12)] — tile(s) read empty now (wanderer moved on)

   [travel] step 0: (107, 12)->(106, 12) map=(3, 22) (path 29 to exit)

   [travel] step 10: (97, 12)->(96, 12) map=(3, 22) (path 19 to exit)

   [travel] step 20: (92, 17)->(91, 17) map=(3, 22) (path 10 to exit)

   [travel] reached target coord (87, 13)

   [Bridge] INPUT OWNER = 'agent' (sole writer; others dropped+logged)

   [travel] start map=(3, 22) coords=(87, 13) -> coord (75, 17) (budget 80s)

   [travel] north connection band cols: [0, 1, 2, 3, 4, 5, 6, 7, 8, 9, 10, 11, 12, 13, 14, 15, 16, 17, 18, 19, 20, 21, 22, 23, 24, 25, 26, 27, 28, 29, 30, 31, 32, 33, 34, 35, 36, 37, 38, 39, 40, 41, 42, 43, 44, 45, 46, 47, 48, 49, 50, 51, 52, 53, 54, 55, 56, 57, 58, 59, 60, 61, 62, 63, 64, 65, 66, 67, 68, 69, 70, 71, 72, 73, 74, 75, 76, 77, 78, 79, 80, 81, 82, 83, 84, 85, 86, 87, 88, 89, 90, 91, 92, 93, 94, 95, 96, 97, 98, 99, 100, 101, 102, 103, 104, 105, 106, 107]

   [travel] step 0: (87, 13)->(87, 14) map=(3, 22) (path 17 to exit)

   [travel] ENCOUNTER -> on-time beat, warm up, hand off

   [kira-voice] -> T1·brisk· (beat) 'a wild Pokemon leaps out at you'  fired=True  [age 0.0s + post 3ms]

   [campaign]    [soul] ORACLE decision: kind=catch_judgment ctx={'place': "a wild spearow (L8, normal/flying) just appeared. sizing it up: a flying type — I have zero flying coverage. it's only L8 so it needs raising, but the gap's worth it. your call — is this one joining the team?"} options=['catch', 'skip']

   [kira-voice] ORACLE kind=catch_judgment options=['catch', 'skip'] -> pick='catch'

   [campaign]    [soul] ORACLE pick -> 'catch'

   [campaign]    CATCH-JUDGMENT: spearow L8 -> catch (lean=catch, oracle='catch') — a flying type — I have zero flying coverage. it's only L8 so it needs raising, but the gap's worth it

   [campaign]    CATCH: WILD encounter - committing to the catch

   [Bridge] INPUT OWNER = 'agent' (sole writer; others dropped+logged)

   [kira-voice] -> T2·savor· (roster) "oh — a spearow! a flying type — I have zero flying coverage. it's only L8 so it needs raising, but the gap's worth it. I want this one."  fired=True  [age 0.0s + post 13ms]

   [campaign]    [engine] catch: foe is 10+ levels under the lead — no chipping (would KO); SLEEP-then-throw if a sleep move is up

   [dialogue] +++ 'POK. BALL is selected.'  tags=['ITEM']

   [kira-voice]    (dialogue tags: item)

   [kira-voice] -> T1·brisk· (dialogue) 'you read: "POK. BALL is selected."'  fired=True  [age 0.0s + post 4ms]

   [kira-voice] ·throttle· (brisk <1.8s) 'alright — throwing a Poké Ball'

   [kira-voice] -> T1·brisk· (event) "gotcha — it's caught!"  fired=True  [age 0.0s + post 3ms]

   [Bridge] INPUT OWNER = 'agent' (sole writer; others dropped+logged)

   [campaign]    CATCH: catch_pokemon -> caught

   [kira-voice] ·floor· (<1s since last) T1 'I caught a new teammate!'

   [travel] battle outcome=win; resuming pathfind

   [Bridge] INPUT OWNER = 'agent' (sole writer; others dropped+logged)

   [travel] post-battle PAUSE (heal-when-low) - yielding to caller

   [campaign]    HEAL: own Center door (12, 5) UNREACHABLE from (84, 17) on (3, 22) -> crossing to an adjacent city to heal

   [campaign]    HEAL-EXCURSION: lead at (32, 56) - crossing east to (3, 3) to heal

   [Bridge] INPUT OWNER = 'agent' (sole writer; others dropped+logged)

   [travel] start map=(3, 22) coords=(84, 17) -> map (3, 3) (budget 120s)

   [travel] east connection band rows: [2, 3, 4, 5, 10, 11, 12]

   [travel] step 0: (84, 17)->(85, 17) map=(3, 22) (path 30 to exit)

   [travel] step 10: (92, 15)->(92, 14) map=(3, 22) (path 20 to exit)

   [travel] step 20: (99, 12)->(100, 12) map=(3, 22) (path 10 to exit)

   [travel] MAP TRANSITION (3, 22) -> (3, 3)

   [campaign]    [world] learned 14 warp(s) on (3, 3): (10, 11)->(7, 0), (30, 11)->(7, 1), (15, 17)->(7, 2), (22, 19)->(7, 3), (31, 21)->(7, 5), (13, 28)->(7, 6)

   [travel] east connection band rows: [0, 1, 2, 3, 4, 5, 6, 7, 8, 9, 11, 16, 18, 19, 21, 30, 31, 32, 33, 34, 35, 36, 37, 38, 39]

   [travel] ARRIVED at target map (3, 3) coords=(0, 22)

   [kira-voice] ·dedup· (repeat text, T1, looping?) 'made it to a new area'

   [campaign]    HEAL: lead at 32/56 -> routing to the Pokemon Center on (3, 3) via door (22, 19) (will return to (0, 22))

   [Bridge] INPUT OWNER = 'agent' (sole writer; others dropped+logged)

   [travel] start map=(3, 3) coords=(0, 22) -> coord (22, 20) (budget 120s)

   [travel] north connection band cols: [0, 1, 2, 3, 4, 5, 6, 7, 8, 9, 10, 11, 22, 23, 24, 26, 27, 28, 36, 37, 38, 39, 40, 41, 42, 43, 44, 45, 46, 47, 48]

   [travel] step 0: (0, 22)->(0, 21) map=(3, 3) (path 25 to exit)

   [travel] step 10: (8, 20)->(9, 20) map=(3, 3) (path 15 to exit)

   [travel] step 20: (17, 21)->(17, 20) map=(3, 3) (path 7 to exit)

   [travel] reached target coord (22, 20)

   [Bridge] INPUT OWNER = 'agent' (sole writer; others dropped+logged)

   [dialogue] +++ 'Welcome to our POK.MON CENTER! Would you like me to heal your POK.MON back to perfect health?'  tags=[]

   [kira-voice] -> T1·brisk· (dialogue) 'you read: "Welcome to our POK.MON CENTER! Would you like me to heal your POK.MON back to perfect health?"'  fired=True  [age 0.0s + post 4ms]

   [dialogue] +++ "Okay, I'll take your POK.MON for a few seconds."  tags=[]

   [kira-voice] -> T1·brisk· (dialogue) 'you read: "Okay, I\'ll take your POK.MON for a few seconds."'  fired=True  [age 0.0s + post 3ms]

   [dialogue] +++ "Thank you for waiting. We've restored your POK.MON to full health."  tags=[]

   [kira-voice] -> T1·brisk· (dialogue) 'you read: "Thank you for waiting. We\'ve restored your POK.MON to full health."'  fired=True  [age 0.0s + post 3ms]

   [campaign]    HEAL: restored party to full (lead was 32/56)

   [Bridge] INPUT OWNER = 'agent' (sole writer; others dropped+logged)

   [Bridge] INPUT OWNER = 'agent' (sole writer; others dropped+logged)

   [travel] start map=(7, 3) coords=(7, 4) -> coord (7, 7) (budget 60s)

   [travel] north connection band cols: [0, 1, 2, 3, 4, 5, 6, 7, 8, 9, 10, 11, 12, 13, 14, 15]

   [travel] path blocked at (7, 4) (NPC on the gap?) - waiting

   [dialogue] +++ 'We hope to see you again!'  tags=[]

   [kira-voice] -> T1·brisk· (dialogue) 'you read: "We hope to see you again!"'  fired=True  [age 0.0s + post 2ms]

   [travel] no clean path from (7, 4); NPC-allowing path EXISTS (len 4), blocker NPC tile=None, npcs nearby=[(3, 3), (4, 8), (6, 4), (7, 2), (12, 5)] -> approaching to interact/trigger

   [travel] reached target coord (7, 7)

   [campaign]    directional warp (7, 8) (behavior 0x65) entered via DOWN

   [campaign]    [world] learned 14 warp(s) on (3, 3): (10, 11)->(7, 0), (30, 11)->(7, 1), (15, 17)->(7, 2), (22, 19)->(7, 3), (31, 21)->(7, 5), (13, 28)->(7, 6)

   [campaign]    EXIT-BUILDING: (7, 3) -> (3, 3)@(22, 20)

   [campaign]    HEAL: exited Center -> map=(3, 3) coords=(22, 20)

   [Bridge] INPUT OWNER = 'agent' (sole writer; others dropped+logged)

   [Bridge] INPUT OWNER = 'agent' (sole writer; others dropped+logged)

   [travel] start map=(3, 3) coords=(22, 20) -> coord (0, 22) (budget 120s)

   [travel] north connection band cols: [0, 1, 2, 3, 4, 5, 6, 7, 8, 9, 10, 11, 22, 23, 24, 26, 27, 28, 36, 37, 38, 39, 40, 41, 42, 43, 44, 45, 46, 47, 48]

   [travel] step 0: (22, 20)->(22, 21) map=(3, 3) (path 25 to exit)

   [travel] step 10: (14, 22)->(13, 22) map=(3, 3) (path 15 to exit)

   [travel] step 20: (6, 22)->(5, 22) map=(3, 3) (path 7 to exit)

   [travel] reached target coord (0, 22)

   [campaign]    HEAL: returned toward (0, 22) -> arrived (now (0, 22))

   [Bridge] INPUT OWNER = 'agent' (sole writer; others dropped+logged)

   [travel] start map=(3, 3) coords=(0, 22) -> map (3, 22) (budget 120s)

   [travel] west connection band rows: [0, 1, 2, 3, 4, 5, 6, 7, 8, 9, 13, 14, 20, 21, 22, 30, 31, 32, 33, 34, 35, 36, 37, 38, 39]

   [travel] MAP TRANSITION (3, 3) -> (3, 22)

   [campaign]    [world] learned 3 warp(s) on (3, 22): (19, 5)->(1, 1), (32, 5)->(1, 2), (12, 5)->(16, 0)

   [travel] west connection band rows: [0, 1, 2, 3, 4, 5, 6, 7, 8, 9, 10, 11, 12, 13, 14, 15, 16, 17, 18, 19]

   [travel] ARRIVED at target map (3, 22) coords=(107, 12)

   [campaign]    HEAL-EXCURSION: healed + back on (3, 22) at (107, 12)

   [campaign]    CATCH: healed mid-catch — returning to roam to re-acquire grass healthy

   [Bridge] INPUT OWNER = 'agent' (sole writer; others dropped+logged)

   [campaign]    [roam] RESULT: wander_catch -> caught | pos (3, 22)(107, 12) -> (3, 22)(107, 12) (NO MOVEMENT)

   [campaign]    [roam] standing objective complete (wander_catch -> caught) — clearing it

   [campaign]    ROSTER_REACT: party now 2 — newest teammate is spearow

   [campaign]    [soul] ORACLE decision: kind=name ctx={'place': 'you just caught a spearow on Route 4! a brand-new member of your team — a teammate, family. give this spearow a name, just the name.'} options=[]

   [kira-voice] -> T1·brisk· (beat) 'made it to a new area'  fired=True  [age 0.0s + post 3ms]

   [kira-voice] ORACLE kind=name options=[] -> pick=None

   [campaign]    [soul] ORACLE pick -> None

   [campaign]    [soul] note_caught FIRE -> species=spearow nickname=spearow where=on Route 4

   [kira-voice] ·floor· (<1s since last) T2 'spearow is part of the team now - caught on Route 4'

   [kira-voice] ·floor· (<1s since last) T1 'Pokédex ticked up — 3 kinds caught now.'

   [kira-voice] ·floor· (<1s since last) T1 "you've got a new teammate now — a spearow that's going to fight alongside you"

   [campaign]    ⛰️  CAMPAIGN SAVE [catch] -> campaign/kira_campaign.state  (map=(3, 22) coords=(107, 12) badges=1 party=2)

   [campaign]    [sanctity] bundle VALID (schema/encoding/truth/monotonic all clean)

   [campaign]    📌 AUTO-CHECKPOINT [gain-catch] -> checkpoints/20260730_095347_route-4_1b_23h58m_gain-catch  (4 bundle file(s))

   [campaign]    [world] learned 3 warp(s) on (3, 22): (19, 5)->(1, 1), (32, 5)->(1, 2), (12, 5)->(16, 0)

   [campaign]    [roam] !! GYM-READINESS FLOOR: not ready for Misty (a real team (2/3 mons), levels (top 19 vs bar 22)) — pruned head_to_gym; strengthen: ['battle', 'wander_catch', 'travel:3,21', 'travel:3,43', 'travel:3,27', 'travel:3,20', 'travel:3,26']

   [campaign]    [roam] !! NO-MOVE PRUNE: dead routes ['travel:3,21'] haven't moved her (streak 2) — removed this tick so she picks something that works; remaining: ['battle', 'fetch_keeper', 'talk_npc', 'travel:3,20', 'travel:3,26', 'travel:3,27', 'travel:3,43', 'wander_catch']

   [campaign]    [roam] deep-wedge ring: banked safe checkpoint (1, 2, 3, 27) @ Route 4 (ring=2/4)

   [campaign] -- ROAM TICK 9/100000000 --

   [campaign]    [roam] STATE IN: Route 4 (107, 12) | badges=1 (Boulder) | party=[wartortle L19, spearow L8] | 1 badge(s) earned (Boulder). Next gym: Misty of Cerulean City. Pokédex: 3 caught. She's one badge in — the adventure's really starting (of 8 badges, then the Elite Four).

   [campaign]    [roam] PROGRESS: GREEN (unchanged 0 ticks) | fp[(3, 22) (107,12) f3 -- badge1 $1568 party:a942 bag:9ad0]

   [campaign]    [roam] OPTIONS OFFERED: ['battle', 'wander_catch', 'talk_npc', 'travel:3,43', 'travel:3,27', 'travel:3,20', 'travel:3,26', 'fetch_keeper']

   [campaign]    [strat] roster size = 2

   [campaign]    [roam] STRATEGY roster: feeding team-shape awareness to the oracle

   [campaign]    [soul] ORACLE decision: kind=action ctx={'place': 'You\'re on Route 4 — outdoors under open sky (a town with a Pokémon Center; tall grass around — wild Pokémon live in it).. From here: SOUTH → Route 3 — wild Pokémon to catch/train; EAST → Cerulean City — a Mart, a Pokémon Center. Places you\'ve been with wild Pokémon you can walk back to: an unfamiliar area; an unfamiliar area; Route 2. You can walk to anywhere you\'ve already been.. Okay — to get past this I need the S.S. Ticket — a guy named Bill, in the house past the Nugget Bridge to the north, hands it over.. Roster check: two Pokémon is a thin bench — a third or fourth would give you more answers to bad matchups. Worth a thought, if you want.. HOW POKÉMON WORKS (what you\'re playing for): the GOAL is to earn 8 Gym Badges, beat the Elite Four, and roll the credits — that\'s beating the game. You build a TEAM of up to 6 Pokémon you like AND that cover each other (types/roles) — a solo carry with a dead-weight bench is a losing setup; a real trainer fields a balanced, levelled squad. CATCHING wild Pokémon is central (\'gotta catch \'em all\') — you catch to build that team and to fill the Pokédex. When you meet a wild Pokémon, weigh it: is it cool/strong/useful, does it cover a gap, is it better than a bench-warmer? — keep your best ~6, and build a squad you actually like. THE ARC: build a team -> beat the 8 gyms prepared -> Elite Four -> credits. ALSO NORMAL: you entered your own name (and your rival\'s) when the game began — people in this world knowing your names is ordinary, not a mystery to react to. RIGHT NOW your team is thin/lopsided (a strong lead but weak or too few others) — that\'s why tough trainers wall you. Building up a real squad (catch a good new teammate, level the weak ones) is how a prepared trainer gets past these. THE MAIN QUEST IS A FIXED PATH you\'re always on: beat the 8 Gym Leaders in order, then the Elite Four, then you win the game. You\'re on GYM 2 of 8 — next is Misty in Cerulean City. The road forward leads there: until you\'ve won you are ALWAYS making progress toward the next gym. Grinding/catching/detours are fine — but ONLY with a clear purpose, and then you GET BACK ON THE ROAD to Cerulean City. Never just circle the same grass. Word on the road about Misty: she runs WATER-types — a whole gym over a pool; grass and electric do the work YOUR STORY SO FAR (what you\'ve actually done — your past, not the future): You started in Pallet Town, crossed Route 1-2 and Viridian Forest, and beat Brock in Pewter City for the Boulder Badge. Now you\'re pushing on toward the next gym.. Next on my list: catch an abra around Route 24 / Route 25. It grows into my alakazam — that\'s my answer for Erika AND Koga down the line. Grabbing it now, before I need it.. THINGS YOU\'VE HEARD AND READ (from people and signs — your own notes, use them when they point somewhere): "What? I\'m waiting for my friends to find me here."; "POK. BALL, and you want 1. That will be .200. Okay?"; "POK. BALL? Certainly. How many would you like?". YOUR PLAN — right now: catch a second teammate on Route 3. Next: Make your way to Cerulean City. Bigger picture: Reach Cerulean City, beat Misty for the Cascade Badge. Your team right now: wartortle (L19), spearow (L8). Remember YOU are the one playing this — narrate your plan to chat in your own voice (first person: "I\'m grinding", "my team"), and never ask anyone what you\'re doing or who\'s on your team — you know.', 'progress': "1 badge(s) earned (Boulder). Next gym: Misty of Cerulean City. Pokédex: 3 caught. She's one badge in — the adventure's really starting (of 8 badges, then the Elite Four).", 'party': 'wartortle (L19), spearow (L8)', 'goal': {'short': 'catch a second teammate on Route 3', 'medium': 'Make your way to Cerulean City', 'long': 'Reach Cerulean City, beat Misty for the Cascade Badge'}} options=['battle', 'wander_catch', 'talk_npc', 'travel:3,43', 'travel:3,27', 'travel:3,20', 'travel:3,26', 'fetch_keeper']

   [kira-voice] ORACLE kind=action options=['battle', 'wander_catch', 'talk_npc', 'travel:3,43', 'travel:3,27', 'travel:3,20', 'travel:3,26', 'fetch_keeper'] -> pick='fetch_keeper'

   [campaign]    [soul] ORACLE pick -> 'fetch_keeper'

   [campaign]    [roam] DECISION THINK: 3267ms (world stayed live — pumped idle, not a freeze)

   [campaign]    [roam] PICK OUT: fetch_keeper

   [campaign]    [roam] RATIONALE: catch a second teammate on Route 3. then on to Cerulean City for Misty

   [campaign]    [roam] FETCH-KEEPER: routing to Route 24 for planned keeper 'abra' (party has room, within 6 hops)

   [campaign]    [roam] TRAVEL: Route 4 -> an unfamiliar area (next hop east -> Cerulean City)

   [Bridge] INPUT OWNER = 'agent' (sole writer; others dropped+logged)

   [travel] start map=(3, 22) coords=(107, 12) -> map (3, 3) (budget 300s)

   [travel] east connection band rows: [2, 3, 4, 5, 10, 11, 12]

   [travel] step 0: (107, 12)->(0, 22) map=(3, 22) (path 2 to exit)

   [travel] MAP TRANSITION (3, 22) -> (3, 3)

   [campaign]    [world] learned 14 warp(s) on (3, 3): (10, 11)->(7, 0), (30, 11)->(7, 1), (15, 17)->(7, 2), (22, 19)->(7, 3), (31, 21)->(7, 5), (13, 28)->(7, 6)

   [travel] east connection band rows: [0, 1, 2, 3, 4, 5, 6, 7, 8, 9, 11, 16, 18, 19, 21, 30, 31, 32, 33, 34, 35, 36, 37, 38, 39]

   [travel] ARRIVED at target map (3, 3) coords=(0, 22)

   [campaign]    [roam] RESULT: fetch_keeper -> keeper_route:hop_ok | pos (3, 22)(107, 12) -> (3, 3)(0, 22) (MOVED)

   [campaign]    ⛰️  CAMPAIGN SAVE [new_area] -> campaign/kira_campaign.state  (map=(3, 3) coords=(0, 22) badges=1 party=2)

   [campaign]    [sanctity] bundle VALID (schema/encoding/truth/monotonic all clean)

   [campaign]    📌 AUTO-CHECKPOINT [gain-new_area] -> checkpoints/20260730_095351_cerulean-city_1b_23h58m_gain-new-area  (4 bundle file(s))

   [campaign]    [world] learned 14 warp(s) on (3, 3): (10, 11)->(7, 0), (30, 11)->(7, 1), (15, 17)->(7, 2), (22, 19)->(7, 3), (31, 21)->(7, 5), (13, 28)->(7, 6)

   [campaign]    [roam] grass she KNOWS: routing west -> (3, 22) toward Route 4 (visited grass, avoiding any wall)

   [campaign]    [roam] !! GYM-READINESS FLOOR: not ready for Misty (a real team (2/3 mons), levels (top 19 vs bar 22)) — pruned head_to_gym; strengthen: ['battle', 'wander_catch', 'travel:3,22', 'travel:3,43', 'travel:3,27', 'travel:3,21']

   [campaign] -- ROAM TICK 10/100000000 --

   [campaign]    [roam] STATE IN: Cerulean City (0, 22) | badges=1 (Boulder) | party=[wartortle L19, spearow L8] | 1 badge(s) earned (Boulder). Next gym: Misty of Cerulean City. Pokédex: 3 caught. She's one badge in — the adventure's really starting (of 8 badges, then the Elite Four).

   [campaign]    [roam] PROGRESS: GREEN (unchanged 0 ticks) | fp[(3, 3) (0,22) f4 -- badge1 $1568 party:a942 bag:9ad0]

   [campaign]    [roam] OPTIONS OFFERED: ['battle', 'wander_catch', 'talk_npc', 'travel:3,22', 'travel:3,43', 'travel:3,27', 'travel:3,21', 'fetch_keeper']

   [campaign]    [soul] surface_want FIRE -> Cerulean City

   [campaign]    [soul] ORACLE decision: kind=want ctx={'place': "You're in Cerulean City — outdoors under open sky (a town with a Pokémon Center and a Mart; tall grass around — wild Pokémon live in it).. ALREADY BESIDE YOU — your current team: wartortle (L19), spearow (L8). A want is something you DON'T yet have; never wish for a teammate who's already on your team.", 'map': (3, 3), 'badges': ['Boulder'], 'progress': "1 badge(s) earned (Boulder). Next gym: Misty of Cerulean City. Pokédex: 3 caught. She's one badge in — the adventure's really starting (of 8 badges, then the Elite Four).", 'party': 'wartortle (L19), spearow (L8)', 'goal': {'short': 'catch a second teammate on Route 3', 'medium': 'Make your way to Cerulean City', 'long': 'Reach Cerulean City, beat Misty for the Cascade Badge'}} options=['eevee', 'fossil', 'starters', 'rare', 'legendaries']

   [kira-voice] ORACLE kind=want options=['eevee', 'fossil', 'starters', 'rare', 'legendaries'] -> pick='catch something solid before Misty'

   [campaign]    [soul] ORACLE pick -> 'catch something solid before Misty'

   [campaign]    [roam] STRATEGY roster: feeding team-shape awareness to the oracle

   [campaign]    [soul] ORACLE decision: kind=action ctx={'place': 'You\'re in Cerulean City — outdoors under open sky (a town with a Pokémon Center and a Mart; tall grass around — wild Pokémon live in it).. From here: NORTH → an unexplored area — wild Pokémon to catch/train; SOUTH → an unexplored area; EAST → an unexplored area — wild Pokémon to catch/train; WEST → Route 4 — wild Pokémon to catch/train, a Pokémon Center. Places you\'ve been with wild Pokémon you can walk back to: Route 3; an unfamiliar area; an unfamiliar area. You can walk to anywhere you\'ve already been.. Okay — to get past this I need the S.S. Ticket — a guy named Bill, in the house past the Nugget Bridge to the north, hands it over.. Roster check: two Pokémon is a thin bench — a third or fourth would give you more answers to bad matchups. Worth a thought, if you want.. HOW POKÉMON WORKS (what you\'re playing for): the GOAL is to earn 8 Gym Badges, beat the Elite Four, and roll the credits — that\'s beating the game. You build a TEAM of up to 6 Pokémon you like AND that cover each other (types/roles) — a solo carry with a dead-weight bench is a losing setup; a real trainer fields a balanced, levelled squad. CATCHING wild Pokémon is central (\'gotta catch \'em all\') — you catch to build that team and to fill the Pokédex. When you meet a wild Pokémon, weigh it: is it cool/strong/useful, does it cover a gap, is it better than a bench-warmer? — keep your best ~6, and build a squad you actually like. THE ARC: build a team -> beat the 8 gyms prepared -> Elite Four -> credits. ALSO NORMAL: you entered your own name (and your rival\'s) when the game began — people in this world knowing your names is ordinary, not a mystery to react to. RIGHT NOW your team is thin/lopsided (a strong lead but weak or too few others) — that\'s why tough trainers wall you. Building up a real squad (catch a good new teammate, level the weak ones) is how a prepared trainer gets past these. THE MAIN QUEST IS A FIXED PATH you\'re always on: beat the 8 Gym Leaders in order, then the Elite Four, then you win the game. You\'re on GYM 2 of 8 — next is Misty in Cerulean City. The road forward leads there: until you\'ve won you are ALWAYS making progress toward the next gym. Grinding/catching/detours are fine — but ONLY with a clear purpose, and then you GET BACK ON THE ROAD to Cerulean City. Never just circle the same grass. Word on the road about Misty: she runs WATER-types — a whole gym over a pool; grass and electric do the work YOUR STORY SO FAR (what you\'ve actually done — your past, not the future): You started in Pallet Town, crossed Route 1-2 and Viridian Forest, and beat Brock in Pewter City for the Boulder Badge. Now you\'re pushing on toward the next gym.. Next on my list: catch an abra around Route 24 / Route 25. It grows into my alakazam — that\'s my answer for Erika AND Koga down the line. Grabbing it now, before I need it.. THINGS YOU\'VE HEARD AND READ (from people and signs — your own notes, use them when they point somewhere): "What? I\'m waiting for my friends to find me here."; "POK. BALL, and you want 1. That will be .200. Okay?"; "POK. BALL? Certainly. How many would you like?". YOUR PLAN — right now: catch something solid before Misty. Next: Make your way to Cerulean City. Bigger picture: Reach Cerulean City, beat Misty for the Cascade Badge. Your team right now: wartortle (L19), spearow (L8). Remember YOU are the one playing this — narrate your plan to chat in your own voice (first person: "I\'m grinding", "my team"), and never ask anyone what you\'re doing or who\'s on your team — you know.', 'progress': "1 badge(s) earned (Boulder). Next gym: Misty of Cerulean City. Pokédex: 3 caught. She's one badge in — the adventure's really starting (of 8 badges, then the Elite Four).", 'party': 'wartortle (L19), spearow (L8)', 'goal': {'short': 'catch something solid before Misty', 'medium': 'Make your way to Cerulean City', 'long': 'Reach Cerulean City, beat Misty for the Cascade Badge'}} options=['battle', 'wander_catch', 'talk_npc', 'travel:3,22', 'travel:3,43', 'travel:3,27', 'travel:3,21', 'fetch_keeper']

   [kira-voice] -> T2·savor· (want) 'catch something solid before Misty'  fired=True  [age 0.0s + post 6ms]

   [kira-voice] ORACLE kind=action options=['battle', 'wander_catch', 'talk_npc', 'travel:3,22', 'travel:3,43', 'travel:3,27', 'travel:3,21', 'fetch_keeper'] -> pick='fetch_keeper'

   [campaign]    [soul] ORACLE pick -> 'fetch_keeper'

   [campaign]    [roam] DECISION THINK: 3098ms (world stayed live — pumped idle, not a freeze)

   [campaign]    [roam] PICK OUT: fetch_keeper

   [campaign]    [roam] RATIONALE: catch something solid before Misty. then on to Cerulean City for Misty

   [campaign]    [roam] FETCH-KEEPER: routing to Route 24 for planned keeper 'abra' (party has room, within 6 hops)

   [campaign]    [roam] TRAVEL: Cerulean City -> an unfamiliar area (next hop north -> an unfamiliar area)

   [Bridge] INPUT OWNER = 'agent' (sole writer; others dropped+logged)

   [travel] start map=(3, 3) coords=(0, 22) -> map (3, 43) (budget 300s)

   [travel] north connection band cols: [0, 1, 2, 3, 4, 5, 6, 7, 8, 9, 10, 11, 22, 23, 24, 26, 27, 28, 36, 37, 38, 39, 40, 41, 42, 43, 44, 45, 46, 47, 48]

   [travel] step 0: (0, 22)->(0, 21) map=(3, 3) (path 45 to exit)

   [travel] step 10: (8, 20)->(8, 19) map=(3, 3) (path 35 to exit)

   [travel] step 20: (10, 12)->(11, 12) map=(3, 3) (path 25 to exit)

   [travel] step 30: (20, 12)->(21, 12) map=(3, 3) (path 15 to exit)

   [travel] HEARTBEAT step=40 map=(3, 3) coords=(22, 6) elapsed=6s

   [dialogue] +++ "GARY. Yo! KIRA! You're still struggling along back here? I'm doing great! I caught a bunch of strong and smart POK.MON! Here, let me see what you caught, KIRA!"  tags=[]

   [kira-voice] -> T1·brisk· (dialogue) 'you read: "GARY. Yo! KIRA! You\'re still struggling along back here? I\'m doing great! I caught a bunch of strong and smart POK.MON! Here, let me see what you caught, KIRA!"'  fired=True  [age 0.0s + post 6ms]

   [travel] path blocked at (22, 6) (NPC on the gap?) - waiting

   [travel] no clean path from (22, 6); NPC-allowing path EXISTS (len 7), blocker NPC tile=(22, 5), npcs nearby=[(22, 5), (30, 12)] -> approaching to interact/trigger

   [travel] blocker is a TRAINER - fighting through

   [kira-voice] -> T1·brisk· (beat) "a trainer's blocking the path - bring it on"  fired=True  [age 0.0s + post 14ms]

   [campaign]    [strat] !! gEnemyParty UNCONFIRMED (slot0=17 != active foe 21) — party-SIZE reads DISABLED (loss-learning still works on the verified active-foe read)

   [play-live] battle context: trainer=True foe=spearow rare=False -> Tier 2 savor

   [kira-voice] ·floor· (<0.4s since last) T2 "okay okay — a trainer just locked eyes with me. team's in good shape — let's play it smart."

   [Bridge] INPUT OWNER = 'agent' (sole writer; others dropped+logged)

   [kira-voice] -> T2·savor· (event) 'a battle started against pidgeotto'  fired=True  [age 0.0s + post 2ms]

   [kira-voice] -> T2·savor· (event) 'used Bite - a solid hit'  fired=True  [age 0.0s + post 3ms]

   [kira-voice] -> T2·savor· (event) "the enemy's pidgeotto fainted — you took it down"  fired=True  [age 0.0s + post 2ms]

   [kira-voice] -> T2·savor· (event) 'my wartortle just leveled up to level 20'  fired=True  [age 0.0s + post 5ms]

   [kira-voice] -> T2·savor· (event) 'the trainer sent out bulbasaur'  fired=True  [age 0.0s + post 13ms]

   [kira-voice] -> T2·savor· (event) 'switching it up — this is a better matchup'  fired=True  [age 0.0s + post 3ms]

   [kira-voice] -> T2·savor· (event) 'used Peck - a super-effective hit'  fired=True  [age 0.0s + post 14ms]

   [kira-voice] -> T2·savor· (event) 'you took a big hit'  fired=True  [age 0.0s + post 5ms]

   [Bridge] INPUT OWNER = 'agent' (sole writer; others dropped+logged)

   [campaign]    [strat] rival battle ended in engine TIMEOUT -> NOT recorded in the grudge ledger

   [travel] blocker battle outcome=timeout; resuming pathfind

   [Bridge] INPUT OWNER = 'agent' (sole writer; others dropped+logged)

   [travel] post-blocker PAUSE (heal-when-low) - yielding to caller

   [campaign]    [roam] RESULT: fetch_keeper -> keeper_route:travel:need_heal | pos (3, 3)(0, 22) -> (3, 3)(22, 6) (MOVED)

   [campaign]    ⛰️  CAMPAIGN SAVE [tick10] -> campaign/kira_campaign.state  (map=(3, 3) coords=(22, 6) badges=1 party=2)

   [campaign]    [sanctity] bundle VALID (schema/encoding/truth/monotonic all clean)

   [campaign]    [roam] !! _wait_overworld TIMEOUT — proceeding (state may be mid-transition)

   [campaign]    [world] learned 14 warp(s) on (3, 3): (10, 11)->(7, 0), (30, 11)->(7, 1), (15, 17)->(7, 2), (22, 19)->(7, 3), (31, 21)->(7, 5), (13, 28)->(7, 6)

   [campaign]    [roam] afflicted by ['poison'] — remembering for a cure run

   [campaign]    [roam] grass she KNOWS: routing west -> (3, 22) toward Route 4 (visited grass, avoiding any wall)

   [campaign]    [roam] !! GYM-READINESS FLOOR: not ready for Misty (a real team (2/3 mons), levels (top 20 vs bar 22)) — pruned head_to_gym; strengthen: ['battle', 'wander_catch', 'stock_up', 'travel:3,22', 'travel:3,43', 'travel:3,27', 'travel:3,21']

   [campaign]    [roam] deep-wedge ring: banked safe checkpoint (1, 2, 3, 28) @ Cerulean City (ring=3/4)

   [campaign] -- ROAM TICK 11/100000000 --

   [campaign]    [roam] STATE IN: Cerulean City (22, 6) | badges=1 (Boulder) | party=[wartortle L20, spearow L8] | 1 badge(s) earned (Boulder). Next gym: Misty of Cerulean City. Pokédex: 3 caught. She's one badge in — the adventure's really starting (of 8 badges, then the Elite Four).

   [campaign]    [roam] PROGRESS: GREEN (unchanged 0 ticks) | fp[(3, 3) (22,6) f2 -B badge1 $1568 party:d191 bag:9ad0]

   [campaign]    [roam] OPTIONS OFFERED: ['heal', 'battle', 'wander_catch', 'stock_up', 'talk_npc', 'travel:3,22', 'travel:3,43', 'travel:3,27', 'travel:3,21']

   [campaign]    [roam] !! SURVIVAL HURT: 'Spearow is hurt (2/26 HP) — topping up at a Pokémon Center would be smart before pushing on.' — surfacing 'heal' to the oracle

   [campaign]    [roam] SHOP: "There's a Mart right here. poison has been hurting you — Antidote would help — a real trainer stocks up before pushing on." — surfacing 'stock_up' to the oracle

   [campaign]    [roam] STRATEGY roster: feeding team-shape awareness to the oracle

   [campaign]    [soul] ORACLE decision: kind=action ctx={'place': 'You\'re in Cerulean City — outdoors under open sky (a town with a Pokémon Center and a Mart; tall grass around — wild Pokémon live in it).. From here: NORTH → an unexplored area — wild Pokémon to catch/train; SOUTH → an unexplored area; EAST → an unexplored area — wild Pokémon to catch/train; WEST → Route 4 — wild Pokémon to catch/train, a Pokémon Center. Places you\'ve been with wild Pokémon you can walk back to: Route 3; an unfamiliar area; an unfamiliar area. You can walk to anywhere you\'ve already been.. Okay — to get past this I need the S.S. Ticket — a guy named Bill, in the house past the Nugget Bridge to the north, hands it over.. Spearow is hurt (2/26 HP) — topping up at a Pokémon Center would be smart before pushing on.. There\'s a Mart right here. poison has been hurting you — Antidote would help — a real trainer stocks up before pushing on.. Roster check: two Pokémon is a thin bench — a third or fourth would give you more answers to bad matchups. Worth a thought, if you want.. HOW POKÉMON WORKS (what you\'re playing for): the GOAL is to earn 8 Gym Badges, beat the Elite Four, and roll the credits — that\'s beating the game. You build a TEAM of up to 6 Pokémon you like AND that cover each other (types/roles) — a solo carry with a dead-weight bench is a losing setup; a real trainer fields a balanced, levelled squad. CATCHING wild Pokémon is central (\'gotta catch \'em all\') — you catch to build that team and to fill the Pokédex. When you meet a wild Pokémon, weigh it: is it cool/strong/useful, does it cover a gap, is it better than a bench-warmer? — keep your best ~6, and build a squad you actually like. THE ARC: build a team -> beat the 8 gyms prepared -> Elite Four -> credits. ALSO NORMAL: you entered your own name (and your rival\'s) when the game began — people in this world knowing your names is ordinary, not a mystery to react to. RIGHT NOW your team is thin/lopsided (a strong lead but weak or too few others) — that\'s why tough trainers wall you. Building up a real squad (catch a good new teammate, level the weak ones) is how a prepared trainer gets past these. THE MAIN QUEST IS A FIXED PATH you\'re always on: beat the 8 Gym Leaders in order, then the Elite Four, then you win the game. You\'re on GYM 2 of 8 — next is Misty in Cerulean City. The road forward leads there: until you\'ve won you are ALWAYS making progress toward the next gym. Grinding/catching/detours are fine — but ONLY with a clear purpose, and then you GET BACK ON THE ROAD to Cerulean City. Never just circle the same grass. Word on the road about Misty: she runs WATER-types — a whole gym over a pool; grass and electric do the work YOUR STORY SO FAR (what you\'ve actually done — your past, not the future): You started in Pallet Town, crossed Route 1-2 and Viridian Forest, and beat Brock in Pewter City for the Boulder Badge. Now you\'re pushing on toward the next gym.. Next on my list: catch an abra around Route 24 / Route 25. It grows into my alakazam — that\'s my answer for Erika AND Koga down the line. Grabbing it now, before I need it.. THINGS YOU\'VE HEARD AND READ (from people and signs — your own notes, use them when they point somewhere): "What? I\'m waiting for my friends to find me here."; "POK. BALL, and you want 1. That will be .200. Okay?"; "POK. BALL? Certainly. How many would you like?". YOUR PLAN — right now: catch something solid before Misty. Next: Make your way to Cerulean City. Bigger picture: Reach Cerulean City, beat Misty for the Cascade Badge. Your team right now: wartortle (L20), spearow (L8). Remember YOU are the one playing this — narrate your plan to chat in your own voice (first person: "I\'m grinding", "my team"), and never ask anyone what you\'re doing or who\'s on your team — you know.', 'progress': "1 badge(s) earned (Boulder). Next gym: Misty of Cerulean City. Pokédex: 3 caught. She's one badge in — the adventure's really starting (of 8 badges, then the Elite Four).", 'party': 'wartortle (L20), spearow (L8)', 'goal': {'short': 'catch something solid before Misty', 'medium': 'Make your way to Cerulean City', 'long': 'Reach Cerulean City, beat Misty for the Cascade Badge'}} options=['heal', 'battle', 'wander_catch', 'stock_up', 'talk_npc', 'travel:3,22', 'travel:3,43', 'travel:3,27', 'travel:3,21']

   [kira-voice] ORACLE kind=action options=['heal', 'battle', 'wander_catch', 'stock_up', 'talk_npc', 'travel:3,22', 'travel:3,43', 'travel:3,27', 'travel:3,21'] -> pick='heal'

   [campaign]    [soul] ORACLE pick -> 'heal'

   [campaign]    [roam] DECISION THINK: 3525ms (world stayed live — pumped idle, not a freeze)

   [campaign]    [roam] PICK OUT: heal

   [campaign]    [roam] RATIONALE: Topping up at a Pokémon Center, then back on the road then on to Cerulean City for Misty.

   [campaign]    HEAL: lead at 35/58 -> routing to the Pokemon Center on (3, 3) via door (22, 19) (will return to (22, 6))

   [Bridge] INPUT OWNER = 'agent' (sole writer; others dropped+logged)

   [travel] start map=(3, 3) coords=(22, 6) -> coord (22, 20) (budget 120s)

   [travel] north connection band cols: [0, 1, 2, 3, 4, 5, 6, 7, 8, 9, 10, 11, 22, 23, 24, 26, 27, 28, 36, 37, 38, 39, 40, 41, 42, 43, 44, 45, 46, 47, 48]

   [travel] ENCOUNTER -> on-time beat, warm up, hand off

   [kira-voice] -> T1·brisk· (beat) 'a wild Pokemon leaps out at you'  fired=True  [age 0.0s + post 23ms]

   [play-live] battle context: trainer=True foe=bulbasaur rare=False -> Tier 2 savor

   [kira-voice] ·floor· (<0.4s since last) T2 "okay okay — a trainer just locked eyes with me. team's in good shape — let's play it smart."

   [Bridge] INPUT OWNER = 'agent' (sole writer; others dropped+logged)

   [kira-voice] -> T2·savor· (event) 'a battle started against bulbasaur'  fired=True  [age 0.0s + post 5ms]

   [kira-voice] -> T2·savor· (event) 'my wartortle just leveled up to level 20'  fired=True  [age 0.0s + post 3ms]

   [kira-voice] -> T2·savor· (event) "that one's down - sending out my next Pokemon"  fired=True  [age 0.0s + post 14ms]

   [kira-voice] -> T2·savor· (event) "the enemy's bulbasaur fainted — you took it down"  fired=True  [age 0.0s + post 25ms]

   [kira-voice] -> T2·savor· (event) 'the trainer sent out abra'  fired=True  [age 0.0s + post 3ms]

   [kira-voice] -> T2·savor· (event) 'used Bite - a super-effective hit'  fired=True  [age 0.0s + post 4ms]

   [kira-voice] -> T2·savor· (event) "the enemy's abra fainted — you took it down"  fired=True  [age 0.0s + post 3ms]

   [kira-voice] -> T2·savor· (event) 'the trainer sent out rattata'  fired=True  [age 0.0s + post 3ms]

   [kira-voice] -> T2·savor· (event) 'used Bite - a solid hit'  fired=True  [age 0.0s + post 3ms]

   [kira-voice] -> T2·savor· (event) 'low HP - this is getting tense'  fired=True  [age 0.0s + post 13ms]

   [kira-voice] -> T2·savor· (event) "the enemy's rattata went down — that's the battle, you won"  fired=True  [age 0.0s + post 4ms]

   [dialogue] +++ 'Hey! Take it easy! You won already!'  tags=[]

   [kira-voice] -> T2·savor· (dialogue) 'you read: "Hey! Take it easy! You won already!"'  fired=True  [age 0.0s + post 3ms]

   [dialogue] +++ "GARY. Hey, guess what? I went to BILL's and got him to show me his rare POK.MON. That added a lot of pages to my POK.DEX! After all, BILL's world famous as a POK.MANIAC. He invented the POK.MO"  tags=[]

   [kira-voice] -> T2·savor· (dialogue) 'you read: "GARY. Hey, guess what? I went to BILL\'s and got him to show me his rare POK.MON. That added a lot of pages to my POK.DEX! After all, BILL\'s world famous as a POK.MANIAC. He invented the POK.MO"'  fired=True  [age 0.0s + post 3ms]

   [Bridge] INPUT OWNER = 'agent' (sole writer; others dropped+logged)

   [campaign]    [strat] RIVAL beat #2 vs Gary (won=True, place='Cerulean City') — grudge now 1W-1L

   [campaign]    [strat] GARY encounter #2 recorded (win) at Cerulean City — grudge escalates

   [kira-voice] ·floor· (<1s since last) T2 "okay this is bad — I'm down to my last one. everyone else is out. if this one drops, we're done. come on…"

   [travel] battle outcome=win; resuming pathfind

   [Bridge] INPUT OWNER = 'agent' (sole writer; others dropped+logged)

   [travel] post-battle PAUSE (heal-when-low) - yielding to caller

   [campaign]    !! HEAL: couldn't reach the PC door (at (22, 6)) — remembered as heal-dead on this map (offer suppressed while non-critical; push to the next Center)

   [kira-voice] ·floor· (<1s since last) T1 "can't get back to the Pokémon Center from this side — I'll patch up at the next town ahead."

   [campaign]    [roam] !! HEAL stuck ((3, 3)@(22, 6) -> (3, 3)@(22, 6)) — marked heal-dead (critical-heal freeze breaker armed; she'll push to the next Center)

   [campaign]    [roam] RESULT: heal -> stuck | pos (3, 3)(22, 6) -> (3, 3)(22, 6) (NO MOVEMENT)

   [kira-voice] -> T3·BIG· (rival) "The Gary grudge runs deep — you've met 2 times (1-1). Last time at Cerulean City you finally got the better of Gary, and you're dead even, and it's personal. Every time you cross paths it's the whole journey on the line. The next one matters."  fired=True  [age 0.0s + post 27ms]

   [campaign]    [roam] !!!! WATCHDOG TRIPPED (frozen_box): nothing on screen has meaningfully changed for 8.1s at (3, 3)@(22, 6) — latching a top-level disengage (catches a sub-layer wedge the per-tick ledger can't see). LOUD

   [campaign]    [roam] !! _wait_overworld TIMEOUT — proceeding (state may be mid-transition)

   [campaign]    [world] learned 14 warp(s) on (3, 3): (10, 11)->(7, 0), (30, 11)->(7, 1), (15, 17)->(7, 2), (22, 19)->(7, 3), (31, 21)->(7, 5), (13, 28)->(7, 6)

   [campaign]    [roam] survival-critical BUT heal proven-dead on this map — NOT freezing on only-'heal'; offering the forward push to the next town's Center instead

   [campaign]    [roam] grass she KNOWS: routing west -> (3, 22) toward Route 4 (visited grass, avoiding any wall)

   [campaign]    [roam] !! GYM-READINESS FLOOR: not ready for Misty (a real team (2/3 mons), levels (top 20 vs bar 22)) — pruned head_to_gym; strengthen: ['battle', 'wander_catch', 'stock_up', 'travel:3,22', 'travel:3,43', 'travel:3,27', 'travel:3,21']

   [campaign] -- ROAM TICK 12/100000000 --

   [campaign]    [roam] STATE IN: Cerulean City (22, 6) | badges=1 (Boulder) | party=[wartortle L20, spearow L8] | 1 badge(s) earned (Boulder). Next gym: Misty of Cerulean City. Pokédex: 3 caught. She's one badge in — the adventure's really starting (of 8 badges, then the Elite Four).

   [campaign]    [roam] PROGRESS: GREEN (unchanged 0 ticks) | fp[(3, 3) (22,6) f2 D- badge1 $1856 party:fb74 bag:9ad0]

   [campaign]    [roam] !!!! WATCHDOG DISENGAGE #1 at (3, 3)@(22, 6) (reason=frozen_box, frozen 8.1s) — top-level recovery, sub-layer-agnostic

   [Bridge] INPUT OWNER = 'agent' (sole writer; others dropped+logged)

   [kira-voice] -> T2·savor· (recover) "this NPC's just looping the same lines and going nowhere — I'm closing it and walking away."  fired=True  [age 0.0s + post 5ms]

   [campaign]    [roam] disengage: pressed B to DISMISS the looping box (never A) -> closed=False

   [campaign]    [roam] wedge spot: blocking (22, 5) on (3, 3) (route around it) + marking (22, 6) a resolved talk-spot — unified block memory now 2 tile(s)

   [campaign]    [roam] disengage: box closed but couldn't step away yet — oracle re-routes next tick (NPC is sticky-blocked so it won't path back in)

   [campaign]    [roam] !!!! WATCHDOG TRIPPED (frozen_box): nothing on screen has meaningfully changed for 8.1s at (3, 3)@(22, 6) — latching a top-level disengage (catches a sub-layer wedge the per-tick ledger can't see). LOUD

   [campaign]    [roam] !! _wait_overworld TIMEOUT — proceeding (state may be mid-transition)

   [campaign]    [roam] !! _wait_overworld TIMEOUT — proceeding (state may be mid-transition)

   [campaign]    [world] learned 14 warp(s) on (3, 3): (10, 11)->(7, 0), (30, 11)->(7, 1), (15, 17)->(7, 2), (22, 19)->(7, 3), (31, 21)->(7, 5), (13, 28)->(7, 6)

   [campaign]    [roam] survival-critical BUT heal proven-dead on this map — NOT freezing on only-'heal'; offering the forward push to the next town's Center instead

   [campaign]    [roam] grass she KNOWS: routing west -> (3, 22) toward Route 4 (visited grass, avoiding any wall)

   [campaign]    [roam] !! GYM-READINESS FLOOR: not ready for Misty (a real team (2/3 mons), levels (top 20 vs bar 22)) — pruned head_to_gym; strengthen: ['battle', 'wander_catch', 'stock_up', 'travel:3,22', 'travel:3,43', 'travel:3,27', 'travel:3,21']

   [campaign] -- ROAM TICK 13/100000000 --

   [campaign]    [roam] STATE IN: Cerulean City (22, 6) | badges=1 (Boulder) | party=[wartortle L20, spearow L8] | 1 badge(s) earned (Boulder). Next gym: Misty of Cerulean City. Pokédex: 3 caught. She's one badge in — the adventure's really starting (of 8 badges, then the Elite Four).

   [campaign]    [roam] PROGRESS: GREEN (unchanged 0 ticks) | fp[(3, 3) (22,6) f2 D- badge1 $1856 party:fb74 bag:9ad0]

   [campaign]    [roam] !!!! WATCHDOG DISENGAGE #2 at (3, 3)@(22, 6) (reason=frozen_box, frozen 8.1s) — top-level recovery, sub-layer-agnostic

   [Bridge] INPUT OWNER = 'agent' (sole writer; others dropped+logged)

   [campaign]    [roam] disengage: pressed B to DISMISS the looping box (never A) -> closed=False

   [campaign]    [roam] wedge spot: blocking (22, 5) on (3, 3) (route around it) + marking (22, 6) a resolved talk-spot — unified block memory now 2 tile(s)

   [campaign]    [roam] disengage: box closed but couldn't step away yet — oracle re-routes next tick (NPC is sticky-blocked so it won't path back in)

   [campaign]    [roam] !! WATCHDOG re-trip this episode — escalating beyond B+step-away

   [campaign]    [roam] !! ESCAPE-HATCH: banked CURRENT state -> G:\JonnyD\NeuroAI_Bot\pokemon_agent\states\campaign\pre_reload_20260730_100018.state (nothing live is lost, even on a misfire)

   [campaign]    [roam] !!!! ESCAPE-HATCH FIRED: genuine wedge — RELOADED last known-good state (gain (1, 2, 3, 28)); current backed up to pre_reload_20260730_100018.state. Continuing the climb. (LOUD)

   [kira-voice] -> T2·savor· (recover) "something got me properly stuck back there — I'm backing up to where I knew what I was doing and picking it up from there."  fired=True  [age 0.0s + post 3ms]

   [campaign]    [roam] !!!! WATCHDOG TRIPPED (frozen_box): nothing on screen has meaningfully changed for 8.1s at (3, 3)@(22, 6) — latching a top-level disengage (catches a sub-layer wedge the per-tick ledger can't see). LOUD

   [campaign]    [roam] !! _wait_overworld TIMEOUT — proceeding (state may be mid-transition)

   [campaign]    ⛰️  CAMPAIGN SAVE [post_escape_reload] -> campaign/kira_campaign.state  (map=(3, 3) coords=(22, 6) badges=1 party=2)

   [campaign]    [roam] !! _wait_overworld TIMEOUT — proceeding (state may be mid-transition)

   [campaign]    [roam] !! _wait_overworld TIMEOUT — proceeding (state may be mid-transition)

   [campaign]    [world] learned 14 warp(s) on (3, 3): (10, 11)->(7, 0), (30, 11)->(7, 1), (15, 17)->(7, 2), (22, 19)->(7, 3), (31, 21)->(7, 5), (13, 28)->(7, 6)

   [campaign]    [roam] survival-critical BUT heal proven-dead on this map — NOT freezing on only-'heal'; offering the forward push to the next town's Center instead

   [campaign]    [roam] grass she KNOWS: routing west -> (3, 22) toward Route 4 (visited grass, avoiding any wall)

   [campaign]    [roam] !! GYM-READINESS FLOOR: not ready for Misty (a real team (2/3 mons), levels (top 20 vs bar 22)) — pruned head_to_gym; strengthen: ['battle', 'wander_catch', 'stock_up', 'travel:3,22', 'travel:3,43', 'travel:3,27', 'travel:3,21']

   [campaign] -- ROAM TICK 14/100000000 --

   [campaign]    [roam] STATE IN: Cerulean City (22, 6) | badges=1 (Boulder) | party=[wartortle L20, spearow L8] | 1 badge(s) earned (Boulder). Next gym: Misty of Cerulean City. Pokédex: 3 caught. She's one badge in — the adventure's really starting (of 8 badges, then the Elite Four).

   [campaign]    [roam] PROGRESS: GREEN (unchanged 0 ticks) | fp[(3, 3) (22,6) f2 D- badge1 $1856 party:fb74 bag:9ad0]

   [campaign]    [roam] !!!! WATCHDOG DISENGAGE #3 at (3, 3)@(22, 6) (reason=frozen_box, frozen 8.1s) — top-level recovery, sub-layer-agnostic

   [Bridge] INPUT OWNER = 'agent' (sole writer; others dropped+logged)

   [kira-voice] -> T2·savor· (recover) "this NPC's just looping the same lines and going nowhere — I'm closing it and walking away."  fired=True  [age 0.0s + post 5ms]

   [campaign]    [roam] disengage: pressed B to DISMISS the looping box (never A) -> closed=False

   [campaign]    [roam] wedge spot: blocking (22, 5) on (3, 3) (route around it) + marking (22, 6) a resolved talk-spot — unified block memory now 2 tile(s)

   [campaign]    [roam] disengage: box closed but couldn't step away yet — oracle re-routes next tick (NPC is sticky-blocked so it won't path back in)

   [campaign]    [roam] !! WATCHDOG re-trip this episode — escalating beyond B+step-away

   [campaign]    [roam] !! ESCAPE-HATCH: banked CURRENT state -> G:\JonnyD\NeuroAI_Bot\pokemon_agent\states\campaign\pre_reload_20260730_100110.state (nothing live is lost, even on a misfire)

   [campaign]    [roam] !!!! ESCAPE-HATCH FIRED: genuine wedge — RELOADED last known-good state (gain (1, 2, 3, 28)); current backed up to pre_reload_20260730_100110.state. Continuing the climb. (LOUD)

   [kira-voice] -> T2·savor· (recover) "something got me properly stuck back there — I'm backing up to where I knew what I was doing and picking it up from there."  fired=True  [age 0.0s + post 13ms]

   [campaign]    [roam] !!!! WATCHDOG TRIPPED (frozen_box): nothing on screen has meaningfully changed for 8.0s at (3, 3)@(22, 6) — latching a top-level disengage (catches a sub-layer wedge the per-tick ledger can't see). LOUD

   [campaign]    [roam] !! _wait_overworld TIMEOUT — proceeding (state may be mid-transition)

   [campaign]    ⛰️  CAMPAIGN SAVE [post_escape_reload] -> campaign/kira_campaign.state  (map=(3, 3) coords=(22, 6) badges=1 party=2)

   [campaign]    [roam] !! _wait_overworld TIMEOUT — proceeding (state may be mid-transition)

   [campaign]    [roam] !! _wait_overworld TIMEOUT — proceeding (state may be mid-transition)

   [campaign]    [world] learned 14 warp(s) on (3, 3): (10, 11)->(7, 0), (30, 11)->(7, 1), (15, 17)->(7, 2), (22, 19)->(7, 3), (31, 21)->(7, 5), (13, 28)->(7, 6)

   [campaign]    [roam] survival-critical BUT heal proven-dead on this map — NOT freezing on only-'heal'; offering the forward push to the next town's Center instead

   [campaign]    [roam] grass she KNOWS: routing west -> (3, 22) toward Route 4 (visited grass, avoiding any wall)

   [campaign]    [roam] !! GYM-READINESS FLOOR: not ready for Misty (a real team (2/3 mons), levels (top 20 vs bar 22)) — pruned head_to_gym; strengthen: ['battle', 'wander_catch', 'stock_up', 'travel:3,22', 'travel:3,43', 'travel:3,27', 'travel:3,21']

   [campaign] -- ROAM TICK 15/100000000 --

   [campaign]    [roam] STATE IN: Cerulean City (22, 6) | badges=1 (Boulder) | party=[wartortle L20, spearow L8] | 1 badge(s) earned (Boulder). Next gym: Misty of Cerulean City. Pokédex: 3 caught. She's one badge in — the adventure's really starting (of 8 badges, then the Elite Four).

   [campaign]    [roam] PROGRESS: GREEN (unchanged 0 ticks) | fp[(3, 3) (22,6) f2 D- badge1 $1856 party:fb74 bag:9ad0]

   [campaign]    [roam] !!!! WATCHDOG DISENGAGE #4 at (3, 3)@(22, 6) (reason=frozen_box, frozen 8.0s) — top-level recovery, sub-layer-agnostic

   [Bridge] INPUT OWNER = 'agent' (sole writer; others dropped+logged)

   [kira-voice] -> T2·savor· (recover) "this NPC's just looping the same lines and going nowhere — I'm closing it and walking away."  fired=True  [age 0.0s + post 1ms]

   [campaign]    [roam] disengage: pressed B to DISMISS the looping box (never A) -> closed=False

   [campaign]    [roam] wedge spot: blocking (22, 5) on (3, 3) (route around it) + marking (22, 6) a resolved talk-spot — unified block memory now 2 tile(s)

   [campaign]    [roam] disengage: box closed but couldn't step away yet — oracle re-routes next tick (NPC is sticky-blocked so it won't path back in)

   [campaign]    [roam] !! WATCHDOG re-trip this episode — escalating beyond B+step-away

   [campaign]    [roam] !! ESCAPE-HATCH: banked CURRENT state -> G:\JonnyD\NeuroAI_Bot\pokemon_agent\states\campaign\pre_reload_20260730_100201.state (nothing live is lost, even on a misfire)

   [campaign]    [roam] !!!! ESCAPE-HATCH FIRED: genuine wedge — RELOADED last known-good state (gain (1, 2, 3, 28)); current backed up to pre_reload_20260730_100201.state. Continuing the climb. (LOUD)

   [kira-voice] -> T2·savor· (recover) "something got me properly stuck back there — I'm backing up to where I knew what I was doing and picking it up from there."  fired=True  [age 0.0s + post 14ms]

   [campaign]    [roam] !!!! WATCHDOG TRIPPED (frozen_box): nothing on screen has meaningfully changed for 8.1s at (3, 3)@(22, 6) — latching a top-level disengage (catches a sub-layer wedge the per-tick ledger can't see). LOUD

   [campaign]    [roam] !! _wait_overworld TIMEOUT — proceeding (state may be mid-transition)

   [campaign]    ⛰️  CAMPAIGN SAVE [post_escape_reload] -> campaign/kira_campaign.state  (map=(3, 3) coords=(22, 6) badges=1 party=2)

   [campaign]    [roam] !! _wait_overworld TIMEOUT — proceeding (state may be mid-transition)

   [campaign]    ⛰️  CAMPAIGN SAVE [tick15] -> campaign/kira_campaign.state  (map=(3, 3) coords=(22, 6) badges=1 party=2)

   [campaign]    [sanctity] bundle VALID (schema/encoding/truth/monotonic all clean)

   [campaign]    [roam] !! _wait_overworld TIMEOUT — proceeding (state may be mid-transition)

   [campaign]    [world] learned 14 warp(s) on (3, 3): (10, 11)->(7, 0), (30, 11)->(7, 1), (15, 17)->(7, 2), (22, 19)->(7, 3), (31, 21)->(7, 5), (13, 28)->(7, 6)

   [campaign]    [roam] survival-critical BUT heal proven-dead on this map — NOT freezing on only-'heal'; offering the forward push to the next town's Center instead

   [campaign]    [roam] grass she KNOWS: routing west -> (3, 22) toward Route 4 (visited grass, avoiding any wall)

   [campaign]    [roam] !! GYM-READINESS FLOOR: not ready for Misty (a real team (2/3 mons), levels (top 20 vs bar 22)) — pruned head_to_gym; strengthen: ['battle', 'wander_catch', 'stock_up', 'travel:3,22', 'travel:3,43', 'travel:3,27', 'travel:3,21']

   [campaign] -- ROAM TICK 16/100000000 --

   [campaign]    [roam] STATE IN: Cerulean City (22, 6) | badges=1 (Boulder) | party=[wartortle L20, spearow L8] | 1 badge(s) earned (Boulder). Next gym: Misty of Cerulean City. Pokédex: 3 caught. She's one badge in — the adventure's really starting (of 8 badges, then the Elite Four).

   [campaign]    [roam] PROGRESS: GREEN (unchanged 0 ticks) | fp[(3, 3) (22,6) f2 D- badge1 $1856 party:fb74 bag:9ad0]

   [campaign]    [roam] !!!! WATCHDOG DISENGAGE #5 at (3, 3)@(22, 6) (reason=frozen_box, frozen 8.1s) — top-level recovery, sub-layer-agnostic

   [Bridge] INPUT OWNER = 'agent' (sole writer; others dropped+logged)

   [kira-voice] -> T2·savor· (recover) "this NPC's just looping the same lines and going nowhere — I'm closing it and walking away."  fired=True  [age 0.0s + post 16ms]

   [campaign]    [roam] disengage: pressed B to DISMISS the looping box (never A) -> closed=False

   [campaign]    [roam] wedge spot: blocking (22, 5) on (3, 3) (route around it) + marking (22, 6) a resolved talk-spot — unified block memory now 2 tile(s)

   [campaign]    [roam] disengage: box closed but couldn't step away yet — oracle re-routes next tick (NPC is sticky-blocked so it won't path back in)

   [campaign]    [roam] !! WATCHDOG re-trip this episode — escalating beyond B+step-away

   [campaign]    [roam] !! ESCAPE-HATCH: banked CURRENT state -> G:\JonnyD\NeuroAI_Bot\pokemon_agent\states\campaign\pre_reload_20260730_100252.state (nothing live is lost, even on a misfire)

   [campaign]    [roam] !!!! ESCAPE-HATCH FIRED: genuine wedge — RELOADED last known-good state (gain (1, 2, 3, 28)); current backed up to pre_reload_20260730_100252.state. Continuing the climb. (LOUD)

   [kira-voice] -> T2·savor· (recover) "something got me properly stuck back there — I'm backing up to where I knew what I was doing and picking it up from there."  fired=True  [age 0.0s + post 3ms]

   [campaign]    [roam] !!!! WATCHDOG TRIPPED (frozen_box): nothing on screen has meaningfully changed for 8.1s at (3, 3)@(22, 6) — latching a top-level disengage (catches a sub-layer wedge the per-tick ledger can't see). LOUD

   [campaign]    [roam] !! _wait_overworld TIMEOUT — proceeding (state may be mid-transition)

   [campaign]    ⛰️  CAMPAIGN SAVE [post_escape_reload] -> campaign/kira_campaign.state  (map=(3, 3) coords=(22, 6) badges=1 party=2)

   [campaign]    [roam] !! _wait_overworld TIMEOUT — proceeding (state may be mid-transition)

   [campaign]    [roam] !! _wait_overworld TIMEOUT — proceeding (state may be mid-transition)

   [campaign]    [world] learned 14 warp(s) on (3, 3): (10, 11)->(7, 0), (30, 11)->(7, 1), (15, 17)->(7, 2), (22, 19)->(7, 3), (31, 21)->(7, 5), (13, 28)->(7, 6)

   [campaign]    [roam] survival-critical BUT heal proven-dead on this map — NOT freezing on only-'heal'; offering the forward push to the next town's Center instead

   [campaign]    [roam] grass she KNOWS: routing west -> (3, 22) toward Route 4 (visited grass, avoiding any wall)

   [campaign]    [roam] !! GYM-READINESS FLOOR: not ready for Misty (a real team (2/3 mons), levels (top 20 vs bar 22)) — pruned head_to_gym; strengthen: ['battle', 'wander_catch', 'stock_up', 'travel:3,22', 'travel:3,43', 'travel:3,27', 'travel:3,21']

   [campaign] -- ROAM TICK 17/100000000 --

   [campaign]    [roam] STATE IN: Cerulean City (22, 6) | badges=1 (Boulder) | party=[wartortle L20, spearow L8] | 1 badge(s) earned (Boulder). Next gym: Misty of Cerulean City. Pokédex: 3 caught. She's one badge in — the adventure's really starting (of 8 badges, then the Elite Four).

   [campaign]    [roam] PROGRESS: GREEN (unchanged 0 ticks) | fp[(3, 3) (22,6) f2 D- badge1 $1856 party:fb74 bag:9ad0]

   [campaign]    [roam] !!!! WATCHDOG DISENGAGE #6 at (3, 3)@(22, 6) (reason=frozen_box, frozen 8.1s) — top-level recovery, sub-layer-agnostic

   [Bridge] INPUT OWNER = 'agent' (sole writer; others dropped+logged)

   [kira-voice] -> T2·savor· (recover) "this NPC's just looping the same lines and going nowhere — I'm closing it and walking away."  fired=True  [age 0.0s + post 14ms]

   [campaign]    [roam] disengage: pressed B to DISMISS the looping box (never A) -> closed=False

   [campaign]    [roam] wedge spot: blocking (22, 5) on (3, 3) (route around it) + marking (22, 6) a resolved talk-spot — unified block memory now 2 tile(s)

   [campaign]    [roam] disengage: box closed but couldn't step away yet — oracle re-routes next tick (NPC is sticky-blocked so it won't path back in)

   [campaign]    [roam] !! WATCHDOG re-trip this episode — escalating beyond B+step-away

   [campaign]    [roam] !! ESCAPE-HATCH: banked CURRENT state -> G:\JonnyD\NeuroAI_Bot\pokemon_agent\states\campaign\pre_reload_20260730_100344.state (nothing live is lost, even on a misfire)

   [campaign]    [roam] !!!! ESCAPE-HATCH FIRED: genuine wedge — RELOADED last known-good state (gain (1, 2, 3, 28)); current backed up to pre_reload_20260730_100344.state. Continuing the climb. (LOUD)

   [kira-voice] -> T2·savor· (recover) "something got me properly stuck back there — I'm backing up to where I knew what I was doing and picking it up from there."  fired=True  [age 0.0s + post 2ms]

   [campaign]    [roam] !!!! WATCHDOG TRIPPED (frozen_box): nothing on screen has meaningfully changed for 8.0s at (3, 3)@(22, 6) — latching a top-level disengage (catches a sub-layer wedge the per-tick ledger can't see). LOUD

   [pkmn-audio-child] parent closed the pipe (EOF) � clean shutdown.

   [pkmn-audio-child] stopped after 54524 frames.

   [pkmn-audio] stopped (isolated); audio child closed; frame-stepping restored.



================================================================

   PLAY-LIVE RESULT: window-closed

   final: map=(3, 3) coords=(22, 6)  badge=True

   [kira-voice] === 63 fired, 35 gated (0 failed) | by tier: T3=1 T2=39 T1=23 (incl ambient trickle) ===

================================================================

