   [campaign]    [roam] TRAVEL: Route 16 -> Cinnabar Island (next hop east -> Celadon City)

   [Bridge] INPUT OWNER = 'agent' (sole writer; others dropped+logged)

   [travel] start map=(3, 34) coords=(41, 9) -> map (3, 6) (budget 300s, surf-capable)

   [travel] east connection band rows: [12, 13, 14]

   [travel] releasing 1 stale NPC block(s) [(41, 11)] — tile(s) read empty now (wanderer moved on)

   [travel] step 0: (41, 9)->(41, 10) map=(3, 34) (path 11 to exit)

   [travel] MAP TRANSITION (3, 34) -> (3, 6)

   [campaign]    [world] learned 13 warp(s) on (3, 6): (34, 21)->(10, 14), (11, 14)->(10, 0), (15, 14)->(10, 0), (30, 11)->(10, 7), (48, 11)->(10, 12), (39, 20)->(10, 15)

   [travel] east connection band rows: [0, 1, 2, 3, 4, 5, 6, 7, 8, 9, 12, 13, 14, 15, 30, 31, 32, 33, 34, 35, 36, 37, 38, 39]

   [travel] ARRIVED at target map (3, 6) coords=(0, 22)

   [campaign]    [roam] RESULT: victory_lap -> hop_ok | pos (3, 34)(41, 9) -> (3, 6)(0, 22) (MOVED)

   [campaign]    ⛰️  CAMPAIGN SAVE [new_area] -> campaign/kira_campaign.state  (map=(3, 6) coords=(0, 22) badges=8 party=6)

   [kira-voice] -> T1·brisk· (beat) 'made it to a new area'  fired=True  [age 0.0s + post 7ms]

   [campaign]    [sanctity] bundle VALID (schema/encoding/truth/monotonic all clean)

   [campaign]    📌 AUTO-CHECKPOINT [gain-new_area] -> checkpoints/20260808_120253_celadon-city_8b_38h35m_gain-new-area  (4 bundle file(s))

   [campaign]    [world] learned 13 warp(s) on (3, 6): (34, 21)->(10, 14), (11, 14)->(10, 0), (15, 14)->(10, 0), (30, 11)->(10, 7), (48, 11)->(10, 12), (39, 20)->(10, 15)

   [campaign]    [lap] checklist owes 'box_bench' — victory_lap is the endgame action (head_to_league/enter_league held until the lap clears)

   [campaign]    [roam] grass she KNOWS: routing east -> (3, 25) toward Route 7 (FORWARD — on the road to the objective, visited grass, avoiding any wall)

   [campaign] -- ROAM TICK 4/100000000 --

   [campaign]    [roam] STATE IN: Celadon City (0, 22) | badges=8 (Boulder, Cascade, Thunder, Rainbow, Soul, Marsh, Volcano, Earth) | party=[blastoise L69, lapras L26, moltres L50, articuno L50, kadabra L19, diglett L18] | 8 badge(s) earned (Boulder, Cascade, Thunder, Rainbow, Soul, Marsh, Volcano, Earth). All 8 badges earned. Pokédex: 19 caught. All 8 badges — Victory Road and the Elite Four are next. This is the endgame.

   [campaign]    [roam] PROGRESS: GREEN (unchanged 0 ticks) | fp[(3, 6) (0,22) f4 -- badge8 $2910 party:62e3 bag:212a]

   [campaign]    [roam] OPTIONS OFFERED: ['victory_lap', 'battle', 'wander_catch', 'talk_npc', 'travel:3,25', 'travel:3,34', 'travel:3,24', 'travel:3,26']

   [campaign]    [soul] surface_want FIRE -> Celadon City

   [campaign]    [soul] ORACLE decision: kind=want ctx={'place': "You're in Celadon City — outdoors under open sky (a town with a Pokémon Center and a Mart; tall grass around — wild Pokémon live in it).. ALREADY BESIDE YOU — your current team: blastoise (L69), lapras (L26), moltres (L50), articuno (L50), abra the kadabra (L19), diglett (L18). A want is something you DON'T yet have; never wish for a teammate who's already on your team.", 'map': (3, 6), 'badges': ['Boulder', 'Cascade', 'Thunder', 'Rainbow', 'Soul', 'Marsh', 'Volcano', 'Earth'], 'progress': '8 badge(s) earned (Boulder, Cascade, Thunder, Rainbow, Soul, Marsh, Volcano, Earth). All 8 badges earned. Pokédex: 19 caught. All 8 badges — Victory Road and the Elite Four are next. This is the endgame.', 'party': 'blastoise (L69), lapras (L26), moltres (L50), articuno (L50), abra the kadabra (L19), diglett (L18)', 'goal': {'short': "You're ready — stop grinding and push forward to the next objective", 'medium': "FIRST Zapdos — the L50 legendary bird inside the Power Plant, across Route 10's water strip. The electric answer to Lorelei's waters and Lance's Gyarados, free for the catching once Surf is taught — the gym comes right after; that errand is the road", 'long': 'Take on the Elite Four'}} options=['eevee', 'fossil', 'starters', 'rare', 'legendaries']

   [kira-voice] ORACLE kind=want options=['eevee', 'fossil', 'starters', 'rare', 'legendaries'] -> pick='get to Power Plant and catch Zapdos'

   [campaign]    [soul] ORACLE pick -> 'get to Power Plant and catch Zapdos'

   [campaign]    [lap] !! FORCE VICTORY LAP — oracle SKIPPED (the checklist owns the endgame sequencing; the order is code, not mood)

   [campaign]    [roam] PICK OUT: victory_lap

   [campaign]    [roam] RATIONALE: You're ready — stop grinding and push forward to the next objective. then on to the Elite Four

   [kira-voice] -> T2·savor· (want) 'get to Power Plant and catch Zapdos'  fired=True  [age 0.0s + post 3ms]

   [campaign]    [box] depositing diglett L18 (party slot 5) — freeing a seat for the lap's legendaries

   [campaign]    PCBOX: depositing party slot 5 at the Center on (3, 6) (door (48, 11))

   [Bridge] INPUT OWNER = 'agent' (sole writer; others dropped+logged)

   [travel] start map=(3, 6) coords=(0, 22) -> coord (48, 12) (budget 120s, surf-capable)

   [travel] step 0: (0, 22)->(1, 22) map=(3, 6) (path 59 to exit)

   [travel] step 10: (4, 16)->(4, 15) map=(3, 6) (path 49 to exit)

   [travel] step 20: (13, 15)->(14, 15) map=(3, 6) (path 39 to exit)

   [travel] step 30: (20, 12)->(21, 12) map=(3, 6) (path 29 to exit)

   [travel] HEARTBEAT step=40 map=(3, 6) coords=(30, 12) elapsed=5s

   [travel] step 40: (30, 12)->(31, 12) map=(3, 6) (path 19 to exit)

   [travel] step 50: (40, 12)->(41, 12) map=(3, 6) (path 9 to exit)

   [travel] reached target coord (48, 12)

   [Bridge] INPUT OWNER = 'agent' (sole writer; others dropped+logged)

   [campaign]    PCBOX: PC console stand = (11, 2)

   [dialogue] +++ 'KIRA booted up the PC.'  tags=[]

   [kira-voice] -> T1·brisk· (dialogue) 'you read: "KIRA booted up the PC."'  fired=True  [age 0.0s + post 9ms]

   [dialogue] +++ 'Which PC should be accessed?'  tags=[]

   [kira-voice] -> T1·brisk· (dialogue) 'you read: "Which PC should be accessed?"'  fired=True  [age 0.0s + post 18ms]

   [dialogue] +++ "Accessed BILL's PC."  tags=[]

   [kira-voice] -> T1·brisk· (dialogue) 'you read: "Accessed BILL\'s PC."'  fired=True  [age 0.0s + post 4ms]

   [dialogue] +++ 'POK.MON Storage System opened.'  tags=[]

   [kira-voice] -> T1·brisk· (dialogue) 'you read: "POK.MON Storage System opened."'  fired=True  [age 0.0s + post 1079ms]

   [campaign]    [roam] watchdog: SCENE callback owns the screen (evolution/naming/cutscene) — deliberate stillness, watch resets until the world returns

   [dialogue] +++ 'Which PC should be accessed?'  tags=[]

   [kira-voice] ·dedup· (repeat text, T1, looping?) 'you read: "Which PC should be accessed?"'

   [Bridge] INPUT OWNER = 'agent' (sole writer; others dropped+logged)

   [Bridge] INPUT OWNER = 'agent' (sole writer; others dropped+logged)

   [travel] start map=(10, 12) coords=(11, 2) -> coord (7, 7) (budget 60s, surf-capable)

   [travel] step 0: (11, 2)->(11, 3) map=(10, 12) (path 10 to exit)

   [travel] reached target coord (7, 7)

   [campaign]    [roam] watchdog: SCENE callback owns the screen (evolution/naming/cutscene) — deliberate stillness, watch resets until the world returns

   [campaign]    directional warp (7, 8) (behavior 0x65) entered via DOWN

   [campaign]    [world] learned 13 warp(s) on (3, 6): (34, 21)->(10, 14), (11, 14)->(10, 0), (15, 14)->(10, 0), (30, 11)->(10, 7), (48, 11)->(10, 12), (39, 20)->(10, 15)

   [campaign]    EXIT-BUILDING: (10, 12) -> (3, 6)@(48, 12)

   [campaign]    PCBOX: party count 6 -> 5 (map=(3, 6) coords=(48, 12))

   [campaign]    [box] ✅ bench deposited (1 mon) — party 5/6, seats open for the birds

   [kira-voice] -> T1·brisk· (roster) 'benched one of the team for now — making room for the mon my plan actually wants.'  fired=True  [age 0.0s + post 3ms]

   [campaign]    [box] bench COMPLETE — box_bench LATCHED done for this session (mid-lap pickups ride the trunk until 'repack')

   [campaign]    [roam] RESULT: victory_lap -> ok | pos (3, 6)(0, 22) -> (3, 6)(48, 12) (MOVED)

   [kira-voice] -> T3·BIG· (roster) 'benched 1 of the crew at the Center PC — the legendary birds get real team seats, not a storage box.'  fired=True  [age 0.0s + post 5ms]

   [campaign]    ⛰️  CAMPAIGN SAVE [catch] -> campaign/kira_campaign.state  (map=(3, 6) coords=(48, 12) badges=8 party=5)

   [campaign]    [sanctity] bundle VALID (schema/encoding/truth/monotonic all clean)

   [campaign]    📌 AUTO-CHECKPOINT [gain-catch] -> checkpoints/20260808_120402_celadon-city_8b_38h36m_gain-catch  (4 bundle file(s))

   [campaign]    [world] learned 13 warp(s) on (3, 6): (34, 21)->(10, 14), (11, 14)->(10, 0), (15, 14)->(10, 0), (30, 11)->(10, 7), (48, 11)->(10, 12), (39, 20)->(10, 15)

   [campaign]    [lap] CHECKLIST {'earthquake': 'done', 'fly': 'done', 'box_bench': 'done', 'moltres': 'done', 'articuno': 'done', 'zapdos': 'pending', 'ice_beam': 'done', 'repack': 'pending'} -> next: zapdos (cost-ordered from (3, 6))

   [campaign]    [lap] checklist owes 'zapdos' — victory_lap is the endgame action (head_to_league/enter_league held until the lap clears)

   [campaign]    [roam] grass she KNOWS: routing east -> (3, 25) toward Route 7 (FORWARD — on the road to the objective, visited grass, avoiding any wall)

   [campaign] -- ROAM TICK 5/100000000 --

   [campaign]    [roam] STATE IN: Celadon City (48, 12) | badges=8 (Boulder, Cascade, Thunder, Rainbow, Soul, Marsh, Volcano, Earth) | party=[blastoise L69, lapras L26, moltres L50, articuno L50, kadabra L19] | 8 badge(s) earned (Boulder, Cascade, Thunder, Rainbow, Soul, Marsh, Volcano, Earth). All 8 badges earned. Pokédex: 19 caught. All 8 badges — Victory Road and the Elite Four are next. This is the endgame.

   [campaign]    [roam] PROGRESS: GREEN (unchanged 0 ticks) | fp[(3, 6) (48,12) f1 -- badge8 $2910 party:2978 bag:212a]

   [campaign]    [roam] OPTIONS OFFERED: ['victory_lap', 'battle', 'wander_catch', 'travel:3,25', 'travel:3,34', 'travel:3,24', 'travel:3,26', 'swap_keeper']

   [campaign]    [strat] roster size = 5

   [campaign]    [lap] !! FORCE VICTORY LAP — oracle SKIPPED (the checklist owns the endgame sequencing; the order is code, not mood)

   [campaign]    [roam] PICK OUT: victory_lap

   [campaign]    [roam] RATIONALE: You're ready — stop grinding and push forward to the next objective. then on to the Elite Four

   [campaign]    [lap] 🧭 ZAPDOS NORTH STAGING: → Route 8 (then Saffron–Cerulean–R9) (from (3, 6)@(48, 12), R10 BANNED) (LOUD)

   [campaign]    [roam] TRAVEL: Celadon City -> Route 8 (next hop east -> Route 7)

   [Bridge] INPUT OWNER = 'agent' (sole writer; others dropped+logged)

   [travel] start map=(3, 6) coords=(48, 12) -> map (3, 25) (budget 300s, surf-capable)

   [travel] east connection band rows: [0, 1, 2, 3, 4, 5, 6, 7, 8, 9, 12, 13, 14, 15, 30, 31, 32, 33, 34, 35, 36, 37, 38, 39]

   [travel] step 0: (48, 12)->(49, 12) map=(3, 6) (path 13 to exit)

   [travel] step 10: (58, 12)->(59, 12) map=(3, 6) (path 3 to exit)

   [travel] MAP TRANSITION (3, 6) -> (3, 25)

   [campaign]    [world] learned 2 warp(s) on (3, 25): (7, 14)->(1, 33), (15, 10)->(19, 0)

   [travel] east connection band rows: [8, 9, 10, 11, 13]

   [travel] ARRIVED at target map (3, 25) coords=(0, 2)

   [kira-voice] ·dedup· (repeat text, T1, looping?) 'made it to a new area'

   [campaign]    [roam] RESULT: victory_lap -> stage:hop_ok | pos (3, 6)(48, 12) -> (3, 25)(0, 2) (MOVED)

   [campaign]    ⛰️  CAMPAIGN SAVE [new_area] -> campaign/kira_campaign.state  (map=(3, 25) coords=(0, 2) badges=8 party=5)

   [campaign]    [sanctity] bundle VALID (schema/encoding/truth/monotonic all clean)

   [campaign]    📌 AUTO-CHECKPOINT [gain-new_area] -> checkpoints/20260808_120405_route-7_8b_38h36m_gain-new-area  (4 bundle file(s))

   [campaign]    [world] learned 2 warp(s) on (3, 25): (7, 14)->(1, 33), (15, 10)->(19, 0)

   [campaign]    [lap] checklist owes 'zapdos' — victory_lap is the endgame action (head_to_league/enter_league held until the lap clears)

   [campaign] -- ROAM TICK 6/100000000 --

   [campaign]    [roam] STATE IN: Route 7 (0, 2) | badges=8 (Boulder, Cascade, Thunder, Rainbow, Soul, Marsh, Volcano, Earth) | party=[blastoise L69, lapras L26, moltres L50, articuno L50, kadabra L19] | 8 badge(s) earned (Boulder, Cascade, Thunder, Rainbow, Soul, Marsh, Volcano, Earth). All 8 badges earned. Pokédex: 19 caught. All 8 badges — Victory Road and the Elite Four are next. This is the endgame.

   [campaign]    [roam] PROGRESS: GREEN (unchanged 0 ticks) | fp[(3, 25) (0,2) f4 -- badge8 $2910 party:2978 bag:212a]

   [campaign]    [roam] OPTIONS OFFERED: ['victory_lap', 'battle', 'wander_catch', 'travel:3,34', 'travel:3,24', 'travel:3,26', 'travel:3,22']

   [campaign]    [lap] !! FORCE VICTORY LAP — oracle SKIPPED (the checklist owns the endgame sequencing; the order is code, not mood)

   [campaign]    [roam] PICK OUT: victory_lap

   [campaign]    [roam] RATIONALE: You're ready — stop grinding and push forward to the next objective. then on to the Elite Four

   [campaign]    [lap] 🧭 ZAPDOS NORTH STAGING: → Route 8 (then Saffron–Cerulean–R9) (from (3, 25)@(0, 2), R10 BANNED) (LOUD)

   [campaign]    [roam] TRAVEL: Route 7 -> Route 8 (next hop warp (7, 14) -> the Underground Path)

   [Bridge] INPUT OWNER = 'agent' (sole writer; others dropped+logged)

   [travel] start map=(3, 25) coords=(0, 2) -> coord (7, 14) (budget 300s, surf-capable)

   [travel] path blocked at (0, 2) (NPC on the gap?) - waiting

   [travel] no clean path from (0, 2) AND no NPC-allowing path (npcs nearby=[]) - genuine wall/zone gap, will time out

   [travel] !! TRAVEL WEDGE: identical fp x4 retries at (0, 2) map=(3, 25) (reason=no_route) -> returning to roam LOUD (no inner spin)

   [campaign]    3 door(s); candidates (chosen order): [(7, 14)]

   [kira-voice] -> T1·brisk· (event) "I can't find a way through here — let me rethink this"  fired=True  [age 0.0s + post 9ms]

   [campaign]    reachable door (7, 14): walking to approach (7, 15)

   [Bridge] INPUT OWNER = 'agent' (sole writer; others dropped+logged)

   [travel] start map=(3, 25) coords=(0, 2) -> coord (7, 15) (budget 300s, surf-capable)

   [travel] step 0: (0, 2)->(0, 3) map=(3, 25) (path 19 to exit)

   [travel] step 10: (4, 8)->(4, 9) map=(3, 25) (path 10 to exit)

   [travel] reached target coord (7, 15)

   [campaign]    [roam] watchdog: SCENE callback owns the screen (evolution/naming/cutscene) — deliberate stillness, watch resets until the world returns

   [campaign]    WARPED (3, 25) -> (1, 33) via door (7, 14)

   [campaign]    [world] learned 4 warp(s) on (1, 33): (5, 8)->(3, 25), (6, 8)->(3, 25), (7, 8)->(3, 25), (7, 4)->(1, 34)

   [campaign]    [roam] RESULT: victory_lap -> stage:hop_ok | pos (3, 25)(0, 2) -> (1, 33)(6, 8) (MOVED)

   [campaign]    ⛰️  CAMPAIGN SAVE [new_area] -> campaign/kira_campaign.state  (map=(1, 33) coords=(6, 8) badges=8 party=5)

   [campaign]    [sanctity] bundle VALID (schema/encoding/truth/monotonic all clean)

   [campaign]    📌 AUTO-CHECKPOINT [gain-new_area] -> checkpoints/20260808_120413_the-underground-path_8b_38h36m_gain-new-area  (4 bundle file(s))

   [campaign]    [roam] tick opened inside interior (1, 33)@(6, 8) with no battle since last tick — NOT a blackout; continuing (mid-route interior)

   [campaign]    [world] learned 4 warp(s) on (1, 33): (5, 8)->(3, 25), (6, 8)->(3, 25), (7, 8)->(3, 25), (7, 4)->(1, 34)

   [campaign]    [lap] checklist owes 'zapdos' — victory_lap is the endgame action (head_to_league/enter_league held until the lap clears)

   [campaign]    [world] learned 4 warp(s) on (1, 33): (5, 8)->(3, 25), (6, 8)->(3, 25), (7, 8)->(3, 25), (7, 4)->(1, 34)

   [campaign]    [roam] known-good snapshot SKIPPED — this spot can't reach a Center; refusing to bank a poisoned escape target (would reload back into the strand)

   [campaign] -- ROAM TICK 7/100000000 --

   [campaign]    [roam] STATE IN: the Underground Path (6, 8) | badges=8 (Boulder, Cascade, Thunder, Rainbow, Soul, Marsh, Volcano, Earth) | party=[blastoise L69, lapras L26, moltres L50, articuno L50, kadabra L19] | 8 badge(s) earned (Boulder, Cascade, Thunder, Rainbow, Soul, Marsh, Volcano, Earth). All 8 badges earned. Pokédex: 19 caught. All 8 badges — Victory Road and the Elite Four are next. This is the endgame.

   [campaign]    [roam] PROGRESS: GREEN (unchanged 0 ticks) | fp[(1, 33) (6,8) f2 -- badge8 $2910 party:2978 bag:212a]

   [campaign]    [roam] OPTIONS OFFERED: ['victory_lap', 'talk_npc', 'travel:3,25', 'travel:3,26', 'travel:3,34', 'travel:3,24']

   [campaign]    [soul] surface_want FIRE -> the Underground Path

   [campaign]    [soul] ORACLE decision: kind=want ctx={'place': "You're in the Underground Path — indoors, inside a building (rooms and doors — NOT a cave).. ALREADY BESIDE YOU — your current team: blastoise (L69), lapras (L26), moltres (L50), articuno (L50), abra the kadabra (L19). A want is something you DON'T yet have; never wish for a teammate who's already on your team.", 'map': (1, 33), 'badges': ['Boulder', 'Cascade', 'Thunder', 'Rainbow', 'Soul', 'Marsh', 'Volcano', 'Earth'], 'progress': '8 badge(s) earned (Boulder, Cascade, Thunder, Rainbow, Soul, Marsh, Volcano, Earth). All 8 badges earned. Pokédex: 19 caught. All 8 badges — Victory Road and the Elite Four are next. This is the endgame.', 'party': 'blastoise (L69), lapras (L26), moltres (L50), articuno (L50), abra the kadabra (L19)', 'goal': {'short': "You're ready — stop grinding and push forward to the next objective", 'medium': "FIRST Zapdos — the L50 legendary bird inside the Power Plant, across Route 10's water strip. The electric answer to Lorelei's waters and Lance's Gyarados, free for the catching once Surf is taught — the gym comes right after; that errand is the road", 'long': 'Take on the Elite Four'}} options=['eevee', 'fossil', 'starters', 'rare', 'legendaries']

   [kira-voice] ORACLE kind=want options=['eevee', 'fossil', 'starters', 'rare', 'legendaries'] -> pick='Zapdos, Power Plant'

   [campaign]    [soul] ORACLE pick -> 'Zapdos, Power Plant'

   [campaign]    [lap] !! FORCE VICTORY LAP — oracle SKIPPED (the checklist owns the endgame sequencing; the order is code, not mood)

   [campaign]    [roam] PICK OUT: victory_lap

   [campaign]    [roam] RATIONALE: You're ready — stop grinding and push forward to the next objective. then on to the Elite Four

   [campaign]    [roam] 🧭 QUESTLINE ANCHOR-FIRST: 'Zapdos — the L50 legendary bird inside the Power Plant, across Route 10's water strip. The electric answer to Lorelei's waters and Lance's Gyarados, free for the catching once Surf is taught' anchors on Route 10 and we're at the Underground Path — warp -> (1, 34) toward the anchor first

   [Bridge] INPUT OWNER = 'agent' (sole writer; others dropped+logged)

   [travel] start map=(1, 33) coords=(6, 8) -> coord (7, 4) (budget 300s, surf-capable)

   [kira-voice] -> T2·savor· (want) 'Zapdos, Power Plant'  fired=True  [age 0.0s + post 24ms]

   [travel] step 0: (6, 8)->(6, 7) map=(1, 33) (path 6 to exit)

   [travel] reached target coord (7, 4)

   [Bridge] INPUT OWNER = 'agent' (sole writer; others dropped+logged)

   [travel] start map=(1, 33) coords=(7, 4) -> coord (8, 4) (budget 60s, surf-capable)

   [travel] step 0: (7, 4)->(8, 4) map=(1, 33) (path 2 to exit)

   [travel] reached target coord (8, 4)

   [campaign]    [roam] watchdog: SCENE callback owns the screen (evolution/naming/cutscene) — deliberate stillness, watch resets until the world returns

   [campaign]    directional warp (7, 4) (behavior 0x6f) entered via LEFT

   [campaign]    [world] learned 2 warp(s) on (1, 34): (76, 3)->(1, 35), (3, 4)->(1, 33)

   [campaign]    [lap] 'zapdos' questline step -> warped

   [campaign]    [roam] RESULT: victory_lap -> warped | pos (1, 33)(6, 8) -> (1, 34)(3, 4) (MOVED)

   [campaign]    ⛰️  CAMPAIGN SAVE [new_area] -> campaign/kira_campaign.state  (map=(1, 34) coords=(3, 4) badges=8 party=5)

   [campaign]    [sanctity] bundle VALID (schema/encoding/truth/monotonic all clean)

   [campaign]    📌 AUTO-CHECKPOINT [gain-new_area] -> checkpoints/20260808_120423_the-underground-path_8b_38h37m_gain-new-area  (4 bundle file(s))

   [campaign]    [roam] tick opened inside interior (1, 34)@(3, 4) with no battle since last tick — NOT a blackout; continuing (mid-route interior)

   [campaign]    [world] learned 2 warp(s) on (1, 34): (76, 3)->(1, 35), (3, 4)->(1, 33)

   [campaign]    [lap] checklist owes 'zapdos' — victory_lap is the endgame action (head_to_league/enter_league held until the lap clears)

   [campaign]    [world] learned 2 warp(s) on (1, 34): (76, 3)->(1, 35), (3, 4)->(1, 33)

   [campaign]    [roam] known-good snapshot SKIPPED — this spot can't reach a Center; refusing to bank a poisoned escape target (would reload back into the strand)

   [campaign] -- ROAM TICK 8/100000000 --

   [campaign]    [roam] STATE IN: the Underground Path (3, 4) | badges=8 (Boulder, Cascade, Thunder, Rainbow, Soul, Marsh, Volcano, Earth) | party=[blastoise L69, lapras L26, moltres L50, articuno L50, kadabra L19] | 8 badge(s) earned (Boulder, Cascade, Thunder, Rainbow, Soul, Marsh, Volcano, Earth). All 8 badges earned. Pokédex: 19 caught. All 8 badges — Victory Road and the Elite Four are next. This is the endgame.

   [campaign]    [roam] PROGRESS: GREEN (unchanged 0 ticks) | fp[(1, 34) (3,4) f4 -- badge8 $2910 party:2978 bag:212a]

   [campaign]    [roam] OPTIONS OFFERED: ['victory_lap', 'travel:3,26', 'travel:3,25', 'travel:3,28', 'travel:3,30']

   [campaign]    [lap] !! FORCE VICTORY LAP — oracle SKIPPED (the checklist owns the endgame sequencing; the order is code, not mood)

   [campaign]    [roam] PICK OUT: victory_lap

   [campaign]    [roam] RATIONALE: You're ready — stop grinding and push forward to the next objective. then on to the Elite Four

   [campaign]    [roam] 🧭 QUESTLINE ANCHOR-FIRST: 'Zapdos — the L50 legendary bird inside the Power Plant, across Route 10's water strip. The electric answer to Lorelei's waters and Lance's Gyarados, free for the catching once Surf is taught' anchors on Route 10 and we're at the Underground Path — warp -> (1, 35) toward the anchor first

   [Bridge] INPUT OWNER = 'agent' (sole writer; others dropped+logged)

   [travel] start map=(1, 34) coords=(3, 4) -> coord (76, 3) (budget 300s, surf-capable)

   [travel] step 0: (3, 4)->(3, 3) map=(1, 34) (path 75 to exit)

   [travel] step 10: (12, 3)->(13, 3) map=(1, 34) (path 65 to exit)

   [travel] step 20: (22, 3)->(23, 3) map=(1, 34) (path 55 to exit)

   [travel] step 30: (32, 3)->(33, 3) map=(1, 34) (path 45 to exit)

   [travel] HEARTBEAT step=40 map=(1, 34) coords=(42, 3) elapsed=5s

   [travel] step 40: (42, 3)->(43, 3) map=(1, 34) (path 35 to exit)

   [travel] step 50: (52, 3)->(53, 3) map=(1, 34) (path 25 to exit)

   [travel] step 60: (62, 3)->(63, 3) map=(1, 34) (path 15 to exit)

   [travel] step 70: (72, 3)->(73, 3) map=(1, 34) (path 5 to exit)

   [travel] reached target coord (76, 3)

   [Bridge] INPUT OWNER = 'agent' (sole writer; others dropped+logged)

   [travel] start map=(1, 34) coords=(76, 3) -> coord (75, 3) (budget 60s, surf-capable)

   [travel] step 0: (76, 3)->(75, 3) map=(1, 34) (path 2 to exit)

   [travel] reached target coord (75, 3)

   [campaign]    [roam] watchdog: SCENE callback owns the screen (evolution/naming/cutscene) — deliberate stillness, watch resets until the world returns

   [campaign]    directional warp (76, 3) (behavior 0x6c) entered via RIGHT

   [campaign]    [world] learned 4 warp(s) on (1, 35): (5, 8)->(3, 26), (6, 8)->(3, 26), (7, 8)->(3, 26), (7, 4)->(1, 34)

   [campaign]    [lap] 'zapdos' questline step -> warped

   [campaign]    [roam] RESULT: victory_lap -> warped | pos (1, 34)(3, 4) -> (1, 35)(7, 4) (MOVED)

   [campaign]    ⛰️  CAMPAIGN SAVE [new_area] -> campaign/kira_campaign.state  (map=(1, 35) coords=(7, 4) badges=8 party=5)

   [campaign]    [sanctity] bundle VALID (schema/encoding/truth/monotonic all clean)

   [campaign]    📌 AUTO-CHECKPOINT [gain-new_area] -> checkpoints/20260808_120440_the-underground-path_8b_38h37m_gain-new-area  (4 bundle file(s))

   [campaign]    [roam] tick opened inside interior (1, 35)@(7, 4) with no battle since last tick — NOT a blackout; continuing (mid-route interior)

   [campaign]    [world] learned 4 warp(s) on (1, 35): (5, 8)->(3, 26), (6, 8)->(3, 26), (7, 8)->(3, 26), (7, 4)->(1, 34)

   [campaign]    [lap] checklist owes 'zapdos' — victory_lap is the endgame action (head_to_league/enter_league held until the lap clears)

   [campaign]    [world] learned 4 warp(s) on (1, 35): (5, 8)->(3, 26), (6, 8)->(3, 26), (7, 8)->(3, 26), (7, 4)->(1, 34)

   [campaign]    [roam] known-good snapshot SKIPPED — this spot can't reach a Center; refusing to bank a poisoned escape target (would reload back into the strand)

   [campaign] -- ROAM TICK 9/100000000 --

   [campaign]    [roam] STATE IN: the Underground Path (7, 4) | badges=8 (Boulder, Cascade, Thunder, Rainbow, Soul, Marsh, Volcano, Earth) | party=[blastoise L69, lapras L26, moltres L50, articuno L50, kadabra L19] | 8 badge(s) earned (Boulder, Cascade, Thunder, Rainbow, Soul, Marsh, Volcano, Earth). All 8 badges earned. Pokédex: 19 caught. All 8 badges — Victory Road and the Elite Four are next. This is the endgame.

   [campaign]    [roam] PROGRESS: GREEN (unchanged 0 ticks) | fp[(1, 35) (7,4) f4 -- badge8 $2910 party:2978 bag:212a]

   [campaign]    [roam] OPTIONS OFFERED: ['victory_lap', 'talk_npc', 'travel:3,26', 'travel:3,28', 'travel:3,30', 'travel:3,25']

   [campaign]    [lap] !! FORCE VICTORY LAP — oracle SKIPPED (the checklist owns the endgame sequencing; the order is code, not mood)

   [campaign]    [roam] PICK OUT: victory_lap

   [campaign]    [roam] RATIONALE: You're ready — stop grinding and push forward to the next objective. then on to the Elite Four

   [campaign]    [roam] 🧭 QUESTLINE ANCHOR-FIRST: 'Zapdos — the L50 legendary bird inside the Power Plant, across Route 10's water strip. The electric answer to Lorelei's waters and Lance's Gyarados, free for the catching once Surf is taught' anchors on Route 10 and we're at the Underground Path — warp -> (3, 26) toward the anchor first

   [Bridge] INPUT OWNER = 'agent' (sole writer; others dropped+logged)

   [travel] start map=(1, 35) coords=(7, 4) -> coord (5, 8) (budget 300s, surf-capable)

   [travel] step 0: (7, 4)->(7, 5) map=(1, 35) (path 7 to exit)

   [travel] reached target coord (5, 8)

   [campaign]    2 door(s); candidates (chosen order): [(5, 8)]

   [campaign]    door (5, 8): at (5, 8) (approach=(5, 9)) — stepping UP in

   [dialogue] +++ 'The DEPARTMENT STORE in CELADON has a great selection. Do you go there very often?'  tags=['PLACE', 'ITEM']

   [kira-voice]    (dialogue tags: place, item)

   [kira-voice] -> T1·brisk· (dialogue) 'you read: "The DEPARTMENT STORE in CELADON has a great selection. Do you go there very often?"'  fired=True  [age 0.0s + post 6ms]

   [campaign]    pick (5, 8) failed — trying adjacent actuatable door (6, 8) (mat-row)

   [Bridge] INPUT OWNER = 'agent' (sole writer; others dropped+logged)

   [travel] start map=(1, 35) coords=(5, 7) -> coord (6, 7) (budget 60s, surf-capable)

   [travel] path blocked at (5, 7) (NPC on the gap?) - waiting

   [travel] no clean path from (5, 7); NPC-allowing path EXISTS (len 2), blocker NPC tile=None, npcs nearby=[(5, 6)] -> approaching to interact/trigger

   [campaign]    [roam] !!!! WATCHDOG TRIPPED (frozen_box): nothing on screen has meaningfully changed for 8.0s at (1, 35)@(5, 7) — latching a top-level disengage (catches a sub-layer wedge the per-tick ledger can't see). LOUD

   [travel] !! WATCHDOG disengage requested — bailing this leg LOUD

   [Bridge] INPUT OWNER = 'agent' (sole writer; others dropped+logged)

   [travel] start map=(1, 35) coords=(6, 7) -> coord (6, 9) (budget 45s, surf-capable)

   [travel] !! WATCHDOG disengage requested — bailing this leg LOUD

   [Bridge] INPUT OWNER = 'agent' (sole writer; others dropped+logged)

   [travel] start map=(1, 35) coords=(6, 7) -> coord (6, 7) (budget 45s, surf-capable)

   [campaign]    [roam] !! WATCHDOG latch STORM (3 legs bailed on one latch) — a sub-loop is consuming bails without unwinding. Self-healing NOW: latch cleared, watch reset, play resumes; a real wedge re-trips in 8s.

   [travel] reached target coord (6, 7)

   [campaign]    [roam] watchdog: SCENE callback owns the screen (evolution/naming/cutscene) — deliberate stillness, watch resets until the world returns

   [campaign]    directional warp (6, 8) (behavior 0x65) entered via DOWN

   [campaign]    [world] learned 2 warp(s) on (3, 26): (13, 4)->(1, 35), (7, 10)->(20, 0)

   [campaign]    WARPED (1, 35) -> (3, 26) via mat-row door (6, 8)

   [campaign]    [lap] 'zapdos' questline step -> warped

   [campaign]    [roam] RESULT: victory_lap -> warped | pos (1, 35)(7, 4) -> (3, 26)(13, 5) (MOVED)

   [campaign]    ⛰️  CAMPAIGN SAVE [new_area] -> campaign/kira_campaign.state  (map=(3, 26) coords=(13, 5) badges=8 party=5)

   [campaign]    [sanctity] bundle VALID (schema/encoding/truth/monotonic all clean)

   [campaign]    📌 AUTO-CHECKPOINT [gain-new_area] -> checkpoints/20260808_120456_route-8_8b_38h37m_gain-new-area  (4 bundle file(s))

   [campaign]    [world] learned 2 warp(s) on (3, 26): (13, 4)->(1, 35), (7, 10)->(20, 0)

   [campaign]    [lap] checklist owes 'zapdos' — victory_lap is the endgame action (head_to_league/enter_league held until the lap clears)

   [campaign] -- ROAM TICK 10/100000000 --

   [campaign]    [roam] STATE IN: Route 8 (13, 5) | badges=8 (Boulder, Cascade, Thunder, Rainbow, Soul, Marsh, Volcano, Earth) | party=[blastoise L69, lapras L26, moltres L50, articuno L50, kadabra L19] | 8 badge(s) earned (Boulder, Cascade, Thunder, Rainbow, Soul, Marsh, Volcano, Earth). All 8 badges earned. Pokédex: 19 caught. All 8 badges — Victory Road and the Elite Four are next. This is the endgame.

   [campaign]    [roam] PROGRESS: GREEN (unchanged 0 ticks) | fp[(3, 26) (13,5) f1 -- badge8 $2910 party:2978 bag:212a]

   [campaign]    [roam] OPTIONS OFFERED: ['victory_lap', 'battle', 'wander_catch', 'travel:3,28', 'travel:3,30', 'travel:3,27', 'travel:3,29']

   [campaign]    [soul] surface_want FIRE -> Route 8

   [campaign]    [soul] ORACLE decision: kind=want ctx={'place': "You're on Route 8 — outdoors under open sky (tall grass around — wild Pokémon live in it).. ALREADY BESIDE YOU — your current team: blastoise (L69), lapras (L26), moltres (L50), articuno (L50), abra the kadabra (L19). A want is something you DON'T yet have; never wish for a teammate who's already on your team.", 'map': (3, 26), 'badges': ['Boulder', 'Cascade', 'Thunder', 'Rainbow', 'Soul', 'Marsh', 'Volcano', 'Earth'], 'progress': '8 badge(s) earned (Boulder, Cascade, Thunder, Rainbow, Soul, Marsh, Volcano, Earth). All 8 badges earned. Pokédex: 19 caught. All 8 badges — Victory Road and the Elite Four are next. This is the endgame.', 'party': 'blastoise (L69), lapras (L26), moltres (L50), articuno (L50), abra the kadabra (L19)', 'goal': {'short': "You're ready — stop grinding and push forward to the next objective", 'medium': "FIRST Zapdos — the L50 legendary bird inside the Power Plant, across Route 10's water strip. The electric answer to Lorelei's waters and Lance's Gyarados, free for the catching once Surf is taught — the gym comes right after; that errand is the road", 'long': 'Take on the Elite Four'}} options=['eevee', 'fossil', 'starters', 'rare', 'legendaries']

   [kira-voice] ORACLE kind=want options=['eevee', 'fossil', 'starters', 'rare', 'legendaries'] -> pick='Zapdos — Power Plant'

   [campaign]    [soul] ORACLE pick -> 'Zapdos — Power Plant'

   [campaign]    [lap] !! FORCE VICTORY LAP — oracle SKIPPED (the checklist owns the endgame sequencing; the order is code, not mood)

   [campaign]    [roam] PICK OUT: victory_lap

   [campaign]    [roam] RATIONALE: You're ready — stop grinding and push forward to the next objective. then on to the Elite Four

   [kira-voice] -> T2·savor· (want) 'Zapdos — Power Plant'  fired=True  [age 0.0s + post 5ms]

   [campaign]    [lap] 🧭 ZAPDOS NORTH STAGING: Route 8 → Saffron (from (3, 26)@(13, 5), R10 BANNED) (LOUD)

   [campaign]    [roam] TRAVEL: Route 8 -> Saffron City (next hop warp (7, 10) -> the passage between Saffron City and Route 8)

   [Bridge] INPUT OWNER = 'agent' (sole writer; others dropped+logged)

   [travel] start map=(3, 26) coords=(13, 5) -> coord (7, 10) (budget 300s, surf-capable)

   [travel] step 0: (13, 5)->(13, 6) map=(3, 26) (path 12 to exit)

   [travel] step 10: (8, 10)->(7, 10) map=(3, 26) (path 2 to exit)

   [travel] reached target coord (7, 10)

   [campaign]    6 door(s); candidates (chosen order): [(7, 10)]

   [campaign]    door (7, 10): at (7, 10) (approach=(7, 11)) — stepping UP in

   [campaign]    reachable door (7, 10): walking to approach (7, 11)

   [Bridge] INPUT OWNER = 'agent' (sole writer; others dropped+logged)

   [travel] start map=(3, 26) coords=(7, 8) -> coord (7, 11) (budget 300s, surf-capable)

   [travel] step 0: (7, 8)->(7, 9) map=(3, 26) (path 4 to exit)

   [travel] reached target coord (7, 11)

   [Bridge] INPUT OWNER = 'agent' (sole writer; others dropped+logged)

   [travel] start map=(3, 26) coords=(7, 8) -> coord (8, 10) (budget 60s, surf-capable)

   [travel] step 0: (7, 8)->(7, 9) map=(3, 26) (path 4 to exit)

   [travel] reached target coord (8, 10)

   [pkmn-audio] !! PCM queue full — dropped frame audio (total drops 1; bursts here = audible crackle)

   [campaign]    [roam] watchdog: SCENE callback owns the screen (evolution/naming/cutscene) — deliberate stillness, watch resets until the world returns

   [campaign]    directional warp (7, 10) (behavior 0x63) entered via LEFT

   [campaign]    [world] learned 4 warp(s) on (20, 0): (1, 4)->(3, 10), (1, 5)->(3, 10), (11, 5)->(3, 26), (11, 6)->(3, 26)

   [campaign]    WARPED (3, 26) -> (20, 0) via directional door (7, 10)

   [campaign]    [roam] RESULT: victory_lap -> stage:hop_ok | pos (3, 26)(13, 5) -> (20, 0)(11, 5) (MOVED)

   [campaign]    ⛰️  CAMPAIGN SAVE [new_area] -> campaign/kira_campaign.state  (map=(20, 0) coords=(11, 5) badges=8 party=5)

   [campaign]    [sanctity] bundle VALID (schema/encoding/truth/monotonic all clean)

   [campaign]    📌 AUTO-CHECKPOINT [gain-new_area] -> checkpoints/20260808_120521_the-passage-between-saffron-_8b_38h38m_gain-new-area  (4 bundle file(s))

   [campaign]    [roam] tick opened inside interior (20, 0)@(11, 5) with no battle since last tick — NOT a blackout; continuing (mid-route interior)

   [campaign]    [world] learned 4 warp(s) on (20, 0): (1, 4)->(3, 10), (1, 5)->(3, 10), (11, 5)->(3, 26), (11, 6)->(3, 26)

   [campaign]    [lap] checklist owes 'zapdos' — victory_lap is the endgame action (head_to_league/enter_league held until the lap clears)

   [campaign]    [world] learned 4 warp(s) on (20, 0): (1, 4)->(3, 10), (1, 5)->(3, 10), (11, 5)->(3, 26), (11, 6)->(3, 26)

   [campaign]    [roam] known-good snapshot SKIPPED — this spot can't reach a Center; refusing to bank a poisoned escape target (would reload back into the strand)

   [campaign] -- ROAM TICK 11/100000000 --

   [campaign]    [roam] STATE IN: the passage between Saffron City and Route 8 (11, 5) | badges=8 (Boulder, Cascade, Thunder, Rainbow, Soul, Marsh, Volcano, Earth) | party=[blastoise L69, lapras L26, moltres L50, articuno L50, kadabra L19] | 8 badge(s) earned (Boulder, Cascade, Thunder, Rainbow, Soul, Marsh, Volcano, Earth). All 8 badges earned. Pokédex: 19 caught. All 8 badges — Victory Road and the Elite Four are next. This is the endgame.

   [campaign]    [roam] PROGRESS: GREEN (unchanged 0 ticks) | fp[(20, 0) (11,5) f3 -- badge8 $2910 party:2978 bag:212a]

   [campaign]    [roam] OPTIONS OFFERED: ['victory_lap', 'talk_npc', 'travel:3,26', 'travel:3,24', 'travel:3,28', 'travel:3,30']

   [campaign]    [lap] !! FORCE VICTORY LAP — oracle SKIPPED (the checklist owns the endgame sequencing; the order is code, not mood)

   [campaign]    [roam] PICK OUT: victory_lap

   [campaign]    [roam] RATIONALE: You're ready — stop grinding and push forward to the next objective. then on to the Elite Four

   [campaign]    [roam] 🧭 QUESTLINE ANCHOR-FIRST: 'Zapdos — the L50 legendary bird inside the Power Plant, across Route 10's water strip. The electric answer to Lorelei's waters and Lance's Gyarados, free for the catching once Surf is taught' anchors on Route 10 and we're at the passage between Saffron City and Route 8 — warp -> (3, 26) toward the anchor first

   [Bridge] INPUT OWNER = 'agent' (sole writer; others dropped+logged)

   [travel] start map=(20, 0) coords=(11, 5) -> coord (11, 5) (budget 300s, surf-capable)

   [travel] reached target coord (11, 5)

   [Bridge] INPUT OWNER = 'agent' (sole writer; others dropped+logged)

   [travel] start map=(20, 0) coords=(11, 5) -> coord (10, 5) (budget 60s, surf-capable)

   [travel] step 0: (11, 5)->(10, 5) map=(20, 0) (path 2 to exit)

   [travel] reached target coord (10, 5)

   [campaign]    [roam] watchdog: SCENE callback owns the screen (evolution/naming/cutscene) — deliberate stillness, watch resets until the world returns

   [campaign]    directional warp (11, 5) (behavior 0x62) entered via RIGHT

   [campaign]    [world] learned 2 warp(s) on (3, 26): (13, 4)->(1, 35), (7, 10)->(20, 0)

   [campaign]    [lap] 'zapdos' questline step -> warped

   [campaign]    [roam] RESULT: victory_lap -> warped | pos (20, 0)(11, 5) -> (3, 26)(7, 10) (MOVED)

   [campaign]    ⛰️  CAMPAIGN SAVE [new_area] -> campaign/kira_campaign.state  (map=(3, 26) coords=(7, 10) badges=8 party=5)

   [campaign]    [sanctity] bundle VALID (schema/encoding/truth/monotonic all clean)

   [campaign]    📌 AUTO-CHECKPOINT [gain-new_area] -> checkpoints/20260808_120528_route-8_8b_38h38m_gain-new-area  (4 bundle file(s))

   [campaign]    [world] learned 2 warp(s) on (3, 26): (13, 4)->(1, 35), (7, 10)->(20, 0)

   [campaign]    [lap] checklist owes 'zapdos' — victory_lap is the endgame action (head_to_league/enter_league held until the lap clears)

   [campaign] -- ROAM TICK 12/100000000 --

   [campaign]    [roam] STATE IN: Route 8 (7, 10) | badges=8 (Boulder, Cascade, Thunder, Rainbow, Soul, Marsh, Volcano, Earth) | party=[blastoise L69, lapras L26, moltres L50, articuno L50, kadabra L19] | 8 badge(s) earned (Boulder, Cascade, Thunder, Rainbow, Soul, Marsh, Volcano, Earth). All 8 badges earned. Pokédex: 19 caught. All 8 badges — Victory Road and the Elite Four are next. This is the endgame.

   [campaign]    [roam] PROGRESS: GREEN (unchanged 0 ticks) | fp[(3, 26) (7,10) f4 -- badge8 $2910 party:2978 bag:212a]

   [campaign]    [roam] OPTIONS OFFERED: ['victory_lap', 'battle', 'wander_catch', 'travel:3,28', 'travel:3,30', 'travel:3,27', 'travel:3,29']

   [campaign]    [lap] !! FORCE VICTORY LAP — oracle SKIPPED (the checklist owns the endgame sequencing; the order is code, not mood)

   [campaign]    [roam] PICK OUT: victory_lap

   [campaign]    [roam] RATIONALE: You're ready — stop grinding and push forward to the next objective. then on to the Elite Four

   [campaign]    [lap] 🧭 ZAPDOS NORTH STAGING: Route 8 → Saffron (from (3, 26)@(7, 10), R10 BANNED) (LOUD)

   [campaign]    [roam] TRAVEL: Route 8 -> Saffron City (next hop warp (7, 10) -> the passage between Saffron City and Route 8)

   [Bridge] INPUT OWNER = 'agent' (sole writer; others dropped+logged)

   [travel] start map=(3, 26) coords=(7, 10) -> coord (7, 10) (budget 300s, surf-capable)

   [travel] reached target coord (7, 10)

   [campaign]    6 door(s); candidates (chosen order): [(7, 10)]

   [campaign]    door (7, 10): at (7, 10) (approach=(7, 11)) — stepping UP in

   [campaign]    reachable door (7, 10): walking to approach (7, 11)

   [Bridge] INPUT OWNER = 'agent' (sole writer; others dropped+logged)

   [travel] start map=(3, 26) coords=(7, 8) -> coord (7, 11) (budget 300s, surf-capable)

   [travel] step 0: (7, 8)->(7, 9) map=(3, 26) (path 4 to exit)

   [travel] reached target coord (7, 11)

   [Bridge] INPUT OWNER = 'agent' (sole writer; others dropped+logged)

   [travel] start map=(3, 26) coords=(7, 8) -> coord (8, 10) (budget 60s, surf-capable)

   [travel] step 0: (7, 8)->(7, 9) map=(3, 26) (path 4 to exit)

   [travel] reached target coord (8, 10)

   [campaign]    [roam] watchdog: SCENE callback owns the screen (evolution/naming/cutscene) — deliberate stillness, watch resets until the world returns

   [campaign]    directional warp (7, 10) (behavior 0x63) entered via LEFT

   [campaign]    [world] learned 4 warp(s) on (20, 0): (1, 4)->(3, 10), (1, 5)->(3, 10), (11, 5)->(3, 26), (11, 6)->(3, 26)

   [campaign]    WARPED (3, 26) -> (20, 0) via directional door (7, 10)

   [campaign]    [roam] RESULT: victory_lap -> stage:hop_ok | pos (3, 26)(7, 10) -> (20, 0)(11, 5) (MOVED)

   [campaign]    [roam] !!!! SEAM-THRASH BREAKER: crossed the Route 8↔the passage between Saffron City and Route 8 border 3x in 120s with no badge progress — no clear backward side (both read forward) — no ban; hard-committing the FORWARD objective for the next 8 builds

   [kira-voice] -> T2·savor· (travel) "okay, I've been pacing the same border like a lost tourist — enough. Picking a direction and COMMITTING: forward, next objective, go."  fired=True  [age 0.0s + post 5ms]

   [campaign]    ⛰️  CAMPAIGN SAVE [new_area] -> campaign/kira_campaign.state  (map=(20, 0) coords=(11, 5) badges=8 party=5)

   [campaign]    [sanctity] bundle VALID (schema/encoding/truth/monotonic all clean)

   [campaign]    📌 AUTO-CHECKPOINT [gain-new_area] -> checkpoints/20260808_120549_the-passage-between-saffron-_8b_38h38m_gain-new-area  (4 bundle file(s))

   [campaign]    [roam] tick opened inside interior (20, 0)@(11, 5) with no battle since last tick — NOT a blackout; continuing (mid-route interior)

   [campaign]    [world] learned 4 warp(s) on (20, 0): (1, 4)->(3, 10), (1, 5)->(3, 10), (11, 5)->(3, 26), (11, 6)->(3, 26)

   [campaign]    [lap] checklist owes 'zapdos' — victory_lap is the endgame action (head_to_league/enter_league held until the lap clears)

   [campaign]    [world] learned 4 warp(s) on (20, 0): (1, 4)->(3, 10), (1, 5)->(3, 10), (11, 5)->(3, 26), (11, 6)->(3, 26)

   [campaign]    [roam] !! SEAM-COMMIT (7 builds left): forced head_to_gym, pruned ['travel:3,24', 'travel:3,26', 'travel:3,28', 'travel:3,30'] — the border war is OVER

   [campaign]    [roam] known-good snapshot SKIPPED — this spot can't reach a Center; refusing to bank a poisoned escape target (would reload back into the strand)

   [campaign] -- ROAM TICK 13/100000000 --

   [campaign]    [roam] STATE IN: the passage between Saffron City and Route 8 (11, 5) | badges=8 (Boulder, Cascade, Thunder, Rainbow, Soul, Marsh, Volcano, Earth) | party=[blastoise L69, lapras L26, moltres L50, articuno L50, kadabra L19] | 8 badge(s) earned (Boulder, Cascade, Thunder, Rainbow, Soul, Marsh, Volcano, Earth). All 8 badges earned. Pokédex: 19 caught. All 8 badges — Victory Road and the Elite Four are next. This is the endgame.

   [campaign]    [roam] PROGRESS: GREEN (unchanged 0 ticks) | fp[(20, 0) (11,5) f3 -- badge8 $2910 party:2978 bag:212a]

   [campaign]    [roam] OPTIONS OFFERED: ['victory_lap', 'talk_npc', 'head_to_gym']

   [campaign]    [soul] surface_want FIRE -> the passage between Saffron City and Route 8

   [campaign]    [soul] ORACLE decision: kind=want ctx={'place': "You're indoors, inside a building (rooms and doors — NOT a cave), somewhere you DON'T recognize — you have no name for this place yet. Only claim what you can actually see; everything else stays a guess or a wondering-out-loud, never a stated fact.. ALREADY BESIDE YOU — your current team: blastoise (L69), lapras (L26), moltres (L50), articuno (L50), abra the kadabra (L19). A want is something you DON'T yet have; never wish for a teammate who's already on your team.", 'map': (20, 0), 'badges': ['Boulder', 'Cascade', 'Thunder', 'Rainbow', 'Soul', 'Marsh', 'Volcano', 'Earth'], 'progress': '8 badge(s) earned (Boulder, Cascade, Thunder, Rainbow, Soul, Marsh, Volcano, Earth). All 8 badges earned. Pokédex: 19 caught. All 8 badges — Victory Road and the Elite Four are next. This is the endgame.', 'party': 'blastoise (L69), lapras (L26), moltres (L50), articuno (L50), abra the kadabra (L19)', 'goal': {'short': "You're ready — stop grinding and push forward to the next objective", 'medium': "FIRST Zapdos — the L50 legendary bird inside the Power Plant, across Route 10's water strip. The electric answer to Lorelei's waters and Lance's Gyarados, free for the catching once Surf is taught — the gym comes right after; that errand is the road", 'long': 'Take on the Elite Four'}} options=['eevee', 'fossil', 'starters', 'rare', 'legendaries']

   [kira-voice] ORACLE kind=want options=['eevee', 'fossil', 'starters', 'rare', 'legendaries'] -> pick='Zapdos caught and team ready for Elite Four'

   [campaign]    [soul] ORACLE pick -> 'Zapdos caught and team ready for Elite Four'

   [campaign]    [roam] !! FORCE GYM PICK: head_to_gym — oracle SKIPPED (dominant / creator order; grass is OFF the menu)

   [campaign]    [roam] PICK OUT: head_to_gym

   [campaign]    [roam] RATIONALE: Heading for the next gym: You're ready — stop grinding and push forward to the next objective.

   [kira-voice] -> T2·savor· (want) 'Zapdos caught and team ready for Elite Four'  fired=True  [age 0.0s + post 4ms]

   [campaign]    [roam] 🧭 QUESTLINE ANCHOR-FIRST: 'Zapdos — the L50 legendary bird inside the Power Plant, across Route 10's water strip. The electric answer to Lorelei's waters and Lance's Gyarados, free for the catching once Surf is taught' anchors on Route 10 and we're at the passage between Saffron City and Route 8 — warp -> (3, 26) toward the anchor first

   [Bridge] INPUT OWNER = 'agent' (sole writer; others dropped+logged)

   [travel] start map=(20, 0) coords=(11, 5) -> coord (11, 5) (budget 300s, surf-capable)

   [travel] reached target coord (11, 5)

   [Bridge] INPUT OWNER = 'agent' (sole writer; others dropped+logged)

   [travel] start map=(20, 0) coords=(11, 5) -> coord (10, 5) (budget 60s, surf-capable)

   [travel] step 0: (11, 5)->(10, 5) map=(20, 0) (path 2 to exit)

   [travel] reached target coord (10, 5)

   [campaign]    [roam] watchdog: SCENE callback owns the screen (evolution/naming/cutscene) — deliberate stillness, watch resets until the world returns

   [campaign]    directional warp (11, 5) (behavior 0x62) entered via RIGHT

   [campaign]    [world] learned 2 warp(s) on (3, 26): (13, 4)->(1, 35), (7, 10)->(20, 0)

   [campaign]    [roam] RESULT: head_to_gym -> warped | pos (20, 0)(11, 5) -> (3, 26)(7, 10) (MOVED)

   [campaign]    ⛰️  CAMPAIGN SAVE [new_area] -> campaign/kira_campaign.state  (map=(3, 26) coords=(7, 10) badges=8 party=5)

   [campaign]    [sanctity] bundle VALID (schema/encoding/truth/monotonic all clean)

   [campaign]    📌 AUTO-CHECKPOINT [gain-new_area] -> checkpoints/20260808_120602_route-8_8b_38h38m_gain-new-area  (4 bundle file(s))

   [campaign]    [world] learned 2 warp(s) on (3, 26): (13, 4)->(1, 35), (7, 10)->(20, 0)

   [campaign]    [lap] checklist owes 'zapdos' — victory_lap is the endgame action (head_to_league/enter_league held until the lap clears)

   [campaign]    [roam] !! SEAM-COMMIT (6 builds left): forced head_to_gym, pruned ['battle', 'travel:3,27', 'travel:3,28', 'travel:3,29', 'travel:3,30', 'wander_catch'] — the border war is OVER

   [campaign] -- ROAM TICK 14/100000000 --

   [campaign]    [roam] STATE IN: Route 8 (7, 10) | badges=8 (Boulder, Cascade, Thunder, Rainbow, Soul, Marsh, Volcano, Earth) | party=[blastoise L69, lapras L26, moltres L50, articuno L50, kadabra L19] | 8 badge(s) earned (Boulder, Cascade, Thunder, Rainbow, Soul, Marsh, Volcano, Earth). All 8 badges earned. Pokédex: 19 caught. All 8 badges — Victory Road and the Elite Four are next. This is the endgame.

   [campaign]    [roam] PROGRESS: GREEN (unchanged 0 ticks) | fp[(3, 26) (7,10) f4 -- badge8 $2910 party:2978 bag:212a]

   [campaign]    [roam] OPTIONS OFFERED: ['victory_lap', 'head_to_gym']

   [campaign]    [roam] !! FORCE GYM PICK: head_to_gym — oracle SKIPPED (dominant / creator order; grass is OFF the menu)

   [campaign]    [roam] PICK OUT: head_to_gym

   [campaign]    [roam] RATIONALE: Heading for the next gym: You're ready — stop grinding and push forward to the next objective.

   [campaign]    [roam] 🧭 QUESTLINE ANCHOR-FIRST: 'Zapdos — the L50 legendary bird inside the Power Plant, across Route 10's water strip. The electric answer to Lorelei's waters and Lance's Gyarados, free for the catching once Surf is taught' anchors on Route 10 and we're at Route 8 — edge -> (3, 4) toward the anchor first

   [Bridge] INPUT OWNER = 'agent' (sole writer; others dropped+logged)

   [travel] start map=(3, 26) coords=(7, 10) -> map (3, 4) (budget 300s, surf-capable)

   [travel] east connection band rows: [5, 6, 7, 8, 9, 10, 11, 12, 13, 14, 15, 16, 17, 18]

   [travel] step 0: (7, 10)->(7, 11) map=(3, 26) (path 87 to exit)

   [travel] step 10: (13, 14)->(14, 14) map=(3, 26) (path 77 to exit)

   [travel] step 20: (23, 14)->(24, 14) map=(3, 26) (path 67 to exit)

   [travel] step 30: (26, 7)->(27, 7) map=(3, 26) (path 57 to exit)

   [travel] HEARTBEAT step=40 map=(3, 26) coords=(36, 7) elapsed=5s

   [travel] step 40: (36, 7)->(37, 7) map=(3, 26) (path 47 to exit)

   [travel] step 50: (46, 7)->(47, 7) map=(3, 26) (path 37 to exit)

   [travel] step 60: (49, 14)->(50, 14) map=(3, 26) (path 27 to exit)

   [travel] step 70: (59, 14)->(60, 14) map=(3, 26) (path 17 to exit)

   [egress] blocker on (62, 14) (committed step) — holding position, waiting up to 12s for it to wander off (live bodies=[(55, 15), (62, 14)])

   [egress] wait on (62, 14) TIMED OUT (12s) — re-pathing around it

   [kira-voice] -> T1·brisk· (beat) 'the route opens up ahead, grass swaying at the edges of the path'  fired=True  [age 0.0s + post 8ms]

   [travel] HEARTBEAT step=80 map=(3, 26) coords=(64, 11) elapsed=22s

   [travel] step 80: (64, 11)->(65, 11) map=(3, 26) (path 9 to exit)

   [travel] MAP TRANSITION (3, 26) -> (3, 4)

   [campaign]    [world] learned 6 warp(s) on (3, 4): (18, 6)->(1, 88), (6, 5)->(8, 0), (10, 11)->(8, 2), (5, 16)->(8, 3), (10, 16)->(8, 4), (20, 15)->(8, 5)

   [travel] east connection band rows: [0, 1, 2, 3, 4, 5, 6, 7, 8, 9, 10, 11, 12, 13, 14, 15, 16, 17, 18, 19]

   [travel] ARRIVED at target map (3, 4) coords=(0, 11)

   [campaign]    [roam] RESULT: head_to_gym -> arrived | pos (3, 26)(7, 10) -> (3, 4)(0, 11) (MOVED)

   [campaign]    [roam] standing objective complete (head_to_gym -> arrived) — clearing it

   [kira-voice] -> T1·brisk· (beat) 'made it to a new area'  fired=True  [age 0.0s + post 4ms]

   [campaign]    ⛰️  CAMPAIGN SAVE [new_area] -> campaign/kira_campaign.state  (map=(3, 4) coords=(0, 11) badges=8 party=5)

   [campaign]    [sanctity] bundle VALID (schema/encoding/truth/monotonic all clean)

   [campaign]    📌 AUTO-CHECKPOINT [gain-new_area] -> checkpoints/20260808_120627_lavender-town_8b_38h39m_gain-new-area  (4 bundle file(s))

   [campaign]    [world] learned 6 warp(s) on (3, 4): (18, 6)->(1, 88), (6, 5)->(8, 0), (10, 11)->(8, 2), (5, 16)->(8, 3), (10, 16)->(8, 4), (20, 15)->(8, 5)

   [campaign]    [lap] checklist owes 'zapdos' — victory_lap is the endgame action (head_to_league/enter_league held until the lap clears)

   [campaign]    [roam] grass she KNOWS: routing north -> (3, 28) toward Route 10 (FORWARD — on the road to the objective, visited grass, avoiding any wall)

   [campaign]    [roam] !! SEAM-COMMIT (5 builds left): forced head_to_gym, pruned ['battle', 'travel:3,26', 'travel:3,27', 'travel:3,28', 'travel:3,30', 'wander_catch'] — the border war is OVER

   [campaign] -- ROAM TICK 15/100000000 --

   [campaign]    [roam] STATE IN: Lavender Town (0, 11) | badges=8 (Boulder, Cascade, Thunder, Rainbow, Soul, Marsh, Volcano, Earth) | party=[blastoise L69, lapras L26, moltres L50, articuno L50, kadabra L19] | 8 badge(s) earned (Boulder, Cascade, Thunder, Rainbow, Soul, Marsh, Volcano, Earth). All 8 badges earned. Pokédex: 19 caught. All 8 badges — Victory Road and the Elite Four are next. This is the endgame.

   [campaign]    [roam] PROGRESS: GREEN (unchanged 0 ticks) | fp[(3, 4) (0,11) f4 -- badge8 $2910 party:2978 bag:212a]

   [campaign]    [roam] OPTIONS OFFERED: ['victory_lap', 'talk_npc', 'head_to_gym', 'swap_keeper']

   [campaign]    [roam] !! FORCE GYM PICK: head_to_gym — oracle SKIPPED (dominant / creator order; grass is OFF the menu)

   [campaign]    [roam] PICK OUT: head_to_gym

   [campaign]    [roam] RATIONALE: Heading for the next gym: You're ready — stop grinding and push forward to the next objective.

   [campaign]    [roam] 🧭 QUESTLINE ANCHOR-FIRST: Route 10 is the live north connection of Lavender Town — walking the edge (ground truth beats the learned graph)

   [Bridge] INPUT OWNER = 'agent' (sole writer; others dropped+logged)

   [travel] start map=(3, 4) coords=(0, 11) -> map (3, 28) (budget 300s, surf-capable)

   [travel] north connection band cols: [8, 9, 10, 11, 12, 24]

   [travel] step 0: (0, 11)->(0, 10) map=(3, 4) (path 21 to exit)

   [travel] step 10: (5, 6)->(6, 6) map=(3, 4) (path 11 to exit)

   [travel] MAP TRANSITION (3, 4) -> (3, 28)

   [campaign]    [world] learned 5 warp(s) on (3, 28): (8, 19)->(1, 81), (8, 57)->(1, 81), (7, 40)->(1, 95), (13, 20)->(21, 0), (2, 37)->(1, 95)

   [travel] north connection band cols: [0, 1, 2, 3, 4, 5, 6, 7, 8, 9, 10, 11, 12, 13, 14, 15, 16, 17, 18, 19, 20, 21, 22, 23, 24]

   [travel] ARRIVED at target map (3, 28) coords=(9, 79)

   [campaign]    [roam] RESULT: head_to_gym -> arrived | pos (3, 4)(0, 11) -> (3, 28)(9, 79) (MOVED)

   [campaign]    [roam] standing objective complete (head_to_gym -> arrived) — clearing it

   [campaign]    ⛰️  CAMPAIGN SAVE [new_area] -> campaign/kira_campaign.state  (map=(3, 28) coords=(9, 79) badges=8 party=5)

   [campaign]    [sanctity] bundle VALID (schema/encoding/truth/monotonic all clean)

   [campaign]    📌 AUTO-CHECKPOINT [gain-new_area] -> checkpoints/20260808_120630_route-10_8b_38h39m_gain-new-area  (4 bundle file(s))

   [campaign]    [world] learned 5 warp(s) on (3, 28): (8, 19)->(1, 81), (8, 57)->(1, 81), (7, 40)->(1, 95), (13, 20)->(21, 0), (2, 37)->(1, 95)

   [campaign]    [lap] CHECKLIST {'earthquake': 'done', 'fly': 'done', 'box_bench': 'done', 'moltres': 'done', 'articuno': 'done', 'zapdos': 'pending', 'ice_beam': 'done', 'repack': 'pending'} -> next: zapdos (PROXIMITY TRUMP: standing at the zapdos hunt)

   [campaign]    [lap] checklist owes 'zapdos' — victory_lap is the endgame action (head_to_league/enter_league held until the lap clears)

   [campaign]    [roam] grass she KNOWS: routing west -> (3, 27) toward Route 9 (backward — no forward grass reachable, visited grass, avoiding any wall)

   [campaign]    [roam] !! SEAM-COMMIT (4 builds left): forced head_to_gym, pruned ['battle', 'travel:3,22', 'travel:3,26', 'travel:3,27', 'travel:3,30', 'wander_catch'] — the border war is OVER

   [campaign] -- ROAM TICK 16/100000000 --

   [campaign]    [roam] STATE IN: Route 10 (9, 79) | badges=8 (Boulder, Cascade, Thunder, Rainbow, Soul, Marsh, Volcano, Earth) | party=[blastoise L69, lapras L26, moltres L50, articuno L50, kadabra L19] | 8 badge(s) earned (Boulder, Cascade, Thunder, Rainbow, Soul, Marsh, Volcano, Earth). All 8 badges earned. Pokédex: 19 caught. All 8 badges — Victory Road and the Elite Four are next. This is the endgame.

   [campaign]    [roam] PROGRESS: GREEN (unchanged 0 ticks) | fp[(3, 28) (9,79) f2 -- badge8 $2910 party:2978 bag:212a]

   [campaign]    [roam] OPTIONS OFFERED: ['victory_lap', 'talk_npc', 'head_to_gym', 'swap_keeper']

   [campaign]    [soul] surface_want FIRE -> Route 10

   [campaign]    [soul] ORACLE decision: kind=want ctx={'place': "You're on Route 10 — outdoors under open sky (a town with a Pokémon Center; tall grass around — wild Pokémon live in it).. ALREADY BESIDE YOU — your current team: blastoise (L69), lapras (L26), moltres (L50), articuno (L50), abra the kadabra (L19). A want is something you DON'T yet have; never wish for a teammate who's already on your team.", 'map': (3, 28), 'badges': ['Boulder', 'Cascade', 'Thunder', 'Rainbow', 'Soul', 'Marsh', 'Volcano', 'Earth'], 'progress': '8 badge(s) earned (Boulder, Cascade, Thunder, Rainbow, Soul, Marsh, Volcano, Earth). All 8 badges earned. Pokédex: 19 caught. All 8 badges — Victory Road and the Elite Four are next. This is the endgame.', 'party': 'blastoise (L69), lapras (L26), moltres (L50), articuno (L50), abra the kadabra (L19)', 'goal': {'short': "You're ready — stop grinding and push forward to the next objective", 'medium': "FIRST Zapdos — the L50 legendary bird inside the Power Plant, across Route 10's water strip. The electric answer to Lorelei's waters and Lance's Gyarados, free for the catching once Surf is taught — the gym comes right after; that errand is the road", 'long': 'Take on the Elite Four'}} options=['eevee', 'fossil', 'starters', 'rare', 'legendaries']

   [kira-voice] ORACLE kind=want options=['eevee', 'fossil', 'starters', 'rare', 'legendaries'] -> pick='catch Zapdos'

   [campaign]    [soul] ORACLE pick -> 'catch Zapdos'

   [campaign]    [roam] !! FORCE GYM PICK: head_to_gym — oracle SKIPPED (dominant / creator order; grass is OFF the menu)

   [campaign]    [roam] PICK OUT: head_to_gym

   [campaign]    [roam] RATIONALE: Heading for the next gym: You're ready — stop grinding and push forward to the next objective.

   [kira-voice] -> T2·savor· (want) 'catch Zapdos'  fired=True  [age 0.0s + post 5ms]

   [campaign]    [roam] 🎯 QUESTLINE STRIKE: the Power Plant (ZAPDOS — the legendary electric bird) — attempt 1/3 from (3, 28)

   [campaign]    [plant-door-approach] replan at (9, 79) (len 0, budget 9)

   [campaign]    [plant-door-approach] no path from (9, 79)

   [campaign]    [roam] 🎯 QUESTLINE STRIKE -> failed (now (3, 28)@(9, 79))

   [campaign]    [roam] RESULT: head_to_gym -> questline_strike_failed | pos (3, 28)(9, 79) -> (3, 28)(9, 79) (NO MOVEMENT)

   [campaign]    [roam] !! SILENT NO-MOVE: 'head_to_gym' returned 'questline_strike_failed' but her position never changed (streak 1, dead routes ['head_to_gym']) — not moving her; ALL dead routes get pruned next tick so she must do something that works

   [campaign]    ⛰️  CAMPAIGN SAVE [tick16] -> campaign/kira_campaign.state  (map=(3, 28) coords=(9, 79) badges=8 party=5)

   [campaign]    [sanctity] bundle VALID (schema/encoding/truth/monotonic all clean)

   [campaign]    [world] learned 5 warp(s) on (3, 28): (8, 19)->(1, 81), (8, 57)->(1, 81), (7, 40)->(1, 95), (13, 20)->(21, 0), (2, 37)->(1, 95)

   [campaign]    [lap] checklist owes 'zapdos' — victory_lap is the endgame action (head_to_league/enter_league held until the lap clears)

   [campaign]    [roam] grass she KNOWS: routing west -> (3, 27) toward Route 9 (backward — no forward grass reachable, visited grass, avoiding any wall)

   [campaign]    [roam] !! SEAM-COMMIT (3 builds left): forced head_to_gym, pruned ['battle', 'travel:3,22', 'travel:3,26', 'travel:3,27', 'travel:3,30', 'wander_catch'] — the border war is OVER

   [campaign] -- ROAM TICK 17/100000000 --

   [campaign]    [roam] STATE IN: Route 10 (9, 79) | badges=8 (Boulder, Cascade, Thunder, Rainbow, Soul, Marsh, Volcano, Earth) | party=[blastoise L69, lapras L26, moltres L50, articuno L50, kadabra L19] | 8 badge(s) earned (Boulder, Cascade, Thunder, Rainbow, Soul, Marsh, Volcano, Earth). All 8 badges earned. Pokédex: 19 caught. All 8 badges — Victory Road and the Elite Four are next. This is the endgame.

   [campaign]    [roam] PROGRESS: GREEN (unchanged 1 ticks) | fp[(3, 28) (9,79) f2 -- badge8 $2910 party:2978 bag:212a]

   [campaign]    [roam] OPTIONS OFFERED: ['victory_lap', 'talk_npc', 'head_to_gym', 'swap_keeper']

   [campaign]    [roam] !! FORCE GYM PICK: head_to_gym — oracle SKIPPED (dominant / creator order; grass is OFF the menu)

   [campaign]    [roam] PICK OUT: head_to_gym

   [campaign]    [roam] RATIONALE: Heading for the next gym: You're ready — stop grinding and push forward to the next objective.

   [campaign]    [roam] 🎯 QUESTLINE STRIKE: the Power Plant (ZAPDOS — the legendary electric bird) — attempt 2/3 from (3, 28)

   [campaign]    [plant-door-approach] replan at (9, 79) (len 0, budget 9)

   [campaign]    [plant-door-approach] no path from (9, 79)

   [campaign]    [roam] 🎯 QUESTLINE STRIKE -> failed (now (3, 28)@(9, 79))

   [campaign]    [roam] RESULT: head_to_gym -> questline_strike_failed | pos (3, 28)(9, 79) -> (3, 28)(9, 79) (NO MOVEMENT)

   [campaign]    [roam] !! SILENT NO-MOVE: 'head_to_gym' returned 'questline_strike_failed' but her position never changed (streak 2, dead routes ['head_to_gym']) — not moving her; ALL dead routes get pruned next tick so she must do something that works

   [campaign]    [world] learned 5 warp(s) on (3, 28): (8, 19)->(1, 81), (8, 57)->(1, 81), (7, 40)->(1, 95), (13, 20)->(21, 0), (2, 37)->(1, 95)

   [campaign]    [lap] checklist owes 'zapdos' — victory_lap is the endgame action (head_to_league/enter_league held until the lap clears)

   [campaign]    [roam] grass she KNOWS: routing west -> (3, 27) toward Route 9 (backward — no forward grass reachable, visited grass, avoiding any wall)

   [campaign]    [roam] !! SEAM-COMMIT (2 builds left): forced head_to_gym, pruned ['battle', 'travel:3,22', 'travel:3,26', 'travel:3,27', 'travel:3,30', 'wander_catch'] — the border war is OVER

   [campaign]    [roam] !! NO-MOVE PRUNE: dead routes ['head_to_gym'] haven't moved her (streak 2) — removed this tick so she picks something that works; remaining: ['swap_keeper', 'talk_npc', 'victory_lap']

   [campaign] -- ROAM TICK 18/100000000 --

   [campaign]    [roam] STATE IN: Route 10 (9, 79) | badges=8 (Boulder, Cascade, Thunder, Rainbow, Soul, Marsh, Volcano, Earth) | party=[blastoise L69, lapras L26, moltres L50, articuno L50, kadabra L19] | 8 badge(s) earned (Boulder, Cascade, Thunder, Rainbow, Soul, Marsh, Volcano, Earth). All 8 badges earned. Pokédex: 19 caught. All 8 badges — Victory Road and the Elite Four are next. This is the endgame.

   [campaign]    [roam] PROGRESS: GREEN (unchanged 2 ticks) | fp[(3, 28) (9,79) f2 -- badge8 $2910 party:2978 bag:212a]

   [campaign]    [roam] OPTIONS OFFERED: ['victory_lap', 'talk_npc', 'swap_keeper']

   [campaign]    [lap] !! FORCE VICTORY LAP — oracle SKIPPED (the checklist owns the endgame sequencing; the order is code, not mood)

   [campaign]    [roam] PICK OUT: victory_lap

   [campaign]    [roam] RATIONALE: You're ready — stop grinding and push forward to the next objective. then on to the Elite Four

   [campaign]    [lap] 🧭 ZAPDOS NORTH STAGING: on R10 SOUTH (y=79) — dropping to Lavender for the Saffron–Cerulean loop (LOUD)

   [Bridge] INPUT OWNER = 'agent' (sole writer; others dropped+logged)

   [travel] start map=(3, 28) coords=(9, 79) -> map (3, 4) (budget 180s, surf-capable)

   [travel] south connection band cols: [8, 9, 10, 11, 12, 24]

   [travel] MAP TRANSITION (3, 28) -> (3, 4)

   [campaign]    [world] learned 6 warp(s) on (3, 4): (18, 6)->(1, 88), (6, 5)->(8, 0), (10, 11)->(8, 2), (5, 16)->(8, 3), (10, 16)->(8, 4), (20, 15)->(8, 5)

   [travel] south connection band cols: [11, 12, 24]

   [travel] ARRIVED at target map (3, 4) coords=(9, 0)

   [kira-voice] ·dedup· (repeat text, T1, looping?) 'made it to a new area'

   [campaign]    [roam] RESULT: victory_lap -> stage:arrived | pos (3, 28)(9, 79) -> (3, 4)(9, 0) (MOVED)

   [campaign]    ⛰️  CAMPAIGN SAVE [new_area] -> campaign/kira_campaign.state  (map=(3, 4) coords=(9, 0) badges=8 party=5)

   [campaign]    [sanctity] bundle VALID (schema/encoding/truth/monotonic all clean)

   [campaign]    📌 AUTO-CHECKPOINT [gain-new_area] -> checkpoints/20260808_120634_lavender-town_8b_38h39m_gain-new-area  (4 bundle file(s))

   [campaign]    [world] learned 6 warp(s) on (3, 4): (18, 6)->(1, 88), (6, 5)->(8, 0), (10, 11)->(8, 2), (5, 16)->(8, 3), (10, 16)->(8, 4), (20, 15)->(8, 5)

   [campaign]    [lap] CHECKLIST {'earthquake': 'done', 'fly': 'done', 'box_bench': 'done', 'moltres': 'done', 'articuno': 'done', 'zapdos': 'pending', 'ice_beam': 'done', 'repack': 'pending'} -> next: zapdos (cost-ordered from (3, 4))

   [campaign]    [lap] checklist owes 'zapdos' — victory_lap is the endgame action (head_to_league/enter_league held until the lap clears)

   [campaign]    [roam] grass she KNOWS: routing north -> (3, 28) toward Route 10 (FORWARD — on the road to the objective, visited grass, avoiding any wall)

   [campaign]    [roam] !! SEAM-COMMIT (1 builds left): forced head_to_gym, pruned ['battle', 'travel:3,26', 'travel:3,27', 'travel:3,28', 'travel:3,30', 'wander_catch'] — the border war is OVER

   [campaign] -- ROAM TICK 19/100000000 --

   [campaign]    [roam] STATE IN: Lavender Town (9, 0) | badges=8 (Boulder, Cascade, Thunder, Rainbow, Soul, Marsh, Volcano, Earth) | party=[blastoise L69, lapras L26, moltres L50, articuno L50, kadabra L19] | 8 badge(s) earned (Boulder, Cascade, Thunder, Rainbow, Soul, Marsh, Volcano, Earth). All 8 badges earned. Pokédex: 19 caught. All 8 badges — Victory Road and the Elite Four are next. This is the endgame.

   [campaign]    [roam] PROGRESS: GREEN (unchanged 0 ticks) | fp[(3, 4) (9,0) f1 -- badge8 $2910 party:2978 bag:212a]

   [campaign]    [roam] OPTIONS OFFERED: ['victory_lap', 'talk_npc', 'head_to_gym', 'swap_keeper']

   [campaign]    [soul] surface_want FIRE -> Lavender Town

   [campaign]    [soul] ORACLE decision: kind=want ctx={'place': "You're in Lavender Town — outdoors under open sky (a town with a Pokémon Center).. ALREADY BESIDE YOU — your current team: blastoise (L69), lapras (L26), moltres (L50), articuno (L50), abra the kadabra (L19). A want is something you DON'T yet have; never wish for a teammate who's already on your team.", 'map': (3, 4), 'badges': ['Boulder', 'Cascade', 'Thunder', 'Rainbow', 'Soul', 'Marsh', 'Volcano', 'Earth'], 'progress': '8 badge(s) earned (Boulder, Cascade, Thunder, Rainbow, Soul, Marsh, Volcano, Earth). All 8 badges earned. Pokédex: 19 caught. All 8 badges — Victory Road and the Elite Four are next. This is the endgame.', 'party': 'blastoise (L69), lapras (L26), moltres (L50), articuno (L50), abra the kadabra (L19)', 'goal': {'short': "You're ready — stop grinding and push forward to the next objective", 'medium': "FIRST Zapdos — the L50 legendary bird inside the Power Plant, across Route 10's water strip. The electric answer to Lorelei's waters and Lance's Gyarados, free for the catching once Surf is taught — the gym comes right after; that errand is the road", 'long': 'Take on the Elite Four'}} options=['eevee', 'fossil', 'starters', 'rare', 'legendaries']

   [kira-voice] ORACLE kind=want options=['eevee', 'fossil', 'starters', 'rare', 'legendaries'] -> pick='Zapdos — Power Plant, catch it before the Elite Four'

   [campaign]    [soul] ORACLE pick -> 'Zapdos — Power Plant, catch it before the Elite Four'

   [campaign]    [roam] !! FORCE GYM PICK: head_to_gym — oracle SKIPPED (dominant / creator order; grass is OFF the menu)

   [campaign]    [roam] PICK OUT: head_to_gym

   [campaign]    [roam] RATIONALE: Heading for the next gym: You're ready — stop grinding and push forward to the next objective.

   [campaign]    [roam] 🧭 QUESTLINE ANCHOR-FIRST: Route 10 is the live north connection of Lavender Town — walking the edge (ground truth beats the learned graph)

   [Bridge] INPUT OWNER = 'agent' (sole writer; others dropped+logged)

   [kira-voice] -> T2·savor· (want) 'Zapdos — Power Plant, catch it before the Elite Four'  fired=True  [age 0.0s + post 10ms]

   [travel] start map=(3, 4) coords=(9, 0) -> map (3, 28) (budget 300s, surf-capable)

   [travel] north connection band cols: [8, 9, 10, 11, 12, 24]

   [travel] MAP TRANSITION (3, 4) -> (3, 28)

   [campaign]    [world] learned 5 warp(s) on (3, 28): (8, 19)->(1, 81), (8, 57)->(1, 81), (7, 40)->(1, 95), (13, 20)->(21, 0), (2, 37)->(1, 95)

   [travel] north connection band cols: [0, 1, 2, 3, 4, 5, 6, 7, 8, 9, 10, 11, 12, 13, 14, 15, 16, 17, 18, 19, 20, 21, 22, 23, 24]

   [travel] ARRIVED at target map (3, 28) coords=(9, 79)

   [kira-voice] ·dedup· (repeat text, T1, looping?) 'made it to a new area'

   [campaign]    [roam] RESULT: head_to_gym -> arrived | pos (3, 4)(9, 0) -> (3, 28)(9, 79) (MOVED)

   [campaign]    [roam] !!!! SEAM-THRASH BREAKER: crossed the Lavender Town↔Route 10 border 3x in 120s with no badge progress — Lavender Town is NO-GO for the session; hard-committing the FORWARD objective for the next 8 builds

   [kira-voice] ·floor· (<1s since last) T2 "okay, I've been pacing the same border like a lost tourist — enough. Picking a direction and COMMITTING: forward, next objective, go."

   [campaign]    [roam] standing objective complete (head_to_gym -> arrived) — clearing it

   [campaign]    ⛰️  CAMPAIGN SAVE [new_area] -> campaign/kira_campaign.state  (map=(3, 28) coords=(9, 79) badges=8 party=5)

   [campaign]    [sanctity] bundle VALID (schema/encoding/truth/monotonic all clean)

   [campaign]    📌 AUTO-CHECKPOINT [gain-new_area] -> checkpoints/20260808_120639_route-10_8b_38h39m_gain-new-area  (4 bundle file(s))

   [campaign]    [world] learned 5 warp(s) on (3, 28): (8, 19)->(1, 81), (8, 57)->(1, 81), (7, 40)->(1, 95), (13, 20)->(21, 0), (2, 37)->(1, 95)

   [campaign]    [lap] CHECKLIST {'earthquake': 'done', 'fly': 'done', 'box_bench': 'done', 'moltres': 'done', 'articuno': 'done', 'zapdos': 'pending', 'ice_beam': 'done', 'repack': 'pending'} -> next: zapdos (PROXIMITY TRUMP: standing at the zapdos hunt)

   [campaign]    [lap] checklist owes 'zapdos' — victory_lap is the endgame action (head_to_league/enter_league held until the lap clears)

   [campaign]    [roam] grass she KNOWS: routing west -> (3, 27) toward Route 9 (backward — no forward grass reachable, visited grass, avoiding any wall)

   [campaign]    [roam] !! SEAM-COMMIT (7 builds left): forced head_to_gym, pruned ['battle', 'travel:3,22', 'travel:3,26', 'travel:3,27', 'travel:3,30', 'wander_catch'] — the border war is OVER

   [campaign] -- ROAM TICK 20/100000000 --

   [campaign]    [roam] STATE IN: Route 10 (9, 79) | badges=8 (Boulder, Cascade, Thunder, Rainbow, Soul, Marsh, Volcano, Earth) | party=[blastoise L69, lapras L26, moltres L50, articuno L50, kadabra L19] | 8 badge(s) earned (Boulder, Cascade, Thunder, Rainbow, Soul, Marsh, Volcano, Earth). All 8 badges earned. Pokédex: 19 caught. All 8 badges — Victory Road and the Elite Four are next. This is the endgame.

   [campaign]    [roam] PROGRESS: GREEN (unchanged 0 ticks) | fp[(3, 28) (9,79) f2 -- badge8 $2910 party:2978 bag:212a]

   [campaign]    [roam] OPTIONS OFFERED: ['victory_lap', 'talk_npc', 'head_to_gym', 'swap_keeper']

   [campaign]    [roam] !! FORCE GYM PICK: head_to_gym — oracle SKIPPED (dominant / creator order; grass is OFF the menu)

   [campaign]    [roam] PICK OUT: head_to_gym

   [campaign]    [roam] RATIONALE: Heading for the next gym: You're ready — stop grinding and push forward to the next objective.

   [campaign]    [roam] 🎯 QUESTLINE STRIKE: the Power Plant (ZAPDOS — the legendary electric bird) — attempt 3/3 from (3, 28)

   [campaign]    [plant-door-approach] replan at (9, 79) (len 0, budget 9)

   [campaign]    [plant-door-approach] no path from (9, 79)

   [campaign]    [roam] 🎯 QUESTLINE STRIKE -> failed (now (3, 28)@(9, 79))

   [campaign]    [roam] RESULT: head_to_gym -> questline_strike_failed | pos (3, 28)(9, 79) -> (3, 28)(9, 79) (NO MOVEMENT)

   [campaign]    [roam] !! SILENT NO-MOVE: 'head_to_gym' returned 'questline_strike_failed' but her position never changed (streak 1, dead routes ['head_to_gym']) — not moving her; ALL dead routes get pruned next tick so she must do something that works

   [campaign]    ⛰️  CAMPAIGN SAVE [tick20] -> campaign/kira_campaign.state  (map=(3, 28) coords=(9, 79) badges=8 party=5)

   [campaign]    [sanctity] bundle VALID (schema/encoding/truth/monotonic all clean)

   [campaign]    [world] learned 5 warp(s) on (3, 28): (8, 19)->(1, 81), (8, 57)->(1, 81), (7, 40)->(1, 95), (13, 20)->(21, 0), (2, 37)->(1, 95)

   [campaign]    [lap] checklist owes 'zapdos' — victory_lap is the endgame action (head_to_league/enter_league held until the lap clears)

   [campaign]    [roam] grass she KNOWS: routing west -> (3, 27) toward Route 9 (backward — no forward grass reachable, visited grass, avoiding any wall)

   [campaign]    [roam] !! SEAM-COMMIT (6 builds left): forced head_to_gym, pruned ['battle', 'travel:3,22', 'travel:3,26', 'travel:3,27', 'travel:3,30', 'wander_catch'] — the border war is OVER

   [campaign] -- ROAM TICK 21/100000000 --

   [campaign]    [roam] STATE IN: Route 10 (9, 79) | badges=8 (Boulder, Cascade, Thunder, Rainbow, Soul, Marsh, Volcano, Earth) | party=[blastoise L69, lapras L26, moltres L50, articuno L50, kadabra L19] | 8 badge(s) earned (Boulder, Cascade, Thunder, Rainbow, Soul, Marsh, Volcano, Earth). All 8 badges earned. Pokédex: 19 caught. All 8 badges — Victory Road and the Elite Four are next. This is the endgame.

   [campaign]    [roam] PROGRESS: GREEN (unchanged 1 ticks) | fp[(3, 28) (9,79) f2 -- badge8 $2910 party:2978 bag:212a]

   [campaign]    [roam] OPTIONS OFFERED: ['victory_lap', 'talk_npc', 'head_to_gym', 'swap_keeper']

   [campaign]    [roam] !! FORCE GYM PICK: head_to_gym — oracle SKIPPED (dominant / creator order; grass is OFF the menu)

   [campaign]    [roam] PICK OUT: head_to_gym

   [campaign]    [roam] RATIONALE: Heading for the next gym: You're ready — stop grinding and push forward to the next objective.

   [campaign]    [roam] questline STRIKE: 3 attempts exhausted for the Power Plant (ZAPDOS — the legendary electric bird) — surfacing so recovery/other options carry her (not looping the strike)

   [campaign]    [roam] questline STRIKE: 3 attempts exhausted for the Power Plant (ZAPDOS — the legendary electric bird) — surfacing so recovery/other options carry her (not looping the strike)

   [campaign]    [roam] 🧭 QUESTLINE STEP: 'Zapdos — the L50 legendary bird inside the Power Plant, across Route 10's water strip. The electric answer to Lorelei's waters and Lance's Gyarados, free for the catching once Surf is taught' — heading SOUTH toward the Power Plant — Surf the Route 10 water strip south of the Rock Tunnel Pokemon Center; the door is across the water at (7,40) (success=('flag', 'FLAG_FOUGHT_ZAPDOS'))

   [Bridge] INPUT OWNER = 'agent' (sole writer; others dropped+logged)

   [travel] start map=(3, 28) coords=(9, 79) -> map (3, 4) (budget 300s, surf-capable)

   [travel] south connection band cols: [8, 9, 10, 11, 12, 24]

   [travel] MAP TRANSITION (3, 28) -> (3, 4)

   [campaign]    [world] learned 6 warp(s) on (3, 4): (18, 6)->(1, 88), (6, 5)->(8, 0), (10, 11)->(8, 2), (5, 16)->(8, 3), (10, 16)->(8, 4), (20, 15)->(8, 5)

   [travel] south connection band cols: [11, 12, 24]

   [travel] ARRIVED at target map (3, 4) coords=(9, 0)

   [kira-voice] ·dedup· (repeat text, T1, looping?) 'made it to a new area'

   [campaign]    [roam] RESULT: head_to_gym -> arrived | pos (3, 28)(9, 79) -> (3, 4)(9, 0) (MOVED)

   [campaign]    [roam] standing objective complete (head_to_gym -> arrived) — clearing it

   [campaign]    ⛰️  CAMPAIGN SAVE [new_area] -> campaign/kira_campaign.state  (map=(3, 4) coords=(9, 0) badges=8 party=5)

   [campaign]    [sanctity] bundle VALID (schema/encoding/truth/monotonic all clean)

   [campaign]    📌 AUTO-CHECKPOINT [gain-new_area] -> checkpoints/20260808_120640_lavender-town_8b_38h39m_gain-new-area  (4 bundle file(s))

   [campaign]    [world] learned 6 warp(s) on (3, 4): (18, 6)->(1, 88), (6, 5)->(8, 0), (10, 11)->(8, 2), (5, 16)->(8, 3), (10, 16)->(8, 4), (20, 15)->(8, 5)

   [campaign]    [lap] CHECKLIST {'earthquake': 'done', 'fly': 'done', 'box_bench': 'done', 'moltres': 'done', 'articuno': 'done', 'zapdos': 'pending', 'ice_beam': 'done', 'repack': 'pending'} -> next: zapdos (cost-ordered from (3, 4))

   [campaign]    [lap] checklist owes 'zapdos' — victory_lap is the endgame action (head_to_league/enter_league held until the lap clears)

   [campaign]    [roam] grass she KNOWS: routing north -> (3, 28) toward Route 10 (FORWARD — on the road to the objective, visited grass, avoiding any wall)

   [campaign]    [roam] !! SEAM-COMMIT (5 builds left): forced head_to_gym, pruned ['battle', 'travel:3,26', 'travel:3,27', 'travel:3,28', 'travel:3,30', 'wander_catch'] — the border war is OVER

   [campaign] -- ROAM TICK 22/100000000 --

   [campaign]    [roam] STATE IN: Lavender Town (9, 0) | badges=8 (Boulder, Cascade, Thunder, Rainbow, Soul, Marsh, Volcano, Earth) | party=[blastoise L69, lapras L26, moltres L50, articuno L50, kadabra L19] | 8 badge(s) earned (Boulder, Cascade, Thunder, Rainbow, Soul, Marsh, Volcano, Earth). All 8 badges earned. Pokédex: 19 caught. All 8 badges — Victory Road and the Elite Four are next. This is the endgame.

   [campaign]    [roam] PROGRESS: GREEN (unchanged 0 ticks) | fp[(3, 4) (9,0) f1 -- badge8 $2910 party:2978 bag:212a]

   [campaign]    [roam] OPTIONS OFFERED: ['victory_lap', 'talk_npc', 'head_to_gym', 'swap_keeper']

   [campaign]    [soul] surface_want FIRE -> Lavender Town

   [campaign]    [soul] ORACLE decision: kind=want ctx={'place': "You're in Lavender Town — outdoors under open sky (a town with a Pokémon Center).. ALREADY BESIDE YOU — your current team: blastoise (L69), lapras (L26), moltres (L50), articuno (L50), abra the kadabra (L19). A want is something you DON'T yet have; never wish for a teammate who's already on your team.", 'map': (3, 4), 'badges': ['Boulder', 'Cascade', 'Thunder', 'Rainbow', 'Soul', 'Marsh', 'Volcano', 'Earth'], 'progress': '8 badge(s) earned (Boulder, Cascade, Thunder, Rainbow, Soul, Marsh, Volcano, Earth). All 8 badges earned. Pokédex: 19 caught. All 8 badges — Victory Road and the Elite Four are next. This is the endgame.', 'party': 'blastoise (L69), lapras (L26), moltres (L50), articuno (L50), abra the kadabra (L19)', 'goal': {'short': "You're ready — stop grinding and push forward to the next objective", 'medium': "FIRST Zapdos — the L50 legendary bird inside the Power Plant, across Route 10's water strip. The electric answer to Lorelei's waters and Lance's Gyarados, free for the catching once Surf is taught — the gym comes right after; that errand is the road", 'long': 'Take on the Elite Four'}} options=['eevee', 'fossil', 'starters', 'rare', 'legendaries']

   [kira-voice] ORACLE kind=want options=['eevee', 'fossil', 'starters', 'rare', 'legendaries'] -> pick='Zapdos — Power Plant, catch it clean'

   [campaign]    [soul] ORACLE pick -> 'Zapdos — Power Plant, catch it clean'

   [campaign]    [roam] !! FORCE GYM PICK: head_to_gym — oracle SKIPPED (dominant / creator order; grass is OFF the menu)

   [campaign]    [roam] PICK OUT: head_to_gym

   [campaign]    [roam] RATIONALE: Heading for the next gym: You're ready — stop grinding and push forward to the next objective.

   [kira-voice] -> T2·savor· (want) 'Zapdos — Power Plant, catch it clean'  fired=True  [age 0.0s + post 4ms]

   [campaign]    [roam] 🧭 QUESTLINE STEP: 'Zapdos — the L50 legendary bird inside the Power Plant, across Route 10's water strip. The electric answer to Lorelei's waters and Lance's Gyarados, free for the catching once Surf is taught' — heading SOUTH toward the Power Plant — Surf the Route 10 water strip south of the Rock Tunnel Pokemon Center; the door is across the water at (7,40) (success=('flag', 'FLAG_FOUGHT_ZAPDOS'))

   [Bridge] INPUT OWNER = 'agent' (sole writer; others dropped+logged)

   [travel] start map=(3, 4) coords=(9, 0) -> map (3, 30) (budget 300s, surf-capable)

   [travel] south connection band cols: [11, 12, 24]

   [travel] step 0: (9, 0)->(9, 1) map=(3, 4) (path 25 to exit)

   [travel] step 10: (11, 8)->(12, 8) map=(3, 4) (path 15 to exit)

   [travel] step 20: (13, 16)->(13, 17) map=(3, 4) (path 5 to exit)

   [travel] MAP TRANSITION (3, 4) -> (3, 30)

   [campaign]    [world] learned 4 warp(s) on (3, 30): (12, 86)->(23, 2), (14, 15)->(23, 0), (15, 15)->(23, 0), (14, 21)->(23, 0)

   [travel] south connection band cols: [14, 15, 16, 17, 18, 19, 20, 21, 22, 23, 24]

   [travel] ARRIVED at target map (3, 30) coords=(12, 0)

   [kira-voice] ·dedup· (repeat text, T1, looping?) 'made it to a new area'

   [campaign]    [roam] RESULT: head_to_gym -> arrived | pos (3, 4)(9, 0) -> (3, 30)(12, 0) (MOVED)

   [campaign]    [roam] standing objective complete (head_to_gym -> arrived) — clearing it

   [campaign]    ⛰️  CAMPAIGN SAVE [new_area] -> campaign/kira_campaign.state  (map=(3, 30) coords=(12, 0) badges=8 party=5)

   [campaign]    [sanctity] bundle VALID (schema/encoding/truth/monotonic all clean)

   [campaign]    📌 AUTO-CHECKPOINT [gain-new_area] -> checkpoints/20260808_120648_route-12_8b_38h39m_gain-new-area  (4 bundle file(s))

   [campaign]    [world] learned 4 warp(s) on (3, 30): (12, 86)->(23, 2), (14, 15)->(23, 0), (15, 15)->(23, 0), (14, 21)->(23, 0)

   [campaign]    [lap] checklist owes 'zapdos' — victory_lap is the endgame action (head_to_league/enter_league held until the lap clears)

   [campaign]    [roam] grass she KNOWS: routing north -> (3, 4) toward Route 10 (FORWARD — on the road to the objective, visited grass, avoiding any wall)

   [campaign]    [roam] !! SEAM-COMMIT (4 builds left): forced head_to_gym, pruned ['battle', 'travel:3,26', 'travel:3,28', 'travel:3,29', 'travel:3,31', 'wander_catch'] — the border war is OVER

   [campaign] -- ROAM TICK 23/100000000 --

   [campaign]    [roam] STATE IN: Route 12 (12, 0) | badges=8 (Boulder, Cascade, Thunder, Rainbow, Soul, Marsh, Volcano, Earth) | party=[blastoise L69, lapras L26, moltres L50, articuno L50, kadabra L19] | 8 badge(s) earned (Boulder, Cascade, Thunder, Rainbow, Soul, Marsh, Volcano, Earth). All 8 badges earned. Pokédex: 19 caught. All 8 badges — Victory Road and the Elite Four are next. This is the endgame.

   [campaign]    [roam] PROGRESS: GREEN (unchanged 0 ticks) | fp[(3, 30) (12,0) f1 -- badge8 $2910 party:2978 bag:212a]

   [campaign]    [roam] OPTIONS OFFERED: ['victory_lap', 'head_to_gym']

   [campaign]    [roam] !! FORCE GYM PICK: head_to_gym — oracle SKIPPED (dominant / creator order; grass is OFF the menu)

   [campaign]    [roam] PICK OUT: head_to_gym

   [campaign]    [roam] RATIONALE: Heading for the next gym: You're ready — stop grinding and push forward to the next objective.

   [campaign]    [roam] 🧭 QUESTLINE STEP: 'Zapdos — the L50 legendary bird inside the Power Plant, across Route 10's water strip. The electric answer to Lorelei's waters and Lance's Gyarados, free for the catching once Surf is taught' — heading SOUTH toward the Power Plant — Surf the Route 10 water strip south of the Rock Tunnel Pokemon Center; the door is across the water at (7,40) (success=('flag', 'FLAG_FOUGHT_ZAPDOS'))

   [Bridge] INPUT OWNER = 'agent' (sole writer; others dropped+logged)

   [travel] start map=(3, 30) coords=(12, 0) -> map (3, 31) (budget 300s, surf-capable)

   [travel] south connection band cols: [14, 15, 16, 17, 18, 19, 20, 21, 22, 23, 24]

   [travel] path blocked at (12, 0) (NPC on the gap?) - waiting

   [travel] no clean path from (12, 0) AND no NPC-allowing path (npcs nearby=[]) - genuine wall/zone gap, will time out

   [travel] !! TRAVEL WEDGE: identical fp x4 retries at (12, 0) map=(3, 30) (reason=no_route) -> returning to roam LOUD (no inner spin)

   [campaign]    [roam] RESULT: head_to_gym -> no_path | pos (3, 30)(12, 0) -> (3, 30)(12, 0) (NO MOVEMENT)

   [campaign]    [roam] !! SPLIT-MAP DEAD ROAD: head_to_gym dead on (3, 30) right after riding in from (3, 4) — BOTH legs parked for the session (strikes persist across visits)

   [kira-voice] ·floor· (<1s since last) T2 "okay, this road just dead-ends into water and rock — no getting through here the straight way. I'll find another route and come back when I can cross."

   [campaign]    [roam] !! SILENT NO-MOVE: 'head_to_gym' returned 'no_path' but her position never changed (streak 1, dead routes ['head_to_gym']) — not moving her; ALL dead routes get pruned next tick so she must do something that works

   [kira-voice] -> T1·brisk· (event) "I can't find a way through here — let me rethink this"  fired=True  [age 0.0s + post 9ms]

   [campaign]    [world] learned 4 warp(s) on (3, 30): (12, 86)->(23, 2), (14, 15)->(23, 0), (15, 15)->(23, 0), (14, 21)->(23, 0)

   [campaign]    [lap] checklist owes 'zapdos' — victory_lap is the endgame action (head_to_league/enter_league held until the lap clears)

   [campaign]    [roam] grass she KNOWS: routing north -> (3, 4) toward Route 10 (FORWARD — on the road to the objective, visited grass, avoiding any wall)

   [campaign]    [roam] !! SEAM-COMMIT (3 builds left): forced head_to_gym, pruned ['battle', 'travel:3,26', 'travel:3,28', 'travel:3,29', 'travel:3,31', 'wander_catch'] — the border war is OVER

   [campaign] -- ROAM TICK 24/100000000 --

   [campaign]    [roam] STATE IN: Route 12 (12, 0) | badges=8 (Boulder, Cascade, Thunder, Rainbow, Soul, Marsh, Volcano, Earth) | party=[blastoise L69, lapras L26, moltres L50, articuno L50, kadabra L19] | 8 badge(s) earned (Boulder, Cascade, Thunder, Rainbow, Soul, Marsh, Volcano, Earth). All 8 badges earned. Pokédex: 19 caught. All 8 badges — Victory Road and the Elite Four are next. This is the endgame.

   [campaign]    [roam] PROGRESS: GREEN (unchanged 1 ticks) | fp[(3, 30) (12,0) f1 -- badge8 $2910 party:2978 bag:212a]

   [campaign]    [roam] OPTIONS OFFERED: ['victory_lap', 'head_to_gym']

   [campaign]    [roam] !! FORCE GYM PICK: head_to_gym — oracle SKIPPED (dominant / creator order; grass is OFF the menu)

   [campaign]    [roam] PICK OUT: head_to_gym

   [campaign]    [roam] RATIONALE: Heading for the next gym: You're ready — stop grinding and push forward to the next objective.

   [campaign]    [roam] 🧭 QUESTLINE STEP: 'Zapdos — the L50 legendary bird inside the Power Plant, across Route 10's water strip. The electric answer to Lorelei's waters and Lance's Gyarados, free for the catching once Surf is taught' — heading SOUTH toward the Power Plant — Surf the Route 10 water strip south of the Rock Tunnel Pokemon Center; the door is across the water at (7,40) (success=('flag', 'FLAG_FOUGHT_ZAPDOS'))

   [Bridge] INPUT OWNER = 'agent' (sole writer; others dropped+logged)

   [travel] start map=(3, 30) coords=(12, 0) -> map (3, 31) (budget 300s, surf-capable)

   [travel] south connection band cols: [14, 15, 16, 17, 18, 19, 20, 21, 22, 23, 24]

   [travel] path blocked at (12, 0) (NPC on the gap?) - waiting

   [travel] no clean path from (12, 0) AND no NPC-allowing path (npcs nearby=[]) - genuine wall/zone gap, will time out

   [travel] !! TRAVEL WEDGE: identical fp x4 retries at (12, 0) map=(3, 30) (reason=no_route) -> returning to roam LOUD (no inner spin)

   [campaign]    [roam] RESULT: head_to_gym -> no_path | pos (3, 30)(12, 0) -> (3, 30)(12, 0) (NO MOVEMENT)

   [campaign]    [roam] !! SPLIT-MAP DEAD ROAD: head_to_gym dead on (3, 30) right after riding in from (3, 4) — BOTH legs parked for the session (strikes persist across visits)

   [campaign]    [roam] !! SILENT NO-MOVE: 'head_to_gym' returned 'no_path' but her position never changed (streak 2, dead routes ['head_to_gym']) — not moving her; ALL dead routes get pruned next tick so she must do something that works

   [campaign]    ⛰️  CAMPAIGN SAVE [tick24] -> campaign/kira_campaign.state  (map=(3, 30) coords=(12, 0) badges=8 party=5)

   [campaign]    [sanctity] bundle VALID (schema/encoding/truth/monotonic all clean)

   [campaign]    [world] learned 4 warp(s) on (3, 30): (12, 86)->(23, 2), (14, 15)->(23, 0), (15, 15)->(23, 0), (14, 21)->(23, 0)

   [campaign]    [lap] checklist owes 'zapdos' — victory_lap is the endgame action (head_to_league/enter_league held until the lap clears)

   [campaign]    [roam] grass she KNOWS: routing north -> (3, 4) toward Route 10 (FORWARD — on the road to the objective, visited grass, avoiding any wall)

   [campaign]    [roam] !! SEAM-COMMIT (2 builds left): forced head_to_gym, pruned ['battle', 'travel:3,26', 'travel:3,28', 'travel:3,29', 'travel:3,31', 'wander_catch'] — the border war is OVER

   [campaign]    [roam] !! NO-MOVE PRUNE: dead routes ['head_to_gym'] haven't moved her (streak 2) — removed this tick so she picks something that works; remaining: ['victory_lap']

   [campaign] -- ROAM TICK 25/100000000 --

   [campaign]    [roam] STATE IN: Route 12 (12, 0) | badges=8 (Boulder, Cascade, Thunder, Rainbow, Soul, Marsh, Volcano, Earth) | party=[blastoise L69, lapras L26, moltres L50, articuno L50, kadabra L19] | 8 badge(s) earned (Boulder, Cascade, Thunder, Rainbow, Soul, Marsh, Volcano, Earth). All 8 badges earned. Pokédex: 19 caught. All 8 badges — Victory Road and the Elite Four are next. This is the endgame.

   [campaign]    [roam] PROGRESS: GREEN (unchanged 2 ticks) | fp[(3, 30) (12,0) f1 -- badge8 $2910 party:2978 bag:212a]

   [campaign]    [roam] OPTIONS OFFERED: ['victory_lap']

   [campaign]    [soul] surface_want FIRE -> Route 12

   [campaign]    [soul] ORACLE decision: kind=want ctx={'place': "You're on Route 12 — outdoors under open sky (tall grass around — wild Pokémon live in it).. ALREADY BESIDE YOU — your current team: blastoise (L69), lapras (L26), moltres (L50), articuno (L50), abra the kadabra (L19). A want is something you DON'T yet have; never wish for a teammate who's already on your team.", 'map': (3, 30), 'badges': ['Boulder', 'Cascade', 'Thunder', 'Rainbow', 'Soul', 'Marsh', 'Volcano', 'Earth'], 'progress': '8 badge(s) earned (Boulder, Cascade, Thunder, Rainbow, Soul, Marsh, Volcano, Earth). All 8 badges earned. Pokédex: 19 caught. All 8 badges — Victory Road and the Elite Four are next. This is the endgame.', 'party': 'blastoise (L69), lapras (L26), moltres (L50), articuno (L50), abra the kadabra (L19)', 'goal': {'short': "You're ready — stop grinding and push forward to the next objective", 'medium': "FIRST Zapdos — the L50 legendary bird inside the Power Plant, across Route 10's water strip. The electric answer to Lorelei's waters and Lance's Gyarados, free for the catching once Surf is taught — the gym comes right after; that errand is the road", 'long': 'Take on the Elite Four'}} options=['eevee', 'fossil', 'starters', 'rare', 'legendaries']

   [kira-voice] ORACLE kind=want options=['eevee', 'fossil', 'starters', 'rare', 'legendaries'] -> pick='Zapdos — get to the Power Plant and catch it before the Elite Four'

   [campaign]    [soul] ORACLE pick -> 'Zapdos — get to the Power Plant and catch it before the Elite Four'

   [campaign]    [lap] !! FORCE VICTORY LAP — oracle SKIPPED (the checklist owns the endgame sequencing; the order is code, not mood)

   [campaign]    [roam] PICK OUT: victory_lap

   [campaign]    [roam] RATIONALE: You're ready — stop grinding and push forward to the next objective. then on to the Elite Four

   [kira-voice] -> T2·savor· (want) 'Zapdos — get to the Power Plant and catch it before the Elite Four'  fired=True  [age 0.0s + post 6ms]

   [campaign]    [lap] 🧭 ZAPDOS NORTH STAGING: → Route 8 (then Saffron–Cerulean–R9) (from (3, 30)@(12, 0), R10 BANNED) (LOUD)

   [campaign]    [roam] TRAVEL: Route 12 -> Route 8 (next hop north -> Lavender Town)

   [Bridge] INPUT OWNER = 'agent' (sole writer; others dropped+logged)

   [travel] start map=(3, 30) coords=(12, 0) -> map (3, 4) (budget 300s, surf-capable)

   [travel] north connection band cols: [11, 12, 24]

   [travel] MAP TRANSITION (3, 30) -> (3, 4)

   [campaign]    [world] learned 6 warp(s) on (3, 4): (18, 6)->(1, 88), (6, 5)->(8, 0), (10, 11)->(8, 2), (5, 16)->(8, 3), (10, 16)->(8, 4), (20, 15)->(8, 5)

   [travel] north connection band cols: [8, 9, 10, 11, 12, 24]

   [travel] ARRIVED at target map (3, 4) coords=(12, 19)

   [kira-voice] ·dedup· (repeat text, T1, looping?) 'made it to a new area'

   [campaign]    [roam] RESULT: victory_lap -> stage:hop_ok | pos (3, 30)(12, 0) -> (3, 4)(12, 19) (MOVED)

   [campaign]    [roam] structural dead routes KEPT on (3, 30) across exit (≥2 strikes): ['head_to_gym']

   [campaign]    ⛰️  CAMPAIGN SAVE [new_area] -> campaign/kira_campaign.state  (map=(3, 4) coords=(12, 19) badges=8 party=5)

   [campaign]    [sanctity] bundle VALID (schema/encoding/truth/monotonic all clean)

   [campaign]    📌 AUTO-CHECKPOINT [gain-new_area] -> checkpoints/20260808_120655_lavender-town_8b_38h39m_gain-new-area  (4 bundle file(s))

   [campaign]    [world] learned 6 warp(s) on (3, 4): (18, 6)->(1, 88), (6, 5)->(8, 0), (10, 11)->(8, 2), (5, 16)->(8, 3), (10, 16)->(8, 4), (20, 15)->(8, 5)

   [campaign]    [lap] checklist owes 'zapdos' — victory_lap is the endgame action (head_to_league/enter_league held until the lap clears)

   [campaign]    [roam] grass she KNOWS: routing north -> (3, 28) toward Route 10 (FORWARD — on the road to the objective, visited grass, avoiding any wall)

   [campaign]    [roam] !! SEAM-COMMIT (1 builds left): forced head_to_gym, pruned ['battle', 'travel:3,26', 'travel:3,27', 'travel:3,28', 'travel:3,30', 'wander_catch'] — the border war is OVER

   [campaign] -- ROAM TICK 26/100000000 --

   [campaign]    [roam] STATE IN: Lavender Town (12, 19) | badges=8 (Boulder, Cascade, Thunder, Rainbow, Soul, Marsh, Volcano, Earth) | party=[blastoise L69, lapras L26, moltres L50, articuno L50, kadabra L19] | 8 badge(s) earned (Boulder, Cascade, Thunder, Rainbow, Soul, Marsh, Volcano, Earth). All 8 badges earned. Pokédex: 19 caught. All 8 badges — Victory Road and the Elite Four are next. This is the endgame.

   [campaign]    [roam] PROGRESS: GREEN (unchanged 0 ticks) | fp[(3, 4) (12,19) f2 -- badge8 $2910 party:2978 bag:212a]

   [campaign]    [roam] !!!! BORDER PING-PONG BREAKER (strike 1): 12 border crossings among [(3, 4), (3, 26), (3, 28), (3, 30), (20, 0)] with ZERO world progress — clearing the errand, forgetting 'proven' connectors on these maps, holding head_to_gym off them for 120s LOUD

   [kira-voice] ·floor· (<1s since last) T2 "okay, stop — I've been pacing the same doors like a lost tourist. deep breath. new plan from the top."

   [campaign]    [roam] questline cleared (border ping-pong breaker)

   [campaign]    [roam] OPTIONS OFFERED: ['victory_lap', 'talk_npc', 'head_to_gym', 'swap_keeper']

   [campaign]    [roam] !! FORCE GYM PICK: head_to_gym — oracle SKIPPED (dominant / creator order; grass is OFF the menu)

   [campaign]    [roam] PICK OUT: head_to_gym

   [campaign]    [roam] RATIONALE: Heading for the next gym: You're ready — stop grinding and push forward to the next objective.

   [Bridge] INPUT OWNER = 'agent' (sole writer; others dropped+logged)

   [travel] start map=(3, 4) coords=(12, 19) -> map (3, 30) (budget 300s, surf-capable)

   [travel] south connection band cols: [11, 12, 24]

   [travel] MAP TRANSITION (3, 4) -> (3, 30)

   [campaign]    [world] learned 4 warp(s) on (3, 30): (12, 86)->(23, 2), (14, 15)->(23, 0), (15, 15)->(23, 0), (14, 21)->(23, 0)

   [travel] south connection band cols: [14, 15, 16, 17, 18, 19, 20, 21, 22, 23, 24]

   [travel] ARRIVED at target map (3, 30) coords=(12, 0)

   [kira-voice] ·dedup· (repeat text, T1, looping?) 'made it to a new area'

   [campaign]    [roam] RESULT: head_to_gym -> arrived | pos (3, 4)(12, 19) -> (3, 30)(12, 0) (MOVED)

   [campaign]    [roam] !!!! SEAM-THRASH BREAKER: crossed the Lavender Town↔Route 12 border 3x in 120s with no badge progress — Route 12 is NO-GO for the session; hard-committing the FORWARD objective for the next 8 builds

   [campaign]    [roam] structural dead routes KEPT on (3, 4) across exit (≥2 strikes): ['head_to_gym']

   [campaign]    [roam] standing objective complete (head_to_gym -> arrived) — clearing it

   [campaign]    ⛰️  CAMPAIGN SAVE [new_area] -> campaign/kira_campaign.state  (map=(3, 30) coords=(12, 0) badges=8 party=5)

   [kira-voice] -> T2·savor· (travel) "okay, I've been pacing the same border like a lost tourist — enough. Picking a direction and COMMITTING: forward, next objective, go."  fired=True  [age 0.0s + post 16ms]

   [campaign]    [sanctity] bundle VALID (schema/encoding/truth/monotonic all clean)

   [campaign]    📌 AUTO-CHECKPOINT [gain-new_area] -> checkpoints/20260808_120656_route-12_8b_38h39m_gain-new-area  (4 bundle file(s))

   [campaign]    [world] learned 4 warp(s) on (3, 30): (12, 86)->(23, 2), (14, 15)->(23, 0), (15, 15)->(23, 0), (14, 21)->(23, 0)

   [campaign]    [lap] checklist owes 'zapdos' — victory_lap is the endgame action (head_to_league/enter_league held until the lap clears)

   [campaign]    [roam] grass she KNOWS: routing west -> (3, 29) toward Route 11 (backward — no forward grass reachable, visited grass, avoiding any wall)

   [campaign]    [roam] !! SEAM-COMMIT (7 builds left): forced head_to_gym, pruned ['battle', 'travel:3,26', 'travel:3,28', 'travel:3,29', 'travel:3,31', 'wander_catch'] — the border war is OVER

   [campaign]    [roam] !! STRUCTURAL DEAD-ROUTE: ['head_to_gym'] proven dead on this map — pruned until she leaves it (or a questline arms); remaining: ['victory_lap']

   [campaign]    [roam] !! BORDER PING-PONG HOLD: ['victory_lap'] off the menu on this thrashed map (119s left) — the breaker owns the rhythm

   [campaign]    [roam] !! EMPTY-OPTIONS FLOOR: no honest action was available here — offering the regroup-at-Center anchor so the roam never dead-ends

   [campaign] -- ROAM TICK 27/100000000 --

   [campaign]    [roam] STATE IN: Route 12 (12, 0) | badges=8 (Boulder, Cascade, Thunder, Rainbow, Soul, Marsh, Volcano, Earth) | party=[blastoise L69, lapras L26, moltres L50, articuno L50, kadabra L19] | 8 badge(s) earned (Boulder, Cascade, Thunder, Rainbow, Soul, Marsh, Volcano, Earth). All 8 badges earned. Pokédex: 19 caught. All 8 badges — Victory Road and the Elite Four are next. This is the endgame.

   [campaign]    [roam] PROGRESS: GREEN (unchanged 0 ticks) | fp[(3, 30) (12,0) f1 -- badge8 $2910 party:2978 bag:212a]

   [campaign]    [roam] OPTIONS OFFERED: ['regroup']

   [campaign]    [soul] ORACLE decision: kind=action ctx={'place': 'You\'re on Route 12 — outdoors under open sky (tall grass around — wild Pokémon live in it).. From here: NORTH → Lavender Town — a Pokémon Center; SOUTH → Route 13 — wild Pokémon to catch/train; WEST → Route 11 — wild Pokémon to catch/train. Places you\'ve been with wild Pokémon you can walk back to: Route 10; Route 8; Route 14. You can walk to anywhere you\'ve already been. You have SURF — you can cross water. Field moves ready: STRENGTH.. HOW POKÉMON WORKS (what you\'re playing for): the GOAL is to earn 8 Gym Badges, beat the Elite Four, and roll the credits — that\'s beating the game. You build a TEAM of up to 6 Pokémon you like AND that cover each other (types/roles) — a solo carry with a dead-weight bench is a losing setup; a real trainer fields a balanced, levelled squad. CATCHING wild Pokémon is central (\'gotta catch \'em all\') — you catch to build that team and to fill the Pokédex. When you meet a wild Pokémon, weigh it: is it cool/strong/useful, does it cover a gap, is it better than a bench-warmer? — keep your best ~6, and build a squad you actually like. THE ARC: build a team -> beat the 8 gyms prepared -> Elite Four -> credits. ALSO NORMAL: you entered your own name (and your rival\'s) when the game began — people in this world knowing your names is ordinary, not a mystery to react to. RIGHT NOW your team is thin/lopsided (a strong lead but weak or too few others) — that\'s why tough trainers wall you. Building up a real squad (catch a good new teammate, level the weak ones) is how a prepared trainer gets past these. THE MAIN QUEST IS A FIXED PATH you\'re always on: beat the 8 Gym Leaders in order, then the Elite Four, then you win the game. All 8 badges are yours — the Elite Four is the final challenge before the credits. Word on the road about the Elite Four: the Elite Four open with an ice-and-water lady — folks say lightning and grass are how you slip past her; and then the dragon master himself — and everyone says the same thing: ice is the only thing a dragon truly fears. YOUR STORY SO FAR (what you\'ve actually done — your past, not the future): All eight Gym Badges are yours. The Elite Four and the Champion are the summit.. Time to pick up my zapdos from Power Plant (static L50 — Surf up the Route 10 water from the east bank). This has been on the plan since the start.. THINGS YOU\'VE HEARD AND READ (from people and signs — your own notes, use them when they point somewhere): "I had a vision of your arrival. I have had psychic powers since I was a child. It started when a spoon I carelessly tossed, bent. I dislike battling, but if you"; "Sealed within that TM06 lies TOXIC! It is a secret technique dating back some four hundred years."; "KIRA put the TM06 in the TM CASE."; "KIRA received TM06 from KOGA.". YOUR PLAN — right now: You\'re ready — stop grinding and push forward to the next objective. Next: Press on through the league. Bigger picture: Take on the Elite Four. Your team right now: blastoise (L69), lapras (L26), moltres (L50), articuno (L50), abra the kadabra (L19). Remember YOU are the one playing this — narrate your plan to chat in your own voice (first person: "I\'m grinding", "my team"), and never ask anyone what you\'re doing or who\'s on your team — you know.', 'progress': '8 badge(s) earned (Boulder, Cascade, Thunder, Rainbow, Soul, Marsh, Volcano, Earth). All 8 badges earned. Pokédex: 19 caught. All 8 badges — Victory Road and the Elite Four are next. This is the endgame.', 'party': 'blastoise (L69), lapras (L26), moltres (L50), articuno (L50), abra the kadabra (L19)', 'goal': {'short': "You're ready — stop grinding and push forward to the next objective", 'medium': 'Press on through the league', 'long': 'Take on the Elite Four'}, 'strategy': "1) WAR PREP: the Elite Four is five fights with NO Center between them — full restores, revives, ethers, and a levelled WHOLE team, or don't walk in.\n2) TEAM BUILD: zapdos (static) — a LEGENDARY upgrade over any raised electric: L50 on capture, out-levels the whole badge-8 curve. Weaken carefully and BALL it — never KO.\n3) DEX PUSH: 19/50 species caught — at 50 the Route 15 aide (by Fuchsia) hands over the EXP. SHARE (the whole bench levels off every fight). Catch every NEW species you cross; never wander just to hunt.\n4) STANDING ORDERS: the goal is ROLL CREDITS. Forward progress beats wandering; heal beats fighting hurt; type advantage decides fights; build the planned team, not just the ace."} options=['regroup']

