   [Bridge] INPUT OWNER = 'agent' (sole writer; others dropped+logged)

   [travel] start map=(3, 22) coords=(19, 6) -> map (3, 3) (budget 300s)

   [travel] east connection band rows: [2, 3, 4, 5, 10, 11, 12]

   [travel] path blocked at (19, 6) (NPC on the gap?) - waiting

   [travel] no clean path from (19, 6) AND no NPC-allowing path (npcs nearby=[(16, 14)]) - genuine wall/zone gap, will time out

   [travel] !! TRAVEL WEDGE: identical fp x4 retries at (19, 6) map=(3, 22) (reason=no_route) -> returning to roam LOUD (no inner spin)

   [kira-voice] -> T1·brisk· (event) "I can't find a way through here — let me rethink this"  fired=True  [age 0.0s + post 9ms]

   [Bridge] INPUT OWNER = 'agent' (sole writer; others dropped+logged)

   [travel] start map=(3, 22) coords=(19, 6) -> map (3, 21) (budget 180s)

   [travel] south connection band cols: [8, 9, 10, 11, 12, 13, 14, 15, 24, 25, 26, 27, 28, 29, 30, 31, 32, 33, 34, 35, 36, 37, 38, 39, 40, 41, 42, 43, 44, 45, 46, 47, 48, 49, 50, 51, 52, 53, 54, 55, 56, 57, 58, 59, 60, 61, 62, 63, 64, 65, 66, 67, 68, 69, 70, 71, 72, 73, 74, 75, 76, 77, 78, 79, 80, 81, 82, 83, 84, 85, 86, 87, 88, 89, 90, 91, 92, 93, 94, 95, 96, 97, 98, 99, 100, 101, 102, 103, 104, 105, 106, 107]

   [travel] step 0: (19, 6)->(19, 7) map=(3, 22) (path 15 to exit)

   [travel] step 10: (17, 14)->(17, 15) map=(3, 22) (path 7 to exit)

   [travel] MAP TRANSITION (3, 22) -> (3, 21)

   [travel] south connection band cols: [0, 1, 2, 3, 4, 5, 6, 7, 8, 9, 10, 11, 12, 13, 14, 15, 16, 17, 18, 19, 20, 21, 22, 23, 24, 25, 26, 27, 28, 29, 30, 31, 32, 33, 34, 35, 36, 37, 38, 39, 40, 41, 42, 43, 44, 45, 46, 47, 48, 49, 50, 51, 52, 53, 54, 55, 56, 57, 58, 59, 60, 61, 62, 63, 64, 65, 66, 67, 68, 69, 70, 71, 72, 73, 74, 75, 76, 77, 78, 79, 80, 81, 82, 83, 84]

   [travel] ARRIVED at target map (3, 21) coords=(75, 0)

   [kira-voice] -> T1·brisk· (beat) 'made it to a new area'  fired=True  [age 0.0s + post 5ms]

   [Bridge] INPUT OWNER = 'agent' (sole writer; others dropped+logged)

   [travel] start map=(3, 21) coords=(75, 0) -> coord (-28, 0) (budget 150s)

   [travel] north connection band cols: [0, 1, 2, 3, 4, 5, 6, 7, 8, 9, 10, 11, 12, 13, 14, 15, 16, 17, 18, 19, 20, 21, 22, 23, 24, 25, 26, 27, 28, 29, 30, 31, 32, 33, 34, 35, 36, 37, 38, 39, 40, 41, 42, 43, 44, 45, 46, 47, 48, 49, 50, 51, 52, 53, 54, 55, 56, 57, 58, 59, 68, 69, 70, 71, 72, 73, 74, 75]

   [travel] path blocked at (75, 0) (NPC on the gap?) - waiting

   [travel] no clean path from (75, 0) AND no NPC-allowing path (npcs nearby=[(74, -6)]) - genuine wall/zone gap, will time out

   [travel] !! TRAVEL WEDGE: identical fp x4 retries at (75, 0) map=(3, 21) (reason=no_route) -> returning to roam LOUD (no inner spin)

   [kira-voice] ·dedup· (repeat text, T1, looping?) "I can't find a way through here — let me rethink this"

   [Bridge] INPUT OWNER = 'agent' (sole writer; others dropped+logged)

   [travel] start map=(3, 21) coords=(75, 0) -> coord (92, 0) (budget 150s)

   [travel] north connection band cols: [0, 1, 2, 3, 4, 5, 6, 7, 8, 9, 10, 11, 12, 13, 14, 15, 16, 17, 18, 19, 20, 21, 22, 23, 24, 25, 26, 27, 28, 29, 30, 31, 32, 33, 34, 35, 36, 37, 38, 39, 40, 41, 42, 43, 44, 45, 46, 47, 48, 49, 50, 51, 52, 53, 54, 55, 56, 57, 58, 59, 68, 69, 70, 71, 72, 73, 74, 75]

   [travel] path blocked at (75, 0) (NPC on the gap?) - waiting

   [travel] no clean path from (75, 0) AND no NPC-allowing path (npcs nearby=[(74, -6)]) - genuine wall/zone gap, will time out

   [travel] !! TRAVEL WEDGE: identical fp x4 retries at (75, 0) map=(3, 21) (reason=no_route) -> returning to roam LOUD (no inner spin)

   [kira-voice] ·dedup· (repeat text, T1, looping?) "I can't find a way through here — let me rethink this"

   [Bridge] INPUT OWNER = 'agent' (sole writer; others dropped+logged)

   [travel] start map=(3, 21) coords=(75, 0) -> coord (-29, 0) (budget 150s)

   [travel] north connection band cols: [0, 1, 2, 3, 4, 5, 6, 7, 8, 9, 10, 11, 12, 13, 14, 15, 16, 17, 18, 19, 20, 21, 22, 23, 24, 25, 26, 27, 28, 29, 30, 31, 32, 33, 34, 35, 36, 37, 38, 39, 40, 41, 42, 43, 44, 45, 46, 47, 48, 49, 50, 51, 52, 53, 54, 55, 56, 57, 58, 59, 68, 69, 70, 71, 72, 73, 74, 75]

   [travel] path blocked at (75, 0) (NPC on the gap?) - waiting

   [travel] no clean path from (75, 0) AND no NPC-allowing path (npcs nearby=[(74, -6)]) - genuine wall/zone gap, will time out

   [travel] !! TRAVEL WEDGE: identical fp x4 retries at (75, 0) map=(3, 21) (reason=no_route) -> returning to roam LOUD (no inner spin)

   [kira-voice] ·dedup· (repeat text, T1, looping?) "I can't find a way through here — let me rethink this"

   [Bridge] INPUT OWNER = 'agent' (sole writer; others dropped+logged)

   [travel] start map=(3, 21) coords=(75, 0) -> coord (-27, 0) (budget 150s)

   [travel] north connection band cols: [0, 1, 2, 3, 4, 5, 6, 7, 8, 9, 10, 11, 12, 13, 14, 15, 16, 17, 18, 19, 20, 21, 22, 23, 24, 25, 26, 27, 28, 29, 30, 31, 32, 33, 34, 35, 36, 37, 38, 39, 40, 41, 42, 43, 44, 45, 46, 47, 48, 49, 50, 51, 52, 53, 54, 55, 56, 57, 58, 59, 68, 69, 70, 71, 72, 73, 74, 75]

   [travel] path blocked at (75, 0) (NPC on the gap?) - waiting

   [travel] no clean path from (75, 0) AND no NPC-allowing path (npcs nearby=[(75, -6)]) - genuine wall/zone gap, will time out

   [travel] !! TRAVEL WEDGE: identical fp x4 retries at (75, 0) map=(3, 21) (reason=no_route) -> returning to roam LOUD (no inner spin)

   [kira-voice] ·dedup· (repeat text, T1, looping?) "I can't find a way through here — let me rethink this"

   [Bridge] INPUT OWNER = 'agent' (sole writer; others dropped+logged)

   [travel] start map=(3, 21) coords=(75, 0) -> coord (91, 0) (budget 150s)

   [travel] north connection band cols: [0, 1, 2, 3, 4, 5, 6, 7, 8, 9, 10, 11, 12, 13, 14, 15, 16, 17, 18, 19, 20, 21, 22, 23, 24, 25, 26, 27, 28, 29, 30, 31, 32, 33, 34, 35, 36, 37, 38, 39, 40, 41, 42, 43, 44, 45, 46, 47, 48, 49, 50, 51, 52, 53, 54, 55, 56, 57, 58, 59, 68, 69, 70, 71, 72, 73, 74, 75]

   [travel] path blocked at (75, 0) (NPC on the gap?) - waiting

   [travel] no clean path from (75, 0) AND no NPC-allowing path (npcs nearby=[(75, -6)]) - genuine wall/zone gap, will time out

   [travel] !! TRAVEL WEDGE: identical fp x4 retries at (75, 0) map=(3, 21) (reason=no_route) -> returning to roam LOUD (no inner spin)

   [kira-voice] ·dedup· (repeat text, T1, looping?) "I can't find a way through here — let me rethink this"

   [Bridge] INPUT OWNER = 'agent' (sole writer; others dropped+logged)

   [travel] start map=(3, 21) coords=(75, 0) -> coord (93, 0) (budget 150s)

   [travel] north connection band cols: [0, 1, 2, 3, 4, 5, 6, 7, 8, 9, 10, 11, 12, 13, 14, 15, 16, 17, 18, 19, 20, 21, 22, 23, 24, 25, 26, 27, 28, 29, 30, 31, 32, 33, 34, 35, 36, 37, 38, 39, 40, 41, 42, 43, 44, 45, 46, 47, 48, 49, 50, 51, 52, 53, 54, 55, 56, 57, 58, 59, 68, 69, 70, 71, 72, 73, 74, 75]

   [travel] path blocked at (75, 0) (NPC on the gap?) - waiting

   [campaign]    [roam] !!!! WATCHDOG TRIPPED (frozen_world): nothing on screen has meaningfully changed for 8.1s at (3, 21)@(75, 0) — latching a top-level disengage (catches a sub-layer wedge the per-tick ledger can't see). LOUD

   [travel] !! WATCHDOG disengage requested — bailing this leg LOUD

   [Bridge] INPUT OWNER = 'agent' (sole writer; others dropped+logged)

   [travel] start map=(3, 21) coords=(75, 0) -> coord (-30, 0) (budget 150s)

   [travel] north connection band cols: [0, 1, 2, 3, 4, 5, 6, 7, 8, 9, 10, 11, 12, 13, 14, 15, 16, 17, 18, 19, 20, 21, 22, 23, 24, 25, 26, 27, 28, 29, 30, 31, 32, 33, 34, 35, 36, 37, 38, 39, 40, 41, 42, 43, 44, 45, 46, 47, 48, 49, 50, 51, 52, 53, 54, 55, 56, 57, 58, 59, 68, 69, 70, 71, 72, 73, 74, 75]

   [travel] !! WATCHDOG disengage requested — bailing this leg LOUD

   [Bridge] INPUT OWNER = 'agent' (sole writer; others dropped+logged)

   [travel] start map=(3, 21) coords=(75, 0) -> coord (-26, 0) (budget 150s)

   [travel] north connection band cols: [0, 1, 2, 3, 4, 5, 6, 7, 8, 9, 10, 11, 12, 13, 14, 15, 16, 17, 18, 19, 20, 21, 22, 23, 24, 25, 26, 27, 28, 29, 30, 31, 32, 33, 34, 35, 36, 37, 38, 39, 40, 41, 42, 43, 44, 45, 46, 47, 48, 49, 50, 51, 52, 53, 54, 55, 56, 57, 58, 59, 68, 69, 70, 71, 72, 73, 74, 75]

   [travel] !! WATCHDOG disengage requested — bailing this leg LOUD

   [Bridge] INPUT OWNER = 'agent' (sole writer; others dropped+logged)

   [travel] start map=(3, 21) coords=(75, 0) -> coord (90, 0) (budget 150s)

   [travel] north connection band cols: [0, 1, 2, 3, 4, 5, 6, 7, 8, 9, 10, 11, 12, 13, 14, 15, 16, 17, 18, 19, 20, 21, 22, 23, 24, 25, 26, 27, 28, 29, 30, 31, 32, 33, 34, 35, 36, 37, 38, 39, 40, 41, 42, 43, 44, 45, 46, 47, 48, 49, 50, 51, 52, 53, 54, 55, 56, 57, 58, 59, 68, 69, 70, 71, 72, 73, 74, 75]

   [travel] !! WATCHDOG disengage requested — bailing this leg LOUD

   [Bridge] INPUT OWNER = 'agent' (sole writer; others dropped+logged)

   [travel] start map=(3, 21) coords=(75, 0) -> coord (94, 0) (budget 150s)

   [travel] north connection band cols: [0, 1, 2, 3, 4, 5, 6, 7, 8, 9, 10, 11, 12, 13, 14, 15, 16, 17, 18, 19, 20, 21, 22, 23, 24, 25, 26, 27, 28, 29, 30, 31, 32, 33, 34, 35, 36, 37, 38, 39, 40, 41, 42, 43, 44, 45, 46, 47, 48, 49, 50, 51, 52, 53, 54, 55, 56, 57, 58, 59, 68, 69, 70, 71, 72, 73, 74, 75]

   [travel] !! WATCHDOG disengage requested — bailing this leg LOUD

   [campaign]    [roam] RESULT: travel:3,3 -> travel:no_path | pos (3, 22)(19, 6) -> (3, 21)(75, 0) (MOVED)

   [campaign]    ⛰️  CAMPAIGN SAVE [new_area] -> campaign/kira_campaign.state  (map=(3, 21) coords=(75, 0) badges=1 party=3)

   [campaign]    [sanctity] bundle VALID (schema/encoding/truth/monotonic all clean)

   [campaign]    📌 AUTO-CHECKPOINT [gain-new_area] -> checkpoints/20260730_091745_route-3_1b_23h22m_gain-new-area  (4 bundle file(s))

   [campaign]    [roam] grass she KNOWS: routing north -> (3, 22) toward an unfamiliar area (visited grass, avoiding any wall)

   [campaign] -- ROAM TICK 21/100000000 --

   [campaign]    [roam] STATE IN: Route 3 (75, 0) | badges=1 (Boulder) | party=[wartortle L23, mankey L9, spearow L9] | 1 badge(s) earned (Boulder). Next gym: Misty of Cerulean City. Pokédex: 4 caught. She's one badge in — the adventure's really starting (of 8 badges, then the Elite Four).

   [campaign]    [roam] PROGRESS: GREEN (unchanged 0 ticks) | fp[(3, 21) (75,0) f1 -- badge1 $248 party:bdff bag:3e79]

   [campaign]    [roam] !!!! WATCHDOG DISENGAGE #1 at (3, 21)@(75, 0) (reason=frozen_world, frozen 8.1s) — top-level recovery, sub-layer-agnostic

   [campaign]    [roam] wedge spot: blocking (75, 1) on (3, 21) (route around it) + marking (75, 0) a resolved talk-spot — unified block memory now 2 tile(s)

   [kira-voice] -> T2·savor· (recover) "I've been stuck on the same spot going nowhere — backing off and trying something different."  fired=True  [age 0.0s + post 3ms]

   [campaign]    [roam] grass she KNOWS: routing north -> (3, 22) toward an unfamiliar area (visited grass, avoiding any wall)

   [campaign] -- ROAM TICK 22/100000000 --

   [campaign]    [roam] STATE IN: Route 3 (75, 0) | badges=1 (Boulder) | party=[wartortle L23, mankey L9, spearow L9] | 1 badge(s) earned (Boulder). Next gym: Misty of Cerulean City. Pokédex: 4 caught. She's one badge in — the adventure's really starting (of 8 badges, then the Elite Four).

   [campaign]    [roam] PROGRESS: GREEN (unchanged 1 ticks) | fp[(3, 21) (75,0) f1 -- badge1 $248 party:bdff bag:3e79]

   [campaign]    [roam] OPTIONS OFFERED: ['head_to_gym', 'battle', 'talk_npc', 'travel:3,2', 'travel:3,3', 'travel:3,1', 'travel:3,5', 'travel:3,26']

   [campaign]    [soul] surface_want FIRE -> Route 3

   [campaign]    [soul] ORACLE decision: kind=want ctx={'place': "You're on Route 3 — outdoors under open sky (an open route; tall grass around — wild Pokémon live in it).. ALREADY BESIDE YOU — your current team: wartortle (L23), mankey (L9), spearow (L9). A want is something you DON'T yet have; never wish for a teammate who's already on your team.", 'map': (3, 21), 'badges': ['Boulder'], 'progress': "1 badge(s) earned (Boulder). Next gym: Misty of Cerulean City. Pokédex: 4 caught. She's one badge in — the adventure's really starting (of 8 badges, then the Elite Four).", 'party': 'wartortle (L23), mankey (L9), spearow (L9)', 'goal': {'short': 'Train the team toward ~L8 (or catch one more teammate), THEN retry', 'medium': 'Build a team strong enough to beat the wild zubat at Mt. Moon B1F, then push on toward Cerulean City', 'long': 'Reach Cerulean City, beat Misty for the Cascade Badge'}} options=['eevee', 'fossil', 'starters', 'rare', 'legendaries']

   [kira-voice] ORACLE kind=want options=['eevee', 'fossil', 'starters', 'rare', 'legendaries'] -> pick='Gastly when I reach Lavender Town'

   [campaign]    [soul] ORACLE pick -> 'Gastly when I reach Lavender Town'

   [campaign]    [roam] !! STRATEGY wall vs wild:Mt. Moon B1F:zubat: feeding loss-awareness to the oracle

   [campaign]    [soul] ORACLE decision: kind=action ctx={'place': 'You\'re on Route 3 — outdoors under open sky (an open route; tall grass around — wild Pokémon live in it).. From here: NORTH → Route 4 — wild Pokémon to catch/train, a Pokémon Center; WEST → Pewter City — a Mart, a Pokémon Center. Places you\'ve been with wild Pokémon you can walk back to: Route 2; an unfamiliar area; an unfamiliar area. You can walk to anywhere you\'ve already been. Heads up: you have ZERO Poké Balls — you literally can\'t catch a teammate until you buy some at a Mart, so a Mart run has to come before any catching.. You just went down to the wild zubat (poison/flying-type around here) at Mt. Moon B1F — bit of bad luck. Shake it off; maybe heal up or pick your fights a little better. Your call.. HOW POKÉMON WORKS (what you\'re playing for): the GOAL is to earn 8 Gym Badges, beat the Elite Four, and roll the credits — that\'s beating the game. You build a TEAM of up to 6 Pokémon you like AND that cover each other (types/roles) — a solo carry with a dead-weight bench is a losing setup; a real trainer fields a balanced, levelled squad. CATCHING wild Pokémon is central (\'gotta catch \'em all\') — you catch to build that team and to fill the Pokédex. When you meet a wild Pokémon, weigh it: is it cool/strong/useful, does it cover a gap, is it better than a bench-warmer? — keep your best ~6, and build a squad you actually like. THE ARC: build a team -> beat the 8 gyms prepared -> Elite Four -> credits. ALSO NORMAL: you entered your own name (and your rival\'s) when the game began — people in this world knowing your names is ordinary, not a mystery to react to. RIGHT NOW your team is thin/lopsided (a strong lead but weak or too few others) — that\'s why tough trainers wall you. Building up a real squad (catch a good new teammate, level the weak ones) is how a prepared trainer gets past these. THE MAIN QUEST IS A FIXED PATH you\'re always on: beat the 8 Gym Leaders in order, then the Elite Four, then you win the game. You\'re on GYM 2 of 8 — next is Misty in Cerulean City. The road forward leads there: until you\'ve won you are ALWAYS making progress toward the next gym. Grinding/catching/detours are fine — but ONLY with a clear purpose, and then you GET BACK ON THE ROAD to Cerulean City. Never just circle the same grass. Word on the road about Misty: she runs WATER-types — a whole gym over a pool; grass and electric do the work YOUR STORY SO FAR (what you\'ve actually done — your past, not the future): You started in Pallet Town, crossed Route 1-2 and Viridian Forest, and beat Brock in Pewter City for the Boulder Badge. Now you\'re pushing on toward the next gym.. Next on my list: catch an abra around Route 24 / Route 25. It grows into my alakazam — that\'s my answer for Erika AND Koga down the line. Grabbing it now, before I need it.. THINGS YOU\'VE HEARD AND READ (from people and signs — your own notes, use them when they point somewhere): "What? I\'m waiting for my friends to find me here."; "POK. BALL, and you want 1. That will be .200. Okay?"; "POK. BALL? Certainly. How many would you like?". YOUR PLAN — right now: Train the team toward ~L8 (or catch one more teammate), THEN retry. Next: Build a team strong enough to beat the wild zubat at Mt. Moon B1F, then push on toward Cerulean City. Bigger picture: Reach Cerulean City, beat Misty for the Cascade Badge. Your team right now: wartortle (L23), mankey (L9), spearow (L9). Remember YOU are the one playing this — narrate your plan to chat in your own voice (first person: "I\'m grinding", "my team"), and never ask anyone what you\'re doing or who\'s on your team — you know.. RECALIBRATE — before the last detour you\'d set out to: "head back to Cerulean City — a Mart to buy Poké Balls / supplies". That\'s still available. Unless something fundamental has actually changed, pick it back up and continue — don\'t lose the thread to aimless wandering.', 'progress': "1 badge(s) earned (Boulder). Next gym: Misty of Cerulean City. Pokédex: 4 caught. She's one badge in — the adventure's really starting (of 8 badges, then the Elite Four).", 'party': 'wartortle (L23), mankey (L9), spearow (L9)', 'goal': {'short': 'Train the team toward ~L8 (or catch one more teammate), THEN retry', 'medium': 'Build a team strong enough to beat the wild zubat at Mt. Moon B1F, then push on toward Cerulean City', 'long': 'Reach Cerulean City, beat Misty for the Cascade Badge'}} options=['head_to_gym', 'battle', 'talk_npc', 'travel:3,2', 'travel:3,3', 'travel:3,1', 'travel:3,5', 'travel:3,26']

   [kira-voice] -> T2·savor· (want) 'Gastly when I reach Lavender Town'  fired=True  [age 0.0s + post 3ms]

   [kira-voice] ORACLE kind=action options=['head_to_gym', 'battle', 'talk_npc', 'travel:3,2', 'travel:3,3', 'travel:3,1', 'travel:3,5', 'travel:3,26'] -> pick='travel:3,3'

   [campaign]    [soul] ORACLE pick -> 'travel:3,3'

   [campaign]    [roam] DECISION THINK: 3097ms (world stayed live — pumped idle, not a freeze)

   [campaign]    [roam] PICK OUT: travel:3,3

   [campaign]    [roam] RATIONALE: Routing to a place I need then on to Cerulean City for Misty.

   [campaign]    [roam] TRAVEL: Route 3 -> Cerulean City (next hop north -> Route 4)

   [Bridge] INPUT OWNER = 'agent' (sole writer; others dropped+logged)

   [travel] start map=(3, 21) coords=(75, 0) -> map (3, 22) (budget 300s)

   [travel] north connection band cols: [0, 1, 2, 3, 4, 5, 6, 7, 8, 9, 10, 11, 12, 13, 14, 15, 16, 17, 18, 19, 20, 21, 22, 23, 24, 25, 26, 27, 28, 29, 30, 31, 32, 33, 34, 35, 36, 37, 38, 39, 40, 41, 42, 43, 44, 45, 46, 47, 48, 49, 50, 51, 52, 53, 54, 55, 56, 57, 58, 59, 68, 69, 70, 71, 72, 73, 74, 75]

   [travel] releasing 1 stale NPC block(s) [(75, 1)] — tile(s) read empty now (wanderer moved on)

   [travel] MAP TRANSITION (3, 21) -> (3, 22)

   [campaign]    [world] learned 3 warp(s) on (3, 22): (19, 5)->(1, 1), (32, 5)->(1, 2), (12, 5)->(16, 0)

   [travel] north connection band cols: [0, 1, 2, 3, 4, 5, 6, 7, 8, 9, 10, 11, 12, 13, 14, 15, 16, 17, 18, 19, 20, 21, 22, 23, 24, 25, 26, 27, 28, 29, 30, 31, 32, 33, 34, 35, 36, 37, 38, 39, 40, 41, 42, 43, 44, 45, 46, 47, 48, 49, 50, 51, 52, 53, 54, 55, 56, 57, 58, 59, 60, 61, 62, 63, 64, 65, 66, 67, 68, 69, 70, 71, 72, 73, 74, 75, 76, 77, 78, 79, 80, 81, 82, 83, 84, 85, 86, 87, 88, 89, 90, 91, 92, 93, 94, 95, 96, 97, 98, 99, 100, 101, 102, 103, 104, 105, 106, 107]

   [travel] ARRIVED at target map (3, 22) coords=(15, 19)

   [kira-voice] ·dedup· (repeat text, T1, looping?) 'made it to a new area'

   [campaign]    [roam] RESULT: travel:3,3 -> hop_ok | pos (3, 21)(75, 0) -> (3, 22)(15, 19) (MOVED)

   [campaign]    ⛰️  CAMPAIGN SAVE [new_area] -> campaign/kira_campaign.state  (map=(3, 22) coords=(15, 19) badges=1 party=3)

   [campaign]    [sanctity] bundle VALID (schema/encoding/truth/monotonic all clean)

   [campaign]    📌 AUTO-CHECKPOINT [gain-new_area] -> checkpoints/20260730_091753_route-4_1b_23h22m_gain-new-area  (4 bundle file(s))

   [campaign]    [world] learned 3 warp(s) on (3, 22): (19, 5)->(1, 1), (32, 5)->(1, 2), (12, 5)->(16, 0)

   [campaign]    [world] learned 3 warp(s) on (3, 22): (19, 5)->(1, 1), (32, 5)->(1, 2), (12, 5)->(16, 0)

   [campaign] -- ROAM TICK 23/100000000 --

   [campaign]    [roam] STATE IN: Route 4 (15, 19) | badges=1 (Boulder) | party=[wartortle L23, mankey L9, spearow L9] | 1 badge(s) earned (Boulder). Next gym: Misty of Cerulean City. Pokédex: 4 caught. She's one badge in — the adventure's really starting (of 8 badges, then the Elite Four).

   [campaign]    [roam] PROGRESS: GREEN (unchanged 0 ticks) | fp[(3, 22) (15,19) f2 -- badge1 $248 party:bdff bag:3e79]

   [campaign]    [roam] OPTIONS OFFERED: ['head_to_gym', 'talk_npc', 'travel:3,3', 'travel:3,2', 'travel:3,1', 'travel:3,10', 'travel:3,26']

   [campaign]    [roam] !! STRATEGY wall vs wild:Mt. Moon B1F:zubat: feeding loss-awareness to the oracle

   [campaign]    [soul] ORACLE decision: kind=action ctx={'place': 'You\'re on Route 4 — outdoors under open sky (a town with a Pokémon Center; tall grass around — wild Pokémon live in it).. From here: SOUTH → Route 3 — wild Pokémon to catch/train; EAST → Cerulean City — a Mart, a Pokémon Center. Places you\'ve been with wild Pokémon you can walk back to: an unfamiliar area; an unfamiliar area; Route 2. You can walk to anywhere you\'ve already been. Heads up: you have ZERO Poké Balls — you literally can\'t catch a teammate until you buy some at a Mart, so a Mart run has to come before any catching.. You just went down to the wild zubat (poison/flying-type around here) at Mt. Moon B1F — bit of bad luck. Shake it off; maybe heal up or pick your fights a little better. Your call.. HOW POKÉMON WORKS (what you\'re playing for): the GOAL is to earn 8 Gym Badges, beat the Elite Four, and roll the credits — that\'s beating the game. You build a TEAM of up to 6 Pokémon you like AND that cover each other (types/roles) — a solo carry with a dead-weight bench is a losing setup; a real trainer fields a balanced, levelled squad. CATCHING wild Pokémon is central (\'gotta catch \'em all\') — you catch to build that team and to fill the Pokédex. When you meet a wild Pokémon, weigh it: is it cool/strong/useful, does it cover a gap, is it better than a bench-warmer? — keep your best ~6, and build a squad you actually like. THE ARC: build a team -> beat the 8 gyms prepared -> Elite Four -> credits. ALSO NORMAL: you entered your own name (and your rival\'s) when the game began — people in this world knowing your names is ordinary, not a mystery to react to. RIGHT NOW your team is thin/lopsided (a strong lead but weak or too few others) — that\'s why tough trainers wall you. Building up a real squad (catch a good new teammate, level the weak ones) is how a prepared trainer gets past these. THE MAIN QUEST IS A FIXED PATH you\'re always on: beat the 8 Gym Leaders in order, then the Elite Four, then you win the game. You\'re on GYM 2 of 8 — next is Misty in Cerulean City. The road forward leads there: until you\'ve won you are ALWAYS making progress toward the next gym. Grinding/catching/detours are fine — but ONLY with a clear purpose, and then you GET BACK ON THE ROAD to Cerulean City. Never just circle the same grass. Word on the road about Misty: she runs WATER-types — a whole gym over a pool; grass and electric do the work YOUR STORY SO FAR (what you\'ve actually done — your past, not the future): You started in Pallet Town, crossed Route 1-2 and Viridian Forest, and beat Brock in Pewter City for the Boulder Badge. Now you\'re pushing on toward the next gym.. Next on my list: catch an abra around Route 24 / Route 25. It grows into my alakazam — that\'s my answer for Erika AND Koga down the line. Grabbing it now, before I need it.. THINGS YOU\'VE HEARD AND READ (from people and signs — your own notes, use them when they point somewhere): "What? I\'m waiting for my friends to find me here."; "POK. BALL, and you want 1. That will be .200. Okay?"; "POK. BALL? Certainly. How many would you like?". YOUR PLAN — right now: Train the team toward ~L8 (or catch one more teammate), THEN retry. Next: Build a team strong enough to beat the wild zubat at Mt. Moon B1F, then push on toward Cerulean City. Bigger picture: Reach Cerulean City, beat Misty for the Cascade Badge. Your team right now: wartortle (L23), mankey (L9), spearow (L9). Remember YOU are the one playing this — narrate your plan to chat in your own voice (first person: "I\'m grinding", "my team"), and never ask anyone what you\'re doing or who\'s on your team — you know.. RECALIBRATE — before the last detour you\'d set out to: "head back to Cerulean City — a Mart to buy Poké Balls / supplies". That\'s still available. Unless something fundamental has actually changed, pick it back up and continue — don\'t lose the thread to aimless wandering.', 'progress': "1 badge(s) earned (Boulder). Next gym: Misty of Cerulean City. Pokédex: 4 caught. She's one badge in — the adventure's really starting (of 8 badges, then the Elite Four).", 'party': 'wartortle (L23), mankey (L9), spearow (L9)', 'goal': {'short': 'Train the team toward ~L8 (or catch one more teammate), THEN retry', 'medium': 'Build a team strong enough to beat the wild zubat at Mt. Moon B1F, then push on toward Cerulean City', 'long': 'Reach Cerulean City, beat Misty for the Cascade Badge'}} options=['head_to_gym', 'talk_npc', 'travel:3,3', 'travel:3,2', 'travel:3,1', 'travel:3,10', 'travel:3,26']

   [kira-voice] ORACLE kind=action options=['head_to_gym', 'talk_npc', 'travel:3,3', 'travel:3,2', 'travel:3,1', 'travel:3,10', 'travel:3,26'] -> pick='travel:3,3'

   [campaign]    [soul] ORACLE pick -> 'travel:3,3'

   [campaign]    [roam] DECISION THINK: 2336ms (world stayed live — pumped idle, not a freeze)

   [campaign]    [roam] PICK OUT: travel:3,3

   [campaign]    [roam] RATIONALE: Routing to a place I need then on to Cerulean City for Misty.

   [campaign]    [roam] TRAVEL: Route 4 -> Cerulean City (next hop east -> Cerulean City)

   [Bridge] INPUT OWNER = 'agent' (sole writer; others dropped+logged)

   [travel] start map=(3, 22) coords=(15, 19) -> map (3, 3) (budget 300s)

   [travel] east connection band rows: [2, 3, 4, 5, 10, 11, 12]

   [travel] path blocked at (15, 19) (NPC on the gap?) - waiting

   [travel] no clean path from (15, 19) AND no NPC-allowing path (npcs nearby=[(16, 14)]) - genuine wall/zone gap, will time out

   [travel] !! TRAVEL WEDGE: identical fp x4 retries at (15, 19) map=(3, 22) (reason=no_route) -> returning to roam LOUD (no inner spin)

   [kira-voice] ·dedup· (repeat text, T1, looping?) "I can't find a way through here — let me rethink this"

   [campaign]    [roam] RESULT: travel:3,3 -> travel:no_path | pos (3, 22)(15, 19) -> (3, 22)(15, 19) (NO MOVEMENT)

   [campaign]    [roam] !! SILENT NO-MOVE: 'travel:3,3' returned 'travel:no_path' but her position never changed (streak 1, dead routes ['travel:3,3']) — not moving her; ALL dead routes get pruned next tick so she must do something that works

   [campaign]    [world] learned 3 warp(s) on (3, 22): (19, 5)->(1, 1), (32, 5)->(1, 2), (12, 5)->(16, 0)

   [campaign]    [world] learned 3 warp(s) on (3, 22): (19, 5)->(1, 1), (32, 5)->(1, 2), (12, 5)->(16, 0)

   [campaign] -- ROAM TICK 24/100000000 --

   [campaign]    [roam] STATE IN: Route 4 (15, 19) | badges=1 (Boulder) | party=[wartortle L23, mankey L9, spearow L9] | 1 badge(s) earned (Boulder). Next gym: Misty of Cerulean City. Pokédex: 4 caught. She's one badge in — the adventure's really starting (of 8 badges, then the Elite Four).

   [campaign]    [roam] PROGRESS: GREEN (unchanged 1 ticks) | fp[(3, 22) (15,19) f2 -- badge1 $248 party:bdff bag:3e79]

   [campaign]    [roam] OPTIONS OFFERED: ['head_to_gym', 'talk_npc', 'travel:3,3', 'travel:3,2', 'travel:3,1', 'travel:3,10', 'travel:3,26']

   [campaign]    [roam] !! STRATEGY wall vs wild:Mt. Moon B1F:zubat: feeding loss-awareness to the oracle

   [campaign]    [soul] ORACLE decision: kind=action ctx={'place': 'You\'re on Route 4 — outdoors under open sky (a town with a Pokémon Center; tall grass around — wild Pokémon live in it).. From here: SOUTH → Route 3 — wild Pokémon to catch/train; EAST → Cerulean City — a Mart, a Pokémon Center. Places you\'ve been with wild Pokémon you can walk back to: an unfamiliar area; an unfamiliar area; Route 2. You can walk to anywhere you\'ve already been. Heads up: you have ZERO Poké Balls — you literally can\'t catch a teammate until you buy some at a Mart, so a Mart run has to come before any catching.. You just went down to the wild zubat (poison/flying-type around here) at Mt. Moon B1F — bit of bad luck. Shake it off; maybe heal up or pick your fights a little better. Your call.. HOW POKÉMON WORKS (what you\'re playing for): the GOAL is to earn 8 Gym Badges, beat the Elite Four, and roll the credits — that\'s beating the game. You build a TEAM of up to 6 Pokémon you like AND that cover each other (types/roles) — a solo carry with a dead-weight bench is a losing setup; a real trainer fields a balanced, levelled squad. CATCHING wild Pokémon is central (\'gotta catch \'em all\') — you catch to build that team and to fill the Pokédex. When you meet a wild Pokémon, weigh it: is it cool/strong/useful, does it cover a gap, is it better than a bench-warmer? — keep your best ~6, and build a squad you actually like. THE ARC: build a team -> beat the 8 gyms prepared -> Elite Four -> credits. ALSO NORMAL: you entered your own name (and your rival\'s) when the game began — people in this world knowing your names is ordinary, not a mystery to react to. RIGHT NOW your team is thin/lopsided (a strong lead but weak or too few others) — that\'s why tough trainers wall you. Building up a real squad (catch a good new teammate, level the weak ones) is how a prepared trainer gets past these. THE MAIN QUEST IS A FIXED PATH you\'re always on: beat the 8 Gym Leaders in order, then the Elite Four, then you win the game. You\'re on GYM 2 of 8 — next is Misty in Cerulean City. The road forward leads there: until you\'ve won you are ALWAYS making progress toward the next gym. Grinding/catching/detours are fine — but ONLY with a clear purpose, and then you GET BACK ON THE ROAD to Cerulean City. Never just circle the same grass. Word on the road about Misty: she runs WATER-types — a whole gym over a pool; grass and electric do the work YOUR STORY SO FAR (what you\'ve actually done — your past, not the future): You started in Pallet Town, crossed Route 1-2 and Viridian Forest, and beat Brock in Pewter City for the Boulder Badge. Now you\'re pushing on toward the next gym.. Next on my list: catch an abra around Route 24 / Route 25. It grows into my alakazam — that\'s my answer for Erika AND Koga down the line. Grabbing it now, before I need it.. THINGS YOU\'VE HEARD AND READ (from people and signs — your own notes, use them when they point somewhere): "What? I\'m waiting for my friends to find me here."; "POK. BALL, and you want 1. That will be .200. Okay?"; "POK. BALL? Certainly. How many would you like?". YOUR PLAN — right now: Train the team toward ~L8 (or catch one more teammate), THEN retry. Next: Build a team strong enough to beat the wild zubat at Mt. Moon B1F, then push on toward Cerulean City. Bigger picture: Reach Cerulean City, beat Misty for the Cascade Badge. Your team right now: wartortle (L23), mankey (L9), spearow (L9). Remember YOU are the one playing this — narrate your plan to chat in your own voice (first person: "I\'m grinding", "my team"), and never ask anyone what you\'re doing or who\'s on your team — you know.', 'progress': "1 badge(s) earned (Boulder). Next gym: Misty of Cerulean City. Pokédex: 4 caught. She's one badge in — the adventure's really starting (of 8 badges, then the Elite Four).", 'party': 'wartortle (L23), mankey (L9), spearow (L9)', 'goal': {'short': 'Train the team toward ~L8 (or catch one more teammate), THEN retry', 'medium': 'Build a team strong enough to beat the wild zubat at Mt. Moon B1F, then push on toward Cerulean City', 'long': 'Reach Cerulean City, beat Misty for the Cascade Badge'}} options=['head_to_gym', 'talk_npc', 'travel:3,3', 'travel:3,2', 'travel:3,1', 'travel:3,10', 'travel:3,26']

   [kira-voice] ORACLE kind=action options=['head_to_gym', 'talk_npc', 'travel:3,3', 'travel:3,2', 'travel:3,1', 'travel:3,10', 'travel:3,26'] -> pick='travel:3,3'

   [campaign]    [soul] ORACLE pick -> 'travel:3,3'

   [campaign]    [roam] DECISION THINK: 4898ms (world stayed live — pumped idle, not a freeze)

   [campaign]    [roam] PICK OUT: travel:3,3

   [campaign]    [roam] RATIONALE: Routing to a place I need then on to Cerulean City for Misty.

   [campaign]    [roam] TRAVEL: Route 4 -> Cerulean City (next hop east -> Cerulean City)

   [Bridge] INPUT OWNER = 'agent' (sole writer; others dropped+logged)

   [travel] start map=(3, 22) coords=(15, 19) -> map (3, 3) (budget 300s)

   [travel] east connection band rows: [2, 3, 4, 5, 10, 11, 12]

   [travel] path blocked at (15, 19) (NPC on the gap?) - waiting

   [campaign]    [roam] !!!! WATCHDOG TRIPPED (frozen_world): nothing on screen has meaningfully changed for 9.9s at (3, 22)@(15, 19) — latching a top-level disengage (catches a sub-layer wedge the per-tick ledger can't see). LOUD

   [travel] !! WATCHDOG disengage requested — bailing this leg LOUD

   [campaign]    [roam] RESULT: travel:3,3 -> travel:stuck | pos (3, 22)(15, 19) -> (3, 22)(15, 19) (NO MOVEMENT)

   [campaign]    [roam] !! SILENT NO-MOVE: 'travel:3,3' returned 'travel:stuck' but her position never changed (streak 2, dead routes ['travel:3,3']) — not moving her; ALL dead routes get pruned next tick so she must do something that works

   [campaign]    [world] learned 3 warp(s) on (3, 22): (19, 5)->(1, 1), (32, 5)->(1, 2), (12, 5)->(16, 0)

   [campaign]    [world] learned 3 warp(s) on (3, 22): (19, 5)->(1, 1), (32, 5)->(1, 2), (12, 5)->(16, 0)

   [campaign]    [roam] !! NO-MOVE PRUNE: dead routes ['travel:3,3'] haven't moved her (streak 2) — removed this tick so she picks something that works; remaining: ['head_to_gym', 'talk_npc', 'travel:3,1', 'travel:3,10', 'travel:3,2', 'travel:3,26']

   [campaign] -- ROAM TICK 25/100000000 --

   [campaign]    [roam] STATE IN: Route 4 (15, 19) | badges=1 (Boulder) | party=[wartortle L23, mankey L9, spearow L9] | 1 badge(s) earned (Boulder). Next gym: Misty of Cerulean City. Pokédex: 4 caught. She's one badge in — the adventure's really starting (of 8 badges, then the Elite Four).

   [campaign]    [roam] PROGRESS: GREEN (unchanged 2 ticks) | fp[(3, 22) (15,19) f2 -- badge1 $248 party:bdff bag:3e79]

   [campaign]    [roam] !!!! WATCHDOG DISENGAGE #1 at (3, 22)@(15, 19) (reason=frozen_world, frozen 9.9s) — top-level recovery, sub-layer-agnostic

   [campaign]    [roam] wedge spot: blocking (15, 18) on (3, 22) (route around it) + marking (15, 19) a resolved talk-spot — unified block memory now 2 tile(s)

   [campaign]    ⛰️  CAMPAIGN SAVE [tick25] -> campaign/kira_campaign.state  (map=(3, 22) coords=(15, 19) badges=1 party=3)

   [kira-voice] -> T2·savor· (recover) "I've been stuck on the same spot going nowhere — backing off and trying something different."  fired=True  [age 0.0s + post 15ms]

   [campaign]    [sanctity] bundle VALID (schema/encoding/truth/monotonic all clean)

   [campaign]    [world] learned 3 warp(s) on (3, 22): (19, 5)->(1, 1), (32, 5)->(1, 2), (12, 5)->(16, 0)

   [campaign]    [world] learned 3 warp(s) on (3, 22): (19, 5)->(1, 1), (32, 5)->(1, 2), (12, 5)->(16, 0)

   [campaign]    [roam] !! NO-MOVE PRUNE: dead routes ['travel:3,3'] haven't moved her (streak 2) — removed this tick so she picks something that works; remaining: ['head_to_gym', 'talk_npc', 'travel:3,1', 'travel:3,10', 'travel:3,2', 'travel:3,26']

   [campaign] -- ROAM TICK 26/100000000 --

   [campaign]    [roam] STATE IN: Route 4 (15, 19) | badges=1 (Boulder) | party=[wartortle L23, mankey L9, spearow L9] | 1 badge(s) earned (Boulder). Next gym: Misty of Cerulean City. Pokédex: 4 caught. She's one badge in — the adventure's really starting (of 8 badges, then the Elite Four).

   [campaign]    [roam] PROGRESS: YELLOW (unchanged 3 ticks) | fp[(3, 22) (15,19) f2 -- badge1 $248 party:bdff bag:3e79]

   [campaign]    [roam] OPTIONS OFFERED: ['head_to_gym', 'talk_npc', 'travel:3,2', 'travel:3,1', 'travel:3,10', 'travel:3,26']

   [campaign]    [roam] !! MACRO YELLOW: no progress 3 ticks — feeding awareness back to the oracle: "You keep trying to watchdog disengage but the world hasn't changed in 3 turns - it went 'frozen_world', and you don't seem to be getting anywhere."

   [campaign]    [roam] !! STRATEGY wall vs wild:Mt. Moon B1F:zubat: feeding loss-awareness to the oracle

   [campaign]    [soul] ORACLE decision: kind=action ctx={'place': 'You\'re on Route 4 — outdoors under open sky (a town with a Pokémon Center; tall grass around — wild Pokémon live in it).. From here: SOUTH → Route 3 — wild Pokémon to catch/train; EAST → Cerulean City — a Mart, a Pokémon Center. Places you\'ve been with wild Pokémon you can walk back to: an unfamiliar area; an unfamiliar area; Route 2. You can walk to anywhere you\'ve already been. Heads up: you have ZERO Poké Balls — you literally can\'t catch a teammate until you buy some at a Mart, so a Mart run has to come before any catching.. You keep trying to watchdog disengage but the world hasn\'t changed in 3 turns - it went \'frozen_world\', and you don\'t seem to be getting anywhere.. You just went down to the wild zubat (poison/flying-type around here) at Mt. Moon B1F — bit of bad luck. Shake it off; maybe heal up or pick your fights a little better. Your call.. HOW POKÉMON WORKS (what you\'re playing for): the GOAL is to earn 8 Gym Badges, beat the Elite Four, and roll the credits — that\'s beating the game. You build a TEAM of up to 6 Pokémon you like AND that cover each other (types/roles) — a solo carry with a dead-weight bench is a losing setup; a real trainer fields a balanced, levelled squad. CATCHING wild Pokémon is central (\'gotta catch \'em all\') — you catch to build that team and to fill the Pokédex. When you meet a wild Pokémon, weigh it: is it cool/strong/useful, does it cover a gap, is it better than a bench-warmer? — keep your best ~6, and build a squad you actually like. THE ARC: build a team -> beat the 8 gyms prepared -> Elite Four -> credits. ALSO NORMAL: you entered your own name (and your rival\'s) when the game began — people in this world knowing your names is ordinary, not a mystery to react to. RIGHT NOW your team is thin/lopsided (a strong lead but weak or too few others) — that\'s why tough trainers wall you. Building up a real squad (catch a good new teammate, level the weak ones) is how a prepared trainer gets past these. THE MAIN QUEST IS A FIXED PATH you\'re always on: beat the 8 Gym Leaders in order, then the Elite Four, then you win the game. You\'re on GYM 2 of 8 — next is Misty in Cerulean City. The road forward leads there: until you\'ve won you are ALWAYS making progress toward the next gym. Grinding/catching/detours are fine — but ONLY with a clear purpose, and then you GET BACK ON THE ROAD to Cerulean City. Never just circle the same grass. Word on the road about Misty: she runs WATER-types — a whole gym over a pool; grass and electric do the work YOUR STORY SO FAR (what you\'ve actually done — your past, not the future): You started in Pallet Town, crossed Route 1-2 and Viridian Forest, and beat Brock in Pewter City for the Boulder Badge. Now you\'re pushing on toward the next gym.. Next on my list: catch an abra around Route 24 / Route 25. It grows into my alakazam — that\'s my answer for Erika AND Koga down the line. Grabbing it now, before I need it.. THINGS YOU\'VE HEARD AND READ (from people and signs — your own notes, use them when they point somewhere): "What? I\'m waiting for my friends to find me here."; "POK. BALL, and you want 1. That will be .200. Okay?"; "POK. BALL? Certainly. How many would you like?". YOUR PLAN — right now: Train the team toward ~L8 (or catch one more teammate), THEN retry. Next: Build a team strong enough to beat the wild zubat at Mt. Moon B1F, then push on toward Cerulean City. Bigger picture: Reach Cerulean City, beat Misty for the Cascade Badge. Your team right now: wartortle (L23), mankey (L9), spearow (L9). Remember YOU are the one playing this — narrate your plan to chat in your own voice (first person: "I\'m grinding", "my team"), and never ask anyone what you\'re doing or who\'s on your team — you know.', 'progress': "1 badge(s) earned (Boulder). Next gym: Misty of Cerulean City. Pokédex: 4 caught. She's one badge in — the adventure's really starting (of 8 badges, then the Elite Four).", 'party': 'wartortle (L23), mankey (L9), spearow (L9)', 'goal': {'short': 'Train the team toward ~L8 (or catch one more teammate), THEN retry', 'medium': 'Build a team strong enough to beat the wild zubat at Mt. Moon B1F, then push on toward Cerulean City', 'long': 'Reach Cerulean City, beat Misty for the Cascade Badge'}} options=['head_to_gym', 'talk_npc', 'travel:3,2', 'travel:3,1', 'travel:3,10', 'travel:3,26']

   [kira-voice] ORACLE kind=action options=['head_to_gym', 'talk_npc', 'travel:3,2', 'travel:3,1', 'travel:3,10', 'travel:3,26'] -> pick='travel:3,2'

   [campaign]    [soul] ORACLE pick -> 'travel:3,2'

   [campaign]    [roam] DECISION THINK: 3071ms (world stayed live — pumped idle, not a freeze)

   [campaign]    [roam] PICK OUT: travel:3,2  <- her RECOVERY move (YELLOW)

   [campaign]    [roam] RATIONALE: Routing to a place I need then on to Cerulean City for Misty.

   [campaign]    [roam] TRAVEL: Route 4 -> Pewter City (next hop south -> Route 3)

   [Bridge] INPUT OWNER = 'agent' (sole writer; others dropped+logged)

   [travel] start map=(3, 22) coords=(15, 19) -> map (3, 21) (budget 300s)

   [travel] south connection band cols: [8, 9, 10, 11, 12, 13, 14, 15, 24, 25, 26, 27, 28, 29, 30, 31, 32, 33, 34, 35, 36, 37, 38, 39, 40, 41, 42, 43, 44, 45, 46, 47, 48, 49, 50, 51, 52, 53, 54, 55, 56, 57, 58, 59, 60, 61, 62, 63, 64, 65, 66, 67, 68, 69, 70, 71, 72, 73, 74, 75, 76, 77, 78, 79, 80, 81, 82, 83, 84, 85, 86, 87, 88, 89, 90, 91, 92, 93, 94, 95, 96, 97, 98, 99, 100, 101, 102, 103, 104, 105, 106, 107]

   [travel] releasing 1 stale NPC block(s) [(15, 18)] — tile(s) read empty now (wanderer moved on)

   [travel] MAP TRANSITION (3, 22) -> (3, 21)

   [travel] south connection band cols: [0, 1, 2, 3, 4, 5, 6, 7, 8, 9, 10, 11, 12, 13, 14, 15, 16, 17, 18, 19, 20, 21, 22, 23, 24, 25, 26, 27, 28, 29, 30, 31, 32, 33, 34, 35, 36, 37, 38, 39, 40, 41, 42, 43, 44, 45, 46, 47, 48, 49, 50, 51, 52, 53, 54, 55, 56, 57, 58, 59, 60, 61, 62, 63, 64, 65, 66, 67, 68, 69, 70, 71, 72, 73, 74, 75, 76, 77, 78, 79, 80, 81, 82, 83, 84]

   [travel] ARRIVED at target map (3, 21) coords=(75, 0)

   [kira-voice] ·dedup· (repeat text, T1, looping?) 'made it to a new area'

   [campaign]    [roam] RESULT: travel:3,2 -> hop_ok | pos (3, 22)(15, 19) -> (3, 21)(75, 0) (MOVED)

   [campaign]    ⛰️  CAMPAIGN SAVE [new_area] -> campaign/kira_campaign.state  (map=(3, 21) coords=(75, 0) badges=1 party=3)

   [campaign]    [sanctity] bundle VALID (schema/encoding/truth/monotonic all clean)

   [campaign]    📌 AUTO-CHECKPOINT [gain-new_area] -> checkpoints/20260730_091807_route-3_1b_23h22m_gain-new-area  (4 bundle file(s))

   [campaign]    [roam] grass she KNOWS: routing north -> (3, 22) toward an unfamiliar area (visited grass, avoiding any wall)

   [campaign] -- ROAM TICK 27/100000000 --

   [campaign]    [roam] STATE IN: Route 3 (75, 0) | badges=1 (Boulder) | party=[wartortle L23, mankey L9, spearow L9] | 1 badge(s) earned (Boulder). Next gym: Misty of Cerulean City. Pokédex: 4 caught. She's one badge in — the adventure's really starting (of 8 badges, then the Elite Four).

   [campaign]    [roam] PROGRESS: GREEN (unchanged 0 ticks) | fp[(3, 21) (75,0) f1 -- badge1 $248 party:bdff bag:3e79]

   [campaign]    [roam] OPTIONS OFFERED: ['head_to_gym', 'battle', 'talk_npc', 'travel:3,2', 'travel:3,3', 'travel:3,1', 'travel:3,5', 'travel:3,26']

   [campaign]    [roam] !! STRATEGY wall vs wild:Mt. Moon B1F:zubat: feeding loss-awareness to the oracle

   [campaign]    [soul] ORACLE decision: kind=action ctx={'place': 'You\'re on Route 3 — outdoors under open sky (an open route; tall grass around — wild Pokémon live in it).. From here: NORTH → Route 4 — wild Pokémon to catch/train, a Pokémon Center; WEST → Pewter City — a Mart, a Pokémon Center. Places you\'ve been with wild Pokémon you can walk back to: Route 2; an unfamiliar area; an unfamiliar area. You can walk to anywhere you\'ve already been. Heads up: you have ZERO Poké Balls — you literally can\'t catch a teammate until you buy some at a Mart, so a Mart run has to come before any catching.. You just went down to the wild zubat (poison/flying-type around here) at Mt. Moon B1F — bit of bad luck. Shake it off; maybe heal up or pick your fights a little better. Your call.. HOW POKÉMON WORKS (what you\'re playing for): the GOAL is to earn 8 Gym Badges, beat the Elite Four, and roll the credits — that\'s beating the game. You build a TEAM of up to 6 Pokémon you like AND that cover each other (types/roles) — a solo carry with a dead-weight bench is a losing setup; a real trainer fields a balanced, levelled squad. CATCHING wild Pokémon is central (\'gotta catch \'em all\') — you catch to build that team and to fill the Pokédex. When you meet a wild Pokémon, weigh it: is it cool/strong/useful, does it cover a gap, is it better than a bench-warmer? — keep your best ~6, and build a squad you actually like. THE ARC: build a team -> beat the 8 gyms prepared -> Elite Four -> credits. ALSO NORMAL: you entered your own name (and your rival\'s) when the game began — people in this world knowing your names is ordinary, not a mystery to react to. RIGHT NOW your team is thin/lopsided (a strong lead but weak or too few others) — that\'s why tough trainers wall you. Building up a real squad (catch a good new teammate, level the weak ones) is how a prepared trainer gets past these. THE MAIN QUEST IS A FIXED PATH you\'re always on: beat the 8 Gym Leaders in order, then the Elite Four, then you win the game. You\'re on GYM 2 of 8 — next is Misty in Cerulean City. The road forward leads there: until you\'ve won you are ALWAYS making progress toward the next gym. Grinding/catching/detours are fine — but ONLY with a clear purpose, and then you GET BACK ON THE ROAD to Cerulean City. Never just circle the same grass. Word on the road about Misty: she runs WATER-types — a whole gym over a pool; grass and electric do the work YOUR STORY SO FAR (what you\'ve actually done — your past, not the future): You started in Pallet Town, crossed Route 1-2 and Viridian Forest, and beat Brock in Pewter City for the Boulder Badge. Now you\'re pushing on toward the next gym.. Next on my list: catch an abra around Route 24 / Route 25. It grows into my alakazam — that\'s my answer for Erika AND Koga down the line. Grabbing it now, before I need it.. THINGS YOU\'VE HEARD AND READ (from people and signs — your own notes, use them when they point somewhere): "What? I\'m waiting for my friends to find me here."; "POK. BALL, and you want 1. That will be .200. Okay?"; "POK. BALL? Certainly. How many would you like?". YOUR PLAN — right now: Train the team toward ~L8 (or catch one more teammate), THEN retry. Next: Build a team strong enough to beat the wild zubat at Mt. Moon B1F, then push on toward Cerulean City. Bigger picture: Reach Cerulean City, beat Misty for the Cascade Badge. Your team right now: wartortle (L23), mankey (L9), spearow (L9). Remember YOU are the one playing this — narrate your plan to chat in your own voice (first person: "I\'m grinding", "my team"), and never ask anyone what you\'re doing or who\'s on your team — you know.. RECALIBRATE — before the last detour you\'d set out to: "head back to Pewter City — a Mart to buy Poké Balls / supplies". That\'s still available. Unless something fundamental has actually changed, pick it back up and continue — don\'t lose the thread to aimless wandering.', 'progress': "1 badge(s) earned (Boulder). Next gym: Misty of Cerulean City. Pokédex: 4 caught. She's one badge in — the adventure's really starting (of 8 badges, then the Elite Four).", 'party': 'wartortle (L23), mankey (L9), spearow (L9)', 'goal': {'short': 'Train the team toward ~L8 (or catch one more teammate), THEN retry', 'medium': 'Build a team strong enough to beat the wild zubat at Mt. Moon B1F, then push on toward Cerulean City', 'long': 'Reach Cerulean City, beat Misty for the Cascade Badge'}} options=['head_to_gym', 'battle', 'talk_npc', 'travel:3,2', 'travel:3,3', 'travel:3,1', 'travel:3,5', 'travel:3,26']

   [kira-voice] ORACLE kind=action options=['head_to_gym', 'battle', 'talk_npc', 'travel:3,2', 'travel:3,3', 'travel:3,1', 'travel:3,5', 'travel:3,26'] -> pick='travel:3,2'

   [campaign]    [soul] ORACLE pick -> 'travel:3,2'

   [campaign]    [roam] DECISION THINK: 2335ms (world stayed live — pumped idle, not a freeze)

   [campaign]    [roam] PICK OUT: travel:3,2

   [campaign]    [roam] RATIONALE: Routing to a place I need then on to Cerulean City for Misty.

   [campaign]    [roam] TRAVEL: Route 3 -> Pewter City (next hop west -> Pewter City)

   [Bridge] INPUT OWNER = 'agent' (sole writer; others dropped+logged)

   [travel] start map=(3, 21) coords=(75, 0) -> map (3, 2) (budget 300s)

   [travel] west connection band rows: [10, 11, 12, 13]

   [travel] step 0: (75, 0)->(75, 1) map=(3, 21) (path 99 to exit)

   [travel] step 10: (72, 7)->(71, 7) map=(3, 21) (path 89 to exit)

   [travel] step 20: (66, 11)->(65, 11) map=(3, 21) (path 80 to exit)

   [travel] step 30: (60, 7)->(59, 7) map=(3, 21) (path 70 to exit)

   [travel] HEARTBEAT step=40 map=(3, 21) coords=(50, 7) elapsed=5s

   [travel] step 40: (50, 7)->(49, 7) map=(3, 21) (path 60 to exit)

   [travel] step 50: (42, 9)->(41, 9) map=(3, 21) (path 51 to exit)

   [travel] step 60: (36, 5)->(35, 5) map=(3, 21) (path 41 to exit)

   [travel] step 70: (26, 5)->(25, 5) map=(3, 21) (path 31 to exit)

   [travel] HEARTBEAT step=80 map=(3, 21) coords=(19, 8) elapsed=11s

   [travel] step 80: (19, 8)->(18, 8) map=(3, 21) (path 22 to exit)

   [travel] step 90: (11, 10)->(10, 10) map=(3, 21) (path 12 to exit)

   [kira-voice] -> T1·brisk· (beat) 'the trees thin out along Route 3, trainers everywhere looking for a fight'  fired=True  [age 0.0s + post 5ms]

   [travel] step 100: (1, 10)->(0, 10) map=(3, 21) (path 2 to exit)

   [travel] MAP TRANSITION (3, 21) -> (3, 2)

   [campaign]    [world] learned 7 warp(s) on (3, 2): (17, 6)->(6, 0), (25, 4)->(6, 0), (15, 16)->(6, 2), (28, 18)->(6, 3), (33, 11)->(6, 4), (17, 25)->(6, 5)

   [travel] west connection band rows: [0, 1, 2, 3, 4, 5, 6, 7, 8, 9, 10, 11, 12, 13, 14, 15, 16, 17, 18, 19, 20, 21, 22, 23, 24, 25, 26, 27, 28, 29, 30, 31, 32, 33, 34, 35, 36, 37, 38, 39]

   [travel] ARRIVED at target map (3, 2) coords=(47, 20)

   [kira-voice] ·dedup· (repeat text, T1, looping?) 'made it to a new area'

   [campaign]    [roam] RESULT: travel:3,2 -> arrived | pos (3, 21)(75, 0) -> (3, 2)(47, 20) (MOVED)

   [campaign]    [roam] standing objective complete (travel:3,2 -> arrived) — clearing it

   [campaign]    ⛰️  CAMPAIGN SAVE [new_area] -> campaign/kira_campaign.state  (map=(3, 2) coords=(47, 20) badges=1 party=3)

   [campaign]    [sanctity] bundle VALID (schema/encoding/truth/monotonic all clean)

   [campaign]    📌 AUTO-CHECKPOINT [gain-new_area] -> checkpoints/20260730_091824_pewter-city_1b_23h23m_gain-new-area  (4 bundle file(s))

   [campaign]    [world] learned 7 warp(s) on (3, 2): (17, 6)->(6, 0), (25, 4)->(6, 0), (15, 16)->(6, 2), (28, 18)->(6, 3), (33, 11)->(6, 4), (17, 25)->(6, 5)

   [campaign]    [roam] grass she KNOWS: routing south -> (3, 20) toward Route 1 (visited grass, avoiding any wall)

   [campaign] -- ROAM TICK 28/100000000 --

   [campaign]    [roam] STATE IN: Pewter City (47, 20) | badges=1 (Boulder) | party=[wartortle L23, mankey L9, spearow L9] | 1 badge(s) earned (Boulder). Next gym: Misty of Cerulean City. Pokédex: 4 caught. She's one badge in — the adventure's really starting (of 8 badges, then the Elite Four).

   [campaign]    [roam] PROGRESS: GREEN (unchanged 0 ticks) | fp[(3, 2) (47,20) f3 -- badge1 $248 party:bdff bag:3e79]

   [campaign]    [roam] OPTIONS OFFERED: ['head_to_gym', 'battle', 'travel:3,1', 'travel:3,3', 'travel:3,5', 'travel:3,10']

   [campaign]    [soul] surface_want FIRE -> Pewter City

   [campaign]    [soul] ORACLE decision: kind=want ctx={'place': "You're in Pewter City — outdoors under open sky (a town with a Pokémon Center and a Mart; tall grass around — wild Pokémon live in it).. ALREADY BESIDE YOU — your current team: wartortle (L23), mankey (L9), spearow (L9). A want is something you DON'T yet have; never wish for a teammate who's already on your team.", 'map': (3, 2), 'badges': ['Boulder'], 'progress': "1 badge(s) earned (Boulder). Next gym: Misty of Cerulean City. Pokédex: 4 caught. She's one badge in — the adventure's really starting (of 8 badges, then the Elite Four).", 'party': 'wartortle (L23), mankey (L9), spearow (L9)', 'goal': {'short': 'Train the team toward ~L8 (or catch one more teammate), THEN retry', 'medium': 'Build a team strong enough to beat the wild zubat at Mt. Moon B1F, then push on toward Cerulean City', 'long': 'Reach Cerulean City, beat Misty for the Cascade Badge'}} options=['eevee', 'fossil', 'starters', 'rare', 'legendaries']

   [kira-voice] ORACLE kind=want options=['eevee', 'fossil', 'starters', 'rare', 'legendaries'] -> pick='grab a Repel from the Mart before re-entering Mount Moon'

   [campaign]    [soul] ORACLE pick -> 'grab a Repel from the Mart before re-entering Mount Moon'

   [campaign]    [roam] !! STRATEGY wall vs wild:Mt. Moon B1F:zubat: feeding loss-awareness to the oracle

   [campaign]    [soul] ORACLE decision: kind=action ctx={'place': 'You\'re in Pewter City — outdoors under open sky (a town with a Pokémon Center and a Mart; tall grass around — wild Pokémon live in it).. From here: SOUTH → Route 2 — wild Pokémon to catch/train; EAST → Route 3 — wild Pokémon to catch/train. Places you\'ve been with wild Pokémon you can walk back to: Route 4; Route 1; Viridian Forest. You can walk to anywhere you\'ve already been. Heads up: you have ZERO Poké Balls — you literally can\'t catch a teammate until you buy some at a Mart, so a Mart run has to come before any catching.. You just went down to the wild zubat (poison/flying-type around here) at Mt. Moon B1F — bit of bad luck. Shake it off; maybe heal up or pick your fights a little better. Your call.. HOW POKÉMON WORKS (what you\'re playing for): the GOAL is to earn 8 Gym Badges, beat the Elite Four, and roll the credits — that\'s beating the game. You build a TEAM of up to 6 Pokémon you like AND that cover each other (types/roles) — a solo carry with a dead-weight bench is a losing setup; a real trainer fields a balanced, levelled squad. CATCHING wild Pokémon is central (\'gotta catch \'em all\') — you catch to build that team and to fill the Pokédex. When you meet a wild Pokémon, weigh it: is it cool/strong/useful, does it cover a gap, is it better than a bench-warmer? — keep your best ~6, and build a squad you actually like. THE ARC: build a team -> beat the 8 gyms prepared -> Elite Four -> credits. ALSO NORMAL: you entered your own name (and your rival\'s) when the game began — people in this world knowing your names is ordinary, not a mystery to react to. RIGHT NOW your team is thin/lopsided (a strong lead but weak or too few others) — that\'s why tough trainers wall you. Building up a real squad (catch a good new teammate, level the weak ones) is how a prepared trainer gets past these. THE MAIN QUEST IS A FIXED PATH you\'re always on: beat the 8 Gym Leaders in order, then the Elite Four, then you win the game. You\'re on GYM 2 of 8 — next is Misty in Cerulean City. The road forward leads there: until you\'ve won you are ALWAYS making progress toward the next gym. Grinding/catching/detours are fine — but ONLY with a clear purpose, and then you GET BACK ON THE ROAD to Cerulean City. Never just circle the same grass. Word on the road about Misty: she runs WATER-types — a whole gym over a pool; grass and electric do the work YOUR STORY SO FAR (what you\'ve actually done — your past, not the future): You started in Pallet Town, crossed Route 1-2 and Viridian Forest, and beat Brock in Pewter City for the Boulder Badge. Now you\'re pushing on toward the next gym.. Next on my list: catch an abra around Route 24 / Route 25. It grows into my alakazam — that\'s my answer for Erika AND Koga down the line. Grabbing it now, before I need it.. THINGS YOU\'VE HEARD AND READ (from people and signs — your own notes, use them when they point somewhere): "What? I\'m waiting for my friends to find me here."; "POK. BALL, and you want 1. That will be .200. Okay?"; "POK. BALL? Certainly. How many would you like?". YOUR PLAN — right now: Train the team toward ~L8 (or catch one more teammate), THEN retry. Next: Build a team strong enough to beat the wild zubat at Mt. Moon B1F, then push on toward Cerulean City. Bigger picture: Reach Cerulean City, beat Misty for the Cascade Badge. Your team right now: wartortle (L23), mankey (L9), spearow (L9). Remember YOU are the one playing this — narrate your plan to chat in your own voice (first person: "I\'m grinding", "my team"), and never ask anyone what you\'re doing or who\'s on your team — you know.', 'progress': "1 badge(s) earned (Boulder). Next gym: Misty of Cerulean City. Pokédex: 4 caught. She's one badge in — the adventure's really starting (of 8 badges, then the Elite Four).", 'party': 'wartortle (L23), mankey (L9), spearow (L9)', 'goal': {'short': 'Train the team toward ~L8 (or catch one more teammate), THEN retry', 'medium': 'Build a team strong enough to beat the wild zubat at Mt. Moon B1F, then push on toward Cerulean City', 'long': 'Reach Cerulean City, beat Misty for the Cascade Badge'}} options=['head_to_gym', 'battle', 'travel:3,1', 'travel:3,3', 'travel:3,5', 'travel:3,10']

   [kira-voice] -> T2·savor· (want) 'grab a Repel from the Mart before re-entering Mount Moon'  fired=True  [age 0.0s + post 4ms]

   [kira-voice] ORACLE kind=action options=['head_to_gym', 'battle', 'travel:3,1', 'travel:3,3', 'travel:3,5', 'travel:3,10'] -> pick='battle'

   [campaign]    [soul] ORACLE pick -> 'battle'

   [campaign]    [roam] DECISION THINK: 4514ms (world stayed live — pumped idle, not a freeze)

   [campaign]    [roam] PICK OUT: battle

   [campaign]    [roam] RATIONALE: Train the team toward ~L8 (or catch one more teammate), THEN retry — building up here with a purpose, then on to Cerulean City for Misty.

   [campaign]    [roam] grass she KNOWS: routing south -> (3, 20) toward Route 1 (visited grass, avoiding any wall)

   [campaign]    [roam] no grass underfoot -> routing to grass route (3, 20) (south) first

   [Bridge] INPUT OWNER = 'agent' (sole writer; others dropped+logged)

   [travel] start map=(3, 2) coords=(47, 20) -> map (3, 20) (budget 300s)

   [travel] south connection band cols: [0, 1, 2, 3, 4, 5, 6, 7, 8, 9, 10, 11, 20, 21, 22, 23, 36, 37, 38, 39, 40, 41, 42, 43, 44, 45, 46, 47, 48]

   [travel] step 0: (47, 20)->(47, 21) map=(3, 2) (path 44 to exit)

   [travel] step 10: (40, 23)->(39, 23) map=(3, 2) (path 34 to exit)

   [travel] step 20: (39, 32)->(39, 33) map=(3, 2) (path 24 to exit)

   [travel] step 30: (32, 35)->(31, 35) map=(3, 2) (path 14 to exit)

   [travel] HEARTBEAT step=40 map=(3, 2) coords=(23, 36) elapsed=5s

   [travel] step 40: (23, 36)->(23, 37) map=(3, 2) (path 4 to exit)

   [travel] MAP TRANSITION (3, 2) -> (3, 20)

   [campaign]    [world] learned 10 warp(s) on (3, 20): (5, 13)->(15, 3), (6, 13)->(15, 3), (5, 51)->(15, 0), (17, 11)->(1, 36), (17, 22)->(15, 1), (18, 46)->(15, 2)

   [travel] south connection band cols: [7, 8, 9, 10, 11]

   [travel] ARRIVED at target map (3, 20) coords=(11, 0)

   [kira-voice] ·dedup· (repeat text, T1, looping?) 'made it to a new area'

   [campaign]    GRIND: Lv23 < 25 - heading to the grass to train

   [campaign]    GRIND: (3, 20) wilds ~L6 give near-0 XP toward L25 — standing down to route to a reachable higher-level spot

   [campaign]    [roam] RESULT: battle -> no_safe_grass | pos (3, 2)(47, 20) -> (3, 20)(11, 0) (MOVED)

   [campaign]    ⛰️  CAMPAIGN SAVE [new_area] -> campaign/kira_campaign.state  (map=(3, 20) coords=(11, 0) badges=1 party=3)

   [campaign]    [sanctity] bundle VALID (schema/encoding/truth/monotonic all clean)

   [campaign]    📌 AUTO-CHECKPOINT [gain-new_area] -> checkpoints/20260730_091839_route-2_1b_23h23m_gain-new-area  (4 bundle file(s))

   [campaign]    [world] learned 10 warp(s) on (3, 20): (5, 13)->(15, 3), (6, 13)->(15, 3), (5, 51)->(15, 0), (17, 11)->(1, 36), (17, 22)->(15, 1), (18, 46)->(15, 2)

   [campaign]    [roam] grass she KNOWS: routing south -> (3, 1) toward Route 1 (visited grass, avoiding any wall)

   [campaign] -- ROAM TICK 29/100000000 --

   [campaign]    [roam] STATE IN: Route 2 (11, 0) | badges=1 (Boulder) | party=[wartortle L23, mankey L9, spearow L9] | 1 badge(s) earned (Boulder). Next gym: Misty of Cerulean City. Pokédex: 4 caught. She's one badge in — the adventure's really starting (of 8 badges, then the Elite Four).

   [campaign]    [roam] PROGRESS: GREEN (unchanged 0 ticks) | fp[(3, 20) (11,0) f1 -- badge1 $248 party:bdff bag:3e79]

   [campaign]    [roam] OPTIONS OFFERED: ['head_to_gym', 'battle', 'travel:3,1', 'travel:3,2', 'travel:3,3', 'travel:3,5', 'travel:3,26']

   [campaign]    [roam] !! STRATEGY wall vs wild:Mt. Moon B1F:zubat: feeding loss-awareness to the oracle

   [campaign]    [soul] ORACLE decision: kind=action ctx={'place': 'You\'re on Route 2 — outdoors under open sky (an open route; tall grass around — wild Pokémon live in it).. From here: NORTH → Pewter City — a Mart, a Pokémon Center; SOUTH → Viridian City — a Mart, a Pokémon Center. Places you\'ve been with wild Pokémon you can walk back to: Route 1; Route 3; Viridian Forest. You can walk to anywhere you\'ve already been. Heads up: you have ZERO Poké Balls — you literally can\'t catch a teammate until you buy some at a Mart, so a Mart run has to come before any catching.. You just went down to the wild zubat (poison/flying-type around here) at Mt. Moon B1F — bit of bad luck. Shake it off; maybe heal up or pick your fights a little better. Your call.. HOW POKÉMON WORKS (what you\'re playing for): the GOAL is to earn 8 Gym Badges, beat the Elite Four, and roll the credits — that\'s beating the game. You build a TEAM of up to 6 Pokémon you like AND that cover each other (types/roles) — a solo carry with a dead-weight bench is a losing setup; a real trainer fields a balanced, levelled squad. CATCHING wild Pokémon is central (\'gotta catch \'em all\') — you catch to build that team and to fill the Pokédex. When you meet a wild Pokémon, weigh it: is it cool/strong/useful, does it cover a gap, is it better than a bench-warmer? — keep your best ~6, and build a squad you actually like. THE ARC: build a team -> beat the 8 gyms prepared -> Elite Four -> credits. ALSO NORMAL: you entered your own name (and your rival\'s) when the game began — people in this world knowing your names is ordinary, not a mystery to react to. RIGHT NOW your team is thin/lopsided (a strong lead but weak or too few others) — that\'s why tough trainers wall you. Building up a real squad (catch a good new teammate, level the weak ones) is how a prepared trainer gets past these. THE MAIN QUEST IS A FIXED PATH you\'re always on: beat the 8 Gym Leaders in order, then the Elite Four, then you win the game. You\'re on GYM 2 of 8 — next is Misty in Cerulean City. The road forward leads there: until you\'ve won you are ALWAYS making progress toward the next gym. Grinding/catching/detours are fine — but ONLY with a clear purpose, and then you GET BACK ON THE ROAD to Cerulean City. Never just circle the same grass. Word on the road about Misty: she runs WATER-types — a whole gym over a pool; grass and electric do the work YOUR STORY SO FAR (what you\'ve actually done — your past, not the future): You started in Pallet Town, crossed Route 1-2 and Viridian Forest, and beat Brock in Pewter City for the Boulder Badge. Now you\'re pushing on toward the next gym.. Next on my list: catch an abra around Route 24 / Route 25. It grows into my alakazam — that\'s my answer for Erika AND Koga down the line. Grabbing it now, before I need it.. THINGS YOU\'VE HEARD AND READ (from people and signs — your own notes, use them when they point somewhere): "What? I\'m waiting for my friends to find me here."; "POK. BALL, and you want 1. That will be .200. Okay?"; "POK. BALL? Certainly. How many would you like?". YOUR PLAN — right now: Train the team toward ~L8 (or catch one more teammate), THEN retry. Next: Build a team strong enough to beat the wild zubat at Mt. Moon B1F, then push on toward Cerulean City. Bigger picture: Reach Cerulean City, beat Misty for the Cascade Badge. Your team right now: wartortle (L23), mankey (L9), spearow (L9). Remember YOU are the one playing this — narrate your plan to chat in your own voice (first person: "I\'m grinding", "my team"), and never ask anyone what you\'re doing or who\'s on your team — you know.', 'progress': "1 badge(s) earned (Boulder). Next gym: Misty of Cerulean City. Pokédex: 4 caught. She's one badge in — the adventure's really starting (of 8 badges, then the Elite Four).", 'party': 'wartortle (L23), mankey (L9), spearow (L9)', 'goal': {'short': 'Train the team toward ~L8 (or catch one more teammate), THEN retry', 'medium': 'Build a team strong enough to beat the wild zubat at Mt. Moon B1F, then push on toward Cerulean City', 'long': 'Reach Cerulean City, beat Misty for the Cascade Badge'}} options=['head_to_gym', 'battle', 'travel:3,1', 'travel:3,2', 'travel:3,3', 'travel:3,5', 'travel:3,26']

   [kira-voice] ORACLE kind=action options=['head_to_gym', 'battle', 'travel:3,1', 'travel:3,2', 'travel:3,3', 'travel:3,5', 'travel:3,26'] -> pick='travel:3,2'

   [campaign]    [soul] ORACLE pick -> 'travel:3,2'

   [campaign]    [roam] DECISION THINK: 4179ms (world stayed live — pumped idle, not a freeze)

   [campaign]    [roam] PICK OUT: travel:3,2

   [campaign]    [roam] RATIONALE: Routing to a place I need then on to Cerulean City for Misty.

   [campaign]    [roam] TRAVEL: Route 2 -> Pewter City (next hop north -> Pewter City)

   [Bridge] INPUT OWNER = 'agent' (sole writer; others dropped+logged)

   [travel] start map=(3, 20) coords=(11, 0) -> map (3, 2) (budget 300s)

   [travel] north connection band cols: [8, 9, 10, 11]

   [travel] MAP TRANSITION (3, 20) -> (3, 2)

   [campaign]    [world] learned 7 warp(s) on (3, 2): (17, 6)->(6, 0), (25, 4)->(6, 0), (15, 16)->(6, 2), (28, 18)->(6, 3), (33, 11)->(6, 4), (17, 25)->(6, 5)

   [travel] north connection band cols: [0, 1, 2, 3, 4, 5, 6, 7, 8, 9, 10, 11, 12, 13, 14, 15, 16, 17, 18, 19, 20, 21, 22, 23, 24, 25, 26, 27, 28, 29, 30, 31, 32, 33, 34, 35, 36, 37, 38, 39, 40, 41, 42, 43, 44, 45, 46, 47, 48]

   [travel] ARRIVED at target map (3, 2) coords=(23, 39)

   [kira-voice] ·dedup· (repeat text, T1, looping?) 'made it to a new area'

   [campaign]    [roam] RESULT: travel:3,2 -> arrived | pos (3, 20)(11, 0) -> (3, 2)(23, 39) (MOVED)

   [campaign]    [roam] standing objective complete (travel:3,2 -> arrived) — clearing it

   [campaign]    ⛰️  CAMPAIGN SAVE [new_area] -> campaign/kira_campaign.state  (map=(3, 2) coords=(23, 39) badges=1 party=3)

   [campaign]    [sanctity] bundle VALID (schema/encoding/truth/monotonic all clean)

   [campaign]    📌 AUTO-CHECKPOINT [gain-new_area] -> checkpoints/20260730_091844_pewter-city_1b_23h23m_gain-new-area  (4 bundle file(s))

   [campaign]    [world] learned 7 warp(s) on (3, 2): (17, 6)->(6, 0), (25, 4)->(6, 0), (15, 16)->(6, 2), (28, 18)->(6, 3), (33, 11)->(6, 4), (17, 25)->(6, 5)

   [campaign]    [roam] grass she KNOWS: routing south -> (3, 20) toward Route 1 (visited grass, avoiding any wall)

   [campaign] -- ROAM TICK 30/100000000 --

   [campaign]    [roam] STATE IN: Pewter City (23, 39) | badges=1 (Boulder) | party=[wartortle L23, mankey L9, spearow L9] | 1 badge(s) earned (Boulder). Next gym: Misty of Cerulean City. Pokédex: 4 caught. She's one badge in — the adventure's really starting (of 8 badges, then the Elite Four).

   [campaign]    [roam] PROGRESS: GREEN (unchanged 0 ticks) | fp[(3, 2) (23,39) f2 -- badge1 $248 party:bdff bag:3e79]

   [campaign]    [roam] OPTIONS OFFERED: ['head_to_gym', 'battle', 'travel:3,1', 'travel:3,3', 'travel:3,5', 'travel:3,10']

   [campaign]    [roam] !! STRATEGY wall vs wild:Mt. Moon B1F:zubat: feeding loss-awareness to the oracle

   [campaign]    [soul] ORACLE decision: kind=action ctx={'place': 'You\'re in Pewter City — outdoors under open sky (a town with a Pokémon Center and a Mart; tall grass around — wild Pokémon live in it).. From here: SOUTH → Route 2 — wild Pokémon to catch/train; EAST → Route 3 — wild Pokémon to catch/train. Places you\'ve been with wild Pokémon you can walk back to: Route 4; Route 1; Viridian Forest. You can walk to anywhere you\'ve already been. Heads up: you have ZERO Poké Balls — you literally can\'t catch a teammate until you buy some at a Mart, so a Mart run has to come before any catching.. You just went down to the wild zubat (poison/flying-type around here) at Mt. Moon B1F — bit of bad luck. Shake it off; maybe heal up or pick your fights a little better. Your call.. HOW POKÉMON WORKS (what you\'re playing for): the GOAL is to earn 8 Gym Badges, beat the Elite Four, and roll the credits — that\'s beating the game. You build a TEAM of up to 6 Pokémon you like AND that cover each other (types/roles) — a solo carry with a dead-weight bench is a losing setup; a real trainer fields a balanced, levelled squad. CATCHING wild Pokémon is central (\'gotta catch \'em all\') — you catch to build that team and to fill the Pokédex. When you meet a wild Pokémon, weigh it: is it cool/strong/useful, does it cover a gap, is it better than a bench-warmer? — keep your best ~6, and build a squad you actually like. THE ARC: build a team -> beat the 8 gyms prepared -> Elite Four -> credits. ALSO NORMAL: you entered your own name (and your rival\'s) when the game began — people in this world knowing your names is ordinary, not a mystery to react to. RIGHT NOW your team is thin/lopsided (a strong lead but weak or too few others) — that\'s why tough trainers wall you. Building up a real squad (catch a good new teammate, level the weak ones) is how a prepared trainer gets past these. THE MAIN QUEST IS A FIXED PATH you\'re always on: beat the 8 Gym Leaders in order, then the Elite Four, then you win the game. You\'re on GYM 2 of 8 — next is Misty in Cerulean City. The road forward leads there: until you\'ve won you are ALWAYS making progress toward the next gym. Grinding/catching/detours are fine — but ONLY with a clear purpose, and then you GET BACK ON THE ROAD to Cerulean City. Never just circle the same grass. Word on the road about Misty: she runs WATER-types — a whole gym over a pool; grass and electric do the work YOUR STORY SO FAR (what you\'ve actually done — your past, not the future): You started in Pallet Town, crossed Route 1-2 and Viridian Forest, and beat Brock in Pewter City for the Boulder Badge. Now you\'re pushing on toward the next gym.. Next on my list: catch an abra around Route 24 / Route 25. It grows into my alakazam — that\'s my answer for Erika AND Koga down the line. Grabbing it now, before I need it.. THINGS YOU\'VE HEARD AND READ (from people and signs — your own notes, use them when they point somewhere): "What? I\'m waiting for my friends to find me here."; "POK. BALL, and you want 1. That will be .200. Okay?"; "POK. BALL? Certainly. How many would you like?". YOUR PLAN — right now: Train the team toward ~L8 (or catch one more teammate), THEN retry. Next: Build a team strong enough to beat the wild zubat at Mt. Moon B1F, then push on toward Cerulean City. Bigger picture: Reach Cerulean City, beat Misty for the Cascade Badge. Your team right now: wartortle (L23), mankey (L9), spearow (L9). Remember YOU are the one playing this — narrate your plan to chat in your own voice (first person: "I\'m grinding", "my team"), and never ask anyone what you\'re doing or who\'s on your team — you know.', 'progress': "1 badge(s) earned (Boulder). Next gym: Misty of Cerulean City. Pokédex: 4 caught. She's one badge in — the adventure's really starting (of 8 badges, then the Elite Four).", 'party': 'wartortle (L23), mankey (L9), spearow (L9)', 'goal': {'short': 'Train the team toward ~L8 (or catch one more teammate), THEN retry', 'medium': 'Build a team strong enough to beat the wild zubat at Mt. Moon B1F, then push on toward Cerulean City', 'long': 'Reach Cerulean City, beat Misty for the Cascade Badge'}} options=['head_to_gym', 'battle', 'travel:3,1', 'travel:3,3', 'travel:3,5', 'travel:3,10']

   [kira-voice] ORACLE kind=action options=['head_to_gym', 'battle', 'travel:3,1', 'travel:3,3', 'travel:3,5', 'travel:3,10'] -> pick='battle'

   [campaign]    [soul] ORACLE pick -> 'battle'

   [campaign]    [roam] DECISION THINK: 2457ms (world stayed live — pumped idle, not a freeze)

   [campaign]    [roam] PICK OUT: battle

   [campaign]    [roam] RATIONALE: Train the team toward ~L8 (or catch one more teammate), THEN retry — building up here with a purpose, then on to Cerulean City for Misty.

   [campaign]    [roam] grass she KNOWS: routing south -> (3, 20) toward Route 1 (visited grass, avoiding any wall)

   [campaign]    [roam] no grass underfoot -> routing to grass route (3, 20) (south) first

   [Bridge] INPUT OWNER = 'agent' (sole writer; others dropped+logged)

   [travel] start map=(3, 2) coords=(23, 39) -> map (3, 20) (budget 300s)

   [travel] south connection band cols: [0, 1, 2, 3, 4, 5, 6, 7, 8, 9, 10, 11, 20, 21, 22, 23, 36, 37, 38, 39, 40, 41, 42, 43, 44, 45, 46, 47, 48]

   [travel] MAP TRANSITION (3, 2) -> (3, 20)

   [campaign]    [world] learned 10 warp(s) on (3, 20): (5, 13)->(15, 3), (6, 13)->(15, 3), (5, 51)->(15, 0), (17, 11)->(1, 36), (17, 22)->(15, 1), (18, 46)->(15, 2)

   [travel] south connection band cols: [7, 8, 9, 10, 11]

   [travel] ARRIVED at target map (3, 20) coords=(11, 0)

   [kira-voice] ·dedup· (repeat text, T1, looping?) 'made it to a new area'

   [campaign]    GRIND: Lv23 < 25 - heading to the grass to train

   [campaign]    GRIND: (3, 20) wilds ~L6 give near-0 XP toward L25 — standing down to route to a reachable higher-level spot

   [campaign]    [roam] RESULT: battle -> no_safe_grass | pos (3, 2)(23, 39) -> (3, 20)(11, 0) (MOVED)

   [campaign]    ⛰️  CAMPAIGN SAVE [new_area] -> campaign/kira_campaign.state  (map=(3, 20) coords=(11, 0) badges=1 party=3)

   [campaign]    [sanctity] bundle VALID (schema/encoding/truth/monotonic all clean)

   [campaign]    📌 AUTO-CHECKPOINT [gain-new_area] -> checkpoints/20260730_091847_route-2_1b_23h23m_gain-new-area  (4 bundle file(s))

   [campaign]    [world] learned 10 warp(s) on (3, 20): (5, 13)->(15, 3), (6, 13)->(15, 3), (5, 51)->(15, 0), (17, 11)->(1, 36), (17, 22)->(15, 1), (18, 46)->(15, 2)

   [campaign]    [roam] grass she KNOWS: routing south -> (3, 1) toward Route 1 (visited grass, avoiding any wall)

   [campaign] -- ROAM TICK 31/100000000 --

   [campaign]    [roam] STATE IN: Route 2 (11, 0) | badges=1 (Boulder) | party=[wartortle L23, mankey L9, spearow L9] | 1 badge(s) earned (Boulder). Next gym: Misty of Cerulean City. Pokédex: 4 caught. She's one badge in — the adventure's really starting (of 8 badges, then the Elite Four).

   [campaign]    [roam] PROGRESS: GREEN (unchanged 0 ticks) | fp[(3, 20) (11,0) f1 -- badge1 $248 party:bdff bag:3e79]

   [campaign]    [roam] OPTIONS OFFERED: ['head_to_gym', 'battle', 'travel:3,1', 'travel:3,2', 'travel:3,3', 'travel:3,5', 'travel:3,26']

   [campaign]    [soul] surface_want FIRE -> Route 2

   [campaign]    [soul] ORACLE decision: kind=want ctx={'place': "You're on Route 2 — outdoors under open sky (an open route; tall grass around — wild Pokémon live in it).. ALREADY BESIDE YOU — your current team: wartortle (L23), mankey (L9), spearow (L9). A want is something you DON'T yet have; never wish for a teammate who's already on your team.", 'map': (3, 20), 'badges': ['Boulder'], 'progress': "1 badge(s) earned (Boulder). Next gym: Misty of Cerulean City. Pokédex: 4 caught. She's one badge in — the adventure's really starting (of 8 badges, then the Elite Four).", 'party': 'wartortle (L23), mankey (L9), spearow (L9)', 'goal': {'short': 'Train the team toward ~L8 (or catch one more teammate), THEN retry', 'medium': 'Build a team strong enough to beat the wild zubat at Mt. Moon B1F, then push on toward Cerulean City', 'long': 'Reach Cerulean City, beat Misty for the Cascade Badge'}} options=['eevee', 'fossil', 'starters', 'rare', 'legendaries']

   [kira-voice] ORACLE kind=want options=['eevee', 'fossil', 'starters', 'rare', 'legendaries'] -> pick='get Mankey and Spearow to a usable level before Mount Moon'

   [campaign]    [soul] ORACLE pick -> 'get Mankey and Spearow to a usable level before Mount Moon'

   [soul] !! UNGROUNDED WANT (F-8): 'get Mankey and Spearow to a usable level before Mount Moon' names ['mankey', 'spearow'] already on the team — the grounded ask didn't take (flagged for the descent grade; her words kept)

   [campaign]    [roam] !! STRATEGY wall vs wild:Mt. Moon B1F:zubat: feeding loss-awareness to the oracle

   [campaign]    [soul] ORACLE decision: kind=action ctx={'place': 'You\'re on Route 2 — outdoors under open sky (an open route; tall grass around — wild Pokémon live in it).. From here: NORTH → Pewter City — a Mart, a Pokémon Center; SOUTH → Viridian City — a Mart, a Pokémon Center. Places you\'ve been with wild Pokémon you can walk back to: Route 1; Route 3; Viridian Forest. You can walk to anywhere you\'ve already been. Heads up: you have ZERO Poké Balls — you literally can\'t catch a teammate until you buy some at a Mart, so a Mart run has to come before any catching.. You just went down to the wild zubat (poison/flying-type around here) at Mt. Moon B1F — bit of bad luck. Shake it off; maybe heal up or pick your fights a little better. Your call.. HOW POKÉMON WORKS (what you\'re playing for): the GOAL is to earn 8 Gym Badges, beat the Elite Four, and roll the credits — that\'s beating the game. You build a TEAM of up to 6 Pokémon you like AND that cover each other (types/roles) — a solo carry with a dead-weight bench is a losing setup; a real trainer fields a balanced, levelled squad. CATCHING wild Pokémon is central (\'gotta catch \'em all\') — you catch to build that team and to fill the Pokédex. When you meet a wild Pokémon, weigh it: is it cool/strong/useful, does it cover a gap, is it better than a bench-warmer? — keep your best ~6, and build a squad you actually like. THE ARC: build a team -> beat the 8 gyms prepared -> Elite Four -> credits. ALSO NORMAL: you entered your own name (and your rival\'s) when the game began — people in this world knowing your names is ordinary, not a mystery to react to. RIGHT NOW your team is thin/lopsided (a strong lead but weak or too few others) — that\'s why tough trainers wall you. Building up a real squad (catch a good new teammate, level the weak ones) is how a prepared trainer gets past these. THE MAIN QUEST IS A FIXED PATH you\'re always on: beat the 8 Gym Leaders in order, then the Elite Four, then you win the game. You\'re on GYM 2 of 8 — next is Misty in Cerulean City. The road forward leads there: until you\'ve won you are ALWAYS making progress toward the next gym. Grinding/catching/detours are fine — but ONLY with a clear purpose, and then you GET BACK ON THE ROAD to Cerulean City. Never just circle the same grass. Word on the road about Misty: she runs WATER-types — a whole gym over a pool; grass and electric do the work YOUR STORY SO FAR (what you\'ve actually done — your past, not the future): You started in Pallet Town, crossed Route 1-2 and Viridian Forest, and beat Brock in Pewter City for the Boulder Badge. Now you\'re pushing on toward the next gym.. Next on my list: catch an abra around Route 24 / Route 25. It grows into my alakazam — that\'s my answer for Erika AND Koga down the line. Grabbing it now, before I need it.. THINGS YOU\'VE HEARD AND READ (from people and signs — your own notes, use them when they point somewhere): "What? I\'m waiting for my friends to find me here."; "POK. BALL, and you want 1. That will be .200. Okay?"; "POK. BALL? Certainly. How many would you like?". YOUR PLAN — right now: Train the team toward ~L8 (or catch one more teammate), THEN retry. Next: Build a team strong enough to beat the wild zubat at Mt. Moon B1F, then push on toward Cerulean City. Bigger picture: Reach Cerulean City, beat Misty for the Cascade Badge. Your team right now: wartortle (L23), mankey (L9), spearow (L9). Remember YOU are the one playing this — narrate your plan to chat in your own voice (first person: "I\'m grinding", "my team"), and never ask anyone what you\'re doing or who\'s on your team — you know.', 'progress': "1 badge(s) earned (Boulder). Next gym: Misty of Cerulean City. Pokédex: 4 caught. She's one badge in — the adventure's really starting (of 8 badges, then the Elite Four).", 'party': 'wartortle (L23), mankey (L9), spearow (L9)', 'goal': {'short': 'Train the team toward ~L8 (or catch one more teammate), THEN retry', 'medium': 'Build a team strong enough to beat the wild zubat at Mt. Moon B1F, then push on toward Cerulean City', 'long': 'Reach Cerulean City, beat Misty for the Cascade Badge'}} options=['head_to_gym', 'battle', 'travel:3,1', 'travel:3,2', 'travel:3,3', 'travel:3,5', 'travel:3,26']

   [kira-voice] -> T2·savor· (want) 'get Mankey and Spearow to a usable level before Mount Moon'  fired=True  [age 0.0s + post 4ms]

   [kira-voice] ORACLE kind=action options=['head_to_gym', 'battle', 'travel:3,1', 'travel:3,2', 'travel:3,3', 'travel:3,5', 'travel:3,26'] -> pick='travel:3,2'

   [campaign]    [soul] ORACLE pick -> 'travel:3,2'

   [campaign]    [roam] DECISION THINK: 2896ms (world stayed live — pumped idle, not a freeze)

   [campaign]    [roam] PICK OUT: travel:3,2

   [campaign]    [roam] RATIONALE: Routing to a place I need then on to Cerulean City for Misty.

   [campaign]    [roam] TRAVEL: Route 2 -> Pewter City (next hop north -> Pewter City)

   [Bridge] INPUT OWNER = 'agent' (sole writer; others dropped+logged)

   [travel] start map=(3, 20) coords=(11, 0) -> map (3, 2) (budget 300s)

   [travel] north connection band cols: [8, 9, 10, 11]

   [travel] MAP TRANSITION (3, 20) -> (3, 2)

   [campaign]    [world] learned 7 warp(s) on (3, 2): (17, 6)->(6, 0), (25, 4)->(6, 0), (15, 16)->(6, 2), (28, 18)->(6, 3), (33, 11)->(6, 4), (17, 25)->(6, 5)

   [travel] north connection band cols: [0, 1, 2, 3, 4, 5, 6, 7, 8, 9, 10, 11, 12, 13, 14, 15, 16, 17, 18, 19, 20, 21, 22, 23, 24, 25, 26, 27, 28, 29, 30, 31, 32, 33, 34, 35, 36, 37, 38, 39, 40, 41, 42, 43, 44, 45, 46, 47, 48]

   [travel] ARRIVED at target map (3, 2) coords=(23, 39)

   [kira-voice] ·dedup· (repeat text, T1, looping?) 'made it to a new area'

   [campaign]    [roam] RESULT: travel:3,2 -> arrived | pos (3, 20)(11, 0) -> (3, 2)(23, 39) (MOVED)

   [campaign]    [roam] standing objective complete (travel:3,2 -> arrived) — clearing it

   [campaign]    ⛰️  CAMPAIGN SAVE [new_area] -> campaign/kira_campaign.state  (map=(3, 2) coords=(23, 39) badges=1 party=3)

   [campaign]    [sanctity] bundle VALID (schema/encoding/truth/monotonic all clean)

   [campaign]    📌 AUTO-CHECKPOINT [gain-new_area] -> checkpoints/20260730_091854_pewter-city_1b_23h23m_gain-new-area  (4 bundle file(s))

   [campaign]    [world] learned 7 warp(s) on (3, 2): (17, 6)->(6, 0), (25, 4)->(6, 0), (15, 16)->(6, 2), (28, 18)->(6, 3), (33, 11)->(6, 4), (17, 25)->(6, 5)

   [campaign]    [roam] grass she KNOWS: routing south -> (3, 20) toward Route 1 (visited grass, avoiding any wall)

   [campaign] -- ROAM TICK 32/100000000 --

   [campaign]    [roam] STATE IN: Pewter City (23, 39) | badges=1 (Boulder) | party=[wartortle L23, mankey L9, spearow L9] | 1 badge(s) earned (Boulder). Next gym: Misty of Cerulean City. Pokédex: 4 caught. She's one badge in — the adventure's really starting (of 8 badges, then the Elite Four).

   [campaign]    [roam] PROGRESS: GREEN (unchanged 0 ticks) | fp[(3, 2) (23,39) f2 -- badge1 $248 party:bdff bag:3e79]

   [campaign]    [roam] OPTIONS OFFERED: ['head_to_gym', 'battle', 'travel:3,1', 'travel:3,3', 'travel:3,5', 'travel:3,10']

   [campaign]    [roam] !! STRATEGY wall vs wild:Mt. Moon B1F:zubat: feeding loss-awareness to the oracle

   [campaign]    [soul] ORACLE decision: kind=action ctx={'place': 'You\'re in Pewter City — outdoors under open sky (a town with a Pokémon Center and a Mart; tall grass around — wild Pokémon live in it).. From here: SOUTH → Route 2 — wild Pokémon to catch/train; EAST → Route 3 — wild Pokémon to catch/train. Places you\'ve been with wild Pokémon you can walk back to: Route 4; Route 1; Viridian Forest. You can walk to anywhere you\'ve already been. Heads up: you have ZERO Poké Balls — you literally can\'t catch a teammate until you buy some at a Mart, so a Mart run has to come before any catching.. You just went down to the wild zubat (poison/flying-type around here) at Mt. Moon B1F — bit of bad luck. Shake it off; maybe heal up or pick your fights a little better. Your call.. HOW POKÉMON WORKS (what you\'re playing for): the GOAL is to earn 8 Gym Badges, beat the Elite Four, and roll the credits — that\'s beating the game. You build a TEAM of up to 6 Pokémon you like AND that cover each other (types/roles) — a solo carry with a dead-weight bench is a losing setup; a real trainer fields a balanced, levelled squad. CATCHING wild Pokémon is central (\'gotta catch \'em all\') — you catch to build that team and to fill the Pokédex. When you meet a wild Pokémon, weigh it: is it cool/strong/useful, does it cover a gap, is it better than a bench-warmer? — keep your best ~6, and build a squad you actually like. THE ARC: build a team -> beat the 8 gyms prepared -> Elite Four -> credits. ALSO NORMAL: you entered your own name (and your rival\'s) when the game began — people in this world knowing your names is ordinary, not a mystery to react to. RIGHT NOW your team is thin/lopsided (a strong lead but weak or too few others) — that\'s why tough trainers wall you. Building up a real squad (catch a good new teammate, level the weak ones) is how a prepared trainer gets past these. THE MAIN QUEST IS A FIXED PATH you\'re always on: beat the 8 Gym Leaders in order, then the Elite Four, then you win the game. You\'re on GYM 2 of 8 — next is Misty in Cerulean City. The road forward leads there: until you\'ve won you are ALWAYS making progress toward the next gym. Grinding/catching/detours are fine — but ONLY with a clear purpose, and then you GET BACK ON THE ROAD to Cerulean City. Never just circle the same grass. Word on the road about Misty: she runs WATER-types — a whole gym over a pool; grass and electric do the work YOUR STORY SO FAR (what you\'ve actually done — your past, not the future): You started in Pallet Town, crossed Route 1-2 and Viridian Forest, and beat Brock in Pewter City for the Boulder Badge. Now you\'re pushing on toward the next gym.. Next on my list: catch an abra around Route 24 / Route 25. It grows into my alakazam — that\'s my answer for Erika AND Koga down the line. Grabbing it now, before I need it.. THINGS YOU\'VE HEARD AND READ (from people and signs — your own notes, use them when they point somewhere): "What? I\'m waiting for my friends to find me here."; "POK. BALL, and you want 1. That will be .200. Okay?"; "POK. BALL? Certainly. How many would you like?". YOUR PLAN — right now: Train the team toward ~L8 (or catch one more teammate), THEN retry. Next: Build a team strong enough to beat the wild zubat at Mt. Moon B1F, then push on toward Cerulean City. Bigger picture: Reach Cerulean City, beat Misty for the Cascade Badge. Your team right now: wartortle (L23), mankey (L9), spearow (L9). Remember YOU are the one playing this — narrate your plan to chat in your own voice (first person: "I\'m grinding", "my team"), and never ask anyone what you\'re doing or who\'s on your team — you know.', 'progress': "1 badge(s) earned (Boulder). Next gym: Misty of Cerulean City. Pokédex: 4 caught. She's one badge in — the adventure's really starting (of 8 badges, then the Elite Four).", 'party': 'wartortle (L23), mankey (L9), spearow (L9)', 'goal': {'short': 'Train the team toward ~L8 (or catch one more teammate), THEN retry', 'medium': 'Build a team strong enough to beat the wild zubat at Mt. Moon B1F, then push on toward Cerulean City', 'long': 'Reach Cerulean City, beat Misty for the Cascade Badge'}} options=['head_to_gym', 'battle', 'travel:3,1', 'travel:3,3', 'travel:3,5', 'travel:3,10']

   [kira-voice] ORACLE kind=action options=['head_to_gym', 'battle', 'travel:3,1', 'travel:3,3', 'travel:3,5', 'travel:3,10'] -> pick='battle'

   [campaign]    [soul] ORACLE pick -> 'battle'

   [campaign]    [roam] DECISION THINK: 3312ms (world stayed live — pumped idle, not a freeze)

   [campaign]    [roam] PICK OUT: battle

   [campaign]    [roam] RATIONALE: Train the team toward ~L8 (or catch one more teammate), THEN retry — building up here with a purpose, then on to Cerulean City for Misty.

   [campaign]    [roam] grass she KNOWS: routing south -> (3, 20) toward Route 1 (visited grass, avoiding any wall)

   [campaign]    [roam] no grass underfoot -> routing to grass route (3, 20) (south) first

   [Bridge] INPUT OWNER = 'agent' (sole writer; others dropped+logged)

   [travel] start map=(3, 2) coords=(23, 39) -> map (3, 20) (budget 300s)

   [travel] south connection band cols: [0, 1, 2, 3, 4, 5, 6, 7, 8, 9, 10, 11, 20, 21, 22, 23, 36, 37, 38, 39, 40, 41, 42, 43, 44, 45, 46, 47, 48]

   [campaign]    [roam] !!!! WATCHDOG TRIPPED (frozen_world): nothing on screen has meaningfully changed for 10.9s at (3, 2)@(23, 39) — latching a top-level disengage (catches a sub-layer wedge the per-tick ledger can't see). LOUD

   [travel] !! WATCHDOG disengage requested — bailing this leg LOUD

   [campaign]    [roam] grass route (3, 20) UNREACHABLE from (3, 2) (stuck) — remembered; next tick tries a different grass

   [campaign]    [roam] RESULT: battle -> to_grass:stuck | pos (3, 2)(23, 39) -> (3, 20)(11, 0) (MOVED)

   [campaign]    ⛰️  CAMPAIGN SAVE [new_area] -> campaign/kira_campaign.state  (map=(3, 20) coords=(11, 0) badges=1 party=3)

   [campaign]    [sanctity] bundle VALID (schema/encoding/truth/monotonic all clean)

   [campaign]    📌 AUTO-CHECKPOINT [gain-new_area] -> checkpoints/20260730_091857_route-2_1b_23h23m_gain-new-area  (4 bundle file(s))

   [campaign]    [world] learned 10 warp(s) on (3, 20): (5, 13)->(15, 3), (6, 13)->(15, 3), (5, 51)->(15, 0), (17, 11)->(1, 36), (17, 22)->(15, 1), (18, 46)->(15, 2)

   [campaign]    [roam] PREP RE-ARM: usable grass reachable on (3, 20) — clearing the stale stand-down so the bench-leveling machinery re-arms here

   [campaign]    [roam] grass she KNOWS: routing south -> (3, 1) toward Route 1 (visited grass, avoiding any wall)

   [campaign] -- ROAM TICK 33/100000000 --

   [campaign]    [roam] STATE IN: Route 2 (11, 0) | badges=1 (Boulder) | party=[wartortle L23, mankey L9, spearow L9] | 1 badge(s) earned (Boulder). Next gym: Misty of Cerulean City. Pokédex: 4 caught. She's one badge in — the adventure's really starting (of 8 badges, then the Elite Four).

   [campaign]    [roam] PROGRESS: GREEN (unchanged 0 ticks) | fp[(3, 20) (11,0) f1 -- badge1 $248 party:bdff bag:3e79]

   [campaign]    [roam] !!!! WATCHDOG DISENGAGE #1 at (3, 2)@(23, 39) (reason=frozen_world, frozen 10.9s) — top-level recovery, sub-layer-agnostic

   [campaign]    [roam] wedge spot: blocking (23, 40) on (3, 2) (route around it) + marking (23, 39) a resolved talk-spot — unified block memory now 2 tile(s)

   [kira-voice] -> T2·savor· (recover) "I've been stuck on the same spot going nowhere — backing off and trying something different."  fired=True  [age 0.0s + post 4ms]

   [campaign]    [world] learned 10 warp(s) on (3, 20): (5, 13)->(15, 3), (6, 13)->(15, 3), (5, 51)->(15, 0), (17, 11)->(1, 36), (17, 22)->(15, 1), (18, 46)->(15, 2)

   [campaign]    [roam] grass she KNOWS: routing south -> (3, 1) toward Route 1 (visited grass, avoiding any wall)

   [campaign] -- ROAM TICK 34/100000000 --

   [campaign]    [roam] STATE IN: Route 2 (11, 0) | badges=1 (Boulder) | party=[wartortle L23, mankey L9, spearow L9] | 1 badge(s) earned (Boulder). Next gym: Misty of Cerulean City. Pokédex: 4 caught. She's one badge in — the adventure's really starting (of 8 badges, then the Elite Four).

   [campaign]    [roam] PROGRESS: GREEN (unchanged 1 ticks) | fp[(3, 20) (11,0) f1 -- badge1 $248 party:bdff bag:3e79]

   [campaign]    [roam] OPTIONS OFFERED: ['head_to_gym', 'battle', 'travel:3,1', 'travel:3,2', 'travel:3,3', 'travel:3,5', 'travel:3,26']

   [campaign]    [soul] surface_want FIRE -> Route 2

   [campaign]    [soul] ORACLE decision: kind=want ctx={'place': "You're on Route 2 — outdoors under open sky (an open route; tall grass around — wild Pokémon live in it).. ALREADY BESIDE YOU — your current team: wartortle (L23), mankey (L9), spearow (L9). A want is something you DON'T yet have; never wish for a teammate who's already on your team.", 'map': (3, 20), 'badges': ['Boulder'], 'progress': "1 badge(s) earned (Boulder). Next gym: Misty of Cerulean City. Pokédex: 4 caught. She's one badge in — the adventure's really starting (of 8 badges, then the Elite Four).", 'party': 'wartortle (L23), mankey (L9), spearow (L9)', 'goal': {'short': 'Train the team toward ~L8 (or catch one more teammate), THEN retry', 'medium': 'Build a team strong enough to beat the wild zubat at Mt. Moon B1F, then push on toward Cerulean City', 'long': 'Reach Cerulean City, beat Misty for the Cascade Badge'}} options=['eevee', 'fossil', 'starters', 'rare', 'legendaries']

   [kira-voice] ORACLE kind=want options=['eevee', 'fossil', 'starters', 'rare', 'legendaries'] -> pick='get Mankey and Spearow to a respectable level before Mount Moon'

   [campaign]    [soul] ORACLE pick -> 'get Mankey and Spearow to a respectable level before Mount Moon'

   [soul] !! UNGROUNDED WANT (F-8): 'get Mankey and Spearow to a respectable level before Mount Moon' names ['mankey', 'spearow'] already on the team — the grounded ask didn't take (flagged for the descent grade; her words kept)

   [campaign]    [roam] !! STRATEGY wall vs wild:Mt. Moon B1F:zubat: feeding loss-awareness to the oracle

   [campaign]    [soul] ORACLE decision: kind=action ctx={'place': 'You\'re on Route 2 — outdoors under open sky (an open route; tall grass around — wild Pokémon live in it).. From here: NORTH → Pewter City — a Mart, a Pokémon Center; SOUTH → Viridian City — a Mart, a Pokémon Center. Places you\'ve been with wild Pokémon you can walk back to: Route 1; Route 3; Viridian Forest. You can walk to anywhere you\'ve already been. Heads up: you have ZERO Poké Balls — you literally can\'t catch a teammate until you buy some at a Mart, so a Mart run has to come before any catching.. You just went down to the wild zubat (poison/flying-type around here) at Mt. Moon B1F — bit of bad luck. Shake it off; maybe heal up or pick your fights a little better. Your call.. HOW POKÉMON WORKS (what you\'re playing for): the GOAL is to earn 8 Gym Badges, beat the Elite Four, and roll the credits — that\'s beating the game. You build a TEAM of up to 6 Pokémon you like AND that cover each other (types/roles) — a solo carry with a dead-weight bench is a losing setup; a real trainer fields a balanced, levelled squad. CATCHING wild Pokémon is central (\'gotta catch \'em all\') — you catch to build that team and to fill the Pokédex. When you meet a wild Pokémon, weigh it: is it cool/strong/useful, does it cover a gap, is it better than a bench-warmer? — keep your best ~6, and build a squad you actually like. THE ARC: build a team -> beat the 8 gyms prepared -> Elite Four -> credits. ALSO NORMAL: you entered your own name (and your rival\'s) when the game began — people in this world knowing your names is ordinary, not a mystery to react to. RIGHT NOW your team is thin/lopsided (a strong lead but weak or too few others) — that\'s why tough trainers wall you. Building up a real squad (catch a good new teammate, level the weak ones) is how a prepared trainer gets past these. THE MAIN QUEST IS A FIXED PATH you\'re always on: beat the 8 Gym Leaders in order, then the Elite Four, then you win the game. You\'re on GYM 2 of 8 — next is Misty in Cerulean City. The road forward leads there: until you\'ve won you are ALWAYS making progress toward the next gym. Grinding/catching/detours are fine — but ONLY with a clear purpose, and then you GET BACK ON THE ROAD to Cerulean City. Never just circle the same grass. Word on the road about Misty: she runs WATER-types — a whole gym over a pool; grass and electric do the work YOUR STORY SO FAR (what you\'ve actually done — your past, not the future): You started in Pallet Town, crossed Route 1-2 and Viridian Forest, and beat Brock in Pewter City for the Boulder Badge. Now you\'re pushing on toward the next gym.. Next on my list: catch an abra around Route 24 / Route 25. It grows into my alakazam — that\'s my answer for Erika AND Koga down the line. Grabbing it now, before I need it.. THINGS YOU\'VE HEARD AND READ (from people and signs — your own notes, use them when they point somewhere): "What? I\'m waiting for my friends to find me here."; "POK. BALL, and you want 1. That will be .200. Okay?"; "POK. BALL? Certainly. How many would you like?". YOUR PLAN — right now: Train the team toward ~L8 (or catch one more teammate), THEN retry. Next: Build a team strong enough to beat the wild zubat at Mt. Moon B1F, then push on toward Cerulean City. Bigger picture: Reach Cerulean City, beat Misty for the Cascade Badge. Your team right now: wartortle (L23), mankey (L9), spearow (L9). Remember YOU are the one playing this — narrate your plan to chat in your own voice (first person: "I\'m grinding", "my team"), and never ask anyone what you\'re doing or who\'s on your team — you know.', 'progress': "1 badge(s) earned (Boulder). Next gym: Misty of Cerulean City. Pokédex: 4 caught. She's one badge in — the adventure's really starting (of 8 badges, then the Elite Four).", 'party': 'wartortle (L23), mankey (L9), spearow (L9)', 'goal': {'short': 'Train the team toward ~L8 (or catch one more teammate), THEN retry', 'medium': 'Build a team strong enough to beat the wild zubat at Mt. Moon B1F, then push on toward Cerulean City', 'long': 'Reach Cerulean City, beat Misty for the Cascade Badge'}} options=['head_to_gym', 'battle', 'travel:3,1', 'travel:3,2', 'travel:3,3', 'travel:3,5', 'travel:3,26']

   [kira-voice] -> T2·savor· (want) 'get Mankey and Spearow to a respectable level before Mount Moon'  fired=True  [age 0.0s + post 20ms]

   [kira-voice] ORACLE kind=action options=['head_to_gym', 'battle', 'travel:3,1', 'travel:3,2', 'travel:3,3', 'travel:3,5', 'travel:3,26'] -> pick='travel:3,2'

   [campaign]    [soul] ORACLE pick -> 'travel:3,2'

   [campaign]    [roam] DECISION THINK: 2847ms (world stayed live — pumped idle, not a freeze)

   [campaign]    [roam] PICK OUT: travel:3,2

   [campaign]    [roam] RATIONALE: Routing to a place I need then on to Cerulean City for Misty.

   [campaign]    [roam] TRAVEL: Route 2 -> Pewter City (next hop north -> Pewter City)

   [Bridge] INPUT OWNER = 'agent' (sole writer; others dropped+logged)

   [travel] start map=(3, 20) coords=(11, 0) -> map (3, 2) (budget 300s)

   [travel] north connection band cols: [8, 9, 10, 11]

   [travel] MAP TRANSITION (3, 20) -> (3, 2)

   [campaign]    [world] learned 7 warp(s) on (3, 2): (17, 6)->(6, 0), (25, 4)->(6, 0), (15, 16)->(6, 2), (28, 18)->(6, 3), (33, 11)->(6, 4), (17, 25)->(6, 5)

   [travel] north connection band cols: [0, 1, 2, 3, 4, 5, 6, 7, 8, 9, 10, 11, 12, 13, 14, 15, 16, 17, 18, 19, 20, 21, 22, 23, 24, 25, 26, 27, 28, 29, 30, 31, 32, 33, 34, 35, 36, 37, 38, 39, 40, 41, 42, 43, 44, 45, 46, 47, 48]

   [travel] ARRIVED at target map (3, 2) coords=(23, 39)

   [campaign]    [roam] RESULT: travel:3,2 -> arrived | pos (3, 20)(11, 0) -> (3, 2)(23, 39) (MOVED)

   [campaign]    [roam] standing objective complete (travel:3,2 -> arrived) — clearing it

   [kira-voice] -> T1·brisk· (beat) 'made it to a new area'  fired=True  [age 0.0s + post 4ms]

   [campaign]    ⛰️  CAMPAIGN SAVE [new_area] -> campaign/kira_campaign.state  (map=(3, 2) coords=(23, 39) badges=1 party=3)

   [campaign]    [sanctity] bundle VALID (schema/encoding/truth/monotonic all clean)

   [campaign]    📌 AUTO-CHECKPOINT [gain-new_area] -> checkpoints/20260730_091904_pewter-city_1b_23h23m_gain-new-area  (4 bundle file(s))

   [campaign]    [world] learned 7 warp(s) on (3, 2): (17, 6)->(6, 0), (25, 4)->(6, 0), (15, 16)->(6, 2), (28, 18)->(6, 3), (33, 11)->(6, 4), (17, 25)->(6, 5)

   [campaign]    [roam] grass she KNOWS: routing east -> (3, 21) toward an unfamiliar area (visited grass, avoiding any wall)

   [campaign] -- ROAM TICK 35/100000000 --

   [campaign]    [roam] STATE IN: Pewter City (23, 39) | badges=1 (Boulder) | party=[wartortle L23, mankey L9, spearow L9] | 1 badge(s) earned (Boulder). Next gym: Misty of Cerulean City. Pokédex: 4 caught. She's one badge in — the adventure's really starting (of 8 badges, then the Elite Four).

   [campaign]    [roam] PROGRESS: GREEN (unchanged 0 ticks) | fp[(3, 2) (23,39) f2 -- badge1 $248 party:bdff bag:3e79]

   [campaign]    [roam] OPTIONS OFFERED: ['head_to_gym', 'battle', 'travel:3,1', 'travel:3,3', 'travel:3,5', 'travel:3,10']

   [campaign]    [roam] !! STRATEGY wall vs wild:Mt. Moon B1F:zubat: feeding loss-awareness to the oracle

   [campaign]    [soul] ORACLE decision: kind=action ctx={'place': 'You\'re in Pewter City — outdoors under open sky (a town with a Pokémon Center and a Mart; tall grass around — wild Pokémon live in it).. From here: SOUTH → Route 2 — wild Pokémon to catch/train; EAST → Route 3 — wild Pokémon to catch/train. Places you\'ve been with wild Pokémon you can walk back to: Route 4; Route 1; Viridian Forest. You can walk to anywhere you\'ve already been. Heads up: you have ZERO Poké Balls — you literally can\'t catch a teammate until you buy some at a Mart, so a Mart run has to come before any catching.. You just went down to the wild zubat (poison/flying-type around here) at Mt. Moon B1F — bit of bad luck. Shake it off; maybe heal up or pick your fights a little better. Your call.. HOW POKÉMON WORKS (what you\'re playing for): the GOAL is to earn 8 Gym Badges, beat the Elite Four, and roll the credits — that\'s beating the game. You build a TEAM of up to 6 Pokémon you like AND that cover each other (types/roles) — a solo carry with a dead-weight bench is a losing setup; a real trainer fields a balanced, levelled squad. CATCHING wild Pokémon is central (\'gotta catch \'em all\') — you catch to build that team and to fill the Pokédex. When you meet a wild Pokémon, weigh it: is it cool/strong/useful, does it cover a gap, is it better than a bench-warmer? — keep your best ~6, and build a squad you actually like. THE ARC: build a team -> beat the 8 gyms prepared -> Elite Four -> credits. ALSO NORMAL: you entered your own name (and your rival\'s) when the game began — people in this world knowing your names is ordinary, not a mystery to react to. RIGHT NOW your team is thin/lopsided (a strong lead but weak or too few others) — that\'s why tough trainers wall you. Building up a real squad (catch a good new teammate, level the weak ones) is how a prepared trainer gets past these. THE MAIN QUEST IS A FIXED PATH you\'re always on: beat the 8 Gym Leaders in order, then the Elite Four, then you win the game. You\'re on GYM 2 of 8 — next is Misty in Cerulean City. The road forward leads there: until you\'ve won you are ALWAYS making progress toward the next gym. Grinding/catching/detours are fine — but ONLY with a clear purpose, and then you GET BACK ON THE ROAD to Cerulean City. Never just circle the same grass. Word on the road about Misty: she runs WATER-types — a whole gym over a pool; grass and electric do the work YOUR STORY SO FAR (what you\'ve actually done — your past, not the future): You started in Pallet Town, crossed Route 1-2 and Viridian Forest, and beat Brock in Pewter City for the Boulder Badge. Now you\'re pushing on toward the next gym.. Next on my list: catch an abra around Route 24 / Route 25. It grows into my alakazam — that\'s my answer for Erika AND Koga down the line. Grabbing it now, before I need it.. THINGS YOU\'VE HEARD AND READ (from people and signs — your own notes, use them when they point somewhere): "What? I\'m waiting for my friends to find me here."; "POK. BALL, and you want 1. That will be .200. Okay?"; "POK. BALL? Certainly. How many would you like?". YOUR PLAN — right now: Train the team toward ~L8 (or catch one more teammate), THEN retry. Next: Build a team strong enough to beat the wild zubat at Mt. Moon B1F, then push on toward Cerulean City. Bigger picture: Reach Cerulean City, beat Misty for the Cascade Badge. Your team right now: wartortle (L23), mankey (L9), spearow (L9). Remember YOU are the one playing this — narrate your plan to chat in your own voice (first person: "I\'m grinding", "my team"), and never ask anyone what you\'re doing or who\'s on your team — you know.', 'progress': "1 badge(s) earned (Boulder). Next gym: Misty of Cerulean City. Pokédex: 4 caught. She's one badge in — the adventure's really starting (of 8 badges, then the Elite Four).", 'party': 'wartortle (L23), mankey (L9), spearow (L9)', 'goal': {'short': 'Train the team toward ~L8 (or catch one more teammate), THEN retry', 'medium': 'Build a team strong enough to beat the wild zubat at Mt. Moon B1F, then push on toward Cerulean City', 'long': 'Reach Cerulean City, beat Misty for the Cascade Badge'}} options=['head_to_gym', 'battle', 'travel:3,1', 'travel:3,3', 'travel:3,5', 'travel:3,10']

   [kira-voice] ORACLE kind=action options=['head_to_gym', 'battle', 'travel:3,1', 'travel:3,3', 'travel:3,5', 'travel:3,10'] -> pick='battle'

   [campaign]    [soul] ORACLE pick -> 'battle'

   [campaign]    [roam] DECISION THINK: 2608ms (world stayed live — pumped idle, not a freeze)

   [campaign]    [roam] PICK OUT: battle

   [campaign]    [roam] RATIONALE: Train the team toward ~L8 (or catch one more teammate), THEN retry — building up here with a purpose, then on to Cerulean City for Misty.

   [campaign]    [roam] grass she KNOWS: routing east -> (3, 21) toward an unfamiliar area (visited grass, avoiding any wall)

   [campaign]    [roam] no grass underfoot -> routing to grass route (3, 21) (east) first

   [Bridge] INPUT OWNER = 'agent' (sole writer; others dropped+logged)

   [travel] start map=(3, 2) coords=(23, 39) -> map (3, 21) (budget 300s)

   [travel] east connection band rows: [0, 1, 2, 3, 4, 5, 6, 7, 8, 9, 19, 20, 21, 22, 30, 31, 32, 33, 34, 35, 36, 37, 38, 39]

   [travel] releasing 1 stale NPC block(s) [(23, 40)] — tile(s) read empty now (wanderer moved on)

   [travel] step 0: (23, 39)->(23, 38) map=(3, 2) (path 43 to exit)

   [travel] step 10: (23, 29)->(23, 28) map=(3, 2) (path 33 to exit)

   [travel] step 20: (26, 22)->(27, 22) map=(3, 2) (path 23 to exit)

   [travel] step 30: (36, 22)->(37, 22) map=(3, 2) (path 13 to exit)

   [travel] HEARTBEAT step=40 map=(3, 2) coords=(46, 22) elapsed=5s

   [travel] step 40: (46, 22)->(47, 22) map=(3, 2) (path 3 to exit)

   [travel] MAP TRANSITION (3, 2) -> (3, 21)

   [travel] east connection band rows: [0, 1, 2, 3, 4, 5, 6, 7, 8, 9, 10, 11, 12, 13, 14, 15, 16, 17, 18, 19]

   [travel] ARRIVED at target map (3, 21) coords=(0, 12)

   [campaign]    GRIND: Lv23 < 25 - heading to the grass to train

   [campaign]    GRIND: (3, 21) wilds ~L9 give near-0 XP toward L25 — standing down to route to a reachable higher-level spot

   [campaign]    [roam] RESULT: battle -> no_safe_grass | pos (3, 2)(23, 39) -> (3, 21)(0, 12) (MOVED)

   [campaign]    ⛰️  CAMPAIGN SAVE [new_area] -> campaign/kira_campaign.state  (map=(3, 21) coords=(0, 12) badges=1 party=3)

   [campaign]    [sanctity] bundle VALID (schema/encoding/truth/monotonic all clean)

   [campaign]    📌 AUTO-CHECKPOINT [gain-new_area] -> checkpoints/20260730_091913_route-3_1b_23h23m_gain-new-area  (4 bundle file(s))

   [campaign]    [roam] grass she KNOWS: routing north -> (3, 22) toward an unfamiliar area (visited grass, avoiding any wall)

   [campaign] -- ROAM TICK 36/100000000 --

   [campaign]    [roam] STATE IN: Route 3 (0, 12) | badges=1 (Boulder) | party=[wartortle L23, mankey L9, spearow L9] | 1 badge(s) earned (Boulder). Next gym: Misty of Cerulean City. Pokédex: 4 caught. She's one badge in — the adventure's really starting (of 8 badges, then the Elite Four).

   [campaign]    [roam] PROGRESS: GREEN (unchanged 0 ticks) | fp[(3, 21) (0,12) f4 -- badge1 $248 party:bdff bag:3e79]

   [campaign]    [roam] OPTIONS OFFERED: ['head_to_gym', 'battle', 'travel:3,2', 'travel:3,3', 'travel:3,1', 'travel:3,5', 'travel:3,26']

   [campaign]    [roam] !! STRATEGY wall vs wild:Mt. Moon B1F:zubat: feeding loss-awareness to the oracle

   [campaign]    [soul] ORACLE decision: kind=action ctx={'place': 'You\'re on Route 3 — outdoors under open sky (an open route; tall grass around — wild Pokémon live in it).. From here: NORTH → Route 4 — wild Pokémon to catch/train, a Pokémon Center; WEST → Pewter City — a Mart, a Pokémon Center. Places you\'ve been with wild Pokémon you can walk back to: Route 2; an unfamiliar area; an unfamiliar area. You can walk to anywhere you\'ve already been. Heads up: you have ZERO Poké Balls — you literally can\'t catch a teammate until you buy some at a Mart, so a Mart run has to come before any catching.. You just went down to the wild zubat (poison/flying-type around here) at Mt. Moon B1F — bit of bad luck. Shake it off; maybe heal up or pick your fights a little better. Your call.. HOW POKÉMON WORKS (what you\'re playing for): the GOAL is to earn 8 Gym Badges, beat the Elite Four, and roll the credits — that\'s beating the game. You build a TEAM of up to 6 Pokémon you like AND that cover each other (types/roles) — a solo carry with a dead-weight bench is a losing setup; a real trainer fields a balanced, levelled squad. CATCHING wild Pokémon is central (\'gotta catch \'em all\') — you catch to build that team and to fill the Pokédex. When you meet a wild Pokémon, weigh it: is it cool/strong/useful, does it cover a gap, is it better than a bench-warmer? — keep your best ~6, and build a squad you actually like. THE ARC: build a team -> beat the 8 gyms prepared -> Elite Four -> credits. ALSO NORMAL: you entered your own name (and your rival\'s) when the game began — people in this world knowing your names is ordinary, not a mystery to react to. RIGHT NOW your team is thin/lopsided (a strong lead but weak or too few others) — that\'s why tough trainers wall you. Building up a real squad (catch a good new teammate, level the weak ones) is how a prepared trainer gets past these. THE MAIN QUEST IS A FIXED PATH you\'re always on: beat the 8 Gym Leaders in order, then the Elite Four, then you win the game. You\'re on GYM 2 of 8 — next is Misty in Cerulean City. The road forward leads there: until you\'ve won you are ALWAYS making progress toward the next gym. Grinding/catching/detours are fine — but ONLY with a clear purpose, and then you GET BACK ON THE ROAD to Cerulean City. Never just circle the same grass. Word on the road about Misty: she runs WATER-types — a whole gym over a pool; grass and electric do the work YOUR STORY SO FAR (what you\'ve actually done — your past, not the future): You started in Pallet Town, crossed Route 1-2 and Viridian Forest, and beat Brock in Pewter City for the Boulder Badge. Now you\'re pushing on toward the next gym.. Next on my list: catch an abra around Route 24 / Route 25. It grows into my alakazam — that\'s my answer for Erika AND Koga down the line. Grabbing it now, before I need it.. THINGS YOU\'VE HEARD AND READ (from people and signs — your own notes, use them when they point somewhere): "What? I\'m waiting for my friends to find me here."; "POK. BALL, and you want 1. That will be .200. Okay?"; "POK. BALL? Certainly. How many would you like?". YOUR PLAN — right now: Train the team toward ~L8 (or catch one more teammate), THEN retry. Next: Build a team strong enough to beat the wild zubat at Mt. Moon B1F, then push on toward Cerulean City. Bigger picture: Reach Cerulean City, beat Misty for the Cascade Badge. Your team right now: wartortle (L23), mankey (L9), spearow (L9). Remember YOU are the one playing this — narrate your plan to chat in your own voice (first person: "I\'m grinding", "my team"), and never ask anyone what you\'re doing or who\'s on your team — you know.', 'progress': "1 badge(s) earned (Boulder). Next gym: Misty of Cerulean City. Pokédex: 4 caught. She's one badge in — the adventure's really starting (of 8 badges, then the Elite Four).", 'party': 'wartortle (L23), mankey (L9), spearow (L9)', 'goal': {'short': 'Train the team toward ~L8 (or catch one more teammate), THEN retry', 'medium': 'Build a team strong enough to beat the wild zubat at Mt. Moon B1F, then push on toward Cerulean City', 'long': 'Reach Cerulean City, beat Misty for the Cascade Badge'}} options=['head_to_gym', 'battle', 'travel:3,2', 'travel:3,3', 'travel:3,1', 'travel:3,5', 'travel:3,26']

   [kira-voice] ORACLE kind=action options=['head_to_gym', 'battle', 'travel:3,2', 'travel:3,3', 'travel:3,1', 'travel:3,5', 'travel:3,26'] -> pick='battle'

   [campaign]    [soul] ORACLE pick -> 'battle'

   [campaign]    [roam] DECISION THINK: 3714ms (world stayed live — pumped idle, not a freeze)

   [campaign]    [roam] PICK OUT: battle

   [campaign]    [roam] RATIONALE: Train the team toward ~L8 (or catch one more teammate), THEN retry — building up here with a purpose, then on to Cerulean City for Misty.

   [campaign]    [roam] grass she KNOWS: routing north -> (3, 22) toward an unfamiliar area (visited grass, avoiding any wall)

   [campaign]    [roam] no grass underfoot -> routing to grass route (3, 22) (north) first

   [Bridge] INPUT OWNER = 'agent' (sole writer; others dropped+logged)

   [travel] start map=(3, 21) coords=(0, 12) -> map (3, 22) (budget 300s)

   [travel] north connection band cols: [0, 1, 2, 3, 4, 5, 6, 7, 8, 9, 10, 11, 12, 13, 14, 15, 16, 17, 18, 19, 20, 21, 22, 23, 24, 25, 26, 27, 28, 29, 30, 31, 32, 33, 34, 35, 36, 37, 38, 39, 40, 41, 42, 43, 44, 45, 46, 47, 48, 49, 50, 51, 52, 53, 54, 55, 56, 57, 58, 59, 68, 69, 70, 71, 72, 73, 74, 75]

   [travel] step 0: (0, 12)->(0, 11) map=(3, 21) (path 98 to exit)

   [travel] step 10: (7, 9)->(7, 8) map=(3, 21) (path 88 to exit)

   [travel] step 20: (14, 6)->(14, 5) map=(3, 21) (path 78 to exit)

   [travel] step 30: (23, 5)->(24, 5) map=(3, 21) (path 68 to exit)

   [travel] HEARTBEAT step=40 map=(3, 21) coords=(33, 5) elapsed=5s

   [travel] step 40: (33, 5)->(33, 6) map=(3, 21) (path 58 to exit)

   [travel] step 50: (39, 9)->(40, 9) map=(3, 21) (path 49 to exit)

   [travel] step 60: (47, 7)->(48, 7) map=(3, 21) (path 39 to exit)

   [travel] step 70: (55, 9)->(55, 10) map=(3, 21) (path 30 to exit)

   [travel] HEARTBEAT step=80 map=(3, 21) coords=(63, 11) elapsed=11s

   [travel] step 80: (63, 11)->(64, 11) map=(3, 21) (path 20 to exit)

   [travel] step 90: (71, 9)->(71, 8) map=(3, 21) (path 10 to exit)

   [travel] MAP TRANSITION (3, 21) -> (3, 22)

   [campaign]    [world] learned 3 warp(s) on (3, 22): (19, 5)->(1, 1), (32, 5)->(1, 2), (12, 5)->(16, 0)

   [travel] north connection band cols: [0, 1, 2, 3, 4, 5, 6, 7, 8, 9, 10, 11, 12, 13, 14, 15, 16, 17, 18, 19, 20, 21, 22, 23, 24, 25, 26, 27, 28, 29, 30, 31, 32, 33, 34, 35, 36, 37, 38, 39, 40, 41, 42, 43, 44, 45, 46, 47, 48, 49, 50, 51, 52, 53, 54, 55, 56, 57, 58, 59, 60, 61, 62, 63, 64, 65, 66, 67, 68, 69, 70, 71, 72, 73, 74, 75, 76, 77, 78, 79, 80, 81, 82, 83, 84, 85, 86, 87, 88, 89, 90, 91, 92, 93, 94, 95, 96, 97, 98, 99, 100, 101, 102, 103, 104, 105, 106, 107]

   [travel] ARRIVED at target map (3, 22) coords=(11, 19)

   [campaign]    GRIND: Lv23 < 25 - heading to the grass to train

   [campaign]    GRIND: (3, 22) wilds ~L12 give near-0 XP toward L25 — standing down to route to a reachable higher-level spot

   [campaign]    [roam] RESULT: battle -> no_safe_grass | pos (3, 21)(0, 12) -> (3, 22)(11, 19) (MOVED)

   [campaign]    ⛰️  CAMPAIGN SAVE [new_area] -> campaign/kira_campaign.state  (map=(3, 22) coords=(11, 19) badges=1 party=3)

   [campaign]    [sanctity] bundle VALID (schema/encoding/truth/monotonic all clean)

   [campaign]    📌 AUTO-CHECKPOINT [gain-new_area] -> checkpoints/20260730_091932_route-4_1b_23h24m_gain-new-area  (4 bundle file(s))

   [campaign]    [world] learned 3 warp(s) on (3, 22): (19, 5)->(1, 1), (32, 5)->(1, 2), (12, 5)->(16, 0)

   [campaign]    [world] learned 3 warp(s) on (3, 22): (19, 5)->(1, 1), (32, 5)->(1, 2), (12, 5)->(16, 0)

   [campaign] -- ROAM TICK 37/100000000 --

   [campaign]    [roam] STATE IN: Route 4 (11, 19) | badges=1 (Boulder) | party=[wartortle L23, mankey L9, spearow L9] | 1 badge(s) earned (Boulder). Next gym: Misty of Cerulean City. Pokédex: 4 caught. She's one badge in — the adventure's really starting (of 8 badges, then the Elite Four).

   [campaign]    [roam] PROGRESS: GREEN (unchanged 0 ticks) | fp[(3, 22) (11,19) f2 -- badge1 $248 party:bdff bag:3e79]

   [campaign]    [roam] OPTIONS OFFERED: ['head_to_gym', 'talk_npc', 'travel:3,3', 'travel:3,2', 'travel:3,1', 'travel:3,10', 'travel:3,26']

   [campaign]    [soul] surface_want FIRE -> Route 4

   [campaign]    [soul] ORACLE decision: kind=want ctx={'place': "You're on Route 4 — outdoors under open sky (a town with a Pokémon Center; tall grass around — wild Pokémon live in it).. ALREADY BESIDE YOU — your current team: wartortle (L23), mankey (L9), spearow (L9). A want is something you DON'T yet have; never wish for a teammate who's already on your team.", 'map': (3, 22), 'badges': ['Boulder'], 'progress': "1 badge(s) earned (Boulder). Next gym: Misty of Cerulean City. Pokédex: 4 caught. She's one badge in — the adventure's really starting (of 8 badges, then the Elite Four).", 'party': 'wartortle (L23), mankey (L9), spearow (L9)', 'goal': {'short': 'Train the team toward ~L8 (or catch one more teammate), THEN retry', 'medium': 'Build a team strong enough to beat the wild zubat at Mt. Moon B1F, then push on toward Cerulean City', 'long': 'Reach Cerulean City, beat Misty for the Cascade Badge'}} options=['eevee', 'fossil', 'starters', 'rare', 'legendaries']

   [kira-voice] ORACLE kind=want options=['eevee', 'fossil', 'starters', 'rare', 'legendaries'] -> pick='grind Mankey and Spearow to ~L15 before Cerulean'

   [campaign]    [soul] ORACLE pick -> 'grind Mankey and Spearow to ~L15 before Cerulean'

   [soul] !! UNGROUNDED WANT (F-8): 'grind Mankey and Spearow to ~L15 before Cerulean' names ['mankey', 'spearow'] already on the team — the grounded ask didn't take (flagged for the descent grade; her words kept)

   [campaign]    [roam] !! STRATEGY wall vs wild:Mt. Moon B1F:zubat: feeding loss-awareness to the oracle

   [campaign]    [soul] ORACLE decision: kind=action ctx={'place': 'You\'re on Route 4 — outdoors under open sky (a town with a Pokémon Center; tall grass around — wild Pokémon live in it).. From here: SOUTH → Route 3 — wild Pokémon to catch/train; EAST → Cerulean City — a Mart, a Pokémon Center. Places you\'ve been with wild Pokémon you can walk back to: an unfamiliar area; an unfamiliar area; Route 2. You can walk to anywhere you\'ve already been. Heads up: you have ZERO Poké Balls — you literally can\'t catch a teammate until you buy some at a Mart, so a Mart run has to come before any catching.. You just went down to the wild zubat (poison/flying-type around here) at Mt. Moon B1F — bit of bad luck. Shake it off; maybe heal up or pick your fights a little better. Your call.. HOW POKÉMON WORKS (what you\'re playing for): the GOAL is to earn 8 Gym Badges, beat the Elite Four, and roll the credits — that\'s beating the game. You build a TEAM of up to 6 Pokémon you like AND that cover each other (types/roles) — a solo carry with a dead-weight bench is a losing setup; a real trainer fields a balanced, levelled squad. CATCHING wild Pokémon is central (\'gotta catch \'em all\') — you catch to build that team and to fill the Pokédex. When you meet a wild Pokémon, weigh it: is it cool/strong/useful, does it cover a gap, is it better than a bench-warmer? — keep your best ~6, and build a squad you actually like. THE ARC: build a team -> beat the 8 gyms prepared -> Elite Four -> credits. ALSO NORMAL: you entered your own name (and your rival\'s) when the game began — people in this world knowing your names is ordinary, not a mystery to react to. RIGHT NOW your team is thin/lopsided (a strong lead but weak or too few others) — that\'s why tough trainers wall you. Building up a real squad (catch a good new teammate, level the weak ones) is how a prepared trainer gets past these. THE MAIN QUEST IS A FIXED PATH you\'re always on: beat the 8 Gym Leaders in order, then the Elite Four, then you win the game. You\'re on GYM 2 of 8 — next is Misty in Cerulean City. The road forward leads there: until you\'ve won you are ALWAYS making progress toward the next gym. Grinding/catching/detours are fine — but ONLY with a clear purpose, and then you GET BACK ON THE ROAD to Cerulean City. Never just circle the same grass. Word on the road about Misty: she runs WATER-types — a whole gym over a pool; grass and electric do the work YOUR STORY SO FAR (what you\'ve actually done — your past, not the future): You started in Pallet Town, crossed Route 1-2 and Viridian Forest, and beat Brock in Pewter City for the Boulder Badge. Now you\'re pushing on toward the next gym.. Next on my list: catch an abra around Route 24 / Route 25. It grows into my alakazam — that\'s my answer for Erika AND Koga down the line. Grabbing it now, before I need it.. THINGS YOU\'VE HEARD AND READ (from people and signs — your own notes, use them when they point somewhere): "What? I\'m waiting for my friends to find me here."; "POK. BALL, and you want 1. That will be .200. Okay?"; "POK. BALL? Certainly. How many would you like?". YOUR PLAN — right now: Train the team toward ~L8 (or catch one more teammate), THEN retry. Next: Build a team strong enough to beat the wild zubat at Mt. Moon B1F, then push on toward Cerulean City. Bigger picture: Reach Cerulean City, beat Misty for the Cascade Badge. Your team right now: wartortle (L23), mankey (L9), spearow (L9). Remember YOU are the one playing this — narrate your plan to chat in your own voice (first person: "I\'m grinding", "my team"), and never ask anyone what you\'re doing or who\'s on your team — you know.', 'progress': "1 badge(s) earned (Boulder). Next gym: Misty of Cerulean City. Pokédex: 4 caught. She's one badge in — the adventure's really starting (of 8 badges, then the Elite Four).", 'party': 'wartortle (L23), mankey (L9), spearow (L9)', 'goal': {'short': 'Train the team toward ~L8 (or catch one more teammate), THEN retry', 'medium': 'Build a team strong enough to beat the wild zubat at Mt. Moon B1F, then push on toward Cerulean City', 'long': 'Reach Cerulean City, beat Misty for the Cascade Badge'}} options=['head_to_gym', 'talk_npc', 'travel:3,3', 'travel:3,2', 'travel:3,1', 'travel:3,10', 'travel:3,26']

   [kira-voice] -> T2·savor· (want) 'grind Mankey and Spearow to ~L15 before Cerulean'  fired=True  [age 0.0s + post 3ms]

   [kira-voice] ORACLE kind=action options=['head_to_gym', 'talk_npc', 'travel:3,3', 'travel:3,2', 'travel:3,1', 'travel:3,10', 'travel:3,26'] -> pick='travel:3,3'

   [campaign]    [soul] ORACLE pick -> 'travel:3,3'

   [campaign]    [roam] DECISION THINK: 2913ms (world stayed live — pumped idle, not a freeze)

   [campaign]    [roam] PICK OUT: travel:3,3

   [campaign]    [roam] RATIONALE: Routing to a place I need then on to Cerulean City for Misty.

   [campaign]    [roam] TRAVEL: Route 4 -> Cerulean City (next hop east -> Cerulean City)

   [Bridge] INPUT OWNER = 'agent' (sole writer; others dropped+logged)

   [travel] start map=(3, 22) coords=(11, 19) -> map (3, 3) (budget 300s)

   [travel] east connection band rows: [2, 3, 4, 5, 10, 11, 12]

   [travel] path blocked at (11, 19) (NPC on the gap?) - waiting

   [travel] no clean path from (11, 19) AND no NPC-allowing path (npcs nearby=[(15, 14)]) - genuine wall/zone gap, will time out

   [travel] !! TRAVEL WEDGE: identical fp x4 retries at (11, 19) map=(3, 22) (reason=no_route) -> returning to roam LOUD (no inner spin)

   [kira-voice] -> T1·brisk· (event) "I can't find a way through here — let me rethink this"  fired=True  [age 0.0s + post 3ms]

   [campaign]    [roam] RESULT: travel:3,3 -> travel:no_path | pos (3, 22)(11, 19) -> (3, 22)(11, 19) (NO MOVEMENT)

   [campaign]    [roam] !! SILENT NO-MOVE: 'travel:3,3' returned 'travel:no_path' but her position never changed (streak 1, dead routes ['travel:3,3']) — not moving her; ALL dead routes get pruned next tick so she must do something that works

   [campaign]    [world] learned 3 warp(s) on (3, 22): (19, 5)->(1, 1), (32, 5)->(1, 2), (12, 5)->(16, 0)

   [campaign]    [world] learned 3 warp(s) on (3, 22): (19, 5)->(1, 1), (32, 5)->(1, 2), (12, 5)->(16, 0)

   [campaign] -- ROAM TICK 38/100000000 --

   [campaign]    [roam] STATE IN: Route 4 (11, 19) | badges=1 (Boulder) | party=[wartortle L23, mankey L9, spearow L9] | 1 badge(s) earned (Boulder). Next gym: Misty of Cerulean City. Pokédex: 4 caught. She's one badge in — the adventure's really starting (of 8 badges, then the Elite Four).

   [campaign]    [roam] PROGRESS: GREEN (unchanged 1 ticks) | fp[(3, 22) (11,19) f2 -- badge1 $248 party:bdff bag:3e79]

   [campaign]    [roam] OPTIONS OFFERED: ['head_to_gym', 'talk_npc', 'travel:3,3', 'travel:3,2', 'travel:3,1', 'travel:3,10', 'travel:3,26']

   [campaign]    [roam] !! STRATEGY wall vs wild:Mt. Moon B1F:zubat: feeding loss-awareness to the oracle

   [campaign]    [soul] ORACLE decision: kind=action ctx={'place': 'You\'re on Route 4 — outdoors under open sky (a town with a Pokémon Center; tall grass around — wild Pokémon live in it).. From here: SOUTH → Route 3 — wild Pokémon to catch/train; EAST → Cerulean City — a Mart, a Pokémon Center. Places you\'ve been with wild Pokémon you can walk back to: an unfamiliar area; an unfamiliar area; Route 2. You can walk to anywhere you\'ve already been. Heads up: you have ZERO Poké Balls — you literally can\'t catch a teammate until you buy some at a Mart, so a Mart run has to come before any catching.. You just went down to the wild zubat (poison/flying-type around here) at Mt. Moon B1F — bit of bad luck. Shake it off; maybe heal up or pick your fights a little better. Your call.. HOW POKÉMON WORKS (what you\'re playing for): the GOAL is to earn 8 Gym Badges, beat the Elite Four, and roll the credits — that\'s beating the game. You build a TEAM of up to 6 Pokémon you like AND that cover each other (types/roles) — a solo carry with a dead-weight bench is a losing setup; a real trainer fields a balanced, levelled squad. CATCHING wild Pokémon is central (\'gotta catch \'em all\') — you catch to build that team and to fill the Pokédex. When you meet a wild Pokémon, weigh it: is it cool/strong/useful, does it cover a gap, is it better than a bench-warmer? — keep your best ~6, and build a squad you actually like. THE ARC: build a team -> beat the 8 gyms prepared -> Elite Four -> credits. ALSO NORMAL: you entered your own name (and your rival\'s) when the game began — people in this world knowing your names is ordinary, not a mystery to react to. RIGHT NOW your team is thin/lopsided (a strong lead but weak or too few others) — that\'s why tough trainers wall you. Building up a real squad (catch a good new teammate, level the weak ones) is how a prepared trainer gets past these. THE MAIN QUEST IS A FIXED PATH you\'re always on: beat the 8 Gym Leaders in order, then the Elite Four, then you win the game. You\'re on GYM 2 of 8 — next is Misty in Cerulean City. The road forward leads there: until you\'ve won you are ALWAYS making progress toward the next gym. Grinding/catching/detours are fine — but ONLY with a clear purpose, and then you GET BACK ON THE ROAD to Cerulean City. Never just circle the same grass. Word on the road about Misty: she runs WATER-types — a whole gym over a pool; grass and electric do the work YOUR STORY SO FAR (what you\'ve actually done — your past, not the future): You started in Pallet Town, crossed Route 1-2 and Viridian Forest, and beat Brock in Pewter City for the Boulder Badge. Now you\'re pushing on toward the next gym.. Next on my list: catch an abra around Route 24 / Route 25. It grows into my alakazam — that\'s my answer for Erika AND Koga down the line. Grabbing it now, before I need it.. THINGS YOU\'VE HEARD AND READ (from people and signs — your own notes, use them when they point somewhere): "What? I\'m waiting for my friends to find me here."; "POK. BALL, and you want 1. That will be .200. Okay?"; "POK. BALL? Certainly. How many would you like?". YOUR PLAN — right now: Train the team toward ~L8 (or catch one more teammate), THEN retry. Next: Build a team strong enough to beat the wild zubat at Mt. Moon B1F, then push on toward Cerulean City. Bigger picture: Reach Cerulean City, beat Misty for the Cascade Badge. Your team right now: wartortle (L23), mankey (L9), spearow (L9). Remember YOU are the one playing this — narrate your plan to chat in your own voice (first person: "I\'m grinding", "my team"), and never ask anyone what you\'re doing or who\'s on your team — you know.', 'progress': "1 badge(s) earned (Boulder). Next gym: Misty of Cerulean City. Pokédex: 4 caught. She's one badge in — the adventure's really starting (of 8 badges, then the Elite Four).", 'party': 'wartortle (L23), mankey (L9), spearow (L9)', 'goal': {'short': 'Train the team toward ~L8 (or catch one more teammate), THEN retry', 'medium': 'Build a team strong enough to beat the wild zubat at Mt. Moon B1F, then push on toward Cerulean City', 'long': 'Reach Cerulean City, beat Misty for the Cascade Badge'}} options=['head_to_gym', 'talk_npc', 'travel:3,3', 'travel:3,2', 'travel:3,1', 'travel:3,10', 'travel:3,26']

   [kira-voice] ORACLE kind=action options=['head_to_gym', 'talk_npc', 'travel:3,3', 'travel:3,2', 'travel:3,1', 'travel:3,10', 'travel:3,26'] -> pick='travel:3,3'

   [campaign]    [soul] ORACLE pick -> 'travel:3,3'

   [campaign]    [roam] DECISION THINK: 2348ms (world stayed live — pumped idle, not a freeze)

   [campaign]    [roam] PICK OUT: travel:3,3

   [campaign]    [roam] RATIONALE: Routing to a place I need then on to Cerulean City for Misty.

   [campaign]    [roam] TRAVEL: Route 4 -> Cerulean City (next hop east -> Cerulean City)

   [Bridge] INPUT OWNER = 'agent' (sole writer; others dropped+logged)

   [travel] start map=(3, 22) coords=(11, 19) -> map (3, 3) (budget 300s)

   [travel] east connection band rows: [2, 3, 4, 5, 10, 11, 12]

   [travel] path blocked at (11, 19) (NPC on the gap?) - waiting

   [travel] no clean path from (11, 19) AND no NPC-allowing path (npcs nearby=[(14, 14)]) - genuine wall/zone gap, will time out

   [travel] !! TRAVEL WEDGE: identical fp x4 retries at (11, 19) map=(3, 22) (reason=no_route) -> returning to roam LOUD (no inner spin)

   [campaign]    [roam] RESULT: travel:3,3 -> travel:no_path | pos (3, 22)(11, 19) -> (3, 22)(11, 19) (NO MOVEMENT)

   [campaign]    [roam] !! SILENT NO-MOVE: 'travel:3,3' returned 'travel:no_path' but her position never changed (streak 2, dead routes ['travel:3,3']) — not moving her; ALL dead routes get pruned next tick so she must do something that works

   [campaign]    [world] learned 3 warp(s) on (3, 22): (19, 5)->(1, 1), (32, 5)->(1, 2), (12, 5)->(16, 0)

   [campaign]    [world] learned 3 warp(s) on (3, 22): (19, 5)->(1, 1), (32, 5)->(1, 2), (12, 5)->(16, 0)

   [campaign]    [roam] !! NO-MOVE PRUNE: dead routes ['travel:3,3'] haven't moved her (streak 2) — removed this tick so she picks something that works; remaining: ['head_to_gym', 'talk_npc', 'travel:3,1', 'travel:3,10', 'travel:3,2', 'travel:3,26']

   [campaign] -- ROAM TICK 39/100000000 --

   [campaign]    [roam] STATE IN: Route 4 (11, 19) | badges=1 (Boulder) | party=[wartortle L23, mankey L9, spearow L9] | 1 badge(s) earned (Boulder). Next gym: Misty of Cerulean City. Pokédex: 4 caught. She's one badge in — the adventure's really starting (of 8 badges, then the Elite Four).

   [campaign]    [roam] PROGRESS: GREEN (unchanged 2 ticks) | fp[(3, 22) (11,19) f2 -- badge1 $248 party:bdff bag:3e79]

   [campaign]    [roam] OPTIONS OFFERED: ['head_to_gym', 'talk_npc', 'travel:3,2', 'travel:3,1', 'travel:3,10', 'travel:3,26']

   [campaign]    [roam] !! STRATEGY wall vs wild:Mt. Moon B1F:zubat: feeding loss-awareness to the oracle

   [campaign]    [soul] ORACLE decision: kind=action ctx={'place': 'You\'re on Route 4 — outdoors under open sky (a town with a Pokémon Center; tall grass around — wild Pokémon live in it).. From here: SOUTH → Route 3 — wild Pokémon to catch/train; EAST → Cerulean City — a Mart, a Pokémon Center. Places you\'ve been with wild Pokémon you can walk back to: an unfamiliar area; an unfamiliar area; Route 2. You can walk to anywhere you\'ve already been. Heads up: you have ZERO Poké Balls — you literally can\'t catch a teammate until you buy some at a Mart, so a Mart run has to come before any catching.. You just went down to the wild zubat (poison/flying-type around here) at Mt. Moon B1F — bit of bad luck. Shake it off; maybe heal up or pick your fights a little better. Your call.. HOW POKÉMON WORKS (what you\'re playing for): the GOAL is to earn 8 Gym Badges, beat the Elite Four, and roll the credits — that\'s beating the game. You build a TEAM of up to 6 Pokémon you like AND that cover each other (types/roles) — a solo carry with a dead-weight bench is a losing setup; a real trainer fields a balanced, levelled squad. CATCHING wild Pokémon is central (\'gotta catch \'em all\') — you catch to build that team and to fill the Pokédex. When you meet a wild Pokémon, weigh it: is it cool/strong/useful, does it cover a gap, is it better than a bench-warmer? — keep your best ~6, and build a squad you actually like. THE ARC: build a team -> beat the 8 gyms prepared -> Elite Four -> credits. ALSO NORMAL: you entered your own name (and your rival\'s) when the game began — people in this world knowing your names is ordinary, not a mystery to react to. RIGHT NOW your team is thin/lopsided (a strong lead but weak or too few others) — that\'s why tough trainers wall you. Building up a real squad (catch a good new teammate, level the weak ones) is how a prepared trainer gets past these. THE MAIN QUEST IS A FIXED PATH you\'re always on: beat the 8 Gym Leaders in order, then the Elite Four, then you win the game. You\'re on GYM 2 of 8 — next is Misty in Cerulean City. The road forward leads there: until you\'ve won you are ALWAYS making progress toward the next gym. Grinding/catching/detours are fine — but ONLY with a clear purpose, and then you GET BACK ON THE ROAD to Cerulean City. Never just circle the same grass. Word on the road about Misty: she runs WATER-types — a whole gym over a pool; grass and electric do the work YOUR STORY SO FAR (what you\'ve actually done — your past, not the future): You started in Pallet Town, crossed Route 1-2 and Viridian Forest, and beat Brock in Pewter City for the Boulder Badge. Now you\'re pushing on toward the next gym.. Next on my list: catch an abra around Route 24 / Route 25. It grows into my alakazam — that\'s my answer for Erika AND Koga down the line. Grabbing it now, before I need it.. THINGS YOU\'VE HEARD AND READ (from people and signs — your own notes, use them when they point somewhere): "What? I\'m waiting for my friends to find me here."; "POK. BALL, and you want 1. That will be .200. Okay?"; "POK. BALL? Certainly. How many would you like?". YOUR PLAN — right now: Train the team toward ~L8 (or catch one more teammate), THEN retry. Next: Build a team strong enough to beat the wild zubat at Mt. Moon B1F, then push on toward Cerulean City. Bigger picture: Reach Cerulean City, beat Misty for the Cascade Badge. Your team right now: wartortle (L23), mankey (L9), spearow (L9). Remember YOU are the one playing this — narrate your plan to chat in your own voice (first person: "I\'m grinding", "my team"), and never ask anyone what you\'re doing or who\'s on your team — you know.', 'progress': "1 badge(s) earned (Boulder). Next gym: Misty of Cerulean City. Pokédex: 4 caught. She's one badge in — the adventure's really starting (of 8 badges, then the Elite Four).", 'party': 'wartortle (L23), mankey (L9), spearow (L9)', 'goal': {'short': 'Train the team toward ~L8 (or catch one more teammate), THEN retry', 'medium': 'Build a team strong enough to beat the wild zubat at Mt. Moon B1F, then push on toward Cerulean City', 'long': 'Reach Cerulean City, beat Misty for the Cascade Badge'}} options=['head_to_gym', 'talk_npc', 'travel:3,2', 'travel:3,1', 'travel:3,10', 'travel:3,26']

   [kira-voice] ORACLE kind=action options=['head_to_gym', 'talk_npc', 'travel:3,2', 'travel:3,1', 'travel:3,10', 'travel:3,26'] -> pick='travel:3,2'

   [campaign]    [soul] ORACLE pick -> 'travel:3,2'

   [campaign]    [roam] DECISION THINK: 3377ms (world stayed live — pumped idle, not a freeze)

   [campaign]    [roam] PICK OUT: travel:3,2

   [campaign]    [roam] RATIONALE: Routing to a place I need then on to Cerulean City for Misty.

   [campaign]    [roam] TRAVEL: Route 4 -> Pewter City (next hop south -> Route 3)

   [Bridge] INPUT OWNER = 'agent' (sole writer; others dropped+logged)

   [travel] start map=(3, 22) coords=(11, 19) -> map (3, 21) (budget 300s)

   [travel] south connection band cols: [8, 9, 10, 11, 12, 13, 14, 15, 24, 25, 26, 27, 28, 29, 30, 31, 32, 33, 34, 35, 36, 37, 38, 39, 40, 41, 42, 43, 44, 45, 46, 47, 48, 49, 50, 51, 52, 53, 54, 55, 56, 57, 58, 59, 60, 61, 62, 63, 64, 65, 66, 67, 68, 69, 70, 71, 72, 73, 74, 75, 76, 77, 78, 79, 80, 81, 82, 83, 84, 85, 86, 87, 88, 89, 90, 91, 92, 93, 94, 95, 96, 97, 98, 99, 100, 101, 102, 103, 104, 105, 106, 107]

   [travel] MAP TRANSITION (3, 22) -> (3, 21)

   [travel] south connection band cols: [0, 1, 2, 3, 4, 5, 6, 7, 8, 9, 10, 11, 12, 13, 14, 15, 16, 17, 18, 19, 20, 21, 22, 23, 24, 25, 26, 27, 28, 29, 30, 31, 32, 33, 34, 35, 36, 37, 38, 39, 40, 41, 42, 43, 44, 45, 46, 47, 48, 49, 50, 51, 52, 53, 54, 55, 56, 57, 58, 59, 60, 61, 62, 63, 64, 65, 66, 67, 68, 69, 70, 71, 72, 73, 74, 75, 76, 77, 78, 79, 80, 81, 82, 83, 84]

   [travel] ARRIVED at target map (3, 21) coords=(71, 0)

   [kira-voice] ·dedup· (repeat text, T1, looping?) 'made it to a new area'

   [campaign]    [roam] RESULT: travel:3,2 -> hop_ok | pos (3, 22)(11, 19) -> (3, 21)(71, 0) (MOVED)

   [campaign]    ⛰️  CAMPAIGN SAVE [new_area] -> campaign/kira_campaign.state  (map=(3, 21) coords=(71, 0) badges=1 party=3)

   [campaign]    [sanctity] bundle VALID (schema/encoding/truth/monotonic all clean)

   [campaign]    📌 AUTO-CHECKPOINT [gain-new_area] -> checkpoints/20260730_091949_route-3_1b_23h24m_gain-new-area  (4 bundle file(s))

   [campaign]    [roam] grass she KNOWS: routing north -> (3, 22) toward an unfamiliar area (visited grass, avoiding any wall)

   [campaign] -- ROAM TICK 40/100000000 --

   [campaign]    [roam] STATE IN: Route 3 (71, 0) | badges=1 (Boulder) | party=[wartortle L23, mankey L9, spearow L9] | 1 badge(s) earned (Boulder). Next gym: Misty of Cerulean City. Pokédex: 4 caught. She's one badge in — the adventure's really starting (of 8 badges, then the Elite Four).

   [campaign]    [roam] PROGRESS: GREEN (unchanged 0 ticks) | fp[(3, 21) (71,0) f1 -- badge1 $248 party:bdff bag:3e79]

   [campaign]    [roam] OPTIONS OFFERED: ['head_to_gym', 'battle', 'talk_npc', 'travel:3,2', 'travel:3,3', 'travel:3,1', 'travel:3,5', 'travel:3,26']

   [campaign]    [soul] surface_want FIRE -> Route 3

   [campaign]    [soul] ORACLE decision: kind=want ctx={'place': "You're on Route 3 — outdoors under open sky (an open route; tall grass around — wild Pokémon live in it).. ALREADY BESIDE YOU — your current team: wartortle (L23), mankey (L9), spearow (L9). A want is something you DON'T yet have; never wish for a teammate who's already on your team.", 'map': (3, 21), 'badges': ['Boulder'], 'progress': "1 badge(s) earned (Boulder). Next gym: Misty of Cerulean City. Pokédex: 4 caught. She's one badge in — the adventure's really starting (of 8 badges, then the Elite Four).", 'party': 'wartortle (L23), mankey (L9), spearow (L9)', 'goal': {'short': 'Train the team toward ~L8 (or catch one more teammate), THEN retry', 'medium': 'Build a team strong enough to beat the wild zubat at Mt. Moon B1F, then push on toward Cerulean City', 'long': 'Reach Cerulean City, beat Misty for the Cascade Badge'}} options=['eevee', 'fossil', 'starters', 'rare', 'legendaries']

   [kira-voice] ORACLE kind=want options=['eevee', 'fossil', 'starters', 'rare', 'legendaries'] -> pick='grind Mankey and Spearow to a respectable level before Cerulean'

   [campaign]    [soul] ORACLE pick -> 'grind Mankey and Spearow to a respectable level before Cerulean'

   [soul] !! UNGROUNDED WANT (F-8): 'grind Mankey and Spearow to a respectable level before Cerulean' names ['mankey', 'spearow'] already on the team — the grounded ask didn't take (flagged for the descent grade; her words kept)

   [campaign]    [roam] !! STRATEGY wall vs wild:Mt. Moon B1F:zubat: feeding loss-awareness to the oracle

   [campaign]    [soul] ORACLE decision: kind=action ctx={'place': 'You\'re on Route 3 — outdoors under open sky (an open route; tall grass around — wild Pokémon live in it).. From here: NORTH → Route 4 — wild Pokémon to catch/train, a Pokémon Center; WEST → Pewter City — a Mart, a Pokémon Center. Places you\'ve been with wild Pokémon you can walk back to: Route 2; an unfamiliar area; an unfamiliar area. You can walk to anywhere you\'ve already been. Heads up: you have ZERO Poké Balls — you literally can\'t catch a teammate until you buy some at a Mart, so a Mart run has to come before any catching.. You just went down to the wild zubat (poison/flying-type around here) at Mt. Moon B1F — bit of bad luck. Shake it off; maybe heal up or pick your fights a little better. Your call.. HOW POKÉMON WORKS (what you\'re playing for): the GOAL is to earn 8 Gym Badges, beat the Elite Four, and roll the credits — that\'s beating the game. You build a TEAM of up to 6 Pokémon you like AND that cover each other (types/roles) — a solo carry with a dead-weight bench is a losing setup; a real trainer fields a balanced, levelled squad. CATCHING wild Pokémon is central (\'gotta catch \'em all\') — you catch to build that team and to fill the Pokédex. When you meet a wild Pokémon, weigh it: is it cool/strong/useful, does it cover a gap, is it better than a bench-warmer? — keep your best ~6, and build a squad you actually like. THE ARC: build a team -> beat the 8 gyms prepared -> Elite Four -> credits. ALSO NORMAL: you entered your own name (and your rival\'s) when the game began — people in this world knowing your names is ordinary, not a mystery to react to. RIGHT NOW your team is thin/lopsided (a strong lead but weak or too few others) — that\'s why tough trainers wall you. Building up a real squad (catch a good new teammate, level the weak ones) is how a prepared trainer gets past these. THE MAIN QUEST IS A FIXED PATH you\'re always on: beat the 8 Gym Leaders in order, then the Elite Four, then you win the game. You\'re on GYM 2 of 8 — next is Misty in Cerulean City. The road forward leads there: until you\'ve won you are ALWAYS making progress toward the next gym. Grinding/catching/detours are fine — but ONLY with a clear purpose, and then you GET BACK ON THE ROAD to Cerulean City. Never just circle the same grass. Word on the road about Misty: she runs WATER-types — a whole gym over a pool; grass and electric do the work YOUR STORY SO FAR (what you\'ve actually done — your past, not the future): You started in Pallet Town, crossed Route 1-2 and Viridian Forest, and beat Brock in Pewter City for the Boulder Badge. Now you\'re pushing on toward the next gym.. Next on my list: catch an abra around Route 24 / Route 25. It grows into my alakazam — that\'s my answer for Erika AND Koga down the line. Grabbing it now, before I need it.. THINGS YOU\'VE HEARD AND READ (from people and signs — your own notes, use them when they point somewhere): "What? I\'m waiting for my friends to find me here."; "POK. BALL, and you want 1. That will be .200. Okay?"; "POK. BALL? Certainly. How many would you like?". YOUR PLAN — right now: Train the team toward ~L8 (or catch one more teammate), THEN retry. Next: Build a team strong enough to beat the wild zubat at Mt. Moon B1F, then push on toward Cerulean City. Bigger picture: Reach Cerulean City, beat Misty for the Cascade Badge. Your team right now: wartortle (L23), mankey (L9), spearow (L9). Remember YOU are the one playing this — narrate your plan to chat in your own voice (first person: "I\'m grinding", "my team"), and never ask anyone what you\'re doing or who\'s on your team — you know.. RECALIBRATE — before the last detour you\'d set out to: "head back to Pewter City — a Mart to buy Poké Balls / supplies". That\'s still available. Unless something fundamental has actually changed, pick it back up and continue — don\'t lose the thread to aimless wandering.', 'progress': "1 badge(s) earned (Boulder). Next gym: Misty of Cerulean City. Pokédex: 4 caught. She's one badge in — the adventure's really starting (of 8 badges, then the Elite Four).", 'party': 'wartortle (L23), mankey (L9), spearow (L9)', 'goal': {'short': 'Train the team toward ~L8 (or catch one more teammate), THEN retry', 'medium': 'Build a team strong enough to beat the wild zubat at Mt. Moon B1F, then push on toward Cerulean City', 'long': 'Reach Cerulean City, beat Misty for the Cascade Badge'}} options=['head_to_gym', 'battle', 'talk_npc', 'travel:3,2', 'travel:3,3', 'travel:3,1', 'travel:3,5', 'travel:3,26']

   [kira-voice] -> T2·savor· (want) 'grind Mankey and Spearow to a respectable level before Cerulean'  fired=True  [age 0.0s + post 14ms]

   [kira-voice] ORACLE kind=action options=['head_to_gym', 'battle', 'talk_npc', 'travel:3,2', 'travel:3,3', 'travel:3,1', 'travel:3,5', 'travel:3,26'] -> pick='travel:3,2'

   [campaign]    [soul] ORACLE pick -> 'travel:3,2'

   [campaign]    [roam] DECISION THINK: 2317ms (world stayed live — pumped idle, not a freeze)

   [campaign]    [roam] PICK OUT: travel:3,2

   [campaign]    [roam] RATIONALE: Routing to a place I need then on to Cerulean City for Misty.

   [campaign]    [roam] TRAVEL: Route 3 -> Pewter City (next hop west -> Pewter City)

   [Bridge] INPUT OWNER = 'agent' (sole writer; others dropped+logged)

   [travel] start map=(3, 21) coords=(71, 0) -> map (3, 2) (budget 300s)

   [travel] west connection band rows: [10, 11, 12, 13]

   [travel] step 0: (71, 0)->(71, 1) map=(3, 21) (path 95 to exit)

   [travel] step 10: (70, 9)->(70, 10) map=(3, 21) (path 86 to exit)

   [travel] step 20: (62, 11)->(61, 11) map=(3, 21) (path 76 to exit)

   [travel] step 30: (56, 7)->(55, 7) map=(3, 21) (path 66 to exit)

   [travel] HEARTBEAT step=40 map=(3, 21) coords=(46, 7) elapsed=5s

   [travel] step 40: (46, 7)->(45, 7) map=(3, 21) (path 56 to exit)

   [travel] step 50: (38, 9)->(37, 9) map=(3, 21) (path 47 to exit)

   [travel] step 60: (32, 5)->(31, 5) map=(3, 21) (path 37 to exit)

   [travel] step 70: (22, 5)->(21, 5) map=(3, 21) (path 27 to exit)

   [travel] HEARTBEAT step=80 map=(3, 21) coords=(17, 10) elapsed=11s

   [travel] step 80: (17, 10)->(16, 10) map=(3, 21) (path 18 to exit)

   [travel] step 90: (7, 10)->(6, 10) map=(3, 21) (path 8 to exit)

   [travel] MAP TRANSITION (3, 21) -> (3, 2)

   [campaign]    [world] learned 7 warp(s) on (3, 2): (17, 6)->(6, 0), (25, 4)->(6, 0), (15, 16)->(6, 2), (28, 18)->(6, 3), (33, 11)->(6, 4), (17, 25)->(6, 5)

   [travel] west connection band rows: [0, 1, 2, 3, 4, 5, 6, 7, 8, 9, 10, 11, 12, 13, 14, 15, 16, 17, 18, 19, 20, 21, 22, 23, 24, 25, 26, 27, 28, 29, 30, 31, 32, 33, 34, 35, 36, 37, 38, 39]

   [travel] ARRIVED at target map (3, 2) coords=(47, 20)

   [kira-voice] ·dedup· (repeat text, T1, looping?) 'made it to a new area'

   [campaign]    [roam] RESULT: travel:3,2 -> arrived | pos (3, 21)(71, 0) -> (3, 2)(47, 20) (MOVED)

   [campaign]    [roam] standing objective complete (travel:3,2 -> arrived) — clearing it

   [campaign]    ⛰️  CAMPAIGN SAVE [new_area] -> campaign/kira_campaign.state  (map=(3, 2) coords=(47, 20) badges=1 party=3)

   [campaign]    [sanctity] bundle VALID (schema/encoding/truth/monotonic all clean)

   [campaign]    📌 AUTO-CHECKPOINT [gain-new_area] -> checkpoints/20260730_092009_pewter-city_1b_23h24m_gain-new-area  (4 bundle file(s))

   [campaign]    [world] learned 7 warp(s) on (3, 2): (17, 6)->(6, 0), (25, 4)->(6, 0), (15, 16)->(6, 2), (28, 18)->(6, 3), (33, 11)->(6, 4), (17, 25)->(6, 5)

   [campaign]    [roam] grass she KNOWS: routing east -> (3, 21) toward an unfamiliar area (visited grass, avoiding any wall)

   [campaign] -- ROAM TICK 41/100000000 --

   [campaign]    [roam] STATE IN: Pewter City (47, 20) | badges=1 (Boulder) | party=[wartortle L23, mankey L9, spearow L9] | 1 badge(s) earned (Boulder). Next gym: Misty of Cerulean City. Pokédex: 4 caught. She's one badge in — the adventure's really starting (of 8 badges, then the Elite Four).

   [campaign]    [roam] PROGRESS: GREEN (unchanged 0 ticks) | fp[(3, 2) (47,20) f3 -- badge1 $248 party:bdff bag:3e79]

   [campaign]    [roam] OPTIONS OFFERED: ['head_to_gym', 'battle', 'travel:3,1', 'travel:3,3', 'travel:3,5', 'travel:3,10']

   [campaign]    [roam] !! STRATEGY wall vs wild:Mt. Moon B1F:zubat: feeding loss-awareness to the oracle

   [campaign]    [soul] ORACLE decision: kind=action ctx={'place': 'You\'re in Pewter City — outdoors under open sky (a town with a Pokémon Center and a Mart; tall grass around — wild Pokémon live in it).. From here: SOUTH → Route 2 — wild Pokémon to catch/train; EAST → Route 3 — wild Pokémon to catch/train. Places you\'ve been with wild Pokémon you can walk back to: Route 4; Route 1; Viridian Forest. You can walk to anywhere you\'ve already been. Heads up: you have ZERO Poké Balls — you literally can\'t catch a teammate until you buy some at a Mart, so a Mart run has to come before any catching.. You just went down to the wild zubat (poison/flying-type around here) at Mt. Moon B1F — bit of bad luck. Shake it off; maybe heal up or pick your fights a little better. Your call.. HOW POKÉMON WORKS (what you\'re playing for): the GOAL is to earn 8 Gym Badges, beat the Elite Four, and roll the credits — that\'s beating the game. You build a TEAM of up to 6 Pokémon you like AND that cover each other (types/roles) — a solo carry with a dead-weight bench is a losing setup; a real trainer fields a balanced, levelled squad. CATCHING wild Pokémon is central (\'gotta catch \'em all\') — you catch to build that team and to fill the Pokédex. When you meet a wild Pokémon, weigh it: is it cool/strong/useful, does it cover a gap, is it better than a bench-warmer? — keep your best ~6, and build a squad you actually like. THE ARC: build a team -> beat the 8 gyms prepared -> Elite Four -> credits. ALSO NORMAL: you entered your own name (and your rival\'s) when the game began — people in this world knowing your names is ordinary, not a mystery to react to. RIGHT NOW your team is thin/lopsided (a strong lead but weak or too few others) — that\'s why tough trainers wall you. Building up a real squad (catch a good new teammate, level the weak ones) is how a prepared trainer gets past these. THE MAIN QUEST IS A FIXED PATH you\'re always on: beat the 8 Gym Leaders in order, then the Elite Four, then you win the game. You\'re on GYM 2 of 8 — next is Misty in Cerulean City. The road forward leads there: until you\'ve won you are ALWAYS making progress toward the next gym. Grinding/catching/detours are fine — but ONLY with a clear purpose, and then you GET BACK ON THE ROAD to Cerulean City. Never just circle the same grass. Word on the road about Misty: she runs WATER-types — a whole gym over a pool; grass and electric do the work YOUR STORY SO FAR (what you\'ve actually done — your past, not the future): You started in Pallet Town, crossed Route 1-2 and Viridian Forest, and beat Brock in Pewter City for the Boulder Badge. Now you\'re pushing on toward the next gym.. Next on my list: catch an abra around Route 24 / Route 25. It grows into my alakazam — that\'s my answer for Erika AND Koga down the line. Grabbing it now, before I need it.. THINGS YOU\'VE HEARD AND READ (from people and signs — your own notes, use them when they point somewhere): "What? I\'m waiting for my friends to find me here."; "POK. BALL, and you want 1. That will be .200. Okay?"; "POK. BALL? Certainly. How many would you like?". YOUR PLAN — right now: Train the team toward ~L8 (or catch one more teammate), THEN retry. Next: Build a team strong enough to beat the wild zubat at Mt. Moon B1F, then push on toward Cerulean City. Bigger picture: Reach Cerulean City, beat Misty for the Cascade Badge. Your team right now: wartortle (L23), mankey (L9), spearow (L9). Remember YOU are the one playing this — narrate your plan to chat in your own voice (first person: "I\'m grinding", "my team"), and never ask anyone what you\'re doing or who\'s on your team — you know.', 'progress': "1 badge(s) earned (Boulder). Next gym: Misty of Cerulean City. Pokédex: 4 caught. She's one badge in — the adventure's really starting (of 8 badges, then the Elite Four).", 'party': 'wartortle (L23), mankey (L9), spearow (L9)', 'goal': {'short': 'Train the team toward ~L8 (or catch one more teammate), THEN retry', 'medium': 'Build a team strong enough to beat the wild zubat at Mt. Moon B1F, then push on toward Cerulean City', 'long': 'Reach Cerulean City, beat Misty for the Cascade Badge'}} options=['head_to_gym', 'battle', 'travel:3,1', 'travel:3,3', 'travel:3,5', 'travel:3,10']

   [kira-voice] ORACLE kind=action options=['head_to_gym', 'battle', 'travel:3,1', 'travel:3,3', 'travel:3,5', 'travel:3,10'] -> pick='battle'

   [campaign]    [soul] ORACLE pick -> 'battle'

   [campaign]    [roam] DECISION THINK: 3689ms (world stayed live — pumped idle, not a freeze)

   [campaign]    [roam] PICK OUT: battle

   [campaign]    [roam] RATIONALE: Train the team toward ~L8 (or catch one more teammate), THEN retry — building up here with a purpose, then on to Cerulean City for Misty.

   [campaign]    [roam] grass she KNOWS: routing east -> (3, 21) toward an unfamiliar area (visited grass, avoiding any wall)

   [campaign]    [roam] no grass underfoot -> routing to grass route (3, 21) (east) first

   [Bridge] INPUT OWNER = 'agent' (sole writer; others dropped+logged)

   [travel] start map=(3, 2) coords=(47, 20) -> map (3, 21) (budget 300s)

   [travel] east connection band rows: [0, 1, 2, 3, 4, 5, 6, 7, 8, 9, 19, 20, 21, 22, 30, 31, 32, 33, 34, 35, 36, 37, 38, 39]

   [travel] step 0: (47, 20)->(0, 10) map=(3, 2) (path 2 to exit)

   [travel] MAP TRANSITION (3, 2) -> (3, 21)

   [travel] east connection band rows: [0, 1, 2, 3, 4, 5, 6, 7, 8, 9, 10, 11, 12, 13, 14, 15, 16, 17, 18, 19]

   [travel] ARRIVED at target map (3, 21) coords=(0, 10)

   [kira-voice] ·dedup· (repeat text, T1, looping?) 'made it to a new area'

   [campaign]    GRIND: Lv23 < 25 - heading to the grass to train

   [campaign]    GRIND: (3, 21) wilds ~L9 give near-0 XP toward L25 — standing down to route to a reachable higher-level spot

   [campaign]    [roam] RESULT: battle -> no_safe_grass | pos (3, 2)(47, 20) -> (3, 21)(0, 10) (MOVED)

   [campaign]    ⛰️  CAMPAIGN SAVE [new_area] -> campaign/kira_campaign.state  (map=(3, 21) coords=(0, 10) badges=1 party=3)

   [campaign]    [sanctity] bundle VALID (schema/encoding/truth/monotonic all clean)

   [campaign]    📌 AUTO-CHECKPOINT [gain-new_area] -> checkpoints/20260730_092014_route-3_1b_23h24m_gain-new-area  (4 bundle file(s))

   [campaign]    [roam] grass she KNOWS: routing north -> (3, 22) toward an unfamiliar area (visited grass, avoiding any wall)

   [campaign] -- ROAM TICK 42/100000000 --

   [campaign]    [roam] STATE IN: Route 3 (0, 10) | badges=1 (Boulder) | party=[wartortle L23, mankey L9, spearow L9] | 1 badge(s) earned (Boulder). Next gym: Misty of Cerulean City. Pokédex: 4 caught. She's one badge in — the adventure's really starting (of 8 badges, then the Elite Four).

   [campaign]    [roam] PROGRESS: GREEN (unchanged 0 ticks) | fp[(3, 21) (0,10) f4 -- badge1 $248 party:bdff bag:3e79]

   [campaign]    [roam] OPTIONS OFFERED: ['head_to_gym', 'battle', 'travel:3,2', 'travel:3,3', 'travel:3,1', 'travel:3,5', 'travel:3,26']

   [campaign]    [roam] !! STRATEGY wall vs wild:Mt. Moon B1F:zubat: feeding loss-awareness to the oracle

   [campaign]    [soul] ORACLE decision: kind=action ctx={'place': 'You\'re on Route 3 — outdoors under open sky (an open route; tall grass around — wild Pokémon live in it).. From here: NORTH → Route 4 — wild Pokémon to catch/train, a Pokémon Center; WEST → Pewter City — a Mart, a Pokémon Center. Places you\'ve been with wild Pokémon you can walk back to: Route 2; an unfamiliar area; an unfamiliar area. You can walk to anywhere you\'ve already been. Heads up: you have ZERO Poké Balls — you literally can\'t catch a teammate until you buy some at a Mart, so a Mart run has to come before any catching.. You just went down to the wild zubat (poison/flying-type around here) at Mt. Moon B1F — bit of bad luck. Shake it off; maybe heal up or pick your fights a little better. Your call.. HOW POKÉMON WORKS (what you\'re playing for): the GOAL is to earn 8 Gym Badges, beat the Elite Four, and roll the credits — that\'s beating the game. You build a TEAM of up to 6 Pokémon you like AND that cover each other (types/roles) — a solo carry with a dead-weight bench is a losing setup; a real trainer fields a balanced, levelled squad. CATCHING wild Pokémon is central (\'gotta catch \'em all\') — you catch to build that team and to fill the Pokédex. When you meet a wild Pokémon, weigh it: is it cool/strong/useful, does it cover a gap, is it better than a bench-warmer? — keep your best ~6, and build a squad you actually like. THE ARC: build a team -> beat the 8 gyms prepared -> Elite Four -> credits. ALSO NORMAL: you entered your own name (and your rival\'s) when the game began — people in this world knowing your names is ordinary, not a mystery to react to. RIGHT NOW your team is thin/lopsided (a strong lead but weak or too few others) — that\'s why tough trainers wall you. Building up a real squad (catch a good new teammate, level the weak ones) is how a prepared trainer gets past these. THE MAIN QUEST IS A FIXED PATH you\'re always on: beat the 8 Gym Leaders in order, then the Elite Four, then you win the game. You\'re on GYM 2 of 8 — next is Misty in Cerulean City. The road forward leads there: until you\'ve won you are ALWAYS making progress toward the next gym. Grinding/catching/detours are fine — but ONLY with a clear purpose, and then you GET BACK ON THE ROAD to Cerulean City. Never just circle the same grass. Word on the road about Misty: she runs WATER-types — a whole gym over a pool; grass and electric do the work YOUR STORY SO FAR (what you\'ve actually done — your past, not the future): You started in Pallet Town, crossed Route 1-2 and Viridian Forest, and beat Brock in Pewter City for the Boulder Badge. Now you\'re pushing on toward the next gym.. Next on my list: catch an abra around Route 24 / Route 25. It grows into my alakazam — that\'s my answer for Erika AND Koga down the line. Grabbing it now, before I need it.. THINGS YOU\'VE HEARD AND READ (from people and signs — your own notes, use them when they point somewhere): "What? I\'m waiting for my friends to find me here."; "POK. BALL, and you want 1. That will be .200. Okay?"; "POK. BALL? Certainly. How many would you like?". YOUR PLAN — right now: Train the team toward ~L8 (or catch one more teammate), THEN retry. Next: Build a team strong enough to beat the wild zubat at Mt. Moon B1F, then push on toward Cerulean City. Bigger picture: Reach Cerulean City, beat Misty for the Cascade Badge. Your team right now: wartortle (L23), mankey (L9), spearow (L9). Remember YOU are the one playing this — narrate your plan to chat in your own voice (first person: "I\'m grinding", "my team"), and never ask anyone what you\'re doing or who\'s on your team — you know.', 'progress': "1 badge(s) earned (Boulder). Next gym: Misty of Cerulean City. Pokédex: 4 caught. She's one badge in — the adventure's really starting (of 8 badges, then the Elite Four).", 'party': 'wartortle (L23), mankey (L9), spearow (L9)', 'goal': {'short': 'Train the team toward ~L8 (or catch one more teammate), THEN retry', 'medium': 'Build a team strong enough to beat the wild zubat at Mt. Moon B1F, then push on toward Cerulean City', 'long': 'Reach Cerulean City, beat Misty for the Cascade Badge'}} options=['head_to_gym', 'battle', 'travel:3,2', 'travel:3,3', 'travel:3,1', 'travel:3,5', 'travel:3,26']

   [kira-voice] ORACLE kind=action options=['head_to_gym', 'battle', 'travel:3,2', 'travel:3,3', 'travel:3,1', 'travel:3,5', 'travel:3,26'] -> pick='travel:3,2'

   [campaign]    [soul] ORACLE pick -> 'travel:3,2'

   [campaign]    [roam] DECISION THINK: 2891ms (world stayed live — pumped idle, not a freeze)

   [campaign]    [roam] PICK OUT: travel:3,2

   [campaign]    [roam] RATIONALE: Routing to a place I need then on to Cerulean City for Misty.

   [campaign]    [roam] TRAVEL: Route 3 -> Pewter City (next hop west -> Pewter City)

   [Bridge] INPUT OWNER = 'agent' (sole writer; others dropped+logged)

   [travel] start map=(3, 21) coords=(0, 10) -> map (3, 2) (budget 300s)

   [travel] west connection band rows: [10, 11, 12, 13]

   [travel] MAP TRANSITION (3, 21) -> (3, 2)

   [campaign]    [world] learned 7 warp(s) on (3, 2): (17, 6)->(6, 0), (25, 4)->(6, 0), (15, 16)->(6, 2), (28, 18)->(6, 3), (33, 11)->(6, 4), (17, 25)->(6, 5)

   [travel] west connection band rows: [0, 1, 2, 3, 4, 5, 6, 7, 8, 9, 10, 11, 12, 13, 14, 15, 16, 17, 18, 19, 20, 21, 22, 23, 24, 25, 26, 27, 28, 29, 30, 31, 32, 33, 34, 35, 36, 37, 38, 39]

   [travel] ARRIVED at target map (3, 2) coords=(47, 20)

   [kira-voice] ·dedup· (repeat text, T1, looping?) 'made it to a new area'

   [campaign]    [roam] RESULT: travel:3,2 -> arrived | pos (3, 21)(0, 10) -> (3, 2)(47, 20) (MOVED)

   [campaign]    [roam] standing objective complete (travel:3,2 -> arrived) — clearing it

   [campaign]    ⛰️  CAMPAIGN SAVE [new_area] -> campaign/kira_campaign.state  (map=(3, 2) coords=(47, 20) badges=1 party=3)

   [campaign]    [sanctity] bundle VALID (schema/encoding/truth/monotonic all clean)

   [campaign]    📌 AUTO-CHECKPOINT [gain-new_area] -> checkpoints/20260730_092018_pewter-city_1b_23h25m_gain-new-area  (4 bundle file(s))

   [campaign]    [world] learned 7 warp(s) on (3, 2): (17, 6)->(6, 0), (25, 4)->(6, 0), (15, 16)->(6, 2), (28, 18)->(6, 3), (33, 11)->(6, 4), (17, 25)->(6, 5)

   [campaign]    [roam] grass she KNOWS: routing east -> (3, 21) toward an unfamiliar area (visited grass, avoiding any wall)

   [campaign] -- ROAM TICK 43/100000000 --

   [campaign]    [roam] STATE IN: Pewter City (47, 20) | badges=1 (Boulder) | party=[wartortle L23, mankey L9, spearow L9] | 1 badge(s) earned (Boulder). Next gym: Misty of Cerulean City. Pokédex: 4 caught. She's one badge in — the adventure's really starting (of 8 badges, then the Elite Four).

   [campaign]    [roam] PROGRESS: GREEN (unchanged 0 ticks) | fp[(3, 2) (47,20) f3 -- badge1 $248 party:bdff bag:3e79]

   [campaign]    [roam] OPTIONS OFFERED: ['head_to_gym', 'battle', 'travel:3,1', 'travel:3,3', 'travel:3,5', 'travel:3,10']

   [campaign]    [soul] surface_want FIRE -> Pewter City

   [campaign]    [soul] ORACLE decision: kind=want ctx={'place': "You're in Pewter City — outdoors under open sky (a town with a Pokémon Center and a Mart; tall grass around — wild Pokémon live in it).. ALREADY BESIDE YOU — your current team: wartortle (L23), mankey (L9), spearow (L9). A want is something you DON'T yet have; never wish for a teammate who's already on your team.", 'map': (3, 2), 'badges': ['Boulder'], 'progress': "1 badge(s) earned (Boulder). Next gym: Misty of Cerulean City. Pokédex: 4 caught. She's one badge in — the adventure's really starting (of 8 badges, then the Elite Four).", 'party': 'wartortle (L23), mankey (L9), spearow (L9)', 'goal': {'short': 'Train the team toward ~L8 (or catch one more teammate), THEN retry', 'medium': 'Build a team strong enough to beat the wild zubat at Mt. Moon B1F, then push on toward Cerulean City', 'long': 'Reach Cerulean City, beat Misty for the Cascade Badge'}} options=['eevee', 'fossil', 'starters', 'rare', 'legendaries']

   [kira-voice] ORACLE kind=want options=['eevee', 'fossil', 'starters', 'rare', 'legendaries'] -> pick='get Mankey and Spearow to level 15 before Mt. Moon'

   [campaign]    [soul] ORACLE pick -> 'get Mankey and Spearow to level 15 before Mt. Moon'

   [soul] !! UNGROUNDED WANT (F-8): 'get Mankey and Spearow to level 15 before Mt. Moon' names ['mankey', 'spearow'] already on the team — the grounded ask didn't take (flagged for the descent grade; her words kept)

   [campaign]    [roam] !! STRATEGY wall vs wild:Mt. Moon B1F:zubat: feeding loss-awareness to the oracle

   [campaign]    [soul] ORACLE decision: kind=action ctx={'place': 'You\'re in Pewter City — outdoors under open sky (a town with a Pokémon Center and a Mart; tall grass around — wild Pokémon live in it).. From here: SOUTH → Route 2 — wild Pokémon to catch/train; EAST → Route 3 — wild Pokémon to catch/train. Places you\'ve been with wild Pokémon you can walk back to: Route 4; Route 1; Viridian Forest. You can walk to anywhere you\'ve already been. Heads up: you have ZERO Poké Balls — you literally can\'t catch a teammate until you buy some at a Mart, so a Mart run has to come before any catching.. You just went down to the wild zubat (poison/flying-type around here) at Mt. Moon B1F — bit of bad luck. Shake it off; maybe heal up or pick your fights a little better. Your call.. HOW POKÉMON WORKS (what you\'re playing for): the GOAL is to earn 8 Gym Badges, beat the Elite Four, and roll the credits — that\'s beating the game. You build a TEAM of up to 6 Pokémon you like AND that cover each other (types/roles) — a solo carry with a dead-weight bench is a losing setup; a real trainer fields a balanced, levelled squad. CATCHING wild Pokémon is central (\'gotta catch \'em all\') — you catch to build that team and to fill the Pokédex. When you meet a wild Pokémon, weigh it: is it cool/strong/useful, does it cover a gap, is it better than a bench-warmer? — keep your best ~6, and build a squad you actually like. THE ARC: build a team -> beat the 8 gyms prepared -> Elite Four -> credits. ALSO NORMAL: you entered your own name (and your rival\'s) when the game began — people in this world knowing your names is ordinary, not a mystery to react to. RIGHT NOW your team is thin/lopsided (a strong lead but weak or too few others) — that\'s why tough trainers wall you. Building up a real squad (catch a good new teammate, level the weak ones) is how a prepared trainer gets past these. THE MAIN QUEST IS A FIXED PATH you\'re always on: beat the 8 Gym Leaders in order, then the Elite Four, then you win the game. You\'re on GYM 2 of 8 — next is Misty in Cerulean City. The road forward leads there: until you\'ve won you are ALWAYS making progress toward the next gym. Grinding/catching/detours are fine — but ONLY with a clear purpose, and then you GET BACK ON THE ROAD to Cerulean City. Never just circle the same grass. Word on the road about Misty: she runs WATER-types — a whole gym over a pool; grass and electric do the work YOUR STORY SO FAR (what you\'ve actually done — your past, not the future): You started in Pallet Town, crossed Route 1-2 and Viridian Forest, and beat Brock in Pewter City for the Boulder Badge. Now you\'re pushing on toward the next gym.. Next on my list: catch an abra around Route 24 / Route 25. It grows into my alakazam — that\'s my answer for Erika AND Koga down the line. Grabbing it now, before I need it.. THINGS YOU\'VE HEARD AND READ (from people and signs — your own notes, use them when they point somewhere): "What? I\'m waiting for my friends to find me here."; "POK. BALL, and you want 1. That will be .200. Okay?"; "POK. BALL? Certainly. How many would you like?". YOUR PLAN — right now: Train the team toward ~L8 (or catch one more teammate), THEN retry. Next: Build a team strong enough to beat the wild zubat at Mt. Moon B1F, then push on toward Cerulean City. Bigger picture: Reach Cerulean City, beat Misty for the Cascade Badge. Your team right now: wartortle (L23), mankey (L9), spearow (L9). Remember YOU are the one playing this — narrate your plan to chat in your own voice (first person: "I\'m grinding", "my team"), and never ask anyone what you\'re doing or who\'s on your team — you know.', 'progress': "1 badge(s) earned (Boulder). Next gym: Misty of Cerulean City. Pokédex: 4 caught. She's one badge in — the adventure's really starting (of 8 badges, then the Elite Four).", 'party': 'wartortle (L23), mankey (L9), spearow (L9)', 'goal': {'short': 'Train the team toward ~L8 (or catch one more teammate), THEN retry', 'medium': 'Build a team strong enough to beat the wild zubat at Mt. Moon B1F, then push on toward Cerulean City', 'long': 'Reach Cerulean City, beat Misty for the Cascade Badge'}} options=['head_to_gym', 'battle', 'travel:3,1', 'travel:3,3', 'travel:3,5', 'travel:3,10']

   [kira-voice] -> T2·savor· (want) 'get Mankey and Spearow to level 15 before Mt. Moon'  fired=True  [age 0.0s + post 2ms]

   [kira-voice] ORACLE kind=action options=['head_to_gym', 'battle', 'travel:3,1', 'travel:3,3', 'travel:3,5', 'travel:3,10'] -> pick='battle'

   [campaign]    [soul] ORACLE pick -> 'battle'

   [campaign]    [roam] DECISION THINK: 4301ms (world stayed live — pumped idle, not a freeze)

   [campaign]    [roam] PICK OUT: battle

   [campaign]    [roam] RATIONALE: Train the team toward ~L8 (or catch one more teammate), THEN retry — building up here with a purpose, then on to Cerulean City for Misty.

   [campaign]    [roam] grass she KNOWS: routing east -> (3, 21) toward an unfamiliar area (visited grass, avoiding any wall)

   [campaign]    [roam] no grass underfoot -> routing to grass route (3, 21) (east) first

   [Bridge] INPUT OWNER = 'agent' (sole writer; others dropped+logged)

   [travel] start map=(3, 2) coords=(47, 20) -> map (3, 21) (budget 300s)

   [travel] east connection band rows: [0, 1, 2, 3, 4, 5, 6, 7, 8, 9, 19, 20, 21, 22, 30, 31, 32, 33, 34, 35, 36, 37, 38, 39]

   [campaign]    [roam] !!!! WATCHDOG TRIPPED (frozen_world): nothing on screen has meaningfully changed for 13.1s at (3, 2)@(47, 20) — latching a top-level disengage (catches a sub-layer wedge the per-tick ledger can't see). LOUD

   [travel] step 0: (47, 20)->(0, 10) map=(3, 2) (path 2 to exit)

   [travel] !! WATCHDOG disengage requested — bailing this leg LOUD

   [campaign]    [roam] grass route (3, 21) UNREACHABLE from (3, 2) (stuck) — remembered; next tick tries a different grass

   [campaign]    [roam] RESULT: battle -> to_grass:stuck | pos (3, 2)(47, 20) -> (3, 21)(0, 10) (MOVED)

   [campaign]    ⛰️  CAMPAIGN SAVE [new_area] -> campaign/kira_campaign.state  (map=(3, 21) coords=(0, 10) badges=1 party=3)

   [campaign]    [sanctity] bundle VALID (schema/encoding/truth/monotonic all clean)

   [campaign]    📌 AUTO-CHECKPOINT [gain-new_area] -> checkpoints/20260730_092027_route-3_1b_23h25m_gain-new-area  (4 bundle file(s))

   [campaign]    [roam] PREP RE-ARM: usable grass reachable on (3, 21) — clearing the stale stand-down so the bench-leveling machinery re-arms here

   [campaign]    [roam] grass she KNOWS: routing north -> (3, 22) toward an unfamiliar area (visited grass, avoiding any wall)

   [campaign] -- ROAM TICK 44/100000000 --

   [campaign]    [roam] STATE IN: Route 3 (0, 10) | badges=1 (Boulder) | party=[wartortle L23, mankey L9, spearow L9] | 1 badge(s) earned (Boulder). Next gym: Misty of Cerulean City. Pokédex: 4 caught. She's one badge in — the adventure's really starting (of 8 badges, then the Elite Four).

   [campaign]    [roam] PROGRESS: GREEN (unchanged 0 ticks) | fp[(3, 21) (0,10) f4 -- badge1 $248 party:bdff bag:3e79]

   [campaign]    [roam] !!!! WATCHDOG DISENGAGE #1 at (3, 2)@(47, 20) (reason=frozen_world, frozen 13.1s) — top-level recovery, sub-layer-agnostic

   [campaign]    [roam] wedge spot: blocking (48, 20) on (3, 2) (route around it) + marking (47, 20) a resolved talk-spot — unified block memory now 2 tile(s)

   [kira-voice] -> T2·savor· (recover) "I've been stuck on the same spot going nowhere — backing off and trying something different."  fired=True  [age 0.0s + post 20ms]

   [campaign]    [roam] grass she KNOWS: routing north -> (3, 22) toward an unfamiliar area (visited grass, avoiding any wall)

   [campaign] -- ROAM TICK 45/100000000 --

   [campaign]    [roam] STATE IN: Route 3 (0, 10) | badges=1 (Boulder) | party=[wartortle L23, mankey L9, spearow L9] | 1 badge(s) earned (Boulder). Next gym: Misty of Cerulean City. Pokédex: 4 caught. She's one badge in — the adventure's really starting (of 8 badges, then the Elite Four).

   [campaign]    [roam] PROGRESS: GREEN (unchanged 1 ticks) | fp[(3, 21) (0,10) f4 -- badge1 $248 party:bdff bag:3e79]

   [campaign]    [roam] OPTIONS OFFERED: ['head_to_gym', 'battle', 'travel:3,2', 'travel:3,3', 'travel:3,1', 'travel:3,5', 'travel:3,26']

   [campaign]    [roam] !! STRATEGY wall vs wild:Mt. Moon B1F:zubat: feeding loss-awareness to the oracle

   [campaign]    [soul] ORACLE decision: kind=action ctx={'place': 'You\'re on Route 3 — outdoors under open sky (an open route; tall grass around — wild Pokémon live in it).. From here: NORTH → Route 4 — wild Pokémon to catch/train, a Pokémon Center; WEST → Pewter City — a Mart, a Pokémon Center. Places you\'ve been with wild Pokémon you can walk back to: Route 2; an unfamiliar area; an unfamiliar area. You can walk to anywhere you\'ve already been. Heads up: you have ZERO Poké Balls — you literally can\'t catch a teammate until you buy some at a Mart, so a Mart run has to come before any catching.. You just went down to the wild zubat (poison/flying-type around here) at Mt. Moon B1F — bit of bad luck. Shake it off; maybe heal up or pick your fights a little better. Your call.. HOW POKÉMON WORKS (what you\'re playing for): the GOAL is to earn 8 Gym Badges, beat the Elite Four, and roll the credits — that\'s beating the game. You build a TEAM of up to 6 Pokémon you like AND that cover each other (types/roles) — a solo carry with a dead-weight bench is a losing setup; a real trainer fields a balanced, levelled squad. CATCHING wild Pokémon is central (\'gotta catch \'em all\') — you catch to build that team and to fill the Pokédex. When you meet a wild Pokémon, weigh it: is it cool/strong/useful, does it cover a gap, is it better than a bench-warmer? — keep your best ~6, and build a squad you actually like. THE ARC: build a team -> beat the 8 gyms prepared -> Elite Four -> credits. ALSO NORMAL: you entered your own name (and your rival\'s) when the game began — people in this world knowing your names is ordinary, not a mystery to react to. RIGHT NOW your team is thin/lopsided (a strong lead but weak or too few others) — that\'s why tough trainers wall you. Building up a real squad (catch a good new teammate, level the weak ones) is how a prepared trainer gets past these. THE MAIN QUEST IS A FIXED PATH you\'re always on: beat the 8 Gym Leaders in order, then the Elite Four, then you win the game. You\'re on GYM 2 of 8 — next is Misty in Cerulean City. The road forward leads there: until you\'ve won you are ALWAYS making progress toward the next gym. Grinding/catching/detours are fine — but ONLY with a clear purpose, and then you GET BACK ON THE ROAD to Cerulean City. Never just circle the same grass. Word on the road about Misty: she runs WATER-types — a whole gym over a pool; grass and electric do the work YOUR STORY SO FAR (what you\'ve actually done — your past, not the future): You started in Pallet Town, crossed Route 1-2 and Viridian Forest, and beat Brock in Pewter City for the Boulder Badge. Now you\'re pushing on toward the next gym.. Next on my list: catch an abra around Route 24 / Route 25. It grows into my alakazam — that\'s my answer for Erika AND Koga down the line. Grabbing it now, before I need it.. THINGS YOU\'VE HEARD AND READ (from people and signs — your own notes, use them when they point somewhere): "What? I\'m waiting for my friends to find me here."; "POK. BALL, and you want 1. That will be .200. Okay?"; "POK. BALL? Certainly. How many would you like?". YOUR PLAN — right now: Train the team toward ~L8 (or catch one more teammate), THEN retry. Next: Build a team strong enough to beat the wild zubat at Mt. Moon B1F, then push on toward Cerulean City. Bigger picture: Reach Cerulean City, beat Misty for the Cascade Badge. Your team right now: wartortle (L23), mankey (L9), spearow (L9). Remember YOU are the one playing this — narrate your plan to chat in your own voice (first person: "I\'m grinding", "my team"), and never ask anyone what you\'re doing or who\'s on your team — you know.', 'progress': "1 badge(s) earned (Boulder). Next gym: Misty of Cerulean City. Pokédex: 4 caught. She's one badge in — the adventure's really starting (of 8 badges, then the Elite Four).", 'party': 'wartortle (L23), mankey (L9), spearow (L9)', 'goal': {'short': 'Train the team toward ~L8 (or catch one more teammate), THEN retry', 'medium': 'Build a team strong enough to beat the wild zubat at Mt. Moon B1F, then push on toward Cerulean City', 'long': 'Reach Cerulean City, beat Misty for the Cascade Badge'}} options=['head_to_gym', 'battle', 'travel:3,2', 'travel:3,3', 'travel:3,1', 'travel:3,5', 'travel:3,26']

   [kira-voice] ORACLE kind=action options=['head_to_gym', 'battle', 'travel:3,2', 'travel:3,3', 'travel:3,1', 'travel:3,5', 'travel:3,26'] -> pick='battle'

   [campaign]    [soul] ORACLE pick -> 'battle'

   [campaign]    [roam] DECISION THINK: 2505ms (world stayed live — pumped idle, not a freeze)

   [campaign]    [roam] PICK OUT: battle

   [campaign]    [roam] RATIONALE: Train the team toward ~L8 (or catch one more teammate), THEN retry — building up here with a purpose, then on to Cerulean City for Misty.

   [campaign]    [roam] grass she KNOWS: routing north -> (3, 22) toward an unfamiliar area (visited grass, avoiding any wall)

   [campaign]    [roam] no grass underfoot -> routing to grass route (3, 22) (north) first

   [Bridge] INPUT OWNER = 'agent' (sole writer; others dropped+logged)

   [travel] start map=(3, 21) coords=(0, 10) -> map (3, 22) (budget 300s)

   [travel] north connection band cols: [0, 1, 2, 3, 4, 5, 6, 7, 8, 9, 10, 11, 12, 13, 14, 15, 16, 17, 18, 19, 20, 21, 22, 23, 24, 25, 26, 27, 28, 29, 30, 31, 32, 33, 34, 35, 36, 37, 38, 39, 40, 41, 42, 43, 44, 45, 46, 47, 48, 49, 50, 51, 52, 53, 54, 55, 56, 57, 58, 59, 68, 69, 70, 71, 72, 73, 74, 75]

   [pkmn-audio-child] parent closed the pipe (EOF) � clean shutdown.

   [pkmn-audio-child] stopped after 46923 frames.

   [pkmn-audio] stopped (isolated); audio child closed; frame-stepping restored.



================================================================

   PLAY-LIVE RESULT: window-closed

   final: map=(3, 21) coords=(0, 10)  badge=True

   [kira-voice] === 66 fired, 51 gated (0 failed) | by tier: T3=0 T2=27 T1=39 (incl ambient trickle) ===

================================================================

