   [campaign]    [soul] ORACLE decision: kind=action ctx={'place': 'You\'re on Route 4 — outdoors under open sky (a town with a Pokémon Center; tall grass around — wild Pokémon live in it).. From here: SOUTH → Route 3 — wild Pokémon to catch/train; EAST → Cerulean City — a Mart, a Pokémon Center. Places you\'ve been with wild Pokémon you can walk back to: Route 24; an unfamiliar area; Route 2. You can walk to anywhere you\'ve already been.. You keep trying to talk npc but the world hasn\'t changed in 3 turns - it went \'no_npc\', and you don\'t seem to be getting anywhere.. HOW POKÉMON WORKS (what you\'re playing for): the GOAL is to earn 8 Gym Badges, beat the Elite Four, and roll the credits — that\'s beating the game. You build a TEAM of up to 6 Pokémon you like AND that cover each other (types/roles) — a solo carry with a dead-weight bench is a losing setup; a real trainer fields a balanced, levelled squad. CATCHING wild Pokémon is central (\'gotta catch \'em all\') — you catch to build that team and to fill the Pokédex. When you meet a wild Pokémon, weigh it: is it cool/strong/useful, does it cover a gap, is it better than a bench-warmer? — keep your best ~6, and build a squad you actually like. THE ARC: build a team -> beat the 8 gyms prepared -> Elite Four -> credits. ALSO NORMAL: you entered your own name (and your rival\'s) when the game began — people in this world knowing your names is ordinary, not a mystery to react to. RIGHT NOW your team is thin/lopsided (a strong lead but weak or too few others) — that\'s why tough trainers wall you. Building up a real squad (catch a good new teammate, level the weak ones) is how a prepared trainer gets past these. THE MAIN QUEST IS A FIXED PATH you\'re always on: beat the 8 Gym Leaders in order, then the Elite Four, then you win the game. You\'re on GYM 3 of 8 — next is Lt. Surge in Vermilion City. The road forward leads there: until you\'ve won you are ALWAYS making progress toward the next gym. Grinding/catching/detours are fine — but ONLY with a clear purpose, and then you GET BACK ON THE ROAD to Vermilion City. Never just circle the same grass. Word on the road about Lt. Surge: the lightning American — ELECTRIC-types; ground moves shut his whole act down YOUR STORY SO FAR (what you\'ve actually done — your past, not the future): You started in Pallet Town, beat Brock in Pewter (Boulder Badge), fought up Route 3 and through the Mt. Moon cave — a real maze you nearly got lost in — reached Cerulean City, and beat Misty for the Cascade Badge. Now you\'re after your third gym.. Next on my list: catch an pikachu around Viridian Forest (rare) / Power Plant later. It grows into my raichu — that\'s my answer for Lorelei AND Lance down the line. Grabbing it now, before I need it.. THINGS YOU\'VE HEARD AND READ (from people and signs — your own notes, use them when they point somewhere): "Why don\'t you go upstairs and try trading POK.MON with your friends? You could get a lot more variety by trading. The POK.MON you get in trades grow quickly, to"; "Why don\'t you go upstairs and try trading POK.MON with your friends? You could get a lot more variety by trading. The POK.MON you get in trades grow quickly, to"; "TM03 teaches WATER PULSE. Use it on an aquatic POK.MON!"; "KIRA put the TM03 in the TM CASE.". YOUR PLAN — right now: You\'re ready — stop grinding and head to Vermilion City for the Thunder Badge. Next: You CRUSHED that last gym — ride the momentum, go straight for Lt. Surge in Vermilion City; the trainers on the way are your training. Bigger picture: Reach Vermilion City, beat Lt. Surge for the Thunder Badge. Your team right now: wartortle (L30), caterpie the butterfree (L10), rattata (L13), spearow (L14), abra (L13), ekans (L13). Remember YOU are the one playing this — narrate your plan to chat in your own voice (first person: "I\'m grinding", "my team"), and never ask anyone what you\'re doing or who\'s on your team — you know.. HEADS UP — you just chose \'talk_npc\' and NOTHING changed (same spot, no progress). Repeating it again will do the same nothing. Pick a DIFFERENT action this time and break the loop.', 'progress': "2 badge(s) earned (Boulder, Cascade). Next gym: Lt. Surge of Vermilion City. Pokédex: 9 caught. She's two badges down, a quarter of the way (of 8 badges, then the Elite Four).", 'party': 'wartortle (L30), caterpie the butterfree (L10), rattata (L13), spearow (L14), abra (L13), ekans (L13)', 'goal': {'short': "You're ready — stop grinding and head to Vermilion City for the Thunder Badge", 'medium': 'You CRUSHED that last gym — ride the momentum, go straight for Lt. Surge in Vermilion City; the trainers on the way are your training', 'long': 'Reach Vermilion City, beat Lt. Surge for the Thunder Badge'}} options=['talk_npc']

   [kira-voice] ORACLE kind=action options=['talk_npc'] -> pick='talk_npc'

   [campaign]    [soul] ORACLE pick -> 'talk_npc'

   [campaign]    [roam] DECISION THINK: 2647ms (world stayed live — pumped idle, not a freeze)

   [campaign]    [roam] PICK OUT: talk_npc  <- her RECOVERY move (YELLOW)

   [campaign]    [roam] RATIONALE: Checking in with a local, then then on to Vermilion City for Lt. Surge.

   [campaign]    TALK: no reachable un-talked NPC here

   [campaign]    [roam] RESULT: talk_npc -> no_npc | pos (3, 22)(107, 12) -> (3, 22)(107, 12) (NO MOVEMENT)

   [campaign]    [world] learned 3 warp(s) on (3, 22): (19, 5)->(1, 1), (32, 5)->(1, 2), (12, 5)->(16, 0)

   [campaign]    [roam] GYM-READINESS FLOOR: SPARED head_to_gym — 🔥 MOMENTUM (decisive last win; march at Lt. Surge, train on the road)

   [campaign]    [roam] !! retiring bench pin L16 — gym is GO now

   [campaign]    [roam] !! MOMENTUM → GO HARD: forced head_to_gym (Lt. Surge); pruned ['battle', 'travel:3,20', 'travel:3,21', 'travel:3,26', 'travel:3,27', 'travel:3,43', 'wander_catch']; oracle SKIPPED this tick

   [campaign]    [roam] !! STRUCTURAL DEAD-ROUTE: ['head_to_gym'] proven dead on this map — pruned until she leaves it (or a questline arms); remaining: ['talk_npc']

   [campaign] -- ROAM TICK 8/100000000 --

   [campaign]    [roam] STATE IN: Route 4 (107, 12) | badges=2 (Boulder, Cascade) | party=[wartortle L30, butterfree L10, rattata L13, spearow L14, abra L13, ekans L13] | 2 badge(s) earned (Boulder, Cascade). Next gym: Lt. Surge of Vermilion City. Pokédex: 9 caught. She's two badges down, a quarter of the way (of 8 badges, then the Elite Four).

   [campaign]    [roam] PROGRESS: YELLOW (unchanged 4 ticks) | fp[(3, 22) (107,12) f3 -- badge2 $456 party:7ef4 bag:7e57]

   [campaign]    [roam] OPTIONS OFFERED: ['talk_npc']

   [campaign]    [roam] !! MACRO YELLOW: no progress 4 ticks — feeding awareness back to the oracle: "You keep trying to talk npc but the world hasn't changed in 4 turns - it went 'no_npc', and you don't seem to be getting anywhere."

   [campaign]    [roam] !! REPEAT-NO-PROGRESS: 'talk_npc' repeated with a stuck fingerprint — nudging a different action

   [campaign]    [soul] ORACLE decision: kind=action ctx={'place': 'You\'re on Route 4 — outdoors under open sky (a town with a Pokémon Center; tall grass around — wild Pokémon live in it).. From here: SOUTH → Route 3 — wild Pokémon to catch/train; EAST → Cerulean City — a Mart, a Pokémon Center. Places you\'ve been with wild Pokémon you can walk back to: Route 24; an unfamiliar area; Route 2. You can walk to anywhere you\'ve already been.. You keep trying to talk npc but the world hasn\'t changed in 4 turns - it went \'no_npc\', and you don\'t seem to be getting anywhere.. HOW POKÉMON WORKS (what you\'re playing for): the GOAL is to earn 8 Gym Badges, beat the Elite Four, and roll the credits — that\'s beating the game. You build a TEAM of up to 6 Pokémon you like AND that cover each other (types/roles) — a solo carry with a dead-weight bench is a losing setup; a real trainer fields a balanced, levelled squad. CATCHING wild Pokémon is central (\'gotta catch \'em all\') — you catch to build that team and to fill the Pokédex. When you meet a wild Pokémon, weigh it: is it cool/strong/useful, does it cover a gap, is it better than a bench-warmer? — keep your best ~6, and build a squad you actually like. THE ARC: build a team -> beat the 8 gyms prepared -> Elite Four -> credits. ALSO NORMAL: you entered your own name (and your rival\'s) when the game began — people in this world knowing your names is ordinary, not a mystery to react to. RIGHT NOW your team is thin/lopsided (a strong lead but weak or too few others) — that\'s why tough trainers wall you. Building up a real squad (catch a good new teammate, level the weak ones) is how a prepared trainer gets past these. THE MAIN QUEST IS A FIXED PATH you\'re always on: beat the 8 Gym Leaders in order, then the Elite Four, then you win the game. You\'re on GYM 3 of 8 — next is Lt. Surge in Vermilion City. The road forward leads there: until you\'ve won you are ALWAYS making progress toward the next gym. Grinding/catching/detours are fine — but ONLY with a clear purpose, and then you GET BACK ON THE ROAD to Vermilion City. Never just circle the same grass. Word on the road about Lt. Surge: the lightning American — ELECTRIC-types; ground moves shut his whole act down YOUR STORY SO FAR (what you\'ve actually done — your past, not the future): You started in Pallet Town, beat Brock in Pewter (Boulder Badge), fought up Route 3 and through the Mt. Moon cave — a real maze you nearly got lost in — reached Cerulean City, and beat Misty for the Cascade Badge. Now you\'re after your third gym.. Next on my list: catch an pikachu around Viridian Forest (rare) / Power Plant later. It grows into my raichu — that\'s my answer for Lorelei AND Lance down the line. Grabbing it now, before I need it.. THINGS YOU\'VE HEARD AND READ (from people and signs — your own notes, use them when they point somewhere): "Why don\'t you go upstairs and try trading POK.MON with your friends? You could get a lot more variety by trading. The POK.MON you get in trades grow quickly, to"; "Why don\'t you go upstairs and try trading POK.MON with your friends? You could get a lot more variety by trading. The POK.MON you get in trades grow quickly, to"; "TM03 teaches WATER PULSE. Use it on an aquatic POK.MON!"; "KIRA put the TM03 in the TM CASE.". YOUR PLAN — right now: You\'re ready — stop grinding and head to Vermilion City for the Thunder Badge. Next: You CRUSHED that last gym — ride the momentum, go straight for Lt. Surge in Vermilion City; the trainers on the way are your training. Bigger picture: Reach Vermilion City, beat Lt. Surge for the Thunder Badge. Your team right now: wartortle (L30), caterpie the butterfree (L10), rattata (L13), spearow (L14), abra (L13), ekans (L13). Remember YOU are the one playing this — narrate your plan to chat in your own voice (first person: "I\'m grinding", "my team"), and never ask anyone what you\'re doing or who\'s on your team — you know.. HEADS UP — you just chose \'talk_npc\' and NOTHING changed (same spot, no progress). Repeating it again will do the same nothing. Pick a DIFFERENT action this time and break the loop.', 'progress': "2 badge(s) earned (Boulder, Cascade). Next gym: Lt. Surge of Vermilion City. Pokédex: 9 caught. She's two badges down, a quarter of the way (of 8 badges, then the Elite Four).", 'party': 'wartortle (L30), caterpie the butterfree (L10), rattata (L13), spearow (L14), abra (L13), ekans (L13)', 'goal': {'short': "You're ready — stop grinding and head to Vermilion City for the Thunder Badge", 'medium': 'You CRUSHED that last gym — ride the momentum, go straight for Lt. Surge in Vermilion City; the trainers on the way are your training', 'long': 'Reach Vermilion City, beat Lt. Surge for the Thunder Badge'}} options=['talk_npc']

   [kira-voice] ORACLE kind=action options=['talk_npc'] -> pick='talk_npc'

   [campaign]    [soul] ORACLE pick -> 'talk_npc'

   [campaign]    [roam] DECISION THINK: 2395ms (world stayed live — pumped idle, not a freeze)

   [campaign]    [roam] PICK OUT: talk_npc  <- her RECOVERY move (YELLOW)

   [campaign]    [roam] RATIONALE: Checking in with a local, then then on to Vermilion City for Lt. Surge.

   [campaign]    TALK: no reachable un-talked NPC here

   [campaign]    [roam] RESULT: talk_npc -> no_npc | pos (3, 22)(107, 12) -> (3, 22)(107, 12) (NO MOVEMENT)

   [campaign]    [world] learned 3 warp(s) on (3, 22): (19, 5)->(1, 1), (32, 5)->(1, 2), (12, 5)->(16, 0)

   [campaign]    [roam] GYM-READINESS FLOOR: SPARED head_to_gym — 🔥 MOMENTUM (decisive last win; march at Lt. Surge, train on the road)

   [campaign]    [roam] !! retiring bench pin L16 — gym is GO now

   [campaign]    [roam] !! MOMENTUM → GO HARD: forced head_to_gym (Lt. Surge); pruned ['battle', 'travel:3,20', 'travel:3,21', 'travel:3,26', 'travel:3,27', 'travel:3,43', 'wander_catch']; oracle SKIPPED this tick

   [campaign]    [roam] !! STRUCTURAL DEAD-ROUTE: ['head_to_gym'] proven dead on this map — pruned until she leaves it (or a questline arms); remaining: ['talk_npc']

   [campaign] -- ROAM TICK 9/100000000 --

   [campaign]    [roam] STATE IN: Route 4 (107, 12) | badges=2 (Boulder, Cascade) | party=[wartortle L30, butterfree L10, rattata L13, spearow L14, abra L13, ekans L13] | 2 badge(s) earned (Boulder, Cascade). Next gym: Lt. Surge of Vermilion City. Pokédex: 9 caught. She's two badges down, a quarter of the way (of 8 badges, then the Elite Four).

   [campaign]    [roam] PROGRESS: YELLOW (unchanged 5 ticks) | fp[(3, 22) (107,12) f3 -- badge2 $456 party:7ef4 bag:7e57]

   [campaign]    [roam] OPTIONS OFFERED: ['talk_npc']

   [campaign]    [roam] !! MACRO YELLOW: no progress 5 ticks — feeding awareness back to the oracle: "You keep trying to talk npc but the world hasn't changed in 5 turns - it went 'no_npc', and you don't seem to be getting anywhere."

   [campaign]    [roam] !! REPEAT-NO-PROGRESS: 'talk_npc' repeated with a stuck fingerprint — nudging a different action

   [campaign]    [soul] ORACLE decision: kind=action ctx={'place': 'You\'re on Route 4 — outdoors under open sky (a town with a Pokémon Center; tall grass around — wild Pokémon live in it).. From here: SOUTH → Route 3 — wild Pokémon to catch/train; EAST → Cerulean City — a Mart, a Pokémon Center. Places you\'ve been with wild Pokémon you can walk back to: Route 24; an unfamiliar area; Route 2. You can walk to anywhere you\'ve already been.. You keep trying to talk npc but the world hasn\'t changed in 5 turns - it went \'no_npc\', and you don\'t seem to be getting anywhere.. HOW POKÉMON WORKS (what you\'re playing for): the GOAL is to earn 8 Gym Badges, beat the Elite Four, and roll the credits — that\'s beating the game. You build a TEAM of up to 6 Pokémon you like AND that cover each other (types/roles) — a solo carry with a dead-weight bench is a losing setup; a real trainer fields a balanced, levelled squad. CATCHING wild Pokémon is central (\'gotta catch \'em all\') — you catch to build that team and to fill the Pokédex. When you meet a wild Pokémon, weigh it: is it cool/strong/useful, does it cover a gap, is it better than a bench-warmer? — keep your best ~6, and build a squad you actually like. THE ARC: build a team -> beat the 8 gyms prepared -> Elite Four -> credits. ALSO NORMAL: you entered your own name (and your rival\'s) when the game began — people in this world knowing your names is ordinary, not a mystery to react to. RIGHT NOW your team is thin/lopsided (a strong lead but weak or too few others) — that\'s why tough trainers wall you. Building up a real squad (catch a good new teammate, level the weak ones) is how a prepared trainer gets past these. THE MAIN QUEST IS A FIXED PATH you\'re always on: beat the 8 Gym Leaders in order, then the Elite Four, then you win the game. You\'re on GYM 3 of 8 — next is Lt. Surge in Vermilion City. The road forward leads there: until you\'ve won you are ALWAYS making progress toward the next gym. Grinding/catching/detours are fine — but ONLY with a clear purpose, and then you GET BACK ON THE ROAD to Vermilion City. Never just circle the same grass. Word on the road about Lt. Surge: the lightning American — ELECTRIC-types; ground moves shut his whole act down YOUR STORY SO FAR (what you\'ve actually done — your past, not the future): You started in Pallet Town, beat Brock in Pewter (Boulder Badge), fought up Route 3 and through the Mt. Moon cave — a real maze you nearly got lost in — reached Cerulean City, and beat Misty for the Cascade Badge. Now you\'re after your third gym.. Next on my list: catch an pikachu around Viridian Forest (rare) / Power Plant later. It grows into my raichu — that\'s my answer for Lorelei AND Lance down the line. Grabbing it now, before I need it.. THINGS YOU\'VE HEARD AND READ (from people and signs — your own notes, use them when they point somewhere): "Why don\'t you go upstairs and try trading POK.MON with your friends? You could get a lot more variety by trading. The POK.MON you get in trades grow quickly, to"; "Why don\'t you go upstairs and try trading POK.MON with your friends? You could get a lot more variety by trading. The POK.MON you get in trades grow quickly, to"; "TM03 teaches WATER PULSE. Use it on an aquatic POK.MON!"; "KIRA put the TM03 in the TM CASE.". YOUR PLAN — right now: You\'re ready — stop grinding and head to Vermilion City for the Thunder Badge. Next: You CRUSHED that last gym — ride the momentum, go straight for Lt. Surge in Vermilion City; the trainers on the way are your training. Bigger picture: Reach Vermilion City, beat Lt. Surge for the Thunder Badge. Your team right now: wartortle (L30), caterpie the butterfree (L10), rattata (L13), spearow (L14), abra (L13), ekans (L13). Remember YOU are the one playing this — narrate your plan to chat in your own voice (first person: "I\'m grinding", "my team"), and never ask anyone what you\'re doing or who\'s on your team — you know.. HEADS UP — you just chose \'talk_npc\' and NOTHING changed (same spot, no progress). Repeating it again will do the same nothing. Pick a DIFFERENT action this time and break the loop.', 'progress': "2 badge(s) earned (Boulder, Cascade). Next gym: Lt. Surge of Vermilion City. Pokédex: 9 caught. She's two badges down, a quarter of the way (of 8 badges, then the Elite Four).", 'party': 'wartortle (L30), caterpie the butterfree (L10), rattata (L13), spearow (L14), abra (L13), ekans (L13)', 'goal': {'short': "You're ready — stop grinding and head to Vermilion City for the Thunder Badge", 'medium': 'You CRUSHED that last gym — ride the momentum, go straight for Lt. Surge in Vermilion City; the trainers on the way are your training', 'long': 'Reach Vermilion City, beat Lt. Surge for the Thunder Badge'}} options=['talk_npc']

   [kira-voice] ORACLE kind=action options=['talk_npc'] -> pick='talk_npc'

   [campaign]    [soul] ORACLE pick -> 'talk_npc'

   [campaign]    [roam] DECISION THINK: 2100ms (world stayed live — pumped idle, not a freeze)

   [campaign]    [roam] PICK OUT: talk_npc  <- her RECOVERY move (YELLOW)

   [campaign]    [roam] RATIONALE: Checking in with a local, then then on to Vermilion City for Lt. Surge.

   [campaign]    TALK: no reachable un-talked NPC here

   [campaign]    [roam] RESULT: talk_npc -> no_npc | pos (3, 22)(107, 12) -> (3, 22)(107, 12) (NO MOVEMENT)

   [campaign]    [world] learned 3 warp(s) on (3, 22): (19, 5)->(1, 1), (32, 5)->(1, 2), (12, 5)->(16, 0)

   [campaign]    [roam] GYM-READINESS FLOOR: SPARED head_to_gym — 🔥 MOMENTUM (decisive last win; march at Lt. Surge, train on the road)

   [campaign]    [roam] !! retiring bench pin L16 — gym is GO now

   [campaign]    [roam] !! MOMENTUM → GO HARD: forced head_to_gym (Lt. Surge); pruned ['battle', 'travel:3,20', 'travel:3,21', 'travel:3,26', 'travel:3,27', 'travel:3,43', 'wander_catch']; oracle SKIPPED this tick

   [campaign]    [roam] !! STRUCTURAL DEAD-ROUTE: ['head_to_gym'] proven dead on this map — pruned until she leaves it (or a questline arms); remaining: ['talk_npc']

   [campaign] -- ROAM TICK 10/100000000 --

   [campaign]    [roam] STATE IN: Route 4 (107, 12) | badges=2 (Boulder, Cascade) | party=[wartortle L30, butterfree L10, rattata L13, spearow L14, abra L13, ekans L13] | 2 badge(s) earned (Boulder, Cascade). Next gym: Lt. Surge of Vermilion City. Pokédex: 9 caught. She's two badges down, a quarter of the way (of 8 badges, then the Elite Four).

   [campaign]    [roam] PROGRESS: RED (unchanged 6 ticks) | fp[(3, 22) (107,12) f3 -- badge2 $456 party:7ef4 bag:7e57]

   [campaign]    [roam] OPTIONS OFFERED: ['talk_npc']

   [campaign]    [soul] surface_want FIRE -> Route 4

   [campaign]    [soul] ORACLE decision: kind=want ctx={'place': "You're on Route 4 — outdoors under open sky (a town with a Pokémon Center; tall grass around — wild Pokémon live in it).. ALREADY BESIDE YOU — your current team: wartortle (L30), caterpie the butterfree (L10), rattata (L13), spearow (L14), abra (L13), ekans (L13). A want is something you DON'T yet have; never wish for a teammate who's already on your team.", 'map': (3, 22), 'badges': ['Boulder', 'Cascade'], 'progress': "2 badge(s) earned (Boulder, Cascade). Next gym: Lt. Surge of Vermilion City. Pokédex: 9 caught. She's two badges down, a quarter of the way (of 8 badges, then the Elite Four).", 'party': 'wartortle (L30), caterpie the butterfree (L10), rattata (L13), spearow (L14), abra (L13), ekans (L13)', 'goal': {'short': "You're ready — stop grinding and head to Vermilion City for the Thunder Badge", 'medium': 'You CRUSHED that last gym — ride the momentum, go straight for Lt. Surge in Vermilion City; the trainers on the way are your training', 'long': 'Reach Vermilion City, beat Lt. Surge for the Thunder Badge'}} options=['eevee', 'fossil', 'starters', 'rare', 'legendaries']

   [kira-voice] ORACLE kind=want options=['eevee', 'fossil', 'starters', 'rare', 'legendaries'] -> pick='figure out who carries the Surge fight'

   [campaign]    [soul] ORACLE pick -> 'figure out who carries the Surge fight'

   [campaign]    [roam] !! MACRO RED: no progress 6 ticks — feeding awareness back to the oracle: "You keep trying to talk npc but the world hasn't changed in 6 turns - it went 'no_npc', and you're completely stuck."

   [campaign]    [roam] !! REPEAT-NO-PROGRESS: 'talk_npc' repeated with a stuck fingerprint — nudging a different action

   [campaign]    [soul] ORACLE decision: kind=action ctx={'place': 'You\'re on Route 4 — outdoors under open sky (a town with a Pokémon Center; tall grass around — wild Pokémon live in it).. From here: SOUTH → Route 3 — wild Pokémon to catch/train; EAST → Cerulean City — a Mart, a Pokémon Center. Places you\'ve been with wild Pokémon you can walk back to: Route 24; an unfamiliar area; Route 2. You can walk to anywhere you\'ve already been.. You keep trying to talk npc but the world hasn\'t changed in 6 turns - it went \'no_npc\', and you\'re completely stuck.. HOW POKÉMON WORKS (what you\'re playing for): the GOAL is to earn 8 Gym Badges, beat the Elite Four, and roll the credits — that\'s beating the game. You build a TEAM of up to 6 Pokémon you like AND that cover each other (types/roles) — a solo carry with a dead-weight bench is a losing setup; a real trainer fields a balanced, levelled squad. CATCHING wild Pokémon is central (\'gotta catch \'em all\') — you catch to build that team and to fill the Pokédex. When you meet a wild Pokémon, weigh it: is it cool/strong/useful, does it cover a gap, is it better than a bench-warmer? — keep your best ~6, and build a squad you actually like. THE ARC: build a team -> beat the 8 gyms prepared -> Elite Four -> credits. ALSO NORMAL: you entered your own name (and your rival\'s) when the game began — people in this world knowing your names is ordinary, not a mystery to react to. RIGHT NOW your team is thin/lopsided (a strong lead but weak or too few others) — that\'s why tough trainers wall you. Building up a real squad (catch a good new teammate, level the weak ones) is how a prepared trainer gets past these. THE MAIN QUEST IS A FIXED PATH you\'re always on: beat the 8 Gym Leaders in order, then the Elite Four, then you win the game. You\'re on GYM 3 of 8 — next is Lt. Surge in Vermilion City. The road forward leads there: until you\'ve won you are ALWAYS making progress toward the next gym. Grinding/catching/detours are fine — but ONLY with a clear purpose, and then you GET BACK ON THE ROAD to Vermilion City. Never just circle the same grass. Word on the road about Lt. Surge: the lightning American — ELECTRIC-types; ground moves shut his whole act down YOUR STORY SO FAR (what you\'ve actually done — your past, not the future): You started in Pallet Town, beat Brock in Pewter (Boulder Badge), fought up Route 3 and through the Mt. Moon cave — a real maze you nearly got lost in — reached Cerulean City, and beat Misty for the Cascade Badge. Now you\'re after your third gym.. Next on my list: catch an pikachu around Viridian Forest (rare) / Power Plant later. It grows into my raichu — that\'s my answer for Lorelei AND Lance down the line. Grabbing it now, before I need it.. THINGS YOU\'VE HEARD AND READ (from people and signs — your own notes, use them when they point somewhere): "Why don\'t you go upstairs and try trading POK.MON with your friends? You could get a lot more variety by trading. The POK.MON you get in trades grow quickly, to"; "Why don\'t you go upstairs and try trading POK.MON with your friends? You could get a lot more variety by trading. The POK.MON you get in trades grow quickly, to"; "TM03 teaches WATER PULSE. Use it on an aquatic POK.MON!"; "KIRA put the TM03 in the TM CASE.". YOUR PLAN — right now: You\'re ready — stop grinding and head to Vermilion City for the Thunder Badge. Next: You CRUSHED that last gym — ride the momentum, go straight for Lt. Surge in Vermilion City; the trainers on the way are your training. Bigger picture: Reach Vermilion City, beat Lt. Surge for the Thunder Badge. Your team right now: wartortle (L30), caterpie the butterfree (L10), rattata (L13), spearow (L14), abra (L13), ekans (L13). Remember YOU are the one playing this — narrate your plan to chat in your own voice (first person: "I\'m grinding", "my team"), and never ask anyone what you\'re doing or who\'s on your team — you know.. HEADS UP — you just chose \'talk_npc\' and NOTHING changed (same spot, no progress). Repeating it again will do the same nothing. Pick a DIFFERENT action this time and break the loop.', 'progress': "2 badge(s) earned (Boulder, Cascade). Next gym: Lt. Surge of Vermilion City. Pokédex: 9 caught. She's two badges down, a quarter of the way (of 8 badges, then the Elite Four).", 'party': 'wartortle (L30), caterpie the butterfree (L10), rattata (L13), spearow (L14), abra (L13), ekans (L13)', 'goal': {'short': "You're ready — stop grinding and head to Vermilion City for the Thunder Badge", 'medium': 'You CRUSHED that last gym — ride the momentum, go straight for Lt. Surge in Vermilion City; the trainers on the way are your training', 'long': 'Reach Vermilion City, beat Lt. Surge for the Thunder Badge'}} options=['talk_npc']

   [kira-voice] -> T2·savor· (want) 'figure out who carries the Surge fight'  fired=True  [age 0.0s + post 4ms]

   [kira-voice] ORACLE kind=action options=['talk_npc'] -> pick='talk_npc'

   [campaign]    [soul] ORACLE pick -> 'talk_npc'

   [campaign]    [roam] DECISION THINK: 2344ms (world stayed live — pumped idle, not a freeze)

   [campaign]    [roam] PICK OUT: talk_npc  <- her RECOVERY move (RED)

   [campaign]    [roam] RATIONALE: Checking in with a local, then then on to Vermilion City for Lt. Surge.

   [campaign]    TALK: no reachable un-talked NPC here

   [campaign]    [roam] RESULT: talk_npc -> no_npc | pos (3, 22)(107, 12) -> (3, 22)(107, 12) (NO MOVEMENT)

   [campaign]    ⛰️  CAMPAIGN SAVE [tick10] -> campaign/kira_campaign.state  (map=(3, 22) coords=(107, 12) badges=2 party=6)

   [campaign]    [sanctity] bundle VALID (schema/encoding/truth/monotonic all clean)

   [campaign]    [world] learned 3 warp(s) on (3, 22): (19, 5)->(1, 1), (32, 5)->(1, 2), (12, 5)->(16, 0)

   [campaign]    [roam] GYM-READINESS FLOOR: SPARED head_to_gym — 🔥 MOMENTUM (decisive last win; march at Lt. Surge, train on the road)

   [campaign]    [roam] !! retiring bench pin L16 — gym is GO now

   [campaign]    [roam] !! MOMENTUM → GO HARD: forced head_to_gym (Lt. Surge); pruned ['battle', 'travel:3,20', 'travel:3,21', 'travel:3,26', 'travel:3,27', 'travel:3,43', 'wander_catch']; oracle SKIPPED this tick

   [campaign]    [roam] !! STRUCTURAL DEAD-ROUTE: ['head_to_gym'] proven dead on this map — pruned until she leaves it (or a questline arms); remaining: ['talk_npc']

   [campaign] -- ROAM TICK 11/100000000 --

   [campaign]    [roam] STATE IN: Route 4 (107, 12) | badges=2 (Boulder, Cascade) | party=[wartortle L30, butterfree L10, rattata L13, spearow L14, abra L13, ekans L13] | 2 badge(s) earned (Boulder, Cascade). Next gym: Lt. Surge of Vermilion City. Pokédex: 9 caught. She's two badges down, a quarter of the way (of 8 badges, then the Elite Four).

   [campaign]    [roam] PROGRESS: RED (unchanged 7 ticks) | fp[(3, 22) (107,12) f3 -- badge2 $456 party:7ef4 bag:7e57]

   [campaign]    [roam] OPTIONS OFFERED: ['talk_npc']

   [campaign]    [roam] !! MACRO RED: no progress 7 ticks — feeding awareness back to the oracle: "You keep trying to talk npc but the world hasn't changed in 7 turns - it went 'no_npc', and you're completely stuck."

   [campaign]    [roam] !! REPEAT-NO-PROGRESS: 'talk_npc' repeated with a stuck fingerprint — nudging a different action

   [campaign]    [soul] ORACLE decision: kind=action ctx={'place': 'You\'re on Route 4 — outdoors under open sky (a town with a Pokémon Center; tall grass around — wild Pokémon live in it).. From here: SOUTH → Route 3 — wild Pokémon to catch/train; EAST → Cerulean City — a Mart, a Pokémon Center. Places you\'ve been with wild Pokémon you can walk back to: Route 24; an unfamiliar area; Route 2. You can walk to anywhere you\'ve already been.. You keep trying to talk npc but the world hasn\'t changed in 7 turns - it went \'no_npc\', and you\'re completely stuck.. HOW POKÉMON WORKS (what you\'re playing for): the GOAL is to earn 8 Gym Badges, beat the Elite Four, and roll the credits — that\'s beating the game. You build a TEAM of up to 6 Pokémon you like AND that cover each other (types/roles) — a solo carry with a dead-weight bench is a losing setup; a real trainer fields a balanced, levelled squad. CATCHING wild Pokémon is central (\'gotta catch \'em all\') — you catch to build that team and to fill the Pokédex. When you meet a wild Pokémon, weigh it: is it cool/strong/useful, does it cover a gap, is it better than a bench-warmer? — keep your best ~6, and build a squad you actually like. THE ARC: build a team -> beat the 8 gyms prepared -> Elite Four -> credits. ALSO NORMAL: you entered your own name (and your rival\'s) when the game began — people in this world knowing your names is ordinary, not a mystery to react to. RIGHT NOW your team is thin/lopsided (a strong lead but weak or too few others) — that\'s why tough trainers wall you. Building up a real squad (catch a good new teammate, level the weak ones) is how a prepared trainer gets past these. THE MAIN QUEST IS A FIXED PATH you\'re always on: beat the 8 Gym Leaders in order, then the Elite Four, then you win the game. You\'re on GYM 3 of 8 — next is Lt. Surge in Vermilion City. The road forward leads there: until you\'ve won you are ALWAYS making progress toward the next gym. Grinding/catching/detours are fine — but ONLY with a clear purpose, and then you GET BACK ON THE ROAD to Vermilion City. Never just circle the same grass. Word on the road about Lt. Surge: the lightning American — ELECTRIC-types; ground moves shut his whole act down YOUR STORY SO FAR (what you\'ve actually done — your past, not the future): You started in Pallet Town, beat Brock in Pewter (Boulder Badge), fought up Route 3 and through the Mt. Moon cave — a real maze you nearly got lost in — reached Cerulean City, and beat Misty for the Cascade Badge. Now you\'re after your third gym.. Next on my list: catch an pikachu around Viridian Forest (rare) / Power Plant later. It grows into my raichu — that\'s my answer for Lorelei AND Lance down the line. Grabbing it now, before I need it.. THINGS YOU\'VE HEARD AND READ (from people and signs — your own notes, use them when they point somewhere): "Why don\'t you go upstairs and try trading POK.MON with your friends? You could get a lot more variety by trading. The POK.MON you get in trades grow quickly, to"; "Why don\'t you go upstairs and try trading POK.MON with your friends? You could get a lot more variety by trading. The POK.MON you get in trades grow quickly, to"; "TM03 teaches WATER PULSE. Use it on an aquatic POK.MON!"; "KIRA put the TM03 in the TM CASE.". YOUR PLAN — right now: You\'re ready — stop grinding and head to Vermilion City for the Thunder Badge. Next: You CRUSHED that last gym — ride the momentum, go straight for Lt. Surge in Vermilion City; the trainers on the way are your training. Bigger picture: Reach Vermilion City, beat Lt. Surge for the Thunder Badge. Your team right now: wartortle (L30), caterpie the butterfree (L10), rattata (L13), spearow (L14), abra (L13), ekans (L13). Remember YOU are the one playing this — narrate your plan to chat in your own voice (first person: "I\'m grinding", "my team"), and never ask anyone what you\'re doing or who\'s on your team — you know.. HEADS UP — you just chose \'talk_npc\' and NOTHING changed (same spot, no progress). Repeating it again will do the same nothing. Pick a DIFFERENT action this time and break the loop.', 'progress': "2 badge(s) earned (Boulder, Cascade). Next gym: Lt. Surge of Vermilion City. Pokédex: 9 caught. She's two badges down, a quarter of the way (of 8 badges, then the Elite Four).", 'party': 'wartortle (L30), caterpie the butterfree (L10), rattata (L13), spearow (L14), abra (L13), ekans (L13)', 'goal': {'short': "You're ready — stop grinding and head to Vermilion City for the Thunder Badge", 'medium': 'You CRUSHED that last gym — ride the momentum, go straight for Lt. Surge in Vermilion City; the trainers on the way are your training', 'long': 'Reach Vermilion City, beat Lt. Surge for the Thunder Badge'}} options=['talk_npc']

   [kira-voice] ORACLE kind=action options=['talk_npc'] -> pick='talk_npc'

   [campaign]    [soul] ORACLE pick -> 'talk_npc'

   [campaign]    [roam] DECISION THINK: 2985ms (world stayed live — pumped idle, not a freeze)

   [campaign]    [roam] PICK OUT: talk_npc  <- her RECOVERY move (RED)

   [campaign]    [roam] RATIONALE: Checking in with a local, then then on to Vermilion City for Lt. Surge.

   [campaign]    TALK: no reachable un-talked NPC here

   [campaign]    [roam] RESULT: talk_npc -> no_npc | pos (3, 22)(107, 12) -> (3, 22)(107, 12) (NO MOVEMENT)

   [campaign]    [world] learned 3 warp(s) on (3, 22): (19, 5)->(1, 1), (32, 5)->(1, 2), (12, 5)->(16, 0)

   [campaign]    [roam] GYM-READINESS FLOOR: SPARED head_to_gym — 🔥 MOMENTUM (decisive last win; march at Lt. Surge, train on the road)

   [campaign]    [roam] !! retiring bench pin L16 — gym is GO now

   [campaign]    [roam] !! MOMENTUM → GO HARD: forced head_to_gym (Lt. Surge); pruned ['battle', 'travel:3,20', 'travel:3,21', 'travel:3,26', 'travel:3,27', 'travel:3,43', 'wander_catch']; oracle SKIPPED this tick

   [campaign]    [roam] !! STRUCTURAL DEAD-ROUTE: ['head_to_gym'] proven dead on this map — pruned until she leaves it (or a questline arms); remaining: ['talk_npc']

   [campaign] -- ROAM TICK 12/100000000 --

   [campaign]    [roam] STATE IN: Route 4 (107, 12) | badges=2 (Boulder, Cascade) | party=[wartortle L30, butterfree L10, rattata L13, spearow L14, abra L13, ekans L13] | 2 badge(s) earned (Boulder, Cascade). Next gym: Lt. Surge of Vermilion City. Pokédex: 9 caught. She's two badges down, a quarter of the way (of 8 badges, then the Elite Four).

   [campaign]    [roam] PROGRESS: RED (unchanged 8 ticks) | fp[(3, 22) (107,12) f3 -- badge2 $456 party:7ef4 bag:7e57]

   [campaign]    [roam] !! HARD RECOVERY: RED 3 ticks — FORCING a route to the nearest Pokémon Center to break the position (not re-asking the oracle this tick)

   [kira-voice] -> T2·savor· (recover) "okay, this isn't working — I'm heading to the Pokémon Center to reset and figure out my next move."  fired=True  [age 0.0s + post 19ms]

   [campaign]    HEAL: own Center door (12, 5) UNREACHABLE from (107, 12) on (3, 22) -> crossing to an adjacent city to heal

   [campaign]    HEAL-EXCURSION: lead at (84, 84) - crossing east to (3, 3) to heal

   [Bridge] INPUT OWNER = 'agent' (sole writer; others dropped+logged)

   [travel] start map=(3, 22) coords=(107, 12) -> map (3, 3) (budget 120s)

   [travel] east connection band rows: [2, 3, 4, 5, 10, 11, 12]

   [travel] step 0: (107, 12)->(0, 22) map=(3, 22) (path 2 to exit)

   [travel] MAP TRANSITION (3, 22) -> (3, 3)

   [campaign]    [world] learned 14 warp(s) on (3, 3): (10, 11)->(7, 0), (30, 11)->(7, 1), (15, 17)->(7, 2), (22, 19)->(7, 3), (31, 21)->(7, 5), (13, 28)->(7, 6)

   [travel] east connection band rows: [0, 1, 2, 3, 4, 5, 6, 7, 8, 9, 11, 16, 18, 19, 21, 30, 31, 32, 33, 34, 35, 36, 37, 38, 39]

   [travel] ARRIVED at target map (3, 3) coords=(0, 22)

   [kira-voice] ·floor· (<1s since last) T1 'made it to a new area'

   [campaign]    HEAL: whole party already full - skipping

   [Bridge] INPUT OWNER = 'agent' (sole writer; others dropped+logged)

   [travel] start map=(3, 3) coords=(0, 22) -> map (3, 22) (budget 120s)

   [travel] west connection band rows: [0, 1, 2, 3, 4, 5, 6, 7, 8, 9, 13, 14, 20, 21, 22, 30, 31, 32, 33, 34, 35, 36, 37, 38, 39]

   [travel] MAP TRANSITION (3, 3) -> (3, 22)

   [campaign]    [world] learned 3 warp(s) on (3, 22): (19, 5)->(1, 1), (32, 5)->(1, 2), (12, 5)->(16, 0)

   [travel] west connection band rows: [0, 1, 2, 3, 4, 5, 6, 7, 8, 9, 10, 11, 12, 13, 14, 15, 16, 17, 18, 19]

   [travel] ARRIVED at target map (3, 22) coords=(107, 12)

   [kira-voice] ·throttle· (brisk <1.8s) 'made it to a new area'

   [campaign]    HEAL-EXCURSION: healed + back on (3, 22) at (107, 12)

   [campaign]    [roam] !! HARD RECOVERY was a no-op (healed + returned to the same tile) — breaking the position ONE-WAY to an adjacent Center city

   [Bridge] INPUT OWNER = 'agent' (sole writer; others dropped+logged)

   [travel] start map=(3, 22) coords=(107, 12) -> map (3, 3) (budget 300s)

   [travel] east connection band rows: [2, 3, 4, 5, 10, 11, 12]

   [travel] step 0: (107, 12)->(0, 22) map=(3, 22) (path 2 to exit)

   [travel] MAP TRANSITION (3, 22) -> (3, 3)

   [campaign]    [world] learned 14 warp(s) on (3, 3): (10, 11)->(7, 0), (30, 11)->(7, 1), (15, 17)->(7, 2), (22, 19)->(7, 3), (31, 21)->(7, 5), (13, 28)->(7, 6)

   [travel] east connection band rows: [0, 1, 2, 3, 4, 5, 6, 7, 8, 9, 11, 16, 18, 19, 21, 30, 31, 32, 33, 34, 35, 36, 37, 38, 39]

   [travel] ARRIVED at target map (3, 3) coords=(0, 22)

   [campaign]    [roam] one-way position break east -> (3, 3): arrived

   [campaign]    ⛰️  CAMPAIGN SAVE [new_area] -> campaign/kira_campaign.state  (map=(3, 3) coords=(0, 22) badges=2 party=6)

   [kira-voice] -> T1·brisk· (beat) 'made it to a new area'  fired=True  [age 0.0s + post 15ms]

   [campaign]    [sanctity] bundle VALID (schema/encoding/truth/monotonic all clean)

   [campaign]    📌 AUTO-CHECKPOINT [gain-new_area] -> checkpoints/20260731_144306_cerulean-city_2b_10h10m_gain-new-area  (4 bundle file(s))

   [campaign]    [world] learned 14 warp(s) on (3, 3): (10, 11)->(7, 0), (30, 11)->(7, 1), (15, 17)->(7, 2), (22, 19)->(7, 3), (31, 21)->(7, 5), (13, 28)->(7, 6)

   [campaign]    [roam] grass she KNOWS: routing west -> (3, 22) toward Route 4 (FORWARD — on the road to the objective, visited grass, avoiding any wall)

   [campaign]    [roam] GYM-READINESS FLOOR: SPARED head_to_gym — 🔥 MOMENTUM (decisive last win; march at Lt. Surge, train on the road)

   [campaign]    [roam] !! retiring bench pin L16 — gym is GO now

   [campaign]    [roam] !! MOMENTUM → GO HARD: forced head_to_gym (Lt. Surge); pruned ['battle', 'travel:3,21', 'travel:3,22', 'travel:3,27', 'travel:3,43', 'wander_catch']; oracle SKIPPED this tick

   [campaign] -- ROAM TICK 13/100000000 --

   [campaign]    [roam] STATE IN: Cerulean City (0, 22) | badges=2 (Boulder, Cascade) | party=[wartortle L30, butterfree L10, rattata L13, spearow L14, abra L13, ekans L13] | 2 badge(s) earned (Boulder, Cascade). Next gym: Lt. Surge of Vermilion City. Pokédex: 9 caught. She's two badges down, a quarter of the way (of 8 badges, then the Elite Four).

   [campaign]    [roam] PROGRESS: GREEN (unchanged 0 ticks) | fp[(3, 3) (0,22) f4 -- badge2 $456 party:7ef4 bag:7e57]

   [campaign]    [roam] OPTIONS OFFERED: ['head_to_gym', 'talk_npc']

   [campaign]    [soul] surface_want FIRE -> Cerulean City

   [campaign]    [soul] ORACLE decision: kind=want ctx={'place': "You're in Cerulean City — outdoors under open sky (a town with a Pokémon Center and a Mart; tall grass around — wild Pokémon live in it).. ALREADY BESIDE YOU — your current team: wartortle (L30), caterpie the butterfree (L10), rattata (L13), spearow (L14), abra (L13), ekans (L13). A want is something you DON'T yet have; never wish for a teammate who's already on your team.", 'map': (3, 3), 'badges': ['Boulder', 'Cascade'], 'progress': "2 badge(s) earned (Boulder, Cascade). Next gym: Lt. Surge of Vermilion City. Pokédex: 9 caught. She's two badges down, a quarter of the way (of 8 badges, then the Elite Four).", 'party': 'wartortle (L30), caterpie the butterfree (L10), rattata (L13), spearow (L14), abra (L13), ekans (L13)', 'goal': {'short': "You're ready — stop grinding and head to Vermilion City for the Thunder Badge", 'medium': 'You CRUSHED that last gym — ride the momentum, go straight for Lt. Surge in Vermilion City; the trainers on the way are your training', 'long': 'Reach Vermilion City, beat Lt. Surge for the Thunder Badge'}} options=['eevee', 'fossil', 'starters', 'rare', 'legendaries']

   [kira-voice] ORACLE kind=want options=['eevee', 'fossil', 'starters', 'rare', 'legendaries'] -> pick='Thunder Badge from Lt. Surge'

   [campaign]    [soul] ORACLE pick -> 'Thunder Badge from Lt. Surge'

   [campaign]    [roam] !! FORCE GYM PICK: head_to_gym — oracle SKIPPED (dominant / creator order; grass is OFF the menu)

   [campaign]    [roam] PICK OUT: head_to_gym

   [campaign]    [roam] RATIONALE: Heading for the next gym — Vermilion City: You're ready — stop grinding and head to Vermilion City for the Thunder Badge.

   [campaign]    [roam] ROAD-BENCH-XP: skipping slot 4 as lead candidate — no damaging PP (it can't win a fight it leads)

   [campaign]    GRIND-WEAK: swap 0<->1 verified — butterfree now leads

   [campaign]    [roam] ROAD-BENCH-XP: leading with the weak L10 bench mon (target L16) so it banks participation XP on this leg — the ace fields turn 1 (fail-safe switch)

   [campaign]    [roam] EDGE-ROUTE toward Vermilion City: (3, 3) -> (3, 22) (edge west)

   [Bridge] INPUT OWNER = 'agent' (sole writer; others dropped+logged)

   [kira-voice] -> T2·savor· (want) 'Thunder Badge from Lt. Surge'  fired=True  [age 0.0s + post 14ms]

   [travel] start map=(3, 3) coords=(0, 22) -> map (3, 22) (budget 300s)

   [travel] west connection band rows: [0, 1, 2, 3, 4, 5, 6, 7, 8, 9, 13, 14, 20, 21, 22, 30, 31, 32, 33, 34, 35, 36, 37, 38, 39]

   [travel] MAP TRANSITION (3, 3) -> (3, 22)

   [campaign]    [world] learned 3 warp(s) on (3, 22): (19, 5)->(1, 1), (32, 5)->(1, 2), (12, 5)->(16, 0)

   [travel] west connection band rows: [0, 1, 2, 3, 4, 5, 6, 7, 8, 9, 10, 11, 12, 13, 14, 15, 16, 17, 18, 19]

   [travel] ARRIVED at target map (3, 22) coords=(107, 12)

   [kira-voice] ·dedup· (repeat text, T1, looping?) 'made it to a new area'

   [campaign]    GRIND-WEAK: restoring the ace (slot 1, L30) to lead

   [campaign]    GRIND-WEAK: swap 0<->1 verified — wartortle now leads

   [campaign]    [roam] RESULT: head_to_gym -> arrived | pos (3, 3)(0, 22) -> (3, 22)(107, 12) (MOVED)

   [campaign]    [roam] standing objective complete (head_to_gym -> arrived) — clearing it

   [campaign]    ⛰️  CAMPAIGN SAVE [new_area] -> campaign/kira_campaign.state  (map=(3, 22) coords=(107, 12) badges=2 party=6)

   [campaign]    [sanctity] bundle VALID (schema/encoding/truth/monotonic all clean)

   [campaign]    📌 AUTO-CHECKPOINT [gain-new_area] -> checkpoints/20260731_144310_route-4_2b_10h11m_gain-new-area  (4 bundle file(s))

   [campaign]    [world] learned 3 warp(s) on (3, 22): (19, 5)->(1, 1), (32, 5)->(1, 2), (12, 5)->(16, 0)

   [campaign]    [roam] GYM-READINESS FLOOR: SPARED head_to_gym — 🔥 MOMENTUM (decisive last win; march at Lt. Surge, train on the road)

   [campaign]    [roam] !! retiring bench pin L16 — gym is GO now

   [campaign]    [roam] !! MOMENTUM → GO HARD: forced head_to_gym (Lt. Surge); pruned ['battle', 'travel:3,20', 'travel:3,21', 'travel:3,26', 'travel:3,27', 'travel:3,43', 'wander_catch']; oracle SKIPPED this tick

   [campaign]    [roam] !! STRUCTURAL DEAD-ROUTE: ['head_to_gym'] proven dead on this map — pruned until she leaves it (or a questline arms); remaining: ['talk_npc']

   [campaign] -- ROAM TICK 14/100000000 --

   [campaign]    [roam] STATE IN: Route 4 (107, 12) | badges=2 (Boulder, Cascade) | party=[wartortle L30, butterfree L10, rattata L13, spearow L14, abra L13, ekans L13] | 2 badge(s) earned (Boulder, Cascade). Next gym: Lt. Surge of Vermilion City. Pokédex: 9 caught. She's two badges down, a quarter of the way (of 8 badges, then the Elite Four).

   [campaign]    [roam] PROGRESS: GREEN (unchanged 0 ticks) | fp[(3, 22) (107,12) f3 -- badge2 $456 party:7ef4 bag:7e57]

   [campaign]    [roam] OPTIONS OFFERED: ['talk_npc']

   [campaign]    [soul] ORACLE decision: kind=action ctx={'place': 'You\'re on Route 4 — outdoors under open sky (a town with a Pokémon Center; tall grass around — wild Pokémon live in it).. From here: SOUTH → Route 3 — wild Pokémon to catch/train; EAST → Cerulean City — a Mart, a Pokémon Center. Places you\'ve been with wild Pokémon you can walk back to: Route 24; an unfamiliar area; Route 2. You can walk to anywhere you\'ve already been.. HOW POKÉMON WORKS (what you\'re playing for): the GOAL is to earn 8 Gym Badges, beat the Elite Four, and roll the credits — that\'s beating the game. You build a TEAM of up to 6 Pokémon you like AND that cover each other (types/roles) — a solo carry with a dead-weight bench is a losing setup; a real trainer fields a balanced, levelled squad. CATCHING wild Pokémon is central (\'gotta catch \'em all\') — you catch to build that team and to fill the Pokédex. When you meet a wild Pokémon, weigh it: is it cool/strong/useful, does it cover a gap, is it better than a bench-warmer? — keep your best ~6, and build a squad you actually like. THE ARC: build a team -> beat the 8 gyms prepared -> Elite Four -> credits. ALSO NORMAL: you entered your own name (and your rival\'s) when the game began — people in this world knowing your names is ordinary, not a mystery to react to. RIGHT NOW your team is thin/lopsided (a strong lead but weak or too few others) — that\'s why tough trainers wall you. Building up a real squad (catch a good new teammate, level the weak ones) is how a prepared trainer gets past these. THE MAIN QUEST IS A FIXED PATH you\'re always on: beat the 8 Gym Leaders in order, then the Elite Four, then you win the game. You\'re on GYM 3 of 8 — next is Lt. Surge in Vermilion City. The road forward leads there: until you\'ve won you are ALWAYS making progress toward the next gym. Grinding/catching/detours are fine — but ONLY with a clear purpose, and then you GET BACK ON THE ROAD to Vermilion City. Never just circle the same grass. Word on the road about Lt. Surge: the lightning American — ELECTRIC-types; ground moves shut his whole act down YOUR STORY SO FAR (what you\'ve actually done — your past, not the future): You started in Pallet Town, beat Brock in Pewter (Boulder Badge), fought up Route 3 and through the Mt. Moon cave — a real maze you nearly got lost in — reached Cerulean City, and beat Misty for the Cascade Badge. Now you\'re after your third gym.. Next on my list: catch an pikachu around Viridian Forest (rare) / Power Plant later. It grows into my raichu — that\'s my answer for Lorelei AND Lance down the line. Grabbing it now, before I need it.. THINGS YOU\'VE HEARD AND READ (from people and signs — your own notes, use them when they point somewhere): "Why don\'t you go upstairs and try trading POK.MON with your friends? You could get a lot more variety by trading. The POK.MON you get in trades grow quickly, to"; "Why don\'t you go upstairs and try trading POK.MON with your friends? You could get a lot more variety by trading. The POK.MON you get in trades grow quickly, to"; "TM03 teaches WATER PULSE. Use it on an aquatic POK.MON!"; "KIRA put the TM03 in the TM CASE.". YOUR PLAN — right now: You\'re ready — stop grinding and head to Vermilion City for the Thunder Badge. Next: You CRUSHED that last gym — ride the momentum, go straight for Lt. Surge in Vermilion City; the trainers on the way are your training. Bigger picture: Reach Vermilion City, beat Lt. Surge for the Thunder Badge. Your team right now: wartortle (L30), caterpie the butterfree (L10), rattata (L13), spearow (L14), abra (L13), ekans (L13). Remember YOU are the one playing this — narrate your plan to chat in your own voice (first person: "I\'m grinding", "my team"), and never ask anyone what you\'re doing or who\'s on your team — you know.', 'progress': "2 badge(s) earned (Boulder, Cascade). Next gym: Lt. Surge of Vermilion City. Pokédex: 9 caught. She's two badges down, a quarter of the way (of 8 badges, then the Elite Four).", 'party': 'wartortle (L30), caterpie the butterfree (L10), rattata (L13), spearow (L14), abra (L13), ekans (L13)', 'goal': {'short': "You're ready — stop grinding and head to Vermilion City for the Thunder Badge", 'medium': 'You CRUSHED that last gym — ride the momentum, go straight for Lt. Surge in Vermilion City; the trainers on the way are your training', 'long': 'Reach Vermilion City, beat Lt. Surge for the Thunder Badge'}} options=['talk_npc']

   [kira-voice] ORACLE kind=action options=['talk_npc'] -> pick='talk_npc'

   [campaign]    [soul] ORACLE pick -> 'talk_npc'

   [campaign]    [roam] DECISION THINK: 2959ms (world stayed live — pumped idle, not a freeze)

   [campaign]    [roam] PICK OUT: talk_npc

   [campaign]    [roam] RATIONALE: Checking in with a local, then then on to Vermilion City for Lt. Surge.

   [campaign]    TALK: no reachable un-talked NPC here

   [campaign]    [roam] RESULT: talk_npc -> no_npc | pos (3, 22)(107, 12) -> (3, 22)(107, 12) (NO MOVEMENT)

   [campaign]    [world] learned 3 warp(s) on (3, 22): (19, 5)->(1, 1), (32, 5)->(1, 2), (12, 5)->(16, 0)

   [campaign]    [roam] GYM-READINESS FLOOR: SPARED head_to_gym — 🔥 MOMENTUM (decisive last win; march at Lt. Surge, train on the road)

   [campaign]    [roam] !! retiring bench pin L16 — gym is GO now

   [campaign]    [roam] !! MOMENTUM → GO HARD: forced head_to_gym (Lt. Surge); pruned ['battle', 'travel:3,20', 'travel:3,21', 'travel:3,26', 'travel:3,27', 'travel:3,43', 'wander_catch']; oracle SKIPPED this tick

   [campaign]    [roam] !! STRUCTURAL DEAD-ROUTE: ['head_to_gym'] proven dead on this map — pruned until she leaves it (or a questline arms); remaining: ['talk_npc']

   [campaign] -- ROAM TICK 15/100000000 --

   [campaign]    [roam] STATE IN: Route 4 (107, 12) | badges=2 (Boulder, Cascade) | party=[wartortle L30, butterfree L10, rattata L13, spearow L14, abra L13, ekans L13] | 2 badge(s) earned (Boulder, Cascade). Next gym: Lt. Surge of Vermilion City. Pokédex: 9 caught. She's two badges down, a quarter of the way (of 8 badges, then the Elite Four).

   [campaign]    [roam] PROGRESS: GREEN (unchanged 1 ticks) | fp[(3, 22) (107,12) f3 -- badge2 $456 party:7ef4 bag:7e57]

   [campaign]    [roam] OPTIONS OFFERED: ['talk_npc']

   [campaign]    [soul] ORACLE decision: kind=action ctx={'place': 'You\'re on Route 4 — outdoors under open sky (a town with a Pokémon Center; tall grass around — wild Pokémon live in it).. From here: SOUTH → Route 3 — wild Pokémon to catch/train; EAST → Cerulean City — a Mart, a Pokémon Center. Places you\'ve been with wild Pokémon you can walk back to: Route 24; an unfamiliar area; Route 2. You can walk to anywhere you\'ve already been.. HOW POKÉMON WORKS (what you\'re playing for): the GOAL is to earn 8 Gym Badges, beat the Elite Four, and roll the credits — that\'s beating the game. You build a TEAM of up to 6 Pokémon you like AND that cover each other (types/roles) — a solo carry with a dead-weight bench is a losing setup; a real trainer fields a balanced, levelled squad. CATCHING wild Pokémon is central (\'gotta catch \'em all\') — you catch to build that team and to fill the Pokédex. When you meet a wild Pokémon, weigh it: is it cool/strong/useful, does it cover a gap, is it better than a bench-warmer? — keep your best ~6, and build a squad you actually like. THE ARC: build a team -> beat the 8 gyms prepared -> Elite Four -> credits. ALSO NORMAL: you entered your own name (and your rival\'s) when the game began — people in this world knowing your names is ordinary, not a mystery to react to. RIGHT NOW your team is thin/lopsided (a strong lead but weak or too few others) — that\'s why tough trainers wall you. Building up a real squad (catch a good new teammate, level the weak ones) is how a prepared trainer gets past these. THE MAIN QUEST IS A FIXED PATH you\'re always on: beat the 8 Gym Leaders in order, then the Elite Four, then you win the game. You\'re on GYM 3 of 8 — next is Lt. Surge in Vermilion City. The road forward leads there: until you\'ve won you are ALWAYS making progress toward the next gym. Grinding/catching/detours are fine — but ONLY with a clear purpose, and then you GET BACK ON THE ROAD to Vermilion City. Never just circle the same grass. Word on the road about Lt. Surge: the lightning American — ELECTRIC-types; ground moves shut his whole act down YOUR STORY SO FAR (what you\'ve actually done — your past, not the future): You started in Pallet Town, beat Brock in Pewter (Boulder Badge), fought up Route 3 and through the Mt. Moon cave — a real maze you nearly got lost in — reached Cerulean City, and beat Misty for the Cascade Badge. Now you\'re after your third gym.. Next on my list: catch an pikachu around Viridian Forest (rare) / Power Plant later. It grows into my raichu — that\'s my answer for Lorelei AND Lance down the line. Grabbing it now, before I need it.. THINGS YOU\'VE HEARD AND READ (from people and signs — your own notes, use them when they point somewhere): "Why don\'t you go upstairs and try trading POK.MON with your friends? You could get a lot more variety by trading. The POK.MON you get in trades grow quickly, to"; "Why don\'t you go upstairs and try trading POK.MON with your friends? You could get a lot more variety by trading. The POK.MON you get in trades grow quickly, to"; "TM03 teaches WATER PULSE. Use it on an aquatic POK.MON!"; "KIRA put the TM03 in the TM CASE.". YOUR PLAN — right now: You\'re ready — stop grinding and head to Vermilion City for the Thunder Badge. Next: You CRUSHED that last gym — ride the momentum, go straight for Lt. Surge in Vermilion City; the trainers on the way are your training. Bigger picture: Reach Vermilion City, beat Lt. Surge for the Thunder Badge. Your team right now: wartortle (L30), caterpie the butterfree (L10), rattata (L13), spearow (L14), abra (L13), ekans (L13). Remember YOU are the one playing this — narrate your plan to chat in your own voice (first person: "I\'m grinding", "my team"), and never ask anyone what you\'re doing or who\'s on your team — you know.', 'progress': "2 badge(s) earned (Boulder, Cascade). Next gym: Lt. Surge of Vermilion City. Pokédex: 9 caught. She's two badges down, a quarter of the way (of 8 badges, then the Elite Four).", 'party': 'wartortle (L30), caterpie the butterfree (L10), rattata (L13), spearow (L14), abra (L13), ekans (L13)', 'goal': {'short': "You're ready — stop grinding and head to Vermilion City for the Thunder Badge", 'medium': 'You CRUSHED that last gym — ride the momentum, go straight for Lt. Surge in Vermilion City; the trainers on the way are your training', 'long': 'Reach Vermilion City, beat Lt. Surge for the Thunder Badge'}} options=['talk_npc']

   [kira-voice] ORACLE kind=action options=['talk_npc'] -> pick='talk_npc'

   [campaign]    [soul] ORACLE pick -> 'talk_npc'

   [campaign]    [roam] DECISION THINK: 3053ms (world stayed live — pumped idle, not a freeze)

   [campaign]    [roam] PICK OUT: talk_npc

   [campaign]    [roam] RATIONALE: Checking in with a local, then then on to Vermilion City for Lt. Surge.

   [campaign]    TALK: no reachable un-talked NPC here

   [campaign]    [roam] RESULT: talk_npc -> no_npc | pos (3, 22)(107, 12) -> (3, 22)(107, 12) (NO MOVEMENT)

   [campaign]    ⛰️  CAMPAIGN SAVE [tick15] -> campaign/kira_campaign.state  (map=(3, 22) coords=(107, 12) badges=2 party=6)

   [campaign]    [sanctity] bundle VALID (schema/encoding/truth/monotonic all clean)

   [campaign]    [world] learned 3 warp(s) on (3, 22): (19, 5)->(1, 1), (32, 5)->(1, 2), (12, 5)->(16, 0)

   [campaign]    [roam] GYM-READINESS FLOOR: SPARED head_to_gym — 🔥 MOMENTUM (decisive last win; march at Lt. Surge, train on the road)

   [campaign]    [roam] !! retiring bench pin L16 — gym is GO now

   [campaign]    [roam] !! MOMENTUM → GO HARD: forced head_to_gym (Lt. Surge); pruned ['battle', 'travel:3,20', 'travel:3,21', 'travel:3,26', 'travel:3,27', 'travel:3,43', 'wander_catch']; oracle SKIPPED this tick

   [campaign]    [roam] !! STRUCTURAL DEAD-ROUTE: ['head_to_gym'] proven dead on this map — pruned until she leaves it (or a questline arms); remaining: ['talk_npc']

   [campaign] -- ROAM TICK 16/100000000 --

   [campaign]    [roam] STATE IN: Route 4 (107, 12) | badges=2 (Boulder, Cascade) | party=[wartortle L30, butterfree L10, rattata L13, spearow L14, abra L13, ekans L13] | 2 badge(s) earned (Boulder, Cascade). Next gym: Lt. Surge of Vermilion City. Pokédex: 9 caught. She's two badges down, a quarter of the way (of 8 badges, then the Elite Four).

   [campaign]    [roam] PROGRESS: GREEN (unchanged 2 ticks) | fp[(3, 22) (107,12) f3 -- badge2 $456 party:7ef4 bag:7e57]

   [campaign]    [roam] OPTIONS OFFERED: ['talk_npc']

   [campaign]    [soul] surface_want FIRE -> Route 4

   [campaign]    [soul] ORACLE decision: kind=want ctx={'place': "You're on Route 4 — outdoors under open sky (a town with a Pokémon Center; tall grass around — wild Pokémon live in it).. ALREADY BESIDE YOU — your current team: wartortle (L30), caterpie the butterfree (L10), rattata (L13), spearow (L14), abra (L13), ekans (L13). A want is something you DON'T yet have; never wish for a teammate who's already on your team.", 'map': (3, 22), 'badges': ['Boulder', 'Cascade'], 'progress': "2 badge(s) earned (Boulder, Cascade). Next gym: Lt. Surge of Vermilion City. Pokédex: 9 caught. She's two badges down, a quarter of the way (of 8 badges, then the Elite Four).", 'party': 'wartortle (L30), caterpie the butterfree (L10), rattata (L13), spearow (L14), abra (L13), ekans (L13)', 'goal': {'short': "You're ready — stop grinding and head to Vermilion City for the Thunder Badge", 'medium': 'You CRUSHED that last gym — ride the momentum, go straight for Lt. Surge in Vermilion City; the trainers on the way are your training', 'long': 'Reach Vermilion City, beat Lt. Surge for the Thunder Badge'}} options=['eevee', 'fossil', 'starters', 'rare', 'legendaries']

   [pkmn-audio] !! PCM queue full — dropped frame audio (total drops 1; bursts here = audible crackle)

   [kira-voice] ORACLE kind=want options=['eevee', 'fossil', 'starters', 'rare', 'legendaries'] -> pick='Reach Vermilion City, beat Lt. Surge'

   [campaign]    [soul] ORACLE pick -> 'Reach Vermilion City, beat Lt. Surge'

   [campaign]    [soul] ORACLE decision: kind=action ctx={'place': 'You\'re on Route 4 — outdoors under open sky (a town with a Pokémon Center; tall grass around — wild Pokémon live in it).. From here: SOUTH → Route 3 — wild Pokémon to catch/train; EAST → Cerulean City — a Mart, a Pokémon Center. Places you\'ve been with wild Pokémon you can walk back to: Route 24; an unfamiliar area; Route 2. You can walk to anywhere you\'ve already been.. HOW POKÉMON WORKS (what you\'re playing for): the GOAL is to earn 8 Gym Badges, beat the Elite Four, and roll the credits — that\'s beating the game. You build a TEAM of up to 6 Pokémon you like AND that cover each other (types/roles) — a solo carry with a dead-weight bench is a losing setup; a real trainer fields a balanced, levelled squad. CATCHING wild Pokémon is central (\'gotta catch \'em all\') — you catch to build that team and to fill the Pokédex. When you meet a wild Pokémon, weigh it: is it cool/strong/useful, does it cover a gap, is it better than a bench-warmer? — keep your best ~6, and build a squad you actually like. THE ARC: build a team -> beat the 8 gyms prepared -> Elite Four -> credits. ALSO NORMAL: you entered your own name (and your rival\'s) when the game began — people in this world knowing your names is ordinary, not a mystery to react to. RIGHT NOW your team is thin/lopsided (a strong lead but weak or too few others) — that\'s why tough trainers wall you. Building up a real squad (catch a good new teammate, level the weak ones) is how a prepared trainer gets past these. THE MAIN QUEST IS A FIXED PATH you\'re always on: beat the 8 Gym Leaders in order, then the Elite Four, then you win the game. You\'re on GYM 3 of 8 — next is Lt. Surge in Vermilion City. The road forward leads there: until you\'ve won you are ALWAYS making progress toward the next gym. Grinding/catching/detours are fine — but ONLY with a clear purpose, and then you GET BACK ON THE ROAD to Vermilion City. Never just circle the same grass. Word on the road about Lt. Surge: the lightning American — ELECTRIC-types; ground moves shut his whole act down YOUR STORY SO FAR (what you\'ve actually done — your past, not the future): You started in Pallet Town, beat Brock in Pewter (Boulder Badge), fought up Route 3 and through the Mt. Moon cave — a real maze you nearly got lost in — reached Cerulean City, and beat Misty for the Cascade Badge. Now you\'re after your third gym.. Next on my list: catch an pikachu around Viridian Forest (rare) / Power Plant later. It grows into my raichu — that\'s my answer for Lorelei AND Lance down the line. Grabbing it now, before I need it.. THINGS YOU\'VE HEARD AND READ (from people and signs — your own notes, use them when they point somewhere): "Why don\'t you go upstairs and try trading POK.MON with your friends? You could get a lot more variety by trading. The POK.MON you get in trades grow quickly, to"; "Why don\'t you go upstairs and try trading POK.MON with your friends? You could get a lot more variety by trading. The POK.MON you get in trades grow quickly, to"; "TM03 teaches WATER PULSE. Use it on an aquatic POK.MON!"; "KIRA put the TM03 in the TM CASE.". YOUR PLAN — right now: You\'re ready — stop grinding and head to Vermilion City for the Thunder Badge. Next: You CRUSHED that last gym — ride the momentum, go straight for Lt. Surge in Vermilion City; the trainers on the way are your training. Bigger picture: Reach Vermilion City, beat Lt. Surge for the Thunder Badge. Your team right now: wartortle (L30), caterpie the butterfree (L10), rattata (L13), spearow (L14), abra (L13), ekans (L13). Remember YOU are the one playing this — narrate your plan to chat in your own voice (first person: "I\'m grinding", "my team"), and never ask anyone what you\'re doing or who\'s on your team — you know.', 'progress': "2 badge(s) earned (Boulder, Cascade). Next gym: Lt. Surge of Vermilion City. Pokédex: 9 caught. She's two badges down, a quarter of the way (of 8 badges, then the Elite Four).", 'party': 'wartortle (L30), caterpie the butterfree (L10), rattata (L13), spearow (L14), abra (L13), ekans (L13)', 'goal': {'short': "You're ready — stop grinding and head to Vermilion City for the Thunder Badge", 'medium': 'You CRUSHED that last gym — ride the momentum, go straight for Lt. Surge in Vermilion City; the trainers on the way are your training', 'long': 'Reach Vermilion City, beat Lt. Surge for the Thunder Badge'}} options=['talk_npc']

   [kira-voice] -> T2·savor· (want) 'Reach Vermilion City, beat Lt. Surge'  fired=True  [age 0.0s + post 7ms]

   [kira-voice] ORACLE kind=action options=['talk_npc'] -> pick='talk_npc'

   [campaign]    [soul] ORACLE pick -> 'talk_npc'

   [campaign]    [roam] DECISION THINK: 3045ms (world stayed live — pumped idle, not a freeze)

   [campaign]    [roam] PICK OUT: talk_npc

   [campaign]    [roam] RATIONALE: Checking in with a local, then then on to Vermilion City for Lt. Surge.

   [campaign]    TALK: no reachable un-talked NPC here

   [campaign]    [roam] RESULT: talk_npc -> no_npc | pos (3, 22)(107, 12) -> (3, 22)(107, 12) (NO MOVEMENT)

   [campaign]    [world] learned 3 warp(s) on (3, 22): (19, 5)->(1, 1), (32, 5)->(1, 2), (12, 5)->(16, 0)

   [campaign]    [roam] GYM-READINESS FLOOR: SPARED head_to_gym — 🔥 MOMENTUM (decisive last win; march at Lt. Surge, train on the road)

   [campaign]    [roam] !! retiring bench pin L16 — gym is GO now

   [campaign]    [roam] !! MOMENTUM → GO HARD: forced head_to_gym (Lt. Surge); pruned ['battle', 'travel:3,20', 'travel:3,21', 'travel:3,26', 'travel:3,27', 'travel:3,43', 'wander_catch']; oracle SKIPPED this tick

   [campaign]    [roam] !! STRUCTURAL DEAD-ROUTE: ['head_to_gym'] proven dead on this map — pruned until she leaves it (or a questline arms); remaining: ['talk_npc']

   [campaign] -- ROAM TICK 17/100000000 --

   [campaign]    [roam] STATE IN: Route 4 (107, 12) | badges=2 (Boulder, Cascade) | party=[wartortle L30, butterfree L10, rattata L13, spearow L14, abra L13, ekans L13] | 2 badge(s) earned (Boulder, Cascade). Next gym: Lt. Surge of Vermilion City. Pokédex: 9 caught. She's two badges down, a quarter of the way (of 8 badges, then the Elite Four).

   [campaign]    [roam] PROGRESS: YELLOW (unchanged 3 ticks) | fp[(3, 22) (107,12) f3 -- badge2 $456 party:7ef4 bag:7e57]

   [campaign]    [roam] OPTIONS OFFERED: ['talk_npc']

   [campaign]    [roam] !! MACRO YELLOW: no progress 3 ticks — feeding awareness back to the oracle: "You keep trying to talk npc but the world hasn't changed in 3 turns - it went 'no_npc', and you don't seem to be getting anywhere."

   [campaign]    [roam] !! REPEAT-NO-PROGRESS: 'talk_npc' repeated with a stuck fingerprint — nudging a different action

   [campaign]    [soul] ORACLE decision: kind=action ctx={'place': 'You\'re on Route 4 — outdoors under open sky (a town with a Pokémon Center; tall grass around — wild Pokémon live in it).. From here: SOUTH → Route 3 — wild Pokémon to catch/train; EAST → Cerulean City — a Mart, a Pokémon Center. Places you\'ve been with wild Pokémon you can walk back to: Route 24; an unfamiliar area; Route 2. You can walk to anywhere you\'ve already been.. You keep trying to talk npc but the world hasn\'t changed in 3 turns - it went \'no_npc\', and you don\'t seem to be getting anywhere.. HOW POKÉMON WORKS (what you\'re playing for): the GOAL is to earn 8 Gym Badges, beat the Elite Four, and roll the credits — that\'s beating the game. You build a TEAM of up to 6 Pokémon you like AND that cover each other (types/roles) — a solo carry with a dead-weight bench is a losing setup; a real trainer fields a balanced, levelled squad. CATCHING wild Pokémon is central (\'gotta catch \'em all\') — you catch to build that team and to fill the Pokédex. When you meet a wild Pokémon, weigh it: is it cool/strong/useful, does it cover a gap, is it better than a bench-warmer? — keep your best ~6, and build a squad you actually like. THE ARC: build a team -> beat the 8 gyms prepared -> Elite Four -> credits. ALSO NORMAL: you entered your own name (and your rival\'s) when the game began — people in this world knowing your names is ordinary, not a mystery to react to. RIGHT NOW your team is thin/lopsided (a strong lead but weak or too few others) — that\'s why tough trainers wall you. Building up a real squad (catch a good new teammate, level the weak ones) is how a prepared trainer gets past these. THE MAIN QUEST IS A FIXED PATH you\'re always on: beat the 8 Gym Leaders in order, then the Elite Four, then you win the game. You\'re on GYM 3 of 8 — next is Lt. Surge in Vermilion City. The road forward leads there: until you\'ve won you are ALWAYS making progress toward the next gym. Grinding/catching/detours are fine — but ONLY with a clear purpose, and then you GET BACK ON THE ROAD to Vermilion City. Never just circle the same grass. Word on the road about Lt. Surge: the lightning American — ELECTRIC-types; ground moves shut his whole act down YOUR STORY SO FAR (what you\'ve actually done — your past, not the future): You started in Pallet Town, beat Brock in Pewter (Boulder Badge), fought up Route 3 and through the Mt. Moon cave — a real maze you nearly got lost in — reached Cerulean City, and beat Misty for the Cascade Badge. Now you\'re after your third gym.. Next on my list: catch an pikachu around Viridian Forest (rare) / Power Plant later. It grows into my raichu — that\'s my answer for Lorelei AND Lance down the line. Grabbing it now, before I need it.. THINGS YOU\'VE HEARD AND READ (from people and signs — your own notes, use them when they point somewhere): "Why don\'t you go upstairs and try trading POK.MON with your friends? You could get a lot more variety by trading. The POK.MON you get in trades grow quickly, to"; "Why don\'t you go upstairs and try trading POK.MON with your friends? You could get a lot more variety by trading. The POK.MON you get in trades grow quickly, to"; "TM03 teaches WATER PULSE. Use it on an aquatic POK.MON!"; "KIRA put the TM03 in the TM CASE.". YOUR PLAN — right now: You\'re ready — stop grinding and head to Vermilion City for the Thunder Badge. Next: You CRUSHED that last gym — ride the momentum, go straight for Lt. Surge in Vermilion City; the trainers on the way are your training. Bigger picture: Reach Vermilion City, beat Lt. Surge for the Thunder Badge. Your team right now: wartortle (L30), caterpie the butterfree (L10), rattata (L13), spearow (L14), abra (L13), ekans (L13). Remember YOU are the one playing this — narrate your plan to chat in your own voice (first person: "I\'m grinding", "my team"), and never ask anyone what you\'re doing or who\'s on your team — you know.. HEADS UP — you just chose \'talk_npc\' and NOTHING changed (same spot, no progress). Repeating it again will do the same nothing. Pick a DIFFERENT action this time and break the loop.', 'progress': "2 badge(s) earned (Boulder, Cascade). Next gym: Lt. Surge of Vermilion City. Pokédex: 9 caught. She's two badges down, a quarter of the way (of 8 badges, then the Elite Four).", 'party': 'wartortle (L30), caterpie the butterfree (L10), rattata (L13), spearow (L14), abra (L13), ekans (L13)', 'goal': {'short': "You're ready — stop grinding and head to Vermilion City for the Thunder Badge", 'medium': 'You CRUSHED that last gym — ride the momentum, go straight for Lt. Surge in Vermilion City; the trainers on the way are your training', 'long': 'Reach Vermilion City, beat Lt. Surge for the Thunder Badge'}} options=['talk_npc']

   [kira-voice] ORACLE kind=action options=['talk_npc'] -> pick='talk_npc'

   [campaign]    [soul] ORACLE pick -> 'talk_npc'

   [campaign]    [roam] DECISION THINK: 3151ms (world stayed live — pumped idle, not a freeze)

   [campaign]    [roam] PICK OUT: talk_npc  <- her RECOVERY move (YELLOW)

   [campaign]    [roam] RATIONALE: Checking in with a local, then then on to Vermilion City for Lt. Surge.

   [campaign]    TALK: no reachable un-talked NPC here

   [campaign]    [roam] RESULT: talk_npc -> no_npc | pos (3, 22)(107, 12) -> (3, 22)(107, 12) (NO MOVEMENT)

   [campaign]    [world] learned 3 warp(s) on (3, 22): (19, 5)->(1, 1), (32, 5)->(1, 2), (12, 5)->(16, 0)

   [campaign]    [roam] GYM-READINESS FLOOR: SPARED head_to_gym — 🔥 MOMENTUM (decisive last win; march at Lt. Surge, train on the road)

   [campaign]    [roam] !! retiring bench pin L16 — gym is GO now

   [campaign]    [roam] !! MOMENTUM → GO HARD: forced head_to_gym (Lt. Surge); pruned ['battle', 'travel:3,20', 'travel:3,21', 'travel:3,26', 'travel:3,27', 'travel:3,43', 'wander_catch']; oracle SKIPPED this tick

   [campaign]    [roam] !! STRUCTURAL DEAD-ROUTE: ['head_to_gym'] proven dead on this map — pruned until she leaves it (or a questline arms); remaining: ['talk_npc']

   [campaign] -- ROAM TICK 18/100000000 --

   [campaign]    [roam] STATE IN: Route 4 (107, 12) | badges=2 (Boulder, Cascade) | party=[wartortle L30, butterfree L10, rattata L13, spearow L14, abra L13, ekans L13] | 2 badge(s) earned (Boulder, Cascade). Next gym: Lt. Surge of Vermilion City. Pokédex: 9 caught. She's two badges down, a quarter of the way (of 8 badges, then the Elite Four).

   [campaign]    [roam] PROGRESS: YELLOW (unchanged 4 ticks) | fp[(3, 22) (107,12) f3 -- badge2 $456 party:7ef4 bag:7e57]

   [campaign]    [roam] OPTIONS OFFERED: ['talk_npc']

   [campaign]    [roam] !! MACRO YELLOW: no progress 4 ticks — feeding awareness back to the oracle: "You keep trying to talk npc but the world hasn't changed in 4 turns - it went 'no_npc', and you don't seem to be getting anywhere."

   [campaign]    [roam] !! REPEAT-NO-PROGRESS: 'talk_npc' repeated with a stuck fingerprint — nudging a different action

   [campaign]    [soul] ORACLE decision: kind=action ctx={'place': 'You\'re on Route 4 — outdoors under open sky (a town with a Pokémon Center; tall grass around — wild Pokémon live in it).. From here: SOUTH → Route 3 — wild Pokémon to catch/train; EAST → Cerulean City — a Mart, a Pokémon Center. Places you\'ve been with wild Pokémon you can walk back to: Route 24; an unfamiliar area; Route 2. You can walk to anywhere you\'ve already been.. You keep trying to talk npc but the world hasn\'t changed in 4 turns - it went \'no_npc\', and you don\'t seem to be getting anywhere.. HOW POKÉMON WORKS (what you\'re playing for): the GOAL is to earn 8 Gym Badges, beat the Elite Four, and roll the credits — that\'s beating the game. You build a TEAM of up to 6 Pokémon you like AND that cover each other (types/roles) — a solo carry with a dead-weight bench is a losing setup; a real trainer fields a balanced, levelled squad. CATCHING wild Pokémon is central (\'gotta catch \'em all\') — you catch to build that team and to fill the Pokédex. When you meet a wild Pokémon, weigh it: is it cool/strong/useful, does it cover a gap, is it better than a bench-warmer? — keep your best ~6, and build a squad you actually like. THE ARC: build a team -> beat the 8 gyms prepared -> Elite Four -> credits. ALSO NORMAL: you entered your own name (and your rival\'s) when the game began — people in this world knowing your names is ordinary, not a mystery to react to. RIGHT NOW your team is thin/lopsided (a strong lead but weak or too few others) — that\'s why tough trainers wall you. Building up a real squad (catch a good new teammate, level the weak ones) is how a prepared trainer gets past these. THE MAIN QUEST IS A FIXED PATH you\'re always on: beat the 8 Gym Leaders in order, then the Elite Four, then you win the game. You\'re on GYM 3 of 8 — next is Lt. Surge in Vermilion City. The road forward leads there: until you\'ve won you are ALWAYS making progress toward the next gym. Grinding/catching/detours are fine — but ONLY with a clear purpose, and then you GET BACK ON THE ROAD to Vermilion City. Never just circle the same grass. Word on the road about Lt. Surge: the lightning American — ELECTRIC-types; ground moves shut his whole act down YOUR STORY SO FAR (what you\'ve actually done — your past, not the future): You started in Pallet Town, beat Brock in Pewter (Boulder Badge), fought up Route 3 and through the Mt. Moon cave — a real maze you nearly got lost in — reached Cerulean City, and beat Misty for the Cascade Badge. Now you\'re after your third gym.. Next on my list: catch an pikachu around Viridian Forest (rare) / Power Plant later. It grows into my raichu — that\'s my answer for Lorelei AND Lance down the line. Grabbing it now, before I need it.. THINGS YOU\'VE HEARD AND READ (from people and signs — your own notes, use them when they point somewhere): "Why don\'t you go upstairs and try trading POK.MON with your friends? You could get a lot more variety by trading. The POK.MON you get in trades grow quickly, to"; "Why don\'t you go upstairs and try trading POK.MON with your friends? You could get a lot more variety by trading. The POK.MON you get in trades grow quickly, to"; "TM03 teaches WATER PULSE. Use it on an aquatic POK.MON!"; "KIRA put the TM03 in the TM CASE.". YOUR PLAN — right now: You\'re ready — stop grinding and head to Vermilion City for the Thunder Badge. Next: You CRUSHED that last gym — ride the momentum, go straight for Lt. Surge in Vermilion City; the trainers on the way are your training. Bigger picture: Reach Vermilion City, beat Lt. Surge for the Thunder Badge. Your team right now: wartortle (L30), caterpie the butterfree (L10), rattata (L13), spearow (L14), abra (L13), ekans (L13). Remember YOU are the one playing this — narrate your plan to chat in your own voice (first person: "I\'m grinding", "my team"), and never ask anyone what you\'re doing or who\'s on your team — you know.. HEADS UP — you just chose \'talk_npc\' and NOTHING changed (same spot, no progress). Repeating it again will do the same nothing. Pick a DIFFERENT action this time and break the loop.', 'progress': "2 badge(s) earned (Boulder, Cascade). Next gym: Lt. Surge of Vermilion City. Pokédex: 9 caught. She's two badges down, a quarter of the way (of 8 badges, then the Elite Four).", 'party': 'wartortle (L30), caterpie the butterfree (L10), rattata (L13), spearow (L14), abra (L13), ekans (L13)', 'goal': {'short': "You're ready — stop grinding and head to Vermilion City for the Thunder Badge", 'medium': 'You CRUSHED that last gym — ride the momentum, go straight for Lt. Surge in Vermilion City; the trainers on the way are your training', 'long': 'Reach Vermilion City, beat Lt. Surge for the Thunder Badge'}} options=['talk_npc']

   [kira-voice] ORACLE kind=action options=['talk_npc'] -> pick='talk_npc'

   [campaign]    [soul] ORACLE pick -> 'talk_npc'

   [campaign]    [roam] DECISION THINK: 2592ms (world stayed live — pumped idle, not a freeze)

   [campaign]    [roam] PICK OUT: talk_npc  <- her RECOVERY move (YELLOW)

   [campaign]    [roam] RATIONALE: Checking in with a local, then then on to Vermilion City for Lt. Surge.

   [campaign]    TALK: no reachable un-talked NPC here

   [campaign]    [roam] RESULT: talk_npc -> no_npc | pos (3, 22)(107, 12) -> (3, 22)(107, 12) (NO MOVEMENT)

   [campaign]    [world] learned 3 warp(s) on (3, 22): (19, 5)->(1, 1), (32, 5)->(1, 2), (12, 5)->(16, 0)

   [campaign]    [roam] GYM-READINESS FLOOR: SPARED head_to_gym — 🔥 MOMENTUM (decisive last win; march at Lt. Surge, train on the road)

   [campaign]    [roam] !! retiring bench pin L16 — gym is GO now

   [campaign]    [roam] !! MOMENTUM → GO HARD: forced head_to_gym (Lt. Surge); pruned ['battle', 'travel:3,20', 'travel:3,21', 'travel:3,26', 'travel:3,27', 'travel:3,43', 'wander_catch']; oracle SKIPPED this tick

   [campaign]    [roam] !! STRUCTURAL DEAD-ROUTE: ['head_to_gym'] proven dead on this map — pruned until she leaves it (or a questline arms); remaining: ['talk_npc']

   [campaign] -- ROAM TICK 19/100000000 --

   [campaign]    [roam] STATE IN: Route 4 (107, 12) | badges=2 (Boulder, Cascade) | party=[wartortle L30, butterfree L10, rattata L13, spearow L14, abra L13, ekans L13] | 2 badge(s) earned (Boulder, Cascade). Next gym: Lt. Surge of Vermilion City. Pokédex: 9 caught. She's two badges down, a quarter of the way (of 8 badges, then the Elite Four).

   [campaign]    [roam] PROGRESS: YELLOW (unchanged 5 ticks) | fp[(3, 22) (107,12) f3 -- badge2 $456 party:7ef4 bag:7e57]

   [campaign]    [roam] OPTIONS OFFERED: ['talk_npc']

   [campaign]    [soul] surface_want FIRE -> Route 4

   [campaign]    [soul] ORACLE decision: kind=want ctx={'place': "You're on Route 4 — outdoors under open sky (a town with a Pokémon Center; tall grass around — wild Pokémon live in it).. ALREADY BESIDE YOU — your current team: wartortle (L30), caterpie the butterfree (L10), rattata (L13), spearow (L14), abra (L13), ekans (L13). A want is something you DON'T yet have; never wish for a teammate who's already on your team.", 'map': (3, 22), 'badges': ['Boulder', 'Cascade'], 'progress': "2 badge(s) earned (Boulder, Cascade). Next gym: Lt. Surge of Vermilion City. Pokédex: 9 caught. She's two badges down, a quarter of the way (of 8 badges, then the Elite Four).", 'party': 'wartortle (L30), caterpie the butterfree (L10), rattata (L13), spearow (L14), abra (L13), ekans (L13)', 'goal': {'short': "You're ready — stop grinding and head to Vermilion City for the Thunder Badge", 'medium': 'You CRUSHED that last gym — ride the momentum, go straight for Lt. Surge in Vermilion City; the trainers on the way are your training', 'long': 'Reach Vermilion City, beat Lt. Surge for the Thunder Badge'}} options=['eevee', 'fossil', 'starters', 'rare', 'legendaries']

   [kira-voice] ORACLE kind=want options=['eevee', 'fossil', 'starters', 'rare', 'legendaries'] -> pick='Reach Vermilion City, take down Lt. Surge'

   [campaign]    [soul] ORACLE pick -> 'Reach Vermilion City, take down Lt. Surge'

   [campaign]    [roam] !! MACRO YELLOW: no progress 5 ticks — feeding awareness back to the oracle: "You keep trying to talk npc but the world hasn't changed in 5 turns - it went 'no_npc', and you don't seem to be getting anywhere."

   [campaign]    [roam] !! REPEAT-NO-PROGRESS: 'talk_npc' repeated with a stuck fingerprint — nudging a different action

   [campaign]    [soul] ORACLE decision: kind=action ctx={'place': 'You\'re on Route 4 — outdoors under open sky (a town with a Pokémon Center; tall grass around — wild Pokémon live in it).. From here: SOUTH → Route 3 — wild Pokémon to catch/train; EAST → Cerulean City — a Mart, a Pokémon Center. Places you\'ve been with wild Pokémon you can walk back to: Route 24; an unfamiliar area; Route 2. You can walk to anywhere you\'ve already been.. You keep trying to talk npc but the world hasn\'t changed in 5 turns - it went \'no_npc\', and you don\'t seem to be getting anywhere.. HOW POKÉMON WORKS (what you\'re playing for): the GOAL is to earn 8 Gym Badges, beat the Elite Four, and roll the credits — that\'s beating the game. You build a TEAM of up to 6 Pokémon you like AND that cover each other (types/roles) — a solo carry with a dead-weight bench is a losing setup; a real trainer fields a balanced, levelled squad. CATCHING wild Pokémon is central (\'gotta catch \'em all\') — you catch to build that team and to fill the Pokédex. When you meet a wild Pokémon, weigh it: is it cool/strong/useful, does it cover a gap, is it better than a bench-warmer? — keep your best ~6, and build a squad you actually like. THE ARC: build a team -> beat the 8 gyms prepared -> Elite Four -> credits. ALSO NORMAL: you entered your own name (and your rival\'s) when the game began — people in this world knowing your names is ordinary, not a mystery to react to. RIGHT NOW your team is thin/lopsided (a strong lead but weak or too few others) — that\'s why tough trainers wall you. Building up a real squad (catch a good new teammate, level the weak ones) is how a prepared trainer gets past these. THE MAIN QUEST IS A FIXED PATH you\'re always on: beat the 8 Gym Leaders in order, then the Elite Four, then you win the game. You\'re on GYM 3 of 8 — next is Lt. Surge in Vermilion City. The road forward leads there: until you\'ve won you are ALWAYS making progress toward the next gym. Grinding/catching/detours are fine — but ONLY with a clear purpose, and then you GET BACK ON THE ROAD to Vermilion City. Never just circle the same grass. Word on the road about Lt. Surge: the lightning American — ELECTRIC-types; ground moves shut his whole act down YOUR STORY SO FAR (what you\'ve actually done — your past, not the future): You started in Pallet Town, beat Brock in Pewter (Boulder Badge), fought up Route 3 and through the Mt. Moon cave — a real maze you nearly got lost in — reached Cerulean City, and beat Misty for the Cascade Badge. Now you\'re after your third gym.. Next on my list: catch an pikachu around Viridian Forest (rare) / Power Plant later. It grows into my raichu — that\'s my answer for Lorelei AND Lance down the line. Grabbing it now, before I need it.. THINGS YOU\'VE HEARD AND READ (from people and signs — your own notes, use them when they point somewhere): "Why don\'t you go upstairs and try trading POK.MON with your friends? You could get a lot more variety by trading. The POK.MON you get in trades grow quickly, to"; "Why don\'t you go upstairs and try trading POK.MON with your friends? You could get a lot more variety by trading. The POK.MON you get in trades grow quickly, to"; "TM03 teaches WATER PULSE. Use it on an aquatic POK.MON!"; "KIRA put the TM03 in the TM CASE.". YOUR PLAN — right now: You\'re ready — stop grinding and head to Vermilion City for the Thunder Badge. Next: You CRUSHED that last gym — ride the momentum, go straight for Lt. Surge in Vermilion City; the trainers on the way are your training. Bigger picture: Reach Vermilion City, beat Lt. Surge for the Thunder Badge. Your team right now: wartortle (L30), caterpie the butterfree (L10), rattata (L13), spearow (L14), abra (L13), ekans (L13). Remember YOU are the one playing this — narrate your plan to chat in your own voice (first person: "I\'m grinding", "my team"), and never ask anyone what you\'re doing or who\'s on your team — you know.. HEADS UP — you just chose \'talk_npc\' and NOTHING changed (same spot, no progress). Repeating it again will do the same nothing. Pick a DIFFERENT action this time and break the loop.', 'progress': "2 badge(s) earned (Boulder, Cascade). Next gym: Lt. Surge of Vermilion City. Pokédex: 9 caught. She's two badges down, a quarter of the way (of 8 badges, then the Elite Four).", 'party': 'wartortle (L30), caterpie the butterfree (L10), rattata (L13), spearow (L14), abra (L13), ekans (L13)', 'goal': {'short': "You're ready — stop grinding and head to Vermilion City for the Thunder Badge", 'medium': 'You CRUSHED that last gym — ride the momentum, go straight for Lt. Surge in Vermilion City; the trainers on the way are your training', 'long': 'Reach Vermilion City, beat Lt. Surge for the Thunder Badge'}} options=['talk_npc']

   [kira-voice] -> T2·savor· (want) 'Reach Vermilion City, take down Lt. Surge'  fired=True  [age 0.0s + post 12ms]

   [kira-voice] ORACLE kind=action options=['talk_npc'] -> pick='talk_npc'

   [campaign]    [soul] ORACLE pick -> 'talk_npc'

   [campaign]    [roam] DECISION THINK: 2980ms (world stayed live — pumped idle, not a freeze)

   [campaign]    [roam] PICK OUT: talk_npc  <- her RECOVERY move (YELLOW)

   [campaign]    [roam] RATIONALE: Checking in with a local, then then on to Vermilion City for Lt. Surge.

   [campaign]    TALK: no reachable un-talked NPC here

   [campaign]    [roam] RESULT: talk_npc -> no_npc | pos (3, 22)(107, 12) -> (3, 22)(107, 12) (NO MOVEMENT)

   [campaign]    [world] learned 3 warp(s) on (3, 22): (19, 5)->(1, 1), (32, 5)->(1, 2), (12, 5)->(16, 0)

   [campaign]    [roam] GYM-READINESS FLOOR: SPARED head_to_gym — 🔥 MOMENTUM (decisive last win; march at Lt. Surge, train on the road)

   [campaign]    [roam] !! retiring bench pin L16 — gym is GO now

   [campaign]    [roam] !! MOMENTUM → GO HARD: forced head_to_gym (Lt. Surge); pruned ['battle', 'travel:3,20', 'travel:3,21', 'travel:3,26', 'travel:3,27', 'travel:3,43', 'wander_catch']; oracle SKIPPED this tick

   [campaign]    [roam] !! STRUCTURAL DEAD-ROUTE: ['head_to_gym'] proven dead on this map — pruned until she leaves it (or a questline arms); remaining: ['talk_npc']

   [campaign] -- ROAM TICK 20/100000000 --

   [campaign]    [roam] STATE IN: Route 4 (107, 12) | badges=2 (Boulder, Cascade) | party=[wartortle L30, butterfree L10, rattata L13, spearow L14, abra L13, ekans L13] | 2 badge(s) earned (Boulder, Cascade). Next gym: Lt. Surge of Vermilion City. Pokédex: 9 caught. She's two badges down, a quarter of the way (of 8 badges, then the Elite Four).

   [campaign]    [roam] PROGRESS: RED (unchanged 6 ticks) | fp[(3, 22) (107,12) f3 -- badge2 $456 party:7ef4 bag:7e57]

   [campaign]    [roam] OPTIONS OFFERED: ['talk_npc']

   [campaign]    [roam] !! MACRO RED: no progress 6 ticks — feeding awareness back to the oracle: "You keep trying to talk npc but the world hasn't changed in 6 turns - it went 'no_npc', and you're completely stuck."

   [campaign]    [roam] !! REPEAT-NO-PROGRESS: 'talk_npc' repeated with a stuck fingerprint — nudging a different action

   [campaign]    [soul] ORACLE decision: kind=action ctx={'place': 'You\'re on Route 4 — outdoors under open sky (a town with a Pokémon Center; tall grass around — wild Pokémon live in it).. From here: SOUTH → Route 3 — wild Pokémon to catch/train; EAST → Cerulean City — a Mart, a Pokémon Center. Places you\'ve been with wild Pokémon you can walk back to: Route 24; an unfamiliar area; Route 2. You can walk to anywhere you\'ve already been.. You keep trying to talk npc but the world hasn\'t changed in 6 turns - it went \'no_npc\', and you\'re completely stuck.. HOW POKÉMON WORKS (what you\'re playing for): the GOAL is to earn 8 Gym Badges, beat the Elite Four, and roll the credits — that\'s beating the game. You build a TEAM of up to 6 Pokémon you like AND that cover each other (types/roles) — a solo carry with a dead-weight bench is a losing setup; a real trainer fields a balanced, levelled squad. CATCHING wild Pokémon is central (\'gotta catch \'em all\') — you catch to build that team and to fill the Pokédex. When you meet a wild Pokémon, weigh it: is it cool/strong/useful, does it cover a gap, is it better than a bench-warmer? — keep your best ~6, and build a squad you actually like. THE ARC: build a team -> beat the 8 gyms prepared -> Elite Four -> credits. ALSO NORMAL: you entered your own name (and your rival\'s) when the game began — people in this world knowing your names is ordinary, not a mystery to react to. RIGHT NOW your team is thin/lopsided (a strong lead but weak or too few others) — that\'s why tough trainers wall you. Building up a real squad (catch a good new teammate, level the weak ones) is how a prepared trainer gets past these. THE MAIN QUEST IS A FIXED PATH you\'re always on: beat the 8 Gym Leaders in order, then the Elite Four, then you win the game. You\'re on GYM 3 of 8 — next is Lt. Surge in Vermilion City. The road forward leads there: until you\'ve won you are ALWAYS making progress toward the next gym. Grinding/catching/detours are fine — but ONLY with a clear purpose, and then you GET BACK ON THE ROAD to Vermilion City. Never just circle the same grass. Word on the road about Lt. Surge: the lightning American — ELECTRIC-types; ground moves shut his whole act down YOUR STORY SO FAR (what you\'ve actually done — your past, not the future): You started in Pallet Town, beat Brock in Pewter (Boulder Badge), fought up Route 3 and through the Mt. Moon cave — a real maze you nearly got lost in — reached Cerulean City, and beat Misty for the Cascade Badge. Now you\'re after your third gym.. Next on my list: catch an pikachu around Viridian Forest (rare) / Power Plant later. It grows into my raichu — that\'s my answer for Lorelei AND Lance down the line. Grabbing it now, before I need it.. THINGS YOU\'VE HEARD AND READ (from people and signs — your own notes, use them when they point somewhere): "Why don\'t you go upstairs and try trading POK.MON with your friends? You could get a lot more variety by trading. The POK.MON you get in trades grow quickly, to"; "Why don\'t you go upstairs and try trading POK.MON with your friends? You could get a lot more variety by trading. The POK.MON you get in trades grow quickly, to"; "TM03 teaches WATER PULSE. Use it on an aquatic POK.MON!"; "KIRA put the TM03 in the TM CASE.". YOUR PLAN — right now: You\'re ready — stop grinding and head to Vermilion City for the Thunder Badge. Next: You CRUSHED that last gym — ride the momentum, go straight for Lt. Surge in Vermilion City; the trainers on the way are your training. Bigger picture: Reach Vermilion City, beat Lt. Surge for the Thunder Badge. Your team right now: wartortle (L30), caterpie the butterfree (L10), rattata (L13), spearow (L14), abra (L13), ekans (L13). Remember YOU are the one playing this — narrate your plan to chat in your own voice (first person: "I\'m grinding", "my team"), and never ask anyone what you\'re doing or who\'s on your team — you know.. HEADS UP — you just chose \'talk_npc\' and NOTHING changed (same spot, no progress). Repeating it again will do the same nothing. Pick a DIFFERENT action this time and break the loop.', 'progress': "2 badge(s) earned (Boulder, Cascade). Next gym: Lt. Surge of Vermilion City. Pokédex: 9 caught. She's two badges down, a quarter of the way (of 8 badges, then the Elite Four).", 'party': 'wartortle (L30), caterpie the butterfree (L10), rattata (L13), spearow (L14), abra (L13), ekans (L13)', 'goal': {'short': "You're ready — stop grinding and head to Vermilion City for the Thunder Badge", 'medium': 'You CRUSHED that last gym — ride the momentum, go straight for Lt. Surge in Vermilion City; the trainers on the way are your training', 'long': 'Reach Vermilion City, beat Lt. Surge for the Thunder Badge'}} options=['talk_npc']

   [kira-voice] ORACLE kind=action options=['talk_npc'] -> pick='talk_npc'

   [campaign]    [soul] ORACLE pick -> 'talk_npc'

   [campaign]    [roam] DECISION THINK: 4340ms (world stayed live — pumped idle, not a freeze)

   [campaign]    [roam] PICK OUT: talk_npc  <- her RECOVERY move (RED)

   [campaign]    [roam] RATIONALE: Checking in with a local, then then on to Vermilion City for Lt. Surge.

   [campaign]    TALK: no reachable un-talked NPC here

   [campaign]    [roam] RESULT: talk_npc -> no_npc | pos (3, 22)(107, 12) -> (3, 22)(107, 12) (NO MOVEMENT)

   [campaign]    ⛰️  CAMPAIGN SAVE [tick20] -> campaign/kira_campaign.state  (map=(3, 22) coords=(107, 12) badges=2 party=6)

   [campaign]    [sanctity] bundle VALID (schema/encoding/truth/monotonic all clean)

   [campaign]    [world] learned 3 warp(s) on (3, 22): (19, 5)->(1, 1), (32, 5)->(1, 2), (12, 5)->(16, 0)

   [campaign]    [roam] GYM-READINESS FLOOR: SPARED head_to_gym — 🔥 MOMENTUM (decisive last win; march at Lt. Surge, train on the road)

   [campaign]    [roam] !! retiring bench pin L16 — gym is GO now

   [campaign]    [roam] !! MOMENTUM → GO HARD: forced head_to_gym (Lt. Surge); pruned ['battle', 'travel:3,20', 'travel:3,21', 'travel:3,26', 'travel:3,27', 'travel:3,43', 'wander_catch']; oracle SKIPPED this tick

   [campaign]    [roam] !! STRUCTURAL DEAD-ROUTE: ['head_to_gym'] proven dead on this map — pruned until she leaves it (or a questline arms); remaining: ['talk_npc']

   [campaign] -- ROAM TICK 21/100000000 --

   [campaign]    [roam] STATE IN: Route 4 (107, 12) | badges=2 (Boulder, Cascade) | party=[wartortle L30, butterfree L10, rattata L13, spearow L14, abra L13, ekans L13] | 2 badge(s) earned (Boulder, Cascade). Next gym: Lt. Surge of Vermilion City. Pokédex: 9 caught. She's two badges down, a quarter of the way (of 8 badges, then the Elite Four).

   [campaign]    [roam] PROGRESS: RED (unchanged 7 ticks) | fp[(3, 22) (107,12) f3 -- badge2 $456 party:7ef4 bag:7e57]

   [campaign]    [roam] OPTIONS OFFERED: ['talk_npc']

   [campaign]    [roam] !! MACRO RED: no progress 7 ticks — feeding awareness back to the oracle: "You keep trying to talk npc but the world hasn't changed in 7 turns - it went 'no_npc', and you're completely stuck."

   [campaign]    [roam] !! REPEAT-NO-PROGRESS: 'talk_npc' repeated with a stuck fingerprint — nudging a different action

   [campaign]    [soul] ORACLE decision: kind=action ctx={'place': 'You\'re on Route 4 — outdoors under open sky (a town with a Pokémon Center; tall grass around — wild Pokémon live in it).. From here: SOUTH → Route 3 — wild Pokémon to catch/train; EAST → Cerulean City — a Mart, a Pokémon Center. Places you\'ve been with wild Pokémon you can walk back to: Route 24; an unfamiliar area; Route 2. You can walk to anywhere you\'ve already been.. You keep trying to talk npc but the world hasn\'t changed in 7 turns - it went \'no_npc\', and you\'re completely stuck.. HOW POKÉMON WORKS (what you\'re playing for): the GOAL is to earn 8 Gym Badges, beat the Elite Four, and roll the credits — that\'s beating the game. You build a TEAM of up to 6 Pokémon you like AND that cover each other (types/roles) — a solo carry with a dead-weight bench is a losing setup; a real trainer fields a balanced, levelled squad. CATCHING wild Pokémon is central (\'gotta catch \'em all\') — you catch to build that team and to fill the Pokédex. When you meet a wild Pokémon, weigh it: is it cool/strong/useful, does it cover a gap, is it better than a bench-warmer? — keep your best ~6, and build a squad you actually like. THE ARC: build a team -> beat the 8 gyms prepared -> Elite Four -> credits. ALSO NORMAL: you entered your own name (and your rival\'s) when the game began — people in this world knowing your names is ordinary, not a mystery to react to. RIGHT NOW your team is thin/lopsided (a strong lead but weak or too few others) — that\'s why tough trainers wall you. Building up a real squad (catch a good new teammate, level the weak ones) is how a prepared trainer gets past these. THE MAIN QUEST IS A FIXED PATH you\'re always on: beat the 8 Gym Leaders in order, then the Elite Four, then you win the game. You\'re on GYM 3 of 8 — next is Lt. Surge in Vermilion City. The road forward leads there: until you\'ve won you are ALWAYS making progress toward the next gym. Grinding/catching/detours are fine — but ONLY with a clear purpose, and then you GET BACK ON THE ROAD to Vermilion City. Never just circle the same grass. Word on the road about Lt. Surge: the lightning American — ELECTRIC-types; ground moves shut his whole act down YOUR STORY SO FAR (what you\'ve actually done — your past, not the future): You started in Pallet Town, beat Brock in Pewter (Boulder Badge), fought up Route 3 and through the Mt. Moon cave — a real maze you nearly got lost in — reached Cerulean City, and beat Misty for the Cascade Badge. Now you\'re after your third gym.. Next on my list: catch an pikachu around Viridian Forest (rare) / Power Plant later. It grows into my raichu — that\'s my answer for Lorelei AND Lance down the line. Grabbing it now, before I need it.. THINGS YOU\'VE HEARD AND READ (from people and signs — your own notes, use them when they point somewhere): "Why don\'t you go upstairs and try trading POK.MON with your friends? You could get a lot more variety by trading. The POK.MON you get in trades grow quickly, to"; "Why don\'t you go upstairs and try trading POK.MON with your friends? You could get a lot more variety by trading. The POK.MON you get in trades grow quickly, to"; "TM03 teaches WATER PULSE. Use it on an aquatic POK.MON!"; "KIRA put the TM03 in the TM CASE.". YOUR PLAN — right now: You\'re ready — stop grinding and head to Vermilion City for the Thunder Badge. Next: You CRUSHED that last gym — ride the momentum, go straight for Lt. Surge in Vermilion City; the trainers on the way are your training. Bigger picture: Reach Vermilion City, beat Lt. Surge for the Thunder Badge. Your team right now: wartortle (L30), caterpie the butterfree (L10), rattata (L13), spearow (L14), abra (L13), ekans (L13). Remember YOU are the one playing this — narrate your plan to chat in your own voice (first person: "I\'m grinding", "my team"), and never ask anyone what you\'re doing or who\'s on your team — you know.. HEADS UP — you just chose \'talk_npc\' and NOTHING changed (same spot, no progress). Repeating it again will do the same nothing. Pick a DIFFERENT action this time and break the loop.', 'progress': "2 badge(s) earned (Boulder, Cascade). Next gym: Lt. Surge of Vermilion City. Pokédex: 9 caught. She's two badges down, a quarter of the way (of 8 badges, then the Elite Four).", 'party': 'wartortle (L30), caterpie the butterfree (L10), rattata (L13), spearow (L14), abra (L13), ekans (L13)', 'goal': {'short': "You're ready — stop grinding and head to Vermilion City for the Thunder Badge", 'medium': 'You CRUSHED that last gym — ride the momentum, go straight for Lt. Surge in Vermilion City; the trainers on the way are your training', 'long': 'Reach Vermilion City, beat Lt. Surge for the Thunder Badge'}} options=['talk_npc']

   [kira-voice] ORACLE kind=action options=['talk_npc'] -> pick='talk_npc'

   [campaign]    [soul] ORACLE pick -> 'talk_npc'

   [campaign]    [roam] DECISION THINK: 3512ms (world stayed live — pumped idle, not a freeze)

   [campaign]    [roam] PICK OUT: talk_npc  <- her RECOVERY move (RED)

   [campaign]    [roam] RATIONALE: Checking in with a local, then then on to Vermilion City for Lt. Surge.

   [campaign]    TALK: no reachable un-talked NPC here

   [campaign]    [roam] RESULT: talk_npc -> no_npc | pos (3, 22)(107, 12) -> (3, 22)(107, 12) (NO MOVEMENT)

   [campaign]    [world] learned 3 warp(s) on (3, 22): (19, 5)->(1, 1), (32, 5)->(1, 2), (12, 5)->(16, 0)

   [campaign]    [roam] GYM-READINESS FLOOR: SPARED head_to_gym — 🔥 MOMENTUM (decisive last win; march at Lt. Surge, train on the road)

   [campaign]    [roam] !! retiring bench pin L16 — gym is GO now

   [campaign]    [roam] !! MOMENTUM → GO HARD: forced head_to_gym (Lt. Surge); pruned ['battle', 'travel:3,20', 'travel:3,21', 'travel:3,26', 'travel:3,27', 'travel:3,43', 'wander_catch']; oracle SKIPPED this tick

   [campaign]    [roam] !! STRUCTURAL DEAD-ROUTE: ['head_to_gym'] proven dead on this map — pruned until she leaves it (or a questline arms); remaining: ['talk_npc']

   [campaign] -- ROAM TICK 22/100000000 --

   [campaign]    [roam] STATE IN: Route 4 (107, 12) | badges=2 (Boulder, Cascade) | party=[wartortle L30, butterfree L10, rattata L13, spearow L14, abra L13, ekans L13] | 2 badge(s) earned (Boulder, Cascade). Next gym: Lt. Surge of Vermilion City. Pokédex: 9 caught. She's two badges down, a quarter of the way (of 8 badges, then the Elite Four).

   [campaign]    [roam] PROGRESS: RED (unchanged 8 ticks) | fp[(3, 22) (107,12) f3 -- badge2 $456 party:7ef4 bag:7e57]

   [campaign]    [roam] !! HARD RECOVERY: RED 3 ticks — FORCING a route to the nearest Pokémon Center to break the position (not re-asking the oracle this tick)

   [kira-voice] -> T2·savor· (recover) "okay, this isn't working — I'm heading to the Pokémon Center to reset and figure out my next move."  fired=True  [age 0.0s + post 16ms]

   [campaign]    HEAL: own Center door (12, 5) UNREACHABLE from (107, 12) on (3, 22) -> crossing to an adjacent city to heal

   [campaign]    HEAL-EXCURSION: lead at (84, 84) - crossing east to (3, 3) to heal

   [Bridge] INPUT OWNER = 'agent' (sole writer; others dropped+logged)

   [travel] start map=(3, 22) coords=(107, 12) -> map (3, 3) (budget 120s)

   [travel] east connection band rows: [2, 3, 4, 5, 10, 11, 12]

   [travel] step 0: (107, 12)->(0, 22) map=(3, 22) (path 2 to exit)

   [travel] MAP TRANSITION (3, 22) -> (3, 3)

   [campaign]    [world] learned 14 warp(s) on (3, 3): (10, 11)->(7, 0), (30, 11)->(7, 1), (15, 17)->(7, 2), (22, 19)->(7, 3), (31, 21)->(7, 5), (13, 28)->(7, 6)

   [travel] east connection band rows: [0, 1, 2, 3, 4, 5, 6, 7, 8, 9, 11, 16, 18, 19, 21, 30, 31, 32, 33, 34, 35, 36, 37, 38, 39]

   [travel] ARRIVED at target map (3, 3) coords=(0, 22)

   [kira-voice] ·dedup· (repeat text, T1, looping?) 'made it to a new area'

   [campaign]    HEAL: whole party already full - skipping

   [Bridge] INPUT OWNER = 'agent' (sole writer; others dropped+logged)

   [travel] start map=(3, 3) coords=(0, 22) -> map (3, 22) (budget 120s)

   [travel] west connection band rows: [0, 1, 2, 3, 4, 5, 6, 7, 8, 9, 13, 14, 20, 21, 22, 30, 31, 32, 33, 34, 35, 36, 37, 38, 39]

   [travel] MAP TRANSITION (3, 3) -> (3, 22)

   [campaign]    [world] learned 3 warp(s) on (3, 22): (19, 5)->(1, 1), (32, 5)->(1, 2), (12, 5)->(16, 0)

   [travel] west connection band rows: [0, 1, 2, 3, 4, 5, 6, 7, 8, 9, 10, 11, 12, 13, 14, 15, 16, 17, 18, 19]

   [travel] ARRIVED at target map (3, 22) coords=(107, 12)

   [kira-voice] ·dedup· (repeat text, T1, looping?) 'made it to a new area'

   [campaign]    HEAL-EXCURSION: healed + back on (3, 22) at (107, 12)

   [campaign]    [roam] !! HARD RECOVERY was a no-op (healed + returned to the same tile) — breaking the position ONE-WAY to an adjacent Center city

   [Bridge] INPUT OWNER = 'agent' (sole writer; others dropped+logged)

   [travel] start map=(3, 22) coords=(107, 12) -> map (3, 3) (budget 300s)

   [travel] east connection band rows: [2, 3, 4, 5, 10, 11, 12]

   [travel] step 0: (107, 12)->(0, 22) map=(3, 22) (path 2 to exit)

   [travel] MAP TRANSITION (3, 22) -> (3, 3)

   [campaign]    [world] learned 14 warp(s) on (3, 3): (10, 11)->(7, 0), (30, 11)->(7, 1), (15, 17)->(7, 2), (22, 19)->(7, 3), (31, 21)->(7, 5), (13, 28)->(7, 6)

   [travel] east connection band rows: [0, 1, 2, 3, 4, 5, 6, 7, 8, 9, 11, 16, 18, 19, 21, 30, 31, 32, 33, 34, 35, 36, 37, 38, 39]

   [travel] ARRIVED at target map (3, 3) coords=(0, 22)

   [kira-voice] ·dedup· (repeat text, T1, looping?) 'made it to a new area'

   [campaign]    [roam] one-way position break east -> (3, 3): arrived

   [campaign]    ⛰️  CAMPAIGN SAVE [new_area] -> campaign/kira_campaign.state  (map=(3, 3) coords=(0, 22) badges=2 party=6)

   [campaign]    [sanctity] bundle VALID (schema/encoding/truth/monotonic all clean)

   [campaign]    📌 AUTO-CHECKPOINT [gain-new_area] -> checkpoints/20260731_144345_cerulean-city_2b_10h11m_gain-new-area  (4 bundle file(s))

   [campaign]    [world] learned 14 warp(s) on (3, 3): (10, 11)->(7, 0), (30, 11)->(7, 1), (15, 17)->(7, 2), (22, 19)->(7, 3), (31, 21)->(7, 5), (13, 28)->(7, 6)

   [campaign]    [roam] grass she KNOWS: routing west -> (3, 22) toward Route 4 (FORWARD — on the road to the objective, visited grass, avoiding any wall)

   [campaign]    [roam] GYM-READINESS FLOOR: SPARED head_to_gym — 🔥 MOMENTUM (decisive last win; march at Lt. Surge, train on the road)

   [campaign]    [roam] !! retiring bench pin L16 — gym is GO now

   [campaign]    [roam] !! MOMENTUM → GO HARD: forced head_to_gym (Lt. Surge); pruned ['battle', 'travel:3,21', 'travel:3,22', 'travel:3,27', 'travel:3,43', 'wander_catch']; oracle SKIPPED this tick

   [campaign] -- ROAM TICK 23/100000000 --

   [campaign]    [roam] STATE IN: Cerulean City (0, 22) | badges=2 (Boulder, Cascade) | party=[wartortle L30, butterfree L10, rattata L13, spearow L14, abra L13, ekans L13] | 2 badge(s) earned (Boulder, Cascade). Next gym: Lt. Surge of Vermilion City. Pokédex: 9 caught. She's two badges down, a quarter of the way (of 8 badges, then the Elite Four).

   [campaign]    [roam] PROGRESS: GREEN (unchanged 0 ticks) | fp[(3, 3) (0,22) f4 -- badge2 $456 party:7ef4 bag:7e57]

   [campaign]    [roam] OPTIONS OFFERED: ['head_to_gym', 'talk_npc']

   [campaign]    [roam] !! FORCE GYM PICK: head_to_gym — oracle SKIPPED (dominant / creator order; grass is OFF the menu)

   [campaign]    [roam] PICK OUT: head_to_gym

   [campaign]    [roam] RATIONALE: Heading for the next gym — Vermilion City: You're ready — stop grinding and head to Vermilion City for the Thunder Badge.

   [campaign]    [roam] ROAD-BENCH-XP: skipping slot 4 as lead candidate — no damaging PP (it can't win a fight it leads)

   [campaign]    GRIND-WEAK: swap 0<->1 verified — butterfree now leads

   [campaign]    [roam] ROAD-BENCH-XP: leading with the weak L10 bench mon (target L16) so it banks participation XP on this leg — the ace fields turn 1 (fail-safe switch)

   [campaign]    [roam] EDGE-ROUTE toward Vermilion City: (3, 3) -> (3, 22) (edge west)

   [Bridge] INPUT OWNER = 'agent' (sole writer; others dropped+logged)

   [travel] start map=(3, 3) coords=(0, 22) -> map (3, 22) (budget 300s)

   [travel] west connection band rows: [0, 1, 2, 3, 4, 5, 6, 7, 8, 9, 13, 14, 20, 21, 22, 30, 31, 32, 33, 34, 35, 36, 37, 38, 39]

   [travel] MAP TRANSITION (3, 3) -> (3, 22)

   [campaign]    [world] learned 3 warp(s) on (3, 22): (19, 5)->(1, 1), (32, 5)->(1, 2), (12, 5)->(16, 0)

   [travel] west connection band rows: [0, 1, 2, 3, 4, 5, 6, 7, 8, 9, 10, 11, 12, 13, 14, 15, 16, 17, 18, 19]

   [travel] ARRIVED at target map (3, 22) coords=(107, 12)

   [kira-voice] ·dedup· (repeat text, T1, looping?) 'made it to a new area'

   [campaign]    GRIND-WEAK: restoring the ace (slot 1, L30) to lead

   [campaign]    GRIND-WEAK: swap 0<->1 verified — wartortle now leads

   [campaign]    [roam] RESULT: head_to_gym -> arrived | pos (3, 3)(0, 22) -> (3, 22)(107, 12) (MOVED)

   [campaign]    [roam] standing objective complete (head_to_gym -> arrived) — clearing it

   [campaign]    ⛰️  CAMPAIGN SAVE [new_area] -> campaign/kira_campaign.state  (map=(3, 22) coords=(107, 12) badges=2 party=6)

   [campaign]    [sanctity] bundle VALID (schema/encoding/truth/monotonic all clean)

   [campaign]    📌 AUTO-CHECKPOINT [gain-new_area] -> checkpoints/20260731_144346_route-4_2b_10h11m_gain-new-area  (4 bundle file(s))

   [campaign]    [world] learned 3 warp(s) on (3, 22): (19, 5)->(1, 1), (32, 5)->(1, 2), (12, 5)->(16, 0)

   [campaign]    [roam] GYM-READINESS FLOOR: SPARED head_to_gym — 🔥 MOMENTUM (decisive last win; march at Lt. Surge, train on the road)

   [campaign]    [roam] !! retiring bench pin L16 — gym is GO now

   [campaign]    [roam] !! MOMENTUM → GO HARD: forced head_to_gym (Lt. Surge); pruned ['battle', 'travel:3,20', 'travel:3,21', 'travel:3,26', 'travel:3,27', 'travel:3,43', 'wander_catch']; oracle SKIPPED this tick

   [campaign]    [roam] !! STRUCTURAL DEAD-ROUTE: ['head_to_gym'] proven dead on this map — pruned until she leaves it (or a questline arms); remaining: ['talk_npc']

   [campaign] -- ROAM TICK 24/100000000 --

   [campaign]    [roam] STATE IN: Route 4 (107, 12) | badges=2 (Boulder, Cascade) | party=[wartortle L30, butterfree L10, rattata L13, spearow L14, abra L13, ekans L13] | 2 badge(s) earned (Boulder, Cascade). Next gym: Lt. Surge of Vermilion City. Pokédex: 9 caught. She's two badges down, a quarter of the way (of 8 badges, then the Elite Four).

   [campaign]    [roam] PROGRESS: GREEN (unchanged 0 ticks) | fp[(3, 22) (107,12) f3 -- badge2 $456 party:7ef4 bag:7e57]

   [campaign]    [roam] OPTIONS OFFERED: ['talk_npc']

   [campaign]    [soul] ORACLE decision: kind=action ctx={'place': 'You\'re on Route 4 — outdoors under open sky (a town with a Pokémon Center; tall grass around — wild Pokémon live in it).. From here: SOUTH → Route 3 — wild Pokémon to catch/train; EAST → Cerulean City — a Mart, a Pokémon Center. Places you\'ve been with wild Pokémon you can walk back to: Route 24; an unfamiliar area; Route 2. You can walk to anywhere you\'ve already been.. HOW POKÉMON WORKS (what you\'re playing for): the GOAL is to earn 8 Gym Badges, beat the Elite Four, and roll the credits — that\'s beating the game. You build a TEAM of up to 6 Pokémon you like AND that cover each other (types/roles) — a solo carry with a dead-weight bench is a losing setup; a real trainer fields a balanced, levelled squad. CATCHING wild Pokémon is central (\'gotta catch \'em all\') — you catch to build that team and to fill the Pokédex. When you meet a wild Pokémon, weigh it: is it cool/strong/useful, does it cover a gap, is it better than a bench-warmer? — keep your best ~6, and build a squad you actually like. THE ARC: build a team -> beat the 8 gyms prepared -> Elite Four -> credits. ALSO NORMAL: you entered your own name (and your rival\'s) when the game began — people in this world knowing your names is ordinary, not a mystery to react to. RIGHT NOW your team is thin/lopsided (a strong lead but weak or too few others) — that\'s why tough trainers wall you. Building up a real squad (catch a good new teammate, level the weak ones) is how a prepared trainer gets past these. THE MAIN QUEST IS A FIXED PATH you\'re always on: beat the 8 Gym Leaders in order, then the Elite Four, then you win the game. You\'re on GYM 3 of 8 — next is Lt. Surge in Vermilion City. The road forward leads there: until you\'ve won you are ALWAYS making progress toward the next gym. Grinding/catching/detours are fine — but ONLY with a clear purpose, and then you GET BACK ON THE ROAD to Vermilion City. Never just circle the same grass. Word on the road about Lt. Surge: the lightning American — ELECTRIC-types; ground moves shut his whole act down YOUR STORY SO FAR (what you\'ve actually done — your past, not the future): You started in Pallet Town, beat Brock in Pewter (Boulder Badge), fought up Route 3 and through the Mt. Moon cave — a real maze you nearly got lost in — reached Cerulean City, and beat Misty for the Cascade Badge. Now you\'re after your third gym.. Next on my list: catch an pikachu around Viridian Forest (rare) / Power Plant later. It grows into my raichu — that\'s my answer for Lorelei AND Lance down the line. Grabbing it now, before I need it.. THINGS YOU\'VE HEARD AND READ (from people and signs — your own notes, use them when they point somewhere): "Why don\'t you go upstairs and try trading POK.MON with your friends? You could get a lot more variety by trading. The POK.MON you get in trades grow quickly, to"; "Why don\'t you go upstairs and try trading POK.MON with your friends? You could get a lot more variety by trading. The POK.MON you get in trades grow quickly, to"; "TM03 teaches WATER PULSE. Use it on an aquatic POK.MON!"; "KIRA put the TM03 in the TM CASE.". YOUR PLAN — right now: You\'re ready — stop grinding and head to Vermilion City for the Thunder Badge. Next: You CRUSHED that last gym — ride the momentum, go straight for Lt. Surge in Vermilion City; the trainers on the way are your training. Bigger picture: Reach Vermilion City, beat Lt. Surge for the Thunder Badge. Your team right now: wartortle (L30), caterpie the butterfree (L10), rattata (L13), spearow (L14), abra (L13), ekans (L13). Remember YOU are the one playing this — narrate your plan to chat in your own voice (first person: "I\'m grinding", "my team"), and never ask anyone what you\'re doing or who\'s on your team — you know.', 'progress': "2 badge(s) earned (Boulder, Cascade). Next gym: Lt. Surge of Vermilion City. Pokédex: 9 caught. She's two badges down, a quarter of the way (of 8 badges, then the Elite Four).", 'party': 'wartortle (L30), caterpie the butterfree (L10), rattata (L13), spearow (L14), abra (L13), ekans (L13)', 'goal': {'short': "You're ready — stop grinding and head to Vermilion City for the Thunder Badge", 'medium': 'You CRUSHED that last gym — ride the momentum, go straight for Lt. Surge in Vermilion City; the trainers on the way are your training', 'long': 'Reach Vermilion City, beat Lt. Surge for the Thunder Badge'}} options=['talk_npc']

   [kira-voice] ORACLE kind=action options=['talk_npc'] -> pick='talk_npc'

   [campaign]    [soul] ORACLE pick -> 'talk_npc'

   [campaign]    [roam] DECISION THINK: 1951ms (world stayed live — pumped idle, not a freeze)

   [campaign]    [roam] PICK OUT: talk_npc

   [campaign]    [roam] RATIONALE: Checking in with a local, then then on to Vermilion City for Lt. Surge.

   [campaign]    TALK: no reachable un-talked NPC here

   [campaign]    [roam] RESULT: talk_npc -> no_npc | pos (3, 22)(107, 12) -> (3, 22)(107, 12) (NO MOVEMENT)

   [campaign]    [world] learned 3 warp(s) on (3, 22): (19, 5)->(1, 1), (32, 5)->(1, 2), (12, 5)->(16, 0)

   [campaign]    [roam] GYM-READINESS FLOOR: SPARED head_to_gym — 🔥 MOMENTUM (decisive last win; march at Lt. Surge, train on the road)

   [campaign]    [roam] !! retiring bench pin L16 — gym is GO now

   [campaign]    [roam] !! MOMENTUM → GO HARD: forced head_to_gym (Lt. Surge); pruned ['battle', 'travel:3,20', 'travel:3,21', 'travel:3,26', 'travel:3,27', 'travel:3,43', 'wander_catch']; oracle SKIPPED this tick

   [campaign]    [roam] !! STRUCTURAL DEAD-ROUTE: ['head_to_gym'] proven dead on this map — pruned until she leaves it (or a questline arms); remaining: ['talk_npc']

   [campaign] -- ROAM TICK 25/100000000 --

   [campaign]    [roam] STATE IN: Route 4 (107, 12) | badges=2 (Boulder, Cascade) | party=[wartortle L30, butterfree L10, rattata L13, spearow L14, abra L13, ekans L13] | 2 badge(s) earned (Boulder, Cascade). Next gym: Lt. Surge of Vermilion City. Pokédex: 9 caught. She's two badges down, a quarter of the way (of 8 badges, then the Elite Four).

   [campaign]    [roam] PROGRESS: GREEN (unchanged 1 ticks) | fp[(3, 22) (107,12) f3 -- badge2 $456 party:7ef4 bag:7e57]

   [campaign]    [roam] OPTIONS OFFERED: ['talk_npc']

   [campaign]    [soul] surface_want FIRE -> Route 4

   [campaign]    [soul] ORACLE decision: kind=want ctx={'place': "You're on Route 4 — outdoors under open sky (a town with a Pokémon Center; tall grass around — wild Pokémon live in it).. ALREADY BESIDE YOU — your current team: wartortle (L30), caterpie the butterfree (L10), rattata (L13), spearow (L14), abra (L13), ekans (L13). A want is something you DON'T yet have; never wish for a teammate who's already on your team.", 'map': (3, 22), 'badges': ['Boulder', 'Cascade'], 'progress': "2 badge(s) earned (Boulder, Cascade). Next gym: Lt. Surge of Vermilion City. Pokédex: 9 caught. She's two badges down, a quarter of the way (of 8 badges, then the Elite Four).", 'party': 'wartortle (L30), caterpie the butterfree (L10), rattata (L13), spearow (L14), abra (L13), ekans (L13)', 'goal': {'short': "You're ready — stop grinding and head to Vermilion City for the Thunder Badge", 'medium': 'You CRUSHED that last gym — ride the momentum, go straight for Lt. Surge in Vermilion City; the trainers on the way are your training', 'long': 'Reach Vermilion City, beat Lt. Surge for the Thunder Badge'}} options=['eevee', 'fossil', 'starters', 'rare', 'legendaries']

   [kira-voice] ORACLE kind=want options=['eevee', 'fossil', 'starters', 'rare', 'legendaries'] -> pick='reach Vermilion City, beat Lt. Surge'

   [campaign]    [soul] ORACLE pick -> 'reach Vermilion City, beat Lt. Surge'

   [campaign]    [soul] ORACLE decision: kind=action ctx={'place': 'You\'re on Route 4 — outdoors under open sky (a town with a Pokémon Center; tall grass around — wild Pokémon live in it).. From here: SOUTH → Route 3 — wild Pokémon to catch/train; EAST → Cerulean City — a Mart, a Pokémon Center. Places you\'ve been with wild Pokémon you can walk back to: Route 24; an unfamiliar area; Route 2. You can walk to anywhere you\'ve already been.. HOW POKÉMON WORKS (what you\'re playing for): the GOAL is to earn 8 Gym Badges, beat the Elite Four, and roll the credits — that\'s beating the game. You build a TEAM of up to 6 Pokémon you like AND that cover each other (types/roles) — a solo carry with a dead-weight bench is a losing setup; a real trainer fields a balanced, levelled squad. CATCHING wild Pokémon is central (\'gotta catch \'em all\') — you catch to build that team and to fill the Pokédex. When you meet a wild Pokémon, weigh it: is it cool/strong/useful, does it cover a gap, is it better than a bench-warmer? — keep your best ~6, and build a squad you actually like. THE ARC: build a team -> beat the 8 gyms prepared -> Elite Four -> credits. ALSO NORMAL: you entered your own name (and your rival\'s) when the game began — people in this world knowing your names is ordinary, not a mystery to react to. RIGHT NOW your team is thin/lopsided (a strong lead but weak or too few others) — that\'s why tough trainers wall you. Building up a real squad (catch a good new teammate, level the weak ones) is how a prepared trainer gets past these. THE MAIN QUEST IS A FIXED PATH you\'re always on: beat the 8 Gym Leaders in order, then the Elite Four, then you win the game. You\'re on GYM 3 of 8 — next is Lt. Surge in Vermilion City. The road forward leads there: until you\'ve won you are ALWAYS making progress toward the next gym. Grinding/catching/detours are fine — but ONLY with a clear purpose, and then you GET BACK ON THE ROAD to Vermilion City. Never just circle the same grass. Word on the road about Lt. Surge: the lightning American — ELECTRIC-types; ground moves shut his whole act down YOUR STORY SO FAR (what you\'ve actually done — your past, not the future): You started in Pallet Town, beat Brock in Pewter (Boulder Badge), fought up Route 3 and through the Mt. Moon cave — a real maze you nearly got lost in — reached Cerulean City, and beat Misty for the Cascade Badge. Now you\'re after your third gym.. Next on my list: catch an pikachu around Viridian Forest (rare) / Power Plant later. It grows into my raichu — that\'s my answer for Lorelei AND Lance down the line. Grabbing it now, before I need it.. THINGS YOU\'VE HEARD AND READ (from people and signs — your own notes, use them when they point somewhere): "Why don\'t you go upstairs and try trading POK.MON with your friends? You could get a lot more variety by trading. The POK.MON you get in trades grow quickly, to"; "Why don\'t you go upstairs and try trading POK.MON with your friends? You could get a lot more variety by trading. The POK.MON you get in trades grow quickly, to"; "TM03 teaches WATER PULSE. Use it on an aquatic POK.MON!"; "KIRA put the TM03 in the TM CASE.". YOUR PLAN — right now: You\'re ready — stop grinding and head to Vermilion City for the Thunder Badge. Next: You CRUSHED that last gym — ride the momentum, go straight for Lt. Surge in Vermilion City; the trainers on the way are your training. Bigger picture: Reach Vermilion City, beat Lt. Surge for the Thunder Badge. Your team right now: wartortle (L30), caterpie the butterfree (L10), rattata (L13), spearow (L14), abra (L13), ekans (L13). Remember YOU are the one playing this — narrate your plan to chat in your own voice (first person: "I\'m grinding", "my team"), and never ask anyone what you\'re doing or who\'s on your team — you know.', 'progress': "2 badge(s) earned (Boulder, Cascade). Next gym: Lt. Surge of Vermilion City. Pokédex: 9 caught. She's two badges down, a quarter of the way (of 8 badges, then the Elite Four).", 'party': 'wartortle (L30), caterpie the butterfree (L10), rattata (L13), spearow (L14), abra (L13), ekans (L13)', 'goal': {'short': "You're ready — stop grinding and head to Vermilion City for the Thunder Badge", 'medium': 'You CRUSHED that last gym — ride the momentum, go straight for Lt. Surge in Vermilion City; the trainers on the way are your training', 'long': 'Reach Vermilion City, beat Lt. Surge for the Thunder Badge'}} options=['talk_npc']

   [kira-voice] -> T2·savor· (want) 'reach Vermilion City, beat Lt. Surge'  fired=True  [age 0.0s + post 6ms]

   [kira-voice] ORACLE kind=action options=['talk_npc'] -> pick='talk_npc'

   [campaign]    [soul] ORACLE pick -> 'talk_npc'

   [campaign]    [roam] DECISION THINK: 2279ms (world stayed live — pumped idle, not a freeze)

   [campaign]    [roam] PICK OUT: talk_npc

   [campaign]    [roam] RATIONALE: Checking in with a local, then then on to Vermilion City for Lt. Surge.

   [campaign]    TALK: no reachable un-talked NPC here

   [campaign]    [roam] RESULT: talk_npc -> no_npc | pos (3, 22)(107, 12) -> (3, 22)(107, 12) (NO MOVEMENT)

   [campaign]    ⛰️  CAMPAIGN SAVE [tick25] -> campaign/kira_campaign.state  (map=(3, 22) coords=(107, 12) badges=2 party=6)

   [campaign]    [sanctity] bundle VALID (schema/encoding/truth/monotonic all clean)

   [campaign]    [world] learned 3 warp(s) on (3, 22): (19, 5)->(1, 1), (32, 5)->(1, 2), (12, 5)->(16, 0)

   [campaign]    [roam] GYM-READINESS FLOOR: SPARED head_to_gym — 🔥 MOMENTUM (decisive last win; march at Lt. Surge, train on the road)

   [campaign]    [roam] !! retiring bench pin L16 — gym is GO now

   [campaign]    [roam] !! MOMENTUM → GO HARD: forced head_to_gym (Lt. Surge); pruned ['battle', 'travel:3,20', 'travel:3,21', 'travel:3,26', 'travel:3,27', 'travel:3,43', 'wander_catch']; oracle SKIPPED this tick

   [campaign]    [roam] !! STRUCTURAL DEAD-ROUTE: ['head_to_gym'] proven dead on this map — pruned until she leaves it (or a questline arms); remaining: ['talk_npc']

   [campaign] -- ROAM TICK 26/100000000 --

   [campaign]    [roam] STATE IN: Route 4 (107, 12) | badges=2 (Boulder, Cascade) | party=[wartortle L30, butterfree L10, rattata L13, spearow L14, abra L13, ekans L13] | 2 badge(s) earned (Boulder, Cascade). Next gym: Lt. Surge of Vermilion City. Pokédex: 9 caught. She's two badges down, a quarter of the way (of 8 badges, then the Elite Four).

   [campaign]    [roam] PROGRESS: GREEN (unchanged 2 ticks) | fp[(3, 22) (107,12) f3 -- badge2 $456 party:7ef4 bag:7e57]

   [campaign]    [roam] OPTIONS OFFERED: ['talk_npc']

   [campaign]    [soul] ORACLE decision: kind=action ctx={'place': 'You\'re on Route 4 — outdoors under open sky (a town with a Pokémon Center; tall grass around — wild Pokémon live in it).. From here: SOUTH → Route 3 — wild Pokémon to catch/train; EAST → Cerulean City — a Mart, a Pokémon Center. Places you\'ve been with wild Pokémon you can walk back to: Route 24; an unfamiliar area; Route 2. You can walk to anywhere you\'ve already been.. HOW POKÉMON WORKS (what you\'re playing for): the GOAL is to earn 8 Gym Badges, beat the Elite Four, and roll the credits — that\'s beating the game. You build a TEAM of up to 6 Pokémon you like AND that cover each other (types/roles) — a solo carry with a dead-weight bench is a losing setup; a real trainer fields a balanced, levelled squad. CATCHING wild Pokémon is central (\'gotta catch \'em all\') — you catch to build that team and to fill the Pokédex. When you meet a wild Pokémon, weigh it: is it cool/strong/useful, does it cover a gap, is it better than a bench-warmer? — keep your best ~6, and build a squad you actually like. THE ARC: build a team -> beat the 8 gyms prepared -> Elite Four -> credits. ALSO NORMAL: you entered your own name (and your rival\'s) when the game began — people in this world knowing your names is ordinary, not a mystery to react to. RIGHT NOW your team is thin/lopsided (a strong lead but weak or too few others) — that\'s why tough trainers wall you. Building up a real squad (catch a good new teammate, level the weak ones) is how a prepared trainer gets past these. THE MAIN QUEST IS A FIXED PATH you\'re always on: beat the 8 Gym Leaders in order, then the Elite Four, then you win the game. You\'re on GYM 3 of 8 — next is Lt. Surge in Vermilion City. The road forward leads there: until you\'ve won you are ALWAYS making progress toward the next gym. Grinding/catching/detours are fine — but ONLY with a clear purpose, and then you GET BACK ON THE ROAD to Vermilion City. Never just circle the same grass. Word on the road about Lt. Surge: the lightning American — ELECTRIC-types; ground moves shut his whole act down YOUR STORY SO FAR (what you\'ve actually done — your past, not the future): You started in Pallet Town, beat Brock in Pewter (Boulder Badge), fought up Route 3 and through the Mt. Moon cave — a real maze you nearly got lost in — reached Cerulean City, and beat Misty for the Cascade Badge. Now you\'re after your third gym.. Next on my list: catch an pikachu around Viridian Forest (rare) / Power Plant later. It grows into my raichu — that\'s my answer for Lorelei AND Lance down the line. Grabbing it now, before I need it.. THINGS YOU\'VE HEARD AND READ (from people and signs — your own notes, use them when they point somewhere): "Why don\'t you go upstairs and try trading POK.MON with your friends? You could get a lot more variety by trading. The POK.MON you get in trades grow quickly, to"; "Why don\'t you go upstairs and try trading POK.MON with your friends? You could get a lot more variety by trading. The POK.MON you get in trades grow quickly, to"; "TM03 teaches WATER PULSE. Use it on an aquatic POK.MON!"; "KIRA put the TM03 in the TM CASE.". YOUR PLAN — right now: You\'re ready — stop grinding and head to Vermilion City for the Thunder Badge. Next: You CRUSHED that last gym — ride the momentum, go straight for Lt. Surge in Vermilion City; the trainers on the way are your training. Bigger picture: Reach Vermilion City, beat Lt. Surge for the Thunder Badge. Your team right now: wartortle (L30), caterpie the butterfree (L10), rattata (L13), spearow (L14), abra (L13), ekans (L13). Remember YOU are the one playing this — narrate your plan to chat in your own voice (first person: "I\'m grinding", "my team"), and never ask anyone what you\'re doing or who\'s on your team — you know.', 'progress': "2 badge(s) earned (Boulder, Cascade). Next gym: Lt. Surge of Vermilion City. Pokédex: 9 caught. She's two badges down, a quarter of the way (of 8 badges, then the Elite Four).", 'party': 'wartortle (L30), caterpie the butterfree (L10), rattata (L13), spearow (L14), abra (L13), ekans (L13)', 'goal': {'short': "You're ready — stop grinding and head to Vermilion City for the Thunder Badge", 'medium': 'You CRUSHED that last gym — ride the momentum, go straight for Lt. Surge in Vermilion City; the trainers on the way are your training', 'long': 'Reach Vermilion City, beat Lt. Surge for the Thunder Badge'}} options=['talk_npc']

   [kira-voice] ORACLE kind=action options=['talk_npc'] -> pick='talk_npc'

   [campaign]    [soul] ORACLE pick -> 'talk_npc'

   [campaign]    [roam] DECISION THINK: 4385ms (world stayed live — pumped idle, not a freeze)

   [campaign]    [roam] PICK OUT: talk_npc

   [campaign]    [roam] RATIONALE: Checking in with a local, then then on to Vermilion City for Lt. Surge.

   [campaign]    TALK: no reachable un-talked NPC here

   [campaign]    [roam] RESULT: talk_npc -> no_npc | pos (3, 22)(107, 12) -> (3, 22)(107, 12) (NO MOVEMENT)

   [campaign]    [world] learned 3 warp(s) on (3, 22): (19, 5)->(1, 1), (32, 5)->(1, 2), (12, 5)->(16, 0)

   [campaign]    [roam] GYM-READINESS FLOOR: SPARED head_to_gym — 🔥 MOMENTUM (decisive last win; march at Lt. Surge, train on the road)

   [campaign]    [roam] !! retiring bench pin L16 — gym is GO now

   [campaign]    [roam] !! MOMENTUM → GO HARD: forced head_to_gym (Lt. Surge); pruned ['battle', 'travel:3,20', 'travel:3,21', 'travel:3,26', 'travel:3,27', 'travel:3,43', 'wander_catch']; oracle SKIPPED this tick

   [campaign]    [roam] !! STRUCTURAL DEAD-ROUTE: ['head_to_gym'] proven dead on this map — pruned until she leaves it (or a questline arms); remaining: ['talk_npc']

   [campaign] -- ROAM TICK 27/100000000 --

   [campaign]    [roam] STATE IN: Route 4 (107, 12) | badges=2 (Boulder, Cascade) | party=[wartortle L30, butterfree L10, rattata L13, spearow L14, abra L13, ekans L13] | 2 badge(s) earned (Boulder, Cascade). Next gym: Lt. Surge of Vermilion City. Pokédex: 9 caught. She's two badges down, a quarter of the way (of 8 badges, then the Elite Four).

   [campaign]    [roam] PROGRESS: YELLOW (unchanged 3 ticks) | fp[(3, 22) (107,12) f3 -- badge2 $456 party:7ef4 bag:7e57]

   [campaign]    [roam] OPTIONS OFFERED: ['talk_npc']

   [campaign]    [roam] !! MACRO YELLOW: no progress 3 ticks — feeding awareness back to the oracle: "You keep trying to talk npc but the world hasn't changed in 3 turns - it went 'no_npc', and you don't seem to be getting anywhere."

   [campaign]    [roam] !! REPEAT-NO-PROGRESS: 'talk_npc' repeated with a stuck fingerprint — nudging a different action

   [campaign]    [soul] ORACLE decision: kind=action ctx={'place': 'You\'re on Route 4 — outdoors under open sky (a town with a Pokémon Center; tall grass around — wild Pokémon live in it).. From here: SOUTH → Route 3 — wild Pokémon to catch/train; EAST → Cerulean City — a Mart, a Pokémon Center. Places you\'ve been with wild Pokémon you can walk back to: Route 24; an unfamiliar area; Route 2. You can walk to anywhere you\'ve already been.. You keep trying to talk npc but the world hasn\'t changed in 3 turns - it went \'no_npc\', and you don\'t seem to be getting anywhere.. HOW POKÉMON WORKS (what you\'re playing for): the GOAL is to earn 8 Gym Badges, beat the Elite Four, and roll the credits — that\'s beating the game. You build a TEAM of up to 6 Pokémon you like AND that cover each other (types/roles) — a solo carry with a dead-weight bench is a losing setup; a real trainer fields a balanced, levelled squad. CATCHING wild Pokémon is central (\'gotta catch \'em all\') — you catch to build that team and to fill the Pokédex. When you meet a wild Pokémon, weigh it: is it cool/strong/useful, does it cover a gap, is it better than a bench-warmer? — keep your best ~6, and build a squad you actually like. THE ARC: build a team -> beat the 8 gyms prepared -> Elite Four -> credits. ALSO NORMAL: you entered your own name (and your rival\'s) when the game began — people in this world knowing your names is ordinary, not a mystery to react to. RIGHT NOW your team is thin/lopsided (a strong lead but weak or too few others) — that\'s why tough trainers wall you. Building up a real squad (catch a good new teammate, level the weak ones) is how a prepared trainer gets past these. THE MAIN QUEST IS A FIXED PATH you\'re always on: beat the 8 Gym Leaders in order, then the Elite Four, then you win the game. You\'re on GYM 3 of 8 — next is Lt. Surge in Vermilion City. The road forward leads there: until you\'ve won you are ALWAYS making progress toward the next gym. Grinding/catching/detours are fine — but ONLY with a clear purpose, and then you GET BACK ON THE ROAD to Vermilion City. Never just circle the same grass. Word on the road about Lt. Surge: the lightning American — ELECTRIC-types; ground moves shut his whole act down YOUR STORY SO FAR (what you\'ve actually done — your past, not the future): You started in Pallet Town, beat Brock in Pewter (Boulder Badge), fought up Route 3 and through the Mt. Moon cave — a real maze you nearly got lost in — reached Cerulean City, and beat Misty for the Cascade Badge. Now you\'re after your third gym.. Next on my list: catch an pikachu around Viridian Forest (rare) / Power Plant later. It grows into my raichu — that\'s my answer for Lorelei AND Lance down the line. Grabbing it now, before I need it.. THINGS YOU\'VE HEARD AND READ (from people and signs — your own notes, use them when they point somewhere): "Why don\'t you go upstairs and try trading POK.MON with your friends? You could get a lot more variety by trading. The POK.MON you get in trades grow quickly, to"; "Why don\'t you go upstairs and try trading POK.MON with your friends? You could get a lot more variety by trading. The POK.MON you get in trades grow quickly, to"; "TM03 teaches WATER PULSE. Use it on an aquatic POK.MON!"; "KIRA put the TM03 in the TM CASE.". YOUR PLAN — right now: You\'re ready — stop grinding and head to Vermilion City for the Thunder Badge. Next: You CRUSHED that last gym — ride the momentum, go straight for Lt. Surge in Vermilion City; the trainers on the way are your training. Bigger picture: Reach Vermilion City, beat Lt. Surge for the Thunder Badge. Your team right now: wartortle (L30), caterpie the butterfree (L10), rattata (L13), spearow (L14), abra (L13), ekans (L13). Remember YOU are the one playing this — narrate your plan to chat in your own voice (first person: "I\'m grinding", "my team"), and never ask anyone what you\'re doing or who\'s on your team — you know.. HEADS UP — you just chose \'talk_npc\' and NOTHING changed (same spot, no progress). Repeating it again will do the same nothing. Pick a DIFFERENT action this time and break the loop.', 'progress': "2 badge(s) earned (Boulder, Cascade). Next gym: Lt. Surge of Vermilion City. Pokédex: 9 caught. She's two badges down, a quarter of the way (of 8 badges, then the Elite Four).", 'party': 'wartortle (L30), caterpie the butterfree (L10), rattata (L13), spearow (L14), abra (L13), ekans (L13)', 'goal': {'short': "You're ready — stop grinding and head to Vermilion City for the Thunder Badge", 'medium': 'You CRUSHED that last gym — ride the momentum, go straight for Lt. Surge in Vermilion City; the trainers on the way are your training', 'long': 'Reach Vermilion City, beat Lt. Surge for the Thunder Badge'}} options=['talk_npc']

   [kira-voice] ORACLE kind=action options=['talk_npc'] -> pick='talk_npc'

   [campaign]    [soul] ORACLE pick -> 'talk_npc'

   [campaign]    [roam] DECISION THINK: 2664ms (world stayed live — pumped idle, not a freeze)

   [campaign]    [roam] PICK OUT: talk_npc  <- her RECOVERY move (YELLOW)

   [campaign]    [roam] RATIONALE: Checking in with a local, then then on to Vermilion City for Lt. Surge.

   [campaign]    TALK: no reachable un-talked NPC here

   [campaign]    [roam] RESULT: talk_npc -> no_npc | pos (3, 22)(107, 12) -> (3, 22)(107, 12) (NO MOVEMENT)

   [campaign]    [world] learned 3 warp(s) on (3, 22): (19, 5)->(1, 1), (32, 5)->(1, 2), (12, 5)->(16, 0)

   [campaign]    [roam] GYM-READINESS FLOOR: SPARED head_to_gym — 🔥 MOMENTUM (decisive last win; march at Lt. Surge, train on the road)

   [campaign]    [roam] !! retiring bench pin L16 — gym is GO now

   [campaign]    [roam] !! MOMENTUM → GO HARD: forced head_to_gym (Lt. Surge); pruned ['battle', 'travel:3,20', 'travel:3,21', 'travel:3,26', 'travel:3,27', 'travel:3,43', 'wander_catch']; oracle SKIPPED this tick

   [campaign]    [roam] !! STRUCTURAL DEAD-ROUTE: ['head_to_gym'] proven dead on this map — pruned until she leaves it (or a questline arms); remaining: ['talk_npc']

   [campaign] -- ROAM TICK 28/100000000 --

   [campaign]    [roam] STATE IN: Route 4 (107, 12) | badges=2 (Boulder, Cascade) | party=[wartortle L30, butterfree L10, rattata L13, spearow L14, abra L13, ekans L13] | 2 badge(s) earned (Boulder, Cascade). Next gym: Lt. Surge of Vermilion City. Pokédex: 9 caught. She's two badges down, a quarter of the way (of 8 badges, then the Elite Four).

   [campaign]    [roam] PROGRESS: YELLOW (unchanged 4 ticks) | fp[(3, 22) (107,12) f3 -- badge2 $456 party:7ef4 bag:7e57]

   [campaign]    [roam] OPTIONS OFFERED: ['talk_npc']

   [campaign]    [soul] surface_want FIRE -> Route 4

   [campaign]    [soul] ORACLE decision: kind=want ctx={'place': "You're on Route 4 — outdoors under open sky (a town with a Pokémon Center; tall grass around — wild Pokémon live in it).. ALREADY BESIDE YOU — your current team: wartortle (L30), caterpie the butterfree (L10), rattata (L13), spearow (L14), abra (L13), ekans (L13). A want is something you DON'T yet have; never wish for a teammate who's already on your team.", 'map': (3, 22), 'badges': ['Boulder', 'Cascade'], 'progress': "2 badge(s) earned (Boulder, Cascade). Next gym: Lt. Surge of Vermilion City. Pokédex: 9 caught. She's two badges down, a quarter of the way (of 8 badges, then the Elite Four).", 'party': 'wartortle (L30), caterpie the butterfree (L10), rattata (L13), spearow (L14), abra (L13), ekans (L13)', 'goal': {'short': "You're ready — stop grinding and head to Vermilion City for the Thunder Badge", 'medium': 'You CRUSHED that last gym — ride the momentum, go straight for Lt. Surge in Vermilion City; the trainers on the way are your training', 'long': 'Reach Vermilion City, beat Lt. Surge for the Thunder Badge'}} options=['eevee', 'fossil', 'starters', 'rare', 'legendaries']

   [kira-voice] ORACLE kind=want options=['eevee', 'fossil', 'starters', 'rare', 'legendaries'] -> pick='reach Vermilion City'

   [campaign]    [soul] ORACLE pick -> 'reach Vermilion City'

   [campaign]    [roam] !! MACRO YELLOW: no progress 4 ticks — feeding awareness back to the oracle: "You keep trying to talk npc but the world hasn't changed in 4 turns - it went 'no_npc', and you don't seem to be getting anywhere."

   [campaign]    [roam] !! REPEAT-NO-PROGRESS: 'talk_npc' repeated with a stuck fingerprint — nudging a different action

   [campaign]    [soul] ORACLE decision: kind=action ctx={'place': 'You\'re on Route 4 — outdoors under open sky (a town with a Pokémon Center; tall grass around — wild Pokémon live in it).. From here: SOUTH → Route 3 — wild Pokémon to catch/train; EAST → Cerulean City — a Mart, a Pokémon Center. Places you\'ve been with wild Pokémon you can walk back to: Route 24; an unfamiliar area; Route 2. You can walk to anywhere you\'ve already been.. You keep trying to talk npc but the world hasn\'t changed in 4 turns - it went \'no_npc\', and you don\'t seem to be getting anywhere.. HOW POKÉMON WORKS (what you\'re playing for): the GOAL is to earn 8 Gym Badges, beat the Elite Four, and roll the credits — that\'s beating the game. You build a TEAM of up to 6 Pokémon you like AND that cover each other (types/roles) — a solo carry with a dead-weight bench is a losing setup; a real trainer fields a balanced, levelled squad. CATCHING wild Pokémon is central (\'gotta catch \'em all\') — you catch to build that team and to fill the Pokédex. When you meet a wild Pokémon, weigh it: is it cool/strong/useful, does it cover a gap, is it better than a bench-warmer? — keep your best ~6, and build a squad you actually like. THE ARC: build a team -> beat the 8 gyms prepared -> Elite Four -> credits. ALSO NORMAL: you entered your own name (and your rival\'s) when the game began — people in this world knowing your names is ordinary, not a mystery to react to. RIGHT NOW your team is thin/lopsided (a strong lead but weak or too few others) — that\'s why tough trainers wall you. Building up a real squad (catch a good new teammate, level the weak ones) is how a prepared trainer gets past these. THE MAIN QUEST IS A FIXED PATH you\'re always on: beat the 8 Gym Leaders in order, then the Elite Four, then you win the game. You\'re on GYM 3 of 8 — next is Lt. Surge in Vermilion City. The road forward leads there: until you\'ve won you are ALWAYS making progress toward the next gym. Grinding/catching/detours are fine — but ONLY with a clear purpose, and then you GET BACK ON THE ROAD to Vermilion City. Never just circle the same grass. Word on the road about Lt. Surge: the lightning American — ELECTRIC-types; ground moves shut his whole act down YOUR STORY SO FAR (what you\'ve actually done — your past, not the future): You started in Pallet Town, beat Brock in Pewter (Boulder Badge), fought up Route 3 and through the Mt. Moon cave — a real maze you nearly got lost in — reached Cerulean City, and beat Misty for the Cascade Badge. Now you\'re after your third gym.. Next on my list: catch an pikachu around Viridian Forest (rare) / Power Plant later. It grows into my raichu — that\'s my answer for Lorelei AND Lance down the line. Grabbing it now, before I need it.. THINGS YOU\'VE HEARD AND READ (from people and signs — your own notes, use them when they point somewhere): "Why don\'t you go upstairs and try trading POK.MON with your friends? You could get a lot more variety by trading. The POK.MON you get in trades grow quickly, to"; "Why don\'t you go upstairs and try trading POK.MON with your friends? You could get a lot more variety by trading. The POK.MON you get in trades grow quickly, to"; "TM03 teaches WATER PULSE. Use it on an aquatic POK.MON!"; "KIRA put the TM03 in the TM CASE.". YOUR PLAN — right now: You\'re ready — stop grinding and head to Vermilion City for the Thunder Badge. Next: You CRUSHED that last gym — ride the momentum, go straight for Lt. Surge in Vermilion City; the trainers on the way are your training. Bigger picture: Reach Vermilion City, beat Lt. Surge for the Thunder Badge. Your team right now: wartortle (L30), caterpie the butterfree (L10), rattata (L13), spearow (L14), abra (L13), ekans (L13). Remember YOU are the one playing this — narrate your plan to chat in your own voice (first person: "I\'m grinding", "my team"), and never ask anyone what you\'re doing or who\'s on your team — you know.. HEADS UP — you just chose \'talk_npc\' and NOTHING changed (same spot, no progress). Repeating it again will do the same nothing. Pick a DIFFERENT action this time and break the loop.', 'progress': "2 badge(s) earned (Boulder, Cascade). Next gym: Lt. Surge of Vermilion City. Pokédex: 9 caught. She's two badges down, a quarter of the way (of 8 badges, then the Elite Four).", 'party': 'wartortle (L30), caterpie the butterfree (L10), rattata (L13), spearow (L14), abra (L13), ekans (L13)', 'goal': {'short': "You're ready — stop grinding and head to Vermilion City for the Thunder Badge", 'medium': 'You CRUSHED that last gym — ride the momentum, go straight for Lt. Surge in Vermilion City; the trainers on the way are your training', 'long': 'Reach Vermilion City, beat Lt. Surge for the Thunder Badge'}} options=['talk_npc']

   [kira-voice] -> T2·savor· (want) 'reach Vermilion City'  fired=True  [age 0.0s + post 7ms]

   [kira-voice] ORACLE kind=action options=['talk_npc'] -> pick='talk_npc'

   [campaign]    [soul] ORACLE pick -> 'talk_npc'

   [campaign]    [roam] DECISION THINK: 2562ms (world stayed live — pumped idle, not a freeze)

   [campaign]    [roam] PICK OUT: talk_npc  <- her RECOVERY move (YELLOW)

   [campaign]    [roam] RATIONALE: Checking in with a local, then then on to Vermilion City for Lt. Surge.

   [campaign]    TALK: no reachable un-talked NPC here

   [campaign]    [roam] RESULT: talk_npc -> no_npc | pos (3, 22)(107, 12) -> (3, 22)(107, 12) (NO MOVEMENT)

   [campaign]    [world] learned 3 warp(s) on (3, 22): (19, 5)->(1, 1), (32, 5)->(1, 2), (12, 5)->(16, 0)

   [campaign]    [roam] GYM-READINESS FLOOR: SPARED head_to_gym — 🔥 MOMENTUM (decisive last win; march at Lt. Surge, train on the road)

   [campaign]    [roam] !! retiring bench pin L16 — gym is GO now

   [campaign]    [roam] !! MOMENTUM → GO HARD: forced head_to_gym (Lt. Surge); pruned ['battle', 'travel:3,20', 'travel:3,21', 'travel:3,26', 'travel:3,27', 'travel:3,43', 'wander_catch']; oracle SKIPPED this tick

   [campaign]    [roam] !! STRUCTURAL DEAD-ROUTE: ['head_to_gym'] proven dead on this map — pruned until she leaves it (or a questline arms); remaining: ['talk_npc']

   [campaign] -- ROAM TICK 29/100000000 --

   [campaign]    [roam] STATE IN: Route 4 (107, 12) | badges=2 (Boulder, Cascade) | party=[wartortle L30, butterfree L10, rattata L13, spearow L14, abra L13, ekans L13] | 2 badge(s) earned (Boulder, Cascade). Next gym: Lt. Surge of Vermilion City. Pokédex: 9 caught. She's two badges down, a quarter of the way (of 8 badges, then the Elite Four).

   [campaign]    [roam] PROGRESS: YELLOW (unchanged 5 ticks) | fp[(3, 22) (107,12) f3 -- badge2 $456 party:7ef4 bag:7e57]

   [campaign]    [roam] OPTIONS OFFERED: ['talk_npc']

   [campaign]    [roam] !! MACRO YELLOW: no progress 5 ticks — feeding awareness back to the oracle: "You keep trying to talk npc but the world hasn't changed in 5 turns - it went 'no_npc', and you don't seem to be getting anywhere."

   [campaign]    [roam] !! REPEAT-NO-PROGRESS: 'talk_npc' repeated with a stuck fingerprint — nudging a different action

   [campaign]    [soul] ORACLE decision: kind=action ctx={'place': 'You\'re on Route 4 — outdoors under open sky (a town with a Pokémon Center; tall grass around — wild Pokémon live in it).. From here: SOUTH → Route 3 — wild Pokémon to catch/train; EAST → Cerulean City — a Mart, a Pokémon Center. Places you\'ve been with wild Pokémon you can walk back to: Route 24; an unfamiliar area; Route 2. You can walk to anywhere you\'ve already been.. You keep trying to talk npc but the world hasn\'t changed in 5 turns - it went \'no_npc\', and you don\'t seem to be getting anywhere.. HOW POKÉMON WORKS (what you\'re playing for): the GOAL is to earn 8 Gym Badges, beat the Elite Four, and roll the credits — that\'s beating the game. You build a TEAM of up to 6 Pokémon you like AND that cover each other (types/roles) — a solo carry with a dead-weight bench is a losing setup; a real trainer fields a balanced, levelled squad. CATCHING wild Pokémon is central (\'gotta catch \'em all\') — you catch to build that team and to fill the Pokédex. When you meet a wild Pokémon, weigh it: is it cool/strong/useful, does it cover a gap, is it better than a bench-warmer? — keep your best ~6, and build a squad you actually like. THE ARC: build a team -> beat the 8 gyms prepared -> Elite Four -> credits. ALSO NORMAL: you entered your own name (and your rival\'s) when the game began — people in this world knowing your names is ordinary, not a mystery to react to. RIGHT NOW your team is thin/lopsided (a strong lead but weak or too few others) — that\'s why tough trainers wall you. Building up a real squad (catch a good new teammate, level the weak ones) is how a prepared trainer gets past these. THE MAIN QUEST IS A FIXED PATH you\'re always on: beat the 8 Gym Leaders in order, then the Elite Four, then you win the game. You\'re on GYM 3 of 8 — next is Lt. Surge in Vermilion City. The road forward leads there: until you\'ve won you are ALWAYS making progress toward the next gym. Grinding/catching/detours are fine — but ONLY with a clear purpose, and then you GET BACK ON THE ROAD to Vermilion City. Never just circle the same grass. Word on the road about Lt. Surge: the lightning American — ELECTRIC-types; ground moves shut his whole act down YOUR STORY SO FAR (what you\'ve actually done — your past, not the future): You started in Pallet Town, beat Brock in Pewter (Boulder Badge), fought up Route 3 and through the Mt. Moon cave — a real maze you nearly got lost in — reached Cerulean City, and beat Misty for the Cascade Badge. Now you\'re after your third gym.. Next on my list: catch an pikachu around Viridian Forest (rare) / Power Plant later. It grows into my raichu — that\'s my answer for Lorelei AND Lance down the line. Grabbing it now, before I need it.. THINGS YOU\'VE HEARD AND READ (from people and signs — your own notes, use them when they point somewhere): "Why don\'t you go upstairs and try trading POK.MON with your friends? You could get a lot more variety by trading. The POK.MON you get in trades grow quickly, to"; "Why don\'t you go upstairs and try trading POK.MON with your friends? You could get a lot more variety by trading. The POK.MON you get in trades grow quickly, to"; "TM03 teaches WATER PULSE. Use it on an aquatic POK.MON!"; "KIRA put the TM03 in the TM CASE.". YOUR PLAN — right now: You\'re ready — stop grinding and head to Vermilion City for the Thunder Badge. Next: You CRUSHED that last gym — ride the momentum, go straight for Lt. Surge in Vermilion City; the trainers on the way are your training. Bigger picture: Reach Vermilion City, beat Lt. Surge for the Thunder Badge. Your team right now: wartortle (L30), caterpie the butterfree (L10), rattata (L13), spearow (L14), abra (L13), ekans (L13). Remember YOU are the one playing this — narrate your plan to chat in your own voice (first person: "I\'m grinding", "my team"), and never ask anyone what you\'re doing or who\'s on your team — you know.. HEADS UP — you just chose \'talk_npc\' and NOTHING changed (same spot, no progress). Repeating it again will do the same nothing. Pick a DIFFERENT action this time and break the loop.', 'progress': "2 badge(s) earned (Boulder, Cascade). Next gym: Lt. Surge of Vermilion City. Pokédex: 9 caught. She's two badges down, a quarter of the way (of 8 badges, then the Elite Four).", 'party': 'wartortle (L30), caterpie the butterfree (L10), rattata (L13), spearow (L14), abra (L13), ekans (L13)', 'goal': {'short': "You're ready — stop grinding and head to Vermilion City for the Thunder Badge", 'medium': 'You CRUSHED that last gym — ride the momentum, go straight for Lt. Surge in Vermilion City; the trainers on the way are your training', 'long': 'Reach Vermilion City, beat Lt. Surge for the Thunder Badge'}} options=['talk_npc']

   [kira-voice] ORACLE kind=action options=['talk_npc'] -> pick='talk_npc'

   [campaign]    [soul] ORACLE pick -> 'talk_npc'

   [campaign]    [roam] DECISION THINK: 2286ms (world stayed live — pumped idle, not a freeze)

   [campaign]    [roam] PICK OUT: talk_npc  <- her RECOVERY move (YELLOW)

   [campaign]    [roam] RATIONALE: Checking in with a local, then then on to Vermilion City for Lt. Surge.

   [campaign]    TALK: no reachable un-talked NPC here

   [campaign]    [roam] RESULT: talk_npc -> no_npc | pos (3, 22)(107, 12) -> (3, 22)(107, 12) (NO MOVEMENT)

   [campaign]    [world] learned 3 warp(s) on (3, 22): (19, 5)->(1, 1), (32, 5)->(1, 2), (12, 5)->(16, 0)

   [campaign]    [roam] GYM-READINESS FLOOR: SPARED head_to_gym — 🔥 MOMENTUM (decisive last win; march at Lt. Surge, train on the road)

   [campaign]    [roam] !! retiring bench pin L16 — gym is GO now

   [campaign]    [roam] !! MOMENTUM → GO HARD: forced head_to_gym (Lt. Surge); pruned ['battle', 'travel:3,20', 'travel:3,21', 'travel:3,26', 'travel:3,27', 'travel:3,43', 'wander_catch']; oracle SKIPPED this tick

   [campaign]    [roam] !! STRUCTURAL DEAD-ROUTE: ['head_to_gym'] proven dead on this map — pruned until she leaves it (or a questline arms); remaining: ['talk_npc']

   [campaign] -- ROAM TICK 30/100000000 --

   [campaign]    [roam] STATE IN: Route 4 (107, 12) | badges=2 (Boulder, Cascade) | party=[wartortle L30, butterfree L10, rattata L13, spearow L14, abra L13, ekans L13] | 2 badge(s) earned (Boulder, Cascade). Next gym: Lt. Surge of Vermilion City. Pokédex: 9 caught. She's two badges down, a quarter of the way (of 8 badges, then the Elite Four).

   [campaign]    [roam] PROGRESS: RED (unchanged 6 ticks) | fp[(3, 22) (107,12) f3 -- badge2 $456 party:7ef4 bag:7e57]

   [campaign]    [roam] OPTIONS OFFERED: ['talk_npc']

   [campaign]    [roam] !! MACRO RED: no progress 6 ticks — feeding awareness back to the oracle: "You keep trying to talk npc but the world hasn't changed in 6 turns - it went 'no_npc', and you're completely stuck."

   [campaign]    [roam] !! REPEAT-NO-PROGRESS: 'talk_npc' repeated with a stuck fingerprint — nudging a different action

   [campaign]    [soul] ORACLE decision: kind=action ctx={'place': 'You\'re on Route 4 — outdoors under open sky (a town with a Pokémon Center; tall grass around — wild Pokémon live in it).. From here: SOUTH → Route 3 — wild Pokémon to catch/train; EAST → Cerulean City — a Mart, a Pokémon Center. Places you\'ve been with wild Pokémon you can walk back to: Route 24; an unfamiliar area; Route 2. You can walk to anywhere you\'ve already been.. You keep trying to talk npc but the world hasn\'t changed in 6 turns - it went \'no_npc\', and you\'re completely stuck.. HOW POKÉMON WORKS (what you\'re playing for): the GOAL is to earn 8 Gym Badges, beat the Elite Four, and roll the credits — that\'s beating the game. You build a TEAM of up to 6 Pokémon you like AND that cover each other (types/roles) — a solo carry with a dead-weight bench is a losing setup; a real trainer fields a balanced, levelled squad. CATCHING wild Pokémon is central (\'gotta catch \'em all\') — you catch to build that team and to fill the Pokédex. When you meet a wild Pokémon, weigh it: is it cool/strong/useful, does it cover a gap, is it better than a bench-warmer? — keep your best ~6, and build a squad you actually like. THE ARC: build a team -> beat the 8 gyms prepared -> Elite Four -> credits. ALSO NORMAL: you entered your own name (and your rival\'s) when the game began — people in this world knowing your names is ordinary, not a mystery to react to. RIGHT NOW your team is thin/lopsided (a strong lead but weak or too few others) — that\'s why tough trainers wall you. Building up a real squad (catch a good new teammate, level the weak ones) is how a prepared trainer gets past these. THE MAIN QUEST IS A FIXED PATH you\'re always on: beat the 8 Gym Leaders in order, then the Elite Four, then you win the game. You\'re on GYM 3 of 8 — next is Lt. Surge in Vermilion City. The road forward leads there: until you\'ve won you are ALWAYS making progress toward the next gym. Grinding/catching/detours are fine — but ONLY with a clear purpose, and then you GET BACK ON THE ROAD to Vermilion City. Never just circle the same grass. Word on the road about Lt. Surge: the lightning American — ELECTRIC-types; ground moves shut his whole act down YOUR STORY SO FAR (what you\'ve actually done — your past, not the future): You started in Pallet Town, beat Brock in Pewter (Boulder Badge), fought up Route 3 and through the Mt. Moon cave — a real maze you nearly got lost in — reached Cerulean City, and beat Misty for the Cascade Badge. Now you\'re after your third gym.. Next on my list: catch an pikachu around Viridian Forest (rare) / Power Plant later. It grows into my raichu — that\'s my answer for Lorelei AND Lance down the line. Grabbing it now, before I need it.. THINGS YOU\'VE HEARD AND READ (from people and signs — your own notes, use them when they point somewhere): "Why don\'t you go upstairs and try trading POK.MON with your friends? You could get a lot more variety by trading. The POK.MON you get in trades grow quickly, to"; "Why don\'t you go upstairs and try trading POK.MON with your friends? You could get a lot more variety by trading. The POK.MON you get in trades grow quickly, to"; "TM03 teaches WATER PULSE. Use it on an aquatic POK.MON!"; "KIRA put the TM03 in the TM CASE.". YOUR PLAN — right now: You\'re ready — stop grinding and head to Vermilion City for the Thunder Badge. Next: You CRUSHED that last gym — ride the momentum, go straight for Lt. Surge in Vermilion City; the trainers on the way are your training. Bigger picture: Reach Vermilion City, beat Lt. Surge for the Thunder Badge. Your team right now: wartortle (L30), caterpie the butterfree (L10), rattata (L13), spearow (L14), abra (L13), ekans (L13). Remember YOU are the one playing this — narrate your plan to chat in your own voice (first person: "I\'m grinding", "my team"), and never ask anyone what you\'re doing or who\'s on your team — you know.. HEADS UP — you just chose \'talk_npc\' and NOTHING changed (same spot, no progress). Repeating it again will do the same nothing. Pick a DIFFERENT action this time and break the loop.', 'progress': "2 badge(s) earned (Boulder, Cascade). Next gym: Lt. Surge of Vermilion City. Pokédex: 9 caught. She's two badges down, a quarter of the way (of 8 badges, then the Elite Four).", 'party': 'wartortle (L30), caterpie the butterfree (L10), rattata (L13), spearow (L14), abra (L13), ekans (L13)', 'goal': {'short': "You're ready — stop grinding and head to Vermilion City for the Thunder Badge", 'medium': 'You CRUSHED that last gym — ride the momentum, go straight for Lt. Surge in Vermilion City; the trainers on the way are your training', 'long': 'Reach Vermilion City, beat Lt. Surge for the Thunder Badge'}} options=['talk_npc']

   [kira-voice] ORACLE kind=action options=['talk_npc'] -> pick='talk_npc'

   [campaign]    [soul] ORACLE pick -> 'talk_npc'

   [campaign]    [roam] DECISION THINK: 2639ms (world stayed live — pumped idle, not a freeze)

   [campaign]    [roam] PICK OUT: talk_npc  <- her RECOVERY move (RED)

   [campaign]    [roam] RATIONALE: Checking in with a local, then then on to Vermilion City for Lt. Surge.

   [campaign]    TALK: no reachable un-talked NPC here

   [campaign]    [roam] RESULT: talk_npc -> no_npc | pos (3, 22)(107, 12) -> (3, 22)(107, 12) (NO MOVEMENT)

   [campaign]    ⛰️  CAMPAIGN SAVE [tick30] -> campaign/kira_campaign.state  (map=(3, 22) coords=(107, 12) badges=2 party=6)

   [campaign]    [sanctity] bundle VALID (schema/encoding/truth/monotonic all clean)

   [campaign]    [world] learned 3 warp(s) on (3, 22): (19, 5)->(1, 1), (32, 5)->(1, 2), (12, 5)->(16, 0)

   [campaign]    [roam] GYM-READINESS FLOOR: SPARED head_to_gym — 🔥 MOMENTUM (decisive last win; march at Lt. Surge, train on the road)

   [campaign]    [roam] !! retiring bench pin L16 — gym is GO now

   [campaign]    [roam] !! MOMENTUM → GO HARD: forced head_to_gym (Lt. Surge); pruned ['battle', 'travel:3,20', 'travel:3,21', 'travel:3,26', 'travel:3,27', 'travel:3,43', 'wander_catch']; oracle SKIPPED this tick

   [campaign]    [roam] !! STRUCTURAL DEAD-ROUTE: ['head_to_gym'] proven dead on this map — pruned until she leaves it (or a questline arms); remaining: ['talk_npc']

   [campaign] -- ROAM TICK 31/100000000 --

   [campaign]    [roam] STATE IN: Route 4 (107, 12) | badges=2 (Boulder, Cascade) | party=[wartortle L30, butterfree L10, rattata L13, spearow L14, abra L13, ekans L13] | 2 badge(s) earned (Boulder, Cascade). Next gym: Lt. Surge of Vermilion City. Pokédex: 9 caught. She's two badges down, a quarter of the way (of 8 badges, then the Elite Four).

   [campaign]    [roam] PROGRESS: RED (unchanged 7 ticks) | fp[(3, 22) (107,12) f3 -- badge2 $456 party:7ef4 bag:7e57]

   [campaign]    [roam] OPTIONS OFFERED: ['talk_npc']

   [campaign]    [soul] surface_want FIRE -> Route 4

   [campaign]    [soul] ORACLE decision: kind=want ctx={'place': "You're on Route 4 — outdoors under open sky (a town with a Pokémon Center; tall grass around — wild Pokémon live in it).. ALREADY BESIDE YOU — your current team: wartortle (L30), caterpie the butterfree (L10), rattata (L13), spearow (L14), abra (L13), ekans (L13). A want is something you DON'T yet have; never wish for a teammate who's already on your team.", 'map': (3, 22), 'badges': ['Boulder', 'Cascade'], 'progress': "2 badge(s) earned (Boulder, Cascade). Next gym: Lt. Surge of Vermilion City. Pokédex: 9 caught. She's two badges down, a quarter of the way (of 8 badges, then the Elite Four).", 'party': 'wartortle (L30), caterpie the butterfree (L10), rattata (L13), spearow (L14), abra (L13), ekans (L13)', 'goal': {'short': "You're ready — stop grinding and head to Vermilion City for the Thunder Badge", 'medium': 'You CRUSHED that last gym — ride the momentum, go straight for Lt. Surge in Vermilion City; the trainers on the way are your training', 'long': 'Reach Vermilion City, beat Lt. Surge for the Thunder Badge'}} options=['eevee', 'fossil', 'starters', 'rare', 'legendaries']

   [kira-voice] ORACLE kind=want options=['eevee', 'fossil', 'starters', 'rare', 'legendaries'] -> pick=None

   [campaign]    [soul] ORACLE pick -> None

   [campaign]    [roam] !! MACRO RED: no progress 7 ticks — feeding awareness back to the oracle: "You keep trying to talk npc but the world hasn't changed in 7 turns - it went 'no_npc', and you're completely stuck."

   [campaign]    [roam] !! REPEAT-NO-PROGRESS: 'talk_npc' repeated with a stuck fingerprint — nudging a different action

   [campaign]    [soul] ORACLE decision: kind=action ctx={'place': 'You\'re on Route 4 — outdoors under open sky (a town with a Pokémon Center; tall grass around — wild Pokémon live in it).. From here: SOUTH → Route 3 — wild Pokémon to catch/train; EAST → Cerulean City — a Mart, a Pokémon Center. Places you\'ve been with wild Pokémon you can walk back to: Route 24; an unfamiliar area; Route 2. You can walk to anywhere you\'ve already been.. You keep trying to talk npc but the world hasn\'t changed in 7 turns - it went \'no_npc\', and you\'re completely stuck.. HOW POKÉMON WORKS (what you\'re playing for): the GOAL is to earn 8 Gym Badges, beat the Elite Four, and roll the credits — that\'s beating the game. You build a TEAM of up to 6 Pokémon you like AND that cover each other (types/roles) — a solo carry with a dead-weight bench is a losing setup; a real trainer fields a balanced, levelled squad. CATCHING wild Pokémon is central (\'gotta catch \'em all\') — you catch to build that team and to fill the Pokédex. When you meet a wild Pokémon, weigh it: is it cool/strong/useful, does it cover a gap, is it better than a bench-warmer? — keep your best ~6, and build a squad you actually like. THE ARC: build a team -> beat the 8 gyms prepared -> Elite Four -> credits. ALSO NORMAL: you entered your own name (and your rival\'s) when the game began — people in this world knowing your names is ordinary, not a mystery to react to. RIGHT NOW your team is thin/lopsided (a strong lead but weak or too few others) — that\'s why tough trainers wall you. Building up a real squad (catch a good new teammate, level the weak ones) is how a prepared trainer gets past these. THE MAIN QUEST IS A FIXED PATH you\'re always on: beat the 8 Gym Leaders in order, then the Elite Four, then you win the game. You\'re on GYM 3 of 8 — next is Lt. Surge in Vermilion City. The road forward leads there: until you\'ve won you are ALWAYS making progress toward the next gym. Grinding/catching/detours are fine — but ONLY with a clear purpose, and then you GET BACK ON THE ROAD to Vermilion City. Never just circle the same grass. Word on the road about Lt. Surge: the lightning American — ELECTRIC-types; ground moves shut his whole act down YOUR STORY SO FAR (what you\'ve actually done — your past, not the future): You started in Pallet Town, beat Brock in Pewter (Boulder Badge), fought up Route 3 and through the Mt. Moon cave — a real maze you nearly got lost in — reached Cerulean City, and beat Misty for the Cascade Badge. Now you\'re after your third gym.. Next on my list: catch an pikachu around Viridian Forest (rare) / Power Plant later. It grows into my raichu — that\'s my answer for Lorelei AND Lance down the line. Grabbing it now, before I need it.. THINGS YOU\'VE HEARD AND READ (from people and signs — your own notes, use them when they point somewhere): "Why don\'t you go upstairs and try trading POK.MON with your friends? You could get a lot more variety by trading. The POK.MON you get in trades grow quickly, to"; "Why don\'t you go upstairs and try trading POK.MON with your friends? You could get a lot more variety by trading. The POK.MON you get in trades grow quickly, to"; "TM03 teaches WATER PULSE. Use it on an aquatic POK.MON!"; "KIRA put the TM03 in the TM CASE.". YOUR PLAN — right now: You\'re ready — stop grinding and head to Vermilion City for the Thunder Badge. Next: You CRUSHED that last gym — ride the momentum, go straight for Lt. Surge in Vermilion City; the trainers on the way are your training. Bigger picture: Reach Vermilion City, beat Lt. Surge for the Thunder Badge. Your team right now: wartortle (L30), caterpie the butterfree (L10), rattata (L13), spearow (L14), abra (L13), ekans (L13). Remember YOU are the one playing this — narrate your plan to chat in your own voice (first person: "I\'m grinding", "my team"), and never ask anyone what you\'re doing or who\'s on your team — you know.. HEADS UP — you just chose \'talk_npc\' and NOTHING changed (same spot, no progress). Repeating it again will do the same nothing. Pick a DIFFERENT action this time and break the loop.', 'progress': "2 badge(s) earned (Boulder, Cascade). Next gym: Lt. Surge of Vermilion City. Pokédex: 9 caught. She's two badges down, a quarter of the way (of 8 badges, then the Elite Four).", 'party': 'wartortle (L30), caterpie the butterfree (L10), rattata (L13), spearow (L14), abra (L13), ekans (L13)', 'goal': {'short': "You're ready — stop grinding and head to Vermilion City for the Thunder Badge", 'medium': 'You CRUSHED that last gym — ride the momentum, go straight for Lt. Surge in Vermilion City; the trainers on the way are your training', 'long': 'Reach Vermilion City, beat Lt. Surge for the Thunder Badge'}} options=['talk_npc']

   [kira-voice] ORACLE kind=action options=['talk_npc'] -> pick='talk_npc'

   [campaign]    [soul] ORACLE pick -> 'talk_npc'

   [campaign]    [roam] DECISION THINK: 3166ms (world stayed live — pumped idle, not a freeze)

   [campaign]    [roam] PICK OUT: talk_npc  <- her RECOVERY move (RED)

   [campaign]    [roam] RATIONALE: Checking in with a local, then then on to Vermilion City for Lt. Surge.

   [campaign]    TALK: no reachable un-talked NPC here

   [campaign]    [roam] RESULT: talk_npc -> no_npc | pos (3, 22)(107, 12) -> (3, 22)(107, 12) (NO MOVEMENT)

   [campaign]    [world] learned 3 warp(s) on (3, 22): (19, 5)->(1, 1), (32, 5)->(1, 2), (12, 5)->(16, 0)

   [campaign]    [roam] GYM-READINESS FLOOR: SPARED head_to_gym — 🔥 MOMENTUM (decisive last win; march at Lt. Surge, train on the road)

   [campaign]    [roam] !! retiring bench pin L16 — gym is GO now

   [campaign]    [roam] !! MOMENTUM → GO HARD: forced head_to_gym (Lt. Surge); pruned ['battle', 'travel:3,20', 'travel:3,21', 'travel:3,26', 'travel:3,27', 'travel:3,43', 'wander_catch']; oracle SKIPPED this tick

   [campaign]    [roam] !! STRUCTURAL DEAD-ROUTE: ['head_to_gym'] proven dead on this map — pruned until she leaves it (or a questline arms); remaining: ['talk_npc']

   [campaign] -- ROAM TICK 32/100000000 --

   [campaign]    [roam] STATE IN: Route 4 (107, 12) | badges=2 (Boulder, Cascade) | party=[wartortle L30, butterfree L10, rattata L13, spearow L14, abra L13, ekans L13] | 2 badge(s) earned (Boulder, Cascade). Next gym: Lt. Surge of Vermilion City. Pokédex: 9 caught. She's two badges down, a quarter of the way (of 8 badges, then the Elite Four).

   [campaign]    [roam] PROGRESS: RED (unchanged 8 ticks) | fp[(3, 22) (107,12) f3 -- badge2 $456 party:7ef4 bag:7e57]

   [campaign]    [roam] !! HARD RECOVERY: RED 3 ticks — FORCING a route to the nearest Pokémon Center to break the position (not re-asking the oracle this tick)

   [kira-voice] -> T2·savor· (recover) "okay, this isn't working — I'm heading to the Pokémon Center to reset and figure out my next move."  fired=True  [age 0.0s + post 3ms]

   [campaign]    HEAL: own Center door (12, 5) UNREACHABLE from (107, 12) on (3, 22) -> crossing to an adjacent city to heal

   [campaign]    HEAL-EXCURSION: lead at (84, 84) - crossing east to (3, 3) to heal

   [Bridge] INPUT OWNER = 'agent' (sole writer; others dropped+logged)

   [travel] start map=(3, 22) coords=(107, 12) -> map (3, 3) (budget 120s)

   [travel] east connection band rows: [2, 3, 4, 5, 10, 11, 12]

   [travel] step 0: (107, 12)->(0, 22) map=(3, 22) (path 2 to exit)

   [travel] MAP TRANSITION (3, 22) -> (3, 3)

   [campaign]    [world] learned 14 warp(s) on (3, 3): (10, 11)->(7, 0), (30, 11)->(7, 1), (15, 17)->(7, 2), (22, 19)->(7, 3), (31, 21)->(7, 5), (13, 28)->(7, 6)

   [travel] east connection band rows: [0, 1, 2, 3, 4, 5, 6, 7, 8, 9, 11, 16, 18, 19, 21, 30, 31, 32, 33, 34, 35, 36, 37, 38, 39]

   [travel] ARRIVED at target map (3, 3) coords=(0, 22)

   [kira-voice] ·dedup· (repeat text, T1, looping?) 'made it to a new area'

   [campaign]    HEAL: whole party already full - skipping

   [Bridge] INPUT OWNER = 'agent' (sole writer; others dropped+logged)

   [travel] start map=(3, 3) coords=(0, 22) -> map (3, 22) (budget 120s)

   [travel] west connection band rows: [0, 1, 2, 3, 4, 5, 6, 7, 8, 9, 13, 14, 20, 21, 22, 30, 31, 32, 33, 34, 35, 36, 37, 38, 39]

   [travel] MAP TRANSITION (3, 3) -> (3, 22)

   [campaign]    [world] learned 3 warp(s) on (3, 22): (19, 5)->(1, 1), (32, 5)->(1, 2), (12, 5)->(16, 0)

   [travel] west connection band rows: [0, 1, 2, 3, 4, 5, 6, 7, 8, 9, 10, 11, 12, 13, 14, 15, 16, 17, 18, 19]

   [travel] ARRIVED at target map (3, 22) coords=(107, 12)

   [kira-voice] ·dedup· (repeat text, T1, looping?) 'made it to a new area'

   [campaign]    HEAL-EXCURSION: healed + back on (3, 22) at (107, 12)

   [campaign]    [roam] !! HARD RECOVERY was a no-op (healed + returned to the same tile) — breaking the position ONE-WAY to an adjacent Center city

   [Bridge] INPUT OWNER = 'agent' (sole writer; others dropped+logged)

   [travel] start map=(3, 22) coords=(107, 12) -> map (3, 3) (budget 300s)

   [travel] east connection band rows: [2, 3, 4, 5, 10, 11, 12]

   [travel] step 0: (107, 12)->(0, 22) map=(3, 22) (path 2 to exit)

   [travel] MAP TRANSITION (3, 22) -> (3, 3)

   [campaign]    [world] learned 14 warp(s) on (3, 3): (10, 11)->(7, 0), (30, 11)->(7, 1), (15, 17)->(7, 2), (22, 19)->(7, 3), (31, 21)->(7, 5), (13, 28)->(7, 6)

   [travel] east connection band rows: [0, 1, 2, 3, 4, 5, 6, 7, 8, 9, 11, 16, 18, 19, 21, 30, 31, 32, 33, 34, 35, 36, 37, 38, 39]

   [travel] ARRIVED at target map (3, 3) coords=(0, 22)

   [kira-voice] ·dedup· (repeat text, T1, looping?) 'made it to a new area'

   [campaign]    [roam] one-way position break east -> (3, 3): arrived

   [campaign]    ⛰️  CAMPAIGN SAVE [new_area] -> campaign/kira_campaign.state  (map=(3, 3) coords=(0, 22) badges=2 party=6)

   [campaign]    [sanctity] bundle VALID (schema/encoding/truth/monotonic all clean)

   [campaign]    📌 AUTO-CHECKPOINT [gain-new_area] -> checkpoints/20260731_144423_cerulean-city_2b_10h12m_gain-new-area  (4 bundle file(s))

   [campaign]    [world] learned 14 warp(s) on (3, 3): (10, 11)->(7, 0), (30, 11)->(7, 1), (15, 17)->(7, 2), (22, 19)->(7, 3), (31, 21)->(7, 5), (13, 28)->(7, 6)

   [campaign]    [roam] grass she KNOWS: routing west -> (3, 22) toward Route 4 (FORWARD — on the road to the objective, visited grass, avoiding any wall)

   [campaign]    [roam] GYM-READINESS FLOOR: SPARED head_to_gym — 🔥 MOMENTUM (decisive last win; march at Lt. Surge, train on the road)

   [campaign]    [roam] !! retiring bench pin L16 — gym is GO now

   [campaign]    [roam] !! MOMENTUM → GO HARD: forced head_to_gym (Lt. Surge); pruned ['battle', 'travel:3,21', 'travel:3,22', 'travel:3,27', 'travel:3,43', 'wander_catch']; oracle SKIPPED this tick

   [campaign] -- ROAM TICK 33/100000000 --

   [campaign]    [roam] STATE IN: Cerulean City (0, 22) | badges=2 (Boulder, Cascade) | party=[wartortle L30, butterfree L10, rattata L13, spearow L14, abra L13, ekans L13] | 2 badge(s) earned (Boulder, Cascade). Next gym: Lt. Surge of Vermilion City. Pokédex: 9 caught. She's two badges down, a quarter of the way (of 8 badges, then the Elite Four).

   [campaign]    [roam] PROGRESS: GREEN (unchanged 0 ticks) | fp[(3, 3) (0,22) f4 -- badge2 $456 party:7ef4 bag:7e57]

   [campaign]    [roam] OPTIONS OFFERED: ['head_to_gym', 'talk_npc']

   [campaign]    [roam] !! FORCE GYM PICK: head_to_gym — oracle SKIPPED (dominant / creator order; grass is OFF the menu)

   [campaign]    [roam] PICK OUT: head_to_gym

   [campaign]    [roam] RATIONALE: Heading for the next gym — Vermilion City: You're ready — stop grinding and head to Vermilion City for the Thunder Badge.

   [campaign]    [roam] ROAD-BENCH-XP: skipping slot 4 as lead candidate — no damaging PP (it can't win a fight it leads)

   [campaign]    GRIND-WEAK: swap 0<->1 verified — butterfree now leads

   [campaign]    [roam] ROAD-BENCH-XP: leading with the weak L10 bench mon (target L16) so it banks participation XP on this leg — the ace fields turn 1 (fail-safe switch)

   [campaign]    [roam] EDGE-ROUTE toward Vermilion City: (3, 3) -> (3, 22) (edge west)

   [Bridge] INPUT OWNER = 'agent' (sole writer; others dropped+logged)

   [travel] start map=(3, 3) coords=(0, 22) -> map (3, 22) (budget 300s)

   [travel] west connection band rows: [0, 1, 2, 3, 4, 5, 6, 7, 8, 9, 13, 14, 20, 21, 22, 30, 31, 32, 33, 34, 35, 36, 37, 38, 39]

   [travel] MAP TRANSITION (3, 3) -> (3, 22)

   [campaign]    [world] learned 3 warp(s) on (3, 22): (19, 5)->(1, 1), (32, 5)->(1, 2), (12, 5)->(16, 0)

   [travel] west connection band rows: [0, 1, 2, 3, 4, 5, 6, 7, 8, 9, 10, 11, 12, 13, 14, 15, 16, 17, 18, 19]

   [travel] ARRIVED at target map (3, 22) coords=(107, 12)

   [kira-voice] ·dedup· (repeat text, T1, looping?) 'made it to a new area'

   [campaign]    GRIND-WEAK: restoring the ace (slot 1, L30) to lead

   [campaign]    GRIND-WEAK: swap 0<->1 verified — wartortle now leads

   [campaign]    [roam] RESULT: head_to_gym -> arrived | pos (3, 3)(0, 22) -> (3, 22)(107, 12) (MOVED)

   [campaign]    [roam] !!!! SEAM-THRASH BREAKER: crossed the Cerulean City↔Route 4 border 3x in 120s with no badge progress — Route 4 is NO-GO for the session; hard-committing the FORWARD objective for the next 8 builds

   [campaign]    [roam] standing objective complete (head_to_gym -> arrived) — clearing it

   [kira-voice] -> T2·savor· (travel) "okay, I've been pacing the same border like a lost tourist — enough. Picking a direction and COMMITTING: forward, next objective, go."  fired=True  [age 0.0s + post 3ms]

   [campaign]    ⛰️  CAMPAIGN SAVE [new_area] -> campaign/kira_campaign.state  (map=(3, 22) coords=(107, 12) badges=2 party=6)

   [campaign]    [sanctity] bundle VALID (schema/encoding/truth/monotonic all clean)

   [campaign]    📌 AUTO-CHECKPOINT [gain-new_area] -> checkpoints/20260731_144424_route-4_2b_10h12m_gain-new-area  (4 bundle file(s))

   [campaign]    [world] learned 3 warp(s) on (3, 22): (19, 5)->(1, 1), (32, 5)->(1, 2), (12, 5)->(16, 0)

   [campaign]    [roam] !! SEAM-COMMIT (7 builds left): forced head_to_gym, pruned ['battle', 'travel:3,20', 'travel:3,21', 'travel:3,26', 'travel:3,27', 'travel:3,43', 'wander_catch'] — the border war is OVER

   [campaign]    [roam] GYM-READINESS FLOOR: SPARED head_to_gym — 🔥 MOMENTUM (decisive last win; march at Lt. Surge, train on the road)

   [campaign]    [roam] !! retiring bench pin L16 — gym is GO now

   [campaign]    [roam] !! MOMENTUM → GO HARD: forced head_to_gym (Lt. Surge); pruned []; oracle SKIPPED this tick

   [campaign]    [roam] !! STRUCTURAL DEAD-ROUTE: ['head_to_gym'] proven dead on this map — pruned until she leaves it (or a questline arms); remaining: ['talk_npc']

   [campaign] -- ROAM TICK 34/100000000 --

   [campaign]    [roam] STATE IN: Route 4 (107, 12) | badges=2 (Boulder, Cascade) | party=[wartortle L30, butterfree L10, rattata L13, spearow L14, abra L13, ekans L13] | 2 badge(s) earned (Boulder, Cascade). Next gym: Lt. Surge of Vermilion City. Pokédex: 9 caught. She's two badges down, a quarter of the way (of 8 badges, then the Elite Four).

   [campaign]    [roam] PROGRESS: GREEN (unchanged 0 ticks) | fp[(3, 22) (107,12) f3 -- badge2 $456 party:7ef4 bag:7e57]

   [campaign]    [roam] OPTIONS OFFERED: ['talk_npc']

   [campaign]    [soul] surface_want FIRE -> Route 4

   [campaign]    [soul] ORACLE decision: kind=want ctx={'place': "You're on Route 4 — outdoors under open sky (a town with a Pokémon Center; tall grass around — wild Pokémon live in it).. ALREADY BESIDE YOU — your current team: wartortle (L30), caterpie the butterfree (L10), rattata (L13), spearow (L14), abra (L13), ekans (L13). A want is something you DON'T yet have; never wish for a teammate who's already on your team.", 'map': (3, 22), 'badges': ['Boulder', 'Cascade'], 'progress': "2 badge(s) earned (Boulder, Cascade). Next gym: Lt. Surge of Vermilion City. Pokédex: 9 caught. She's two badges down, a quarter of the way (of 8 badges, then the Elite Four).", 'party': 'wartortle (L30), caterpie the butterfree (L10), rattata (L13), spearow (L14), abra (L13), ekans (L13)', 'goal': {'short': "You're ready — stop grinding and head to Vermilion City for the Thunder Badge", 'medium': 'You CRUSHED that last gym — ride the momentum, go straight for Lt. Surge in Vermilion City; the trainers on the way are your training', 'long': 'Reach Vermilion City, beat Lt. Surge for the Thunder Badge'}} options=['eevee', 'fossil', 'starters', 'rare', 'legendaries']

   [kira-voice] ORACLE kind=want options=['eevee', 'fossil', 'starters', 'rare', 'legendaries'] -> pick='reach Vermilion City, Thunder Badge'

   [campaign]    [soul] ORACLE pick -> 'reach Vermilion City, Thunder Badge'

   [campaign]    [soul] ORACLE decision: kind=action ctx={'place': 'You\'re on Route 4 — outdoors under open sky (a town with a Pokémon Center; tall grass around — wild Pokémon live in it).. From here: SOUTH → Route 3 — wild Pokémon to catch/train; EAST → Cerulean City — a Mart, a Pokémon Center. Places you\'ve been with wild Pokémon you can walk back to: Route 24; an unfamiliar area; Route 2. You can walk to anywhere you\'ve already been.. HOW POKÉMON WORKS (what you\'re playing for): the GOAL is to earn 8 Gym Badges, beat the Elite Four, and roll the credits — that\'s beating the game. You build a TEAM of up to 6 Pokémon you like AND that cover each other (types/roles) — a solo carry with a dead-weight bench is a losing setup; a real trainer fields a balanced, levelled squad. CATCHING wild Pokémon is central (\'gotta catch \'em all\') — you catch to build that team and to fill the Pokédex. When you meet a wild Pokémon, weigh it: is it cool/strong/useful, does it cover a gap, is it better than a bench-warmer? — keep your best ~6, and build a squad you actually like. THE ARC: build a team -> beat the 8 gyms prepared -> Elite Four -> credits. ALSO NORMAL: you entered your own name (and your rival\'s) when the game began — people in this world knowing your names is ordinary, not a mystery to react to. RIGHT NOW your team is thin/lopsided (a strong lead but weak or too few others) — that\'s why tough trainers wall you. Building up a real squad (catch a good new teammate, level the weak ones) is how a prepared trainer gets past these. THE MAIN QUEST IS A FIXED PATH you\'re always on: beat the 8 Gym Leaders in order, then the Elite Four, then you win the game. You\'re on GYM 3 of 8 — next is Lt. Surge in Vermilion City. The road forward leads there: until you\'ve won you are ALWAYS making progress toward the next gym. Grinding/catching/detours are fine — but ONLY with a clear purpose, and then you GET BACK ON THE ROAD to Vermilion City. Never just circle the same grass. Word on the road about Lt. Surge: the lightning American — ELECTRIC-types; ground moves shut his whole act down YOUR STORY SO FAR (what you\'ve actually done — your past, not the future): You started in Pallet Town, beat Brock in Pewter (Boulder Badge), fought up Route 3 and through the Mt. Moon cave — a real maze you nearly got lost in — reached Cerulean City, and beat Misty for the Cascade Badge. Now you\'re after your third gym.. Next on my list: catch an pikachu around Viridian Forest (rare) / Power Plant later. It grows into my raichu — that\'s my answer for Lorelei AND Lance down the line. Grabbing it now, before I need it.. THINGS YOU\'VE HEARD AND READ (from people and signs — your own notes, use them when they point somewhere): "Why don\'t you go upstairs and try trading POK.MON with your friends? You could get a lot more variety by trading. The POK.MON you get in trades grow quickly, to"; "Why don\'t you go upstairs and try trading POK.MON with your friends? You could get a lot more variety by trading. The POK.MON you get in trades grow quickly, to"; "TM03 teaches WATER PULSE. Use it on an aquatic POK.MON!"; "KIRA put the TM03 in the TM CASE.". YOUR PLAN — right now: You\'re ready — stop grinding and head to Vermilion City for the Thunder Badge. Next: You CRUSHED that last gym — ride the momentum, go straight for Lt. Surge in Vermilion City; the trainers on the way are your training. Bigger picture: Reach Vermilion City, beat Lt. Surge for the Thunder Badge. Your team right now: wartortle (L30), caterpie the butterfree (L10), rattata (L13), spearow (L14), abra (L13), ekans (L13). Remember YOU are the one playing this — narrate your plan to chat in your own voice (first person: "I\'m grinding", "my team"), and never ask anyone what you\'re doing or who\'s on your team — you know.', 'progress': "2 badge(s) earned (Boulder, Cascade). Next gym: Lt. Surge of Vermilion City. Pokédex: 9 caught. She's two badges down, a quarter of the way (of 8 badges, then the Elite Four).", 'party': 'wartortle (L30), caterpie the butterfree (L10), rattata (L13), spearow (L14), abra (L13), ekans (L13)', 'goal': {'short': "You're ready — stop grinding and head to Vermilion City for the Thunder Badge", 'medium': 'You CRUSHED that last gym — ride the momentum, go straight for Lt. Surge in Vermilion City; the trainers on the way are your training', 'long': 'Reach Vermilion City, beat Lt. Surge for the Thunder Badge'}} options=['talk_npc']

   [kira-voice] -> T2·savor· (want) 'reach Vermilion City, Thunder Badge'  fired=True  [age 0.0s + post 5ms]

   [kira-voice] ORACLE kind=action options=['talk_npc'] -> pick='talk_npc'

   [campaign]    [soul] ORACLE pick -> 'talk_npc'

   [campaign]    [roam] DECISION THINK: 2676ms (world stayed live — pumped idle, not a freeze)

   [campaign]    [roam] PICK OUT: talk_npc

   [campaign]    [roam] RATIONALE: Checking in with a local, then then on to Vermilion City for Lt. Surge.

   [campaign]    TALK: no reachable un-talked NPC here

   [campaign]    [roam] RESULT: talk_npc -> no_npc | pos (3, 22)(107, 12) -> (3, 22)(107, 12) (NO MOVEMENT)

   [campaign]    [world] learned 3 warp(s) on (3, 22): (19, 5)->(1, 1), (32, 5)->(1, 2), (12, 5)->(16, 0)

   [campaign]    [roam] !! SEAM-COMMIT (6 builds left): forced head_to_gym, pruned ['battle', 'travel:3,20', 'travel:3,21', 'travel:3,26', 'travel:3,27', 'travel:3,43', 'wander_catch'] — the border war is OVER

   [campaign]    [roam] GYM-READINESS FLOOR: SPARED head_to_gym — 🔥 MOMENTUM (decisive last win; march at Lt. Surge, train on the road)

   [campaign]    [roam] !! retiring bench pin L16 — gym is GO now

   [campaign]    [roam] !! MOMENTUM → GO HARD: forced head_to_gym (Lt. Surge); pruned []; oracle SKIPPED this tick

   [campaign]    [roam] !! STRUCTURAL DEAD-ROUTE: ['head_to_gym'] proven dead on this map — pruned until she leaves it (or a questline arms); remaining: ['talk_npc']

   [campaign] -- ROAM TICK 35/100000000 --

   [campaign]    [roam] STATE IN: Route 4 (107, 12) | badges=2 (Boulder, Cascade) | party=[wartortle L30, butterfree L10, rattata L13, spearow L14, abra L13, ekans L13] | 2 badge(s) earned (Boulder, Cascade). Next gym: Lt. Surge of Vermilion City. Pokédex: 9 caught. She's two badges down, a quarter of the way (of 8 badges, then the Elite Four).

   [campaign]    [roam] PROGRESS: GREEN (unchanged 1 ticks) | fp[(3, 22) (107,12) f3 -- badge2 $456 party:7ef4 bag:7e57]

   [campaign]    [roam] OPTIONS OFFERED: ['talk_npc']

   [campaign]    [soul] ORACLE decision: kind=action ctx={'place': 'You\'re on Route 4 — outdoors under open sky (a town with a Pokémon Center; tall grass around — wild Pokémon live in it).. From here: SOUTH → Route 3 — wild Pokémon to catch/train; EAST → Cerulean City — a Mart, a Pokémon Center. Places you\'ve been with wild Pokémon you can walk back to: Route 24; an unfamiliar area; Route 2. You can walk to anywhere you\'ve already been.. HOW POKÉMON WORKS (what you\'re playing for): the GOAL is to earn 8 Gym Badges, beat the Elite Four, and roll the credits — that\'s beating the game. You build a TEAM of up to 6 Pokémon you like AND that cover each other (types/roles) — a solo carry with a dead-weight bench is a losing setup; a real trainer fields a balanced, levelled squad. CATCHING wild Pokémon is central (\'gotta catch \'em all\') — you catch to build that team and to fill the Pokédex. When you meet a wild Pokémon, weigh it: is it cool/strong/useful, does it cover a gap, is it better than a bench-warmer? — keep your best ~6, and build a squad you actually like. THE ARC: build a team -> beat the 8 gyms prepared -> Elite Four -> credits. ALSO NORMAL: you entered your own name (and your rival\'s) when the game began — people in this world knowing your names is ordinary, not a mystery to react to. RIGHT NOW your team is thin/lopsided (a strong lead but weak or too few others) — that\'s why tough trainers wall you. Building up a real squad (catch a good new teammate, level the weak ones) is how a prepared trainer gets past these. THE MAIN QUEST IS A FIXED PATH you\'re always on: beat the 8 Gym Leaders in order, then the Elite Four, then you win the game. You\'re on GYM 3 of 8 — next is Lt. Surge in Vermilion City. The road forward leads there: until you\'ve won you are ALWAYS making progress toward the next gym. Grinding/catching/detours are fine — but ONLY with a clear purpose, and then you GET BACK ON THE ROAD to Vermilion City. Never just circle the same grass. Word on the road about Lt. Surge: the lightning American — ELECTRIC-types; ground moves shut his whole act down YOUR STORY SO FAR (what you\'ve actually done — your past, not the future): You started in Pallet Town, beat Brock in Pewter (Boulder Badge), fought up Route 3 and through the Mt. Moon cave — a real maze you nearly got lost in — reached Cerulean City, and beat Misty for the Cascade Badge. Now you\'re after your third gym.. Next on my list: catch an pikachu around Viridian Forest (rare) / Power Plant later. It grows into my raichu — that\'s my answer for Lorelei AND Lance down the line. Grabbing it now, before I need it.. THINGS YOU\'VE HEARD AND READ (from people and signs — your own notes, use them when they point somewhere): "Why don\'t you go upstairs and try trading POK.MON with your friends? You could get a lot more variety by trading. The POK.MON you get in trades grow quickly, to"; "Why don\'t you go upstairs and try trading POK.MON with your friends? You could get a lot more variety by trading. The POK.MON you get in trades grow quickly, to"; "TM03 teaches WATER PULSE. Use it on an aquatic POK.MON!"; "KIRA put the TM03 in the TM CASE.". YOUR PLAN — right now: You\'re ready — stop grinding and head to Vermilion City for the Thunder Badge. Next: You CRUSHED that last gym — ride the momentum, go straight for Lt. Surge in Vermilion City; the trainers on the way are your training. Bigger picture: Reach Vermilion City, beat Lt. Surge for the Thunder Badge. Your team right now: wartortle (L30), caterpie the butterfree (L10), rattata (L13), spearow (L14), abra (L13), ekans (L13). Remember YOU are the one playing this — narrate your plan to chat in your own voice (first person: "I\'m grinding", "my team"), and never ask anyone what you\'re doing or who\'s on your team — you know.', 'progress': "2 badge(s) earned (Boulder, Cascade). Next gym: Lt. Surge of Vermilion City. Pokédex: 9 caught. She's two badges down, a quarter of the way (of 8 badges, then the Elite Four).", 'party': 'wartortle (L30), caterpie the butterfree (L10), rattata (L13), spearow (L14), abra (L13), ekans (L13)', 'goal': {'short': "You're ready — stop grinding and head to Vermilion City for the Thunder Badge", 'medium': 'You CRUSHED that last gym — ride the momentum, go straight for Lt. Surge in Vermilion City; the trainers on the way are your training', 'long': 'Reach Vermilion City, beat Lt. Surge for the Thunder Badge'}} options=['talk_npc']

   [kira-voice] ORACLE kind=action options=['talk_npc'] -> pick='talk_npc'

   [campaign]    [soul] ORACLE pick -> 'talk_npc'

   [campaign]    [roam] DECISION THINK: 2571ms (world stayed live — pumped idle, not a freeze)

   [campaign]    [roam] PICK OUT: talk_npc

   [campaign]    [roam] RATIONALE: Checking in with a local, then then on to Vermilion City for Lt. Surge.

   [campaign]    TALK: no reachable un-talked NPC here

   [campaign]    [roam] RESULT: talk_npc -> no_npc | pos (3, 22)(107, 12) -> (3, 22)(107, 12) (NO MOVEMENT)

   [campaign]    ⛰️  CAMPAIGN SAVE [tick35] -> campaign/kira_campaign.state  (map=(3, 22) coords=(107, 12) badges=2 party=6)

   [campaign]    [sanctity] bundle VALID (schema/encoding/truth/monotonic all clean)

   [campaign]    [world] learned 3 warp(s) on (3, 22): (19, 5)->(1, 1), (32, 5)->(1, 2), (12, 5)->(16, 0)

   [campaign]    [roam] !! SEAM-COMMIT (5 builds left): forced head_to_gym, pruned ['battle', 'travel:3,20', 'travel:3,21', 'travel:3,26', 'travel:3,27', 'travel:3,43', 'wander_catch'] — the border war is OVER

   [campaign]    [roam] GYM-READINESS FLOOR: SPARED head_to_gym — 🔥 MOMENTUM (decisive last win; march at Lt. Surge, train on the road)

   [campaign]    [roam] !! retiring bench pin L16 — gym is GO now

   [campaign]    [roam] !! MOMENTUM → GO HARD: forced head_to_gym (Lt. Surge); pruned []; oracle SKIPPED this tick

   [campaign]    [roam] !! STRUCTURAL DEAD-ROUTE: ['head_to_gym'] proven dead on this map — pruned until she leaves it (or a questline arms); remaining: ['talk_npc']

   [campaign] -- ROAM TICK 36/100000000 --

   [campaign]    [roam] STATE IN: Route 4 (107, 12) | badges=2 (Boulder, Cascade) | party=[wartortle L30, butterfree L10, rattata L13, spearow L14, abra L13, ekans L13] | 2 badge(s) earned (Boulder, Cascade). Next gym: Lt. Surge of Vermilion City. Pokédex: 9 caught. She's two badges down, a quarter of the way (of 8 badges, then the Elite Four).

   [campaign]    [roam] PROGRESS: GREEN (unchanged 2 ticks) | fp[(3, 22) (107,12) f3 -- badge2 $456 party:7ef4 bag:7e57]

   [campaign]    [roam] OPTIONS OFFERED: ['talk_npc']

   [campaign]    [soul] ORACLE decision: kind=action ctx={'place': 'You\'re on Route 4 — outdoors under open sky (a town with a Pokémon Center; tall grass around — wild Pokémon live in it).. From here: SOUTH → Route 3 — wild Pokémon to catch/train; EAST → Cerulean City — a Mart, a Pokémon Center. Places you\'ve been with wild Pokémon you can walk back to: Route 24; an unfamiliar area; Route 2. You can walk to anywhere you\'ve already been.. HOW POKÉMON WORKS (what you\'re playing for): the GOAL is to earn 8 Gym Badges, beat the Elite Four, and roll the credits — that\'s beating the game. You build a TEAM of up to 6 Pokémon you like AND that cover each other (types/roles) — a solo carry with a dead-weight bench is a losing setup; a real trainer fields a balanced, levelled squad. CATCHING wild Pokémon is central (\'gotta catch \'em all\') — you catch to build that team and to fill the Pokédex. When you meet a wild Pokémon, weigh it: is it cool/strong/useful, does it cover a gap, is it better than a bench-warmer? — keep your best ~6, and build a squad you actually like. THE ARC: build a team -> beat the 8 gyms prepared -> Elite Four -> credits. ALSO NORMAL: you entered your own name (and your rival\'s) when the game began — people in this world knowing your names is ordinary, not a mystery to react to. RIGHT NOW your team is thin/lopsided (a strong lead but weak or too few others) — that\'s why tough trainers wall you. Building up a real squad (catch a good new teammate, level the weak ones) is how a prepared trainer gets past these. THE MAIN QUEST IS A FIXED PATH you\'re always on: beat the 8 Gym Leaders in order, then the Elite Four, then you win the game. You\'re on GYM 3 of 8 — next is Lt. Surge in Vermilion City. The road forward leads there: until you\'ve won you are ALWAYS making progress toward the next gym. Grinding/catching/detours are fine — but ONLY with a clear purpose, and then you GET BACK ON THE ROAD to Vermilion City. Never just circle the same grass. Word on the road about Lt. Surge: the lightning American — ELECTRIC-types; ground moves shut his whole act down YOUR STORY SO FAR (what you\'ve actually done — your past, not the future): You started in Pallet Town, beat Brock in Pewter (Boulder Badge), fought up Route 3 and through the Mt. Moon cave — a real maze you nearly got lost in — reached Cerulean City, and beat Misty for the Cascade Badge. Now you\'re after your third gym.. Next on my list: catch an pikachu around Viridian Forest (rare) / Power Plant later. It grows into my raichu — that\'s my answer for Lorelei AND Lance down the line. Grabbing it now, before I need it.. THINGS YOU\'VE HEARD AND READ (from people and signs — your own notes, use them when they point somewhere): "Why don\'t you go upstairs and try trading POK.MON with your friends? You could get a lot more variety by trading. The POK.MON you get in trades grow quickly, to"; "Why don\'t you go upstairs and try trading POK.MON with your friends? You could get a lot more variety by trading. The POK.MON you get in trades grow quickly, to"; "TM03 teaches WATER PULSE. Use it on an aquatic POK.MON!"; "KIRA put the TM03 in the TM CASE.". YOUR PLAN — right now: You\'re ready — stop grinding and head to Vermilion City for the Thunder Badge. Next: You CRUSHED that last gym — ride the momentum, go straight for Lt. Surge in Vermilion City; the trainers on the way are your training. Bigger picture: Reach Vermilion City, beat Lt. Surge for the Thunder Badge. Your team right now: wartortle (L30), caterpie the butterfree (L10), rattata (L13), spearow (L14), abra (L13), ekans (L13). Remember YOU are the one playing this — narrate your plan to chat in your own voice (first person: "I\'m grinding", "my team"), and never ask anyone what you\'re doing or who\'s on your team — you know.', 'progress': "2 badge(s) earned (Boulder, Cascade). Next gym: Lt. Surge of Vermilion City. Pokédex: 9 caught. She's two badges down, a quarter of the way (of 8 badges, then the Elite Four).", 'party': 'wartortle (L30), caterpie the butterfree (L10), rattata (L13), spearow (L14), abra (L13), ekans (L13)', 'goal': {'short': "You're ready — stop grinding and head to Vermilion City for the Thunder Badge", 'medium': 'You CRUSHED that last gym — ride the momentum, go straight for Lt. Surge in Vermilion City; the trainers on the way are your training', 'long': 'Reach Vermilion City, beat Lt. Surge for the Thunder Badge'}} options=['talk_npc']

   [kira-voice] ORACLE kind=action options=['talk_npc'] -> pick='talk_npc'

   [campaign]    [soul] ORACLE pick -> 'talk_npc'

   [campaign]    [roam] DECISION THINK: 2801ms (world stayed live — pumped idle, not a freeze)

   [campaign]    [roam] PICK OUT: talk_npc

   [campaign]    [roam] RATIONALE: Checking in with a local, then then on to Vermilion City for Lt. Surge.

   [campaign]    TALK: no reachable un-talked NPC here

   [campaign]    [roam] RESULT: talk_npc -> no_npc | pos (3, 22)(107, 12) -> (3, 22)(107, 12) (NO MOVEMENT)

   [campaign]    [world] learned 3 warp(s) on (3, 22): (19, 5)->(1, 1), (32, 5)->(1, 2), (12, 5)->(16, 0)

   [campaign]    [roam] !! SEAM-COMMIT (4 builds left): forced head_to_gym, pruned ['battle', 'travel:3,20', 'travel:3,21', 'travel:3,26', 'travel:3,27', 'travel:3,43', 'wander_catch'] — the border war is OVER

   [campaign]    [roam] GYM-READINESS FLOOR: SPARED head_to_gym — 🔥 MOMENTUM (decisive last win; march at Lt. Surge, train on the road)

   [campaign]    [roam] !! retiring bench pin L16 — gym is GO now

   [campaign]    [roam] !! MOMENTUM → GO HARD: forced head_to_gym (Lt. Surge); pruned []; oracle SKIPPED this tick

   [campaign]    [roam] !! STRUCTURAL DEAD-ROUTE: ['head_to_gym'] proven dead on this map — pruned until she leaves it (or a questline arms); remaining: ['talk_npc']

   [campaign] -- ROAM TICK 37/100000000 --

   [campaign]    [roam] STATE IN: Route 4 (107, 12) | badges=2 (Boulder, Cascade) | party=[wartortle L30, butterfree L10, rattata L13, spearow L14, abra L13, ekans L13] | 2 badge(s) earned (Boulder, Cascade). Next gym: Lt. Surge of Vermilion City. Pokédex: 9 caught. She's two badges down, a quarter of the way (of 8 badges, then the Elite Four).

   [campaign]    [roam] PROGRESS: YELLOW (unchanged 3 ticks) | fp[(3, 22) (107,12) f3 -- badge2 $456 party:7ef4 bag:7e57]

   [campaign]    [roam] OPTIONS OFFERED: ['talk_npc']

   [campaign]    [soul] surface_want FIRE -> Route 4

   [campaign]    [soul] ORACLE decision: kind=want ctx={'place': "You're on Route 4 — outdoors under open sky (a town with a Pokémon Center; tall grass around — wild Pokémon live in it).. ALREADY BESIDE YOU — your current team: wartortle (L30), caterpie the butterfree (L10), rattata (L13), spearow (L14), abra (L13), ekans (L13). A want is something you DON'T yet have; never wish for a teammate who's already on your team.", 'map': (3, 22), 'badges': ['Boulder', 'Cascade'], 'progress': "2 badge(s) earned (Boulder, Cascade). Next gym: Lt. Surge of Vermilion City. Pokédex: 9 caught. She's two badges down, a quarter of the way (of 8 badges, then the Elite Four).", 'party': 'wartortle (L30), caterpie the butterfree (L10), rattata (L13), spearow (L14), abra (L13), ekans (L13)', 'goal': {'short': "You're ready — stop grinding and head to Vermilion City for the Thunder Badge", 'medium': 'You CRUSHED that last gym — ride the momentum, go straight for Lt. Surge in Vermilion City; the trainers on the way are your training', 'long': 'Reach Vermilion City, beat Lt. Surge for the Thunder Badge'}} options=['eevee', 'fossil', 'starters', 'rare', 'legendaries']

   [kira-voice] ORACLE kind=want options=['eevee', 'fossil', 'starters', 'rare', 'legendaries'] -> pick='Thunder Badge from Lt. Surge'

   [campaign]    [soul] ORACLE pick -> 'Thunder Badge from Lt. Surge'

   [campaign]    [roam] !! MACRO YELLOW: no progress 3 ticks — feeding awareness back to the oracle: "You keep trying to talk npc but the world hasn't changed in 3 turns - it went 'no_npc', and you don't seem to be getting anywhere."

   [campaign]    [roam] !! REPEAT-NO-PROGRESS: 'talk_npc' repeated with a stuck fingerprint — nudging a different action

   [campaign]    [soul] ORACLE decision: kind=action ctx={'place': 'You\'re on Route 4 — outdoors under open sky (a town with a Pokémon Center; tall grass around — wild Pokémon live in it).. From here: SOUTH → Route 3 — wild Pokémon to catch/train; EAST → Cerulean City — a Mart, a Pokémon Center. Places you\'ve been with wild Pokémon you can walk back to: Route 24; an unfamiliar area; Route 2. You can walk to anywhere you\'ve already been.. You keep trying to talk npc but the world hasn\'t changed in 3 turns - it went \'no_npc\', and you don\'t seem to be getting anywhere.. HOW POKÉMON WORKS (what you\'re playing for): the GOAL is to earn 8 Gym Badges, beat the Elite Four, and roll the credits — that\'s beating the game. You build a TEAM of up to 6 Pokémon you like AND that cover each other (types/roles) — a solo carry with a dead-weight bench is a losing setup; a real trainer fields a balanced, levelled squad. CATCHING wild Pokémon is central (\'gotta catch \'em all\') — you catch to build that team and to fill the Pokédex. When you meet a wild Pokémon, weigh it: is it cool/strong/useful, does it cover a gap, is it better than a bench-warmer? — keep your best ~6, and build a squad you actually like. THE ARC: build a team -> beat the 8 gyms prepared -> Elite Four -> credits. ALSO NORMAL: you entered your own name (and your rival\'s) when the game began — people in this world knowing your names is ordinary, not a mystery to react to. RIGHT NOW your team is thin/lopsided (a strong lead but weak or too few others) — that\'s why tough trainers wall you. Building up a real squad (catch a good new teammate, level the weak ones) is how a prepared trainer gets past these. THE MAIN QUEST IS A FIXED PATH you\'re always on: beat the 8 Gym Leaders in order, then the Elite Four, then you win the game. You\'re on GYM 3 of 8 — next is Lt. Surge in Vermilion City. The road forward leads there: until you\'ve won you are ALWAYS making progress toward the next gym. Grinding/catching/detours are fine — but ONLY with a clear purpose, and then you GET BACK ON THE ROAD to Vermilion City. Never just circle the same grass. Word on the road about Lt. Surge: the lightning American — ELECTRIC-types; ground moves shut his whole act down YOUR STORY SO FAR (what you\'ve actually done — your past, not the future): You started in Pallet Town, beat Brock in Pewter (Boulder Badge), fought up Route 3 and through the Mt. Moon cave — a real maze you nearly got lost in — reached Cerulean City, and beat Misty for the Cascade Badge. Now you\'re after your third gym.. Next on my list: catch an pikachu around Viridian Forest (rare) / Power Plant later. It grows into my raichu — that\'s my answer for Lorelei AND Lance down the line. Grabbing it now, before I need it.. THINGS YOU\'VE HEARD AND READ (from people and signs — your own notes, use them when they point somewhere): "Why don\'t you go upstairs and try trading POK.MON with your friends? You could get a lot more variety by trading. The POK.MON you get in trades grow quickly, to"; "Why don\'t you go upstairs and try trading POK.MON with your friends? You could get a lot more variety by trading. The POK.MON you get in trades grow quickly, to"; "TM03 teaches WATER PULSE. Use it on an aquatic POK.MON!"; "KIRA put the TM03 in the TM CASE.". YOUR PLAN — right now: You\'re ready — stop grinding and head to Vermilion City for the Thunder Badge. Next: You CRUSHED that last gym — ride the momentum, go straight for Lt. Surge in Vermilion City; the trainers on the way are your training. Bigger picture: Reach Vermilion City, beat Lt. Surge for the Thunder Badge. Your team right now: wartortle (L30), caterpie the butterfree (L10), rattata (L13), spearow (L14), abra (L13), ekans (L13). Remember YOU are the one playing this — narrate your plan to chat in your own voice (first person: "I\'m grinding", "my team"), and never ask anyone what you\'re doing or who\'s on your team — you know.. HEADS UP — you just chose \'talk_npc\' and NOTHING changed (same spot, no progress). Repeating it again will do the same nothing. Pick a DIFFERENT action this time and break the loop.', 'progress': "2 badge(s) earned (Boulder, Cascade). Next gym: Lt. Surge of Vermilion City. Pokédex: 9 caught. She's two badges down, a quarter of the way (of 8 badges, then the Elite Four).", 'party': 'wartortle (L30), caterpie the butterfree (L10), rattata (L13), spearow (L14), abra (L13), ekans (L13)', 'goal': {'short': "You're ready — stop grinding and head to Vermilion City for the Thunder Badge", 'medium': 'You CRUSHED that last gym — ride the momentum, go straight for Lt. Surge in Vermilion City; the trainers on the way are your training', 'long': 'Reach Vermilion City, beat Lt. Surge for the Thunder Badge'}} options=['talk_npc']

   [kira-voice] -> T2·savor· (want) 'Thunder Badge from Lt. Surge'  fired=True  [age 0.0s + post 4ms]

   [kira-voice] ORACLE kind=action options=['talk_npc'] -> pick='talk_npc'

   [campaign]    [soul] ORACLE pick -> 'talk_npc'

   [campaign]    [roam] DECISION THINK: 2930ms (world stayed live — pumped idle, not a freeze)

   [campaign]    [roam] PICK OUT: talk_npc  <- her RECOVERY move (YELLOW)

   [campaign]    [roam] RATIONALE: Checking in with a local, then then on to Vermilion City for Lt. Surge.

   [campaign]    TALK: no reachable un-talked NPC here

   [campaign]    [roam] RESULT: talk_npc -> no_npc | pos (3, 22)(107, 12) -> (3, 22)(107, 12) (NO MOVEMENT)

   [campaign]    [world] learned 3 warp(s) on (3, 22): (19, 5)->(1, 1), (32, 5)->(1, 2), (12, 5)->(16, 0)

   [campaign]    [roam] !! SEAM-COMMIT (3 builds left): forced head_to_gym, pruned ['battle', 'travel:3,20', 'travel:3,21', 'travel:3,26', 'travel:3,27', 'travel:3,43', 'wander_catch'] — the border war is OVER

   [campaign]    [roam] GYM-READINESS FLOOR: SPARED head_to_gym — 🔥 MOMENTUM (decisive last win; march at Lt. Surge, train on the road)

   [campaign]    [roam] !! retiring bench pin L16 — gym is GO now

   [campaign]    [roam] !! MOMENTUM → GO HARD: forced head_to_gym (Lt. Surge); pruned []; oracle SKIPPED this tick

   [campaign]    [roam] !! STRUCTURAL DEAD-ROUTE: ['head_to_gym'] proven dead on this map — pruned until she leaves it (or a questline arms); remaining: ['talk_npc']

   [campaign] -- ROAM TICK 38/100000000 --

   [campaign]    [roam] STATE IN: Route 4 (107, 12) | badges=2 (Boulder, Cascade) | party=[wartortle L30, butterfree L10, rattata L13, spearow L14, abra L13, ekans L13] | 2 badge(s) earned (Boulder, Cascade). Next gym: Lt. Surge of Vermilion City. Pokédex: 9 caught. She's two badges down, a quarter of the way (of 8 badges, then the Elite Four).

   [campaign]    [roam] PROGRESS: YELLOW (unchanged 4 ticks) | fp[(3, 22) (107,12) f3 -- badge2 $456 party:7ef4 bag:7e57]

   [campaign]    [roam] OPTIONS OFFERED: ['talk_npc']

   [campaign]    [roam] !! MACRO YELLOW: no progress 4 ticks — feeding awareness back to the oracle: "You keep trying to talk npc but the world hasn't changed in 4 turns - it went 'no_npc', and you don't seem to be getting anywhere."

   [campaign]    [roam] !! REPEAT-NO-PROGRESS: 'talk_npc' repeated with a stuck fingerprint — nudging a different action

   [campaign]    [soul] ORACLE decision: kind=action ctx={'place': 'You\'re on Route 4 — outdoors under open sky (a town with a Pokémon Center; tall grass around — wild Pokémon live in it).. From here: SOUTH → Route 3 — wild Pokémon to catch/train; EAST → Cerulean City — a Mart, a Pokémon Center. Places you\'ve been with wild Pokémon you can walk back to: Route 24; an unfamiliar area; Route 2. You can walk to anywhere you\'ve already been.. You keep trying to talk npc but the world hasn\'t changed in 4 turns - it went \'no_npc\', and you don\'t seem to be getting anywhere.. HOW POKÉMON WORKS (what you\'re playing for): the GOAL is to earn 8 Gym Badges, beat the Elite Four, and roll the credits — that\'s beating the game. You build a TEAM of up to 6 Pokémon you like AND that cover each other (types/roles) — a solo carry with a dead-weight bench is a losing setup; a real trainer fields a balanced, levelled squad. CATCHING wild Pokémon is central (\'gotta catch \'em all\') — you catch to build that team and to fill the Pokédex. When you meet a wild Pokémon, weigh it: is it cool/strong/useful, does it cover a gap, is it better than a bench-warmer? — keep your best ~6, and build a squad you actually like. THE ARC: build a team -> beat the 8 gyms prepared -> Elite Four -> credits. ALSO NORMAL: you entered your own name (and your rival\'s) when the game began — people in this world knowing your names is ordinary, not a mystery to react to. RIGHT NOW your team is thin/lopsided (a strong lead but weak or too few others) — that\'s why tough trainers wall you. Building up a real squad (catch a good new teammate, level the weak ones) is how a prepared trainer gets past these. THE MAIN QUEST IS A FIXED PATH you\'re always on: beat the 8 Gym Leaders in order, then the Elite Four, then you win the game. You\'re on GYM 3 of 8 — next is Lt. Surge in Vermilion City. The road forward leads there: until you\'ve won you are ALWAYS making progress toward the next gym. Grinding/catching/detours are fine — but ONLY with a clear purpose, and then you GET BACK ON THE ROAD to Vermilion City. Never just circle the same grass. Word on the road about Lt. Surge: the lightning American — ELECTRIC-types; ground moves shut his whole act down YOUR STORY SO FAR (what you\'ve actually done — your past, not the future): You started in Pallet Town, beat Brock in Pewter (Boulder Badge), fought up Route 3 and through the Mt. Moon cave — a real maze you nearly got lost in — reached Cerulean City, and beat Misty for the Cascade Badge. Now you\'re after your third gym.. Next on my list: catch an pikachu around Viridian Forest (rare) / Power Plant later. It grows into my raichu — that\'s my answer for Lorelei AND Lance down the line. Grabbing it now, before I need it.. THINGS YOU\'VE HEARD AND READ (from people and signs — your own notes, use them when they point somewhere): "Why don\'t you go upstairs and try trading POK.MON with your friends? You could get a lot more variety by trading. The POK.MON you get in trades grow quickly, to"; "Why don\'t you go upstairs and try trading POK.MON with your friends? You could get a lot more variety by trading. The POK.MON you get in trades grow quickly, to"; "TM03 teaches WATER PULSE. Use it on an aquatic POK.MON!"; "KIRA put the TM03 in the TM CASE.". YOUR PLAN — right now: You\'re ready — stop grinding and head to Vermilion City for the Thunder Badge. Next: You CRUSHED that last gym — ride the momentum, go straight for Lt. Surge in Vermilion City; the trainers on the way are your training. Bigger picture: Reach Vermilion City, beat Lt. Surge for the Thunder Badge. Your team right now: wartortle (L30), caterpie the butterfree (L10), rattata (L13), spearow (L14), abra (L13), ekans (L13). Remember YOU are the one playing this — narrate your plan to chat in your own voice (first person: "I\'m grinding", "my team"), and never ask anyone what you\'re doing or who\'s on your team — you know.. HEADS UP — you just chose \'talk_npc\' and NOTHING changed (same spot, no progress). Repeating it again will do the same nothing. Pick a DIFFERENT action this time and break the loop.', 'progress': "2 badge(s) earned (Boulder, Cascade). Next gym: Lt. Surge of Vermilion City. Pokédex: 9 caught. She's two badges down, a quarter of the way (of 8 badges, then the Elite Four).", 'party': 'wartortle (L30), caterpie the butterfree (L10), rattata (L13), spearow (L14), abra (L13), ekans (L13)', 'goal': {'short': "You're ready — stop grinding and head to Vermilion City for the Thunder Badge", 'medium': 'You CRUSHED that last gym — ride the momentum, go straight for Lt. Surge in Vermilion City; the trainers on the way are your training', 'long': 'Reach Vermilion City, beat Lt. Surge for the Thunder Badge'}} options=['talk_npc']

