   [travel] start map=(3, 38) coords=(0, 14) -> map (1, 63) (budget 300s, surf-capable)

   [travel] east connection band rows: [0, 1, 2, 3, 4, 5, 6, 7, 8, 9, 10, 11, 12, 13, 14, 15, 16, 17, 18, 19]

   [travel] path blocked at (0, 14) (NPC on the gap?) - waiting

   [travel] no clean path from (0, 14) AND no NPC-allowing path (npcs nearby=[(8, 11)]) - genuine wall/zone gap, will time out

   [travel] !! TRAVEL WEDGE: identical fp x4 retries at (0, 14) map=(3, 38) (reason=no_route) -> returning to roam LOUD (no inner spin)

   [kira-voice] ·dedup· (repeat text, T1, looping?) "I can't find a way through here — let me rethink this"

   [campaign]    WALK: no_path - retrying (transient NPC-wedge?)

   [Bridge] INPUT OWNER = 'agent' (sole writer; others dropped+logged)

   [travel] start map=(3, 38) coords=(0, 14) -> map (1, 63) (budget 300s, surf-capable)

   [travel] east connection band rows: [0, 1, 2, 3, 4, 5, 6, 7, 8, 9, 10, 11, 12, 13, 14, 15, 16, 17, 18, 19]

   [travel] path blocked at (0, 14) (NPC on the gap?) - waiting

   [travel] no clean path from (0, 14) AND no NPC-allowing path (npcs nearby=[(8, 11)]) - genuine wall/zone gap, will time out

   [travel] !! TRAVEL WEDGE: identical fp x4 retries at (0, 14) map=(3, 38) (reason=no_route) -> returning to roam LOUD (no inner spin)

   [kira-voice] ·dedup· (repeat text, T1, looping?) "I can't find a way through here — let me rethink this"

   [campaign]    WALK: no_path - retrying (transient NPC-wedge?)

   [Bridge] INPUT OWNER = 'agent' (sole writer; others dropped+logged)

   [travel] start map=(3, 38) coords=(0, 14) -> map (1, 63) (budget 300s, surf-capable)

   [travel] east connection band rows: [0, 1, 2, 3, 4, 5, 6, 7, 8, 9, 10, 11, 12, 13, 14, 15, 16, 17, 18, 19]

   [travel] path blocked at (0, 14) (NPC on the gap?) - waiting

   [travel] no clean path from (0, 14) AND no NPC-allowing path (npcs nearby=[(8, 11)]) - genuine wall/zone gap, will time out

   [travel] !! TRAVEL WEDGE: identical fp x4 retries at (0, 14) map=(3, 38) (reason=no_route) -> returning to roam LOUD (no inner spin)

   [kira-voice] ·dedup· (repeat text, T1, looping?) "I can't find a way through here — let me rethink this"

   [campaign]    WALK: no_path - retrying (transient NPC-wedge?)

   [Bridge] INPUT OWNER = 'agent' (sole writer; others dropped+logged)

   [travel] start map=(3, 38) coords=(0, 14) -> map (1, 63) (budget 300s, surf-capable)

   [travel] east connection band rows: [0, 1, 2, 3, 4, 5, 6, 7, 8, 9, 10, 11, 12, 13, 14, 15, 16, 17, 18, 19]

   [travel] path blocked at (0, 14) (NPC on the gap?) - waiting

   [travel] no clean path from (0, 14) AND no NPC-allowing path (npcs nearby=[(8, 11)]) - genuine wall/zone gap, will time out

   [travel] !! TRAVEL WEDGE: identical fp x4 retries at (0, 14) map=(3, 38) (reason=no_route) -> returning to roam LOUD (no inner spin)

   [kira-voice] ·dedup· (repeat text, T1, looping?) "I can't find a way through here — let me rethink this"

   [campaign]    WALK: no_path - retrying (transient NPC-wedge?)

   [Bridge] INPUT OWNER = 'agent' (sole writer; others dropped+logged)

   [travel] start map=(3, 38) coords=(0, 14) -> map (1, 63) (budget 300s, surf-capable)

   [travel] east connection band rows: [0, 1, 2, 3, 4, 5, 6, 7, 8, 9, 10, 11, 12, 13, 14, 15, 16, 17, 18, 19]

   [travel] path blocked at (0, 14) (NPC on the gap?) - waiting

   [campaign]    [roam] !!!! WATCHDOG TRIPPED (frozen_world): nothing on screen has meaningfully changed for 8.0s at (3, 38)@(0, 14) — latching a top-level disengage (catches a sub-layer wedge the per-tick ledger can't see). LOUD

   [travel] !! WATCHDOG disengage requested — bailing this leg LOUD

   [campaign]    WALK: stuck - retrying (transient NPC-wedge?)

   [Bridge] INPUT OWNER = 'agent' (sole writer; others dropped+logged)

   [travel] start map=(3, 38) coords=(0, 14) -> map (1, 63) (budget 300s, surf-capable)

   [travel] east connection band rows: [0, 1, 2, 3, 4, 5, 6, 7, 8, 9, 10, 11, 12, 13, 14, 15, 16, 17, 18, 19]

   [travel] !! WATCHDOG disengage requested — bailing this leg LOUD

   [campaign]    WALK: stuck - retrying (transient NPC-wedge?)

   [Bridge] INPUT OWNER = 'agent' (sole writer; others dropped+logged)

   [travel] start map=(3, 38) coords=(0, 14) -> map (1, 63) (budget 300s, surf-capable)

   [travel] east connection band rows: [0, 1, 2, 3, 4, 5, 6, 7, 8, 9, 10, 11, 12, 13, 14, 15, 16, 17, 18, 19]

   [campaign]    [roam] !! WATCHDOG latch STORM (3 legs bailed on one latch) — a sub-loop is consuming bails without unwinding. Self-healing NOW: latch cleared, watch reset, play resumes; a real wedge re-trips in 8s.

   [travel] path blocked at (0, 14) (NPC on the gap?) - waiting

   [travel] no clean path from (0, 14) AND no NPC-allowing path (npcs nearby=[(8, 11)]) - genuine wall/zone gap, will time out

   [travel] !! TRAVEL WEDGE: identical fp x4 retries at (0, 14) map=(3, 38) (reason=no_route) -> returning to roam LOUD (no inner spin)

   [kira-voice] ·dedup· (repeat text, T1, looping?) "I can't find a way through here — let me rethink this"

   [campaign]    WALK: no_path - retrying (transient NPC-wedge?)

   [campaign]    [roam] E4-GATE TERRAIN-ESCALATE: open grass can't feed the E4 floor (target L46, levels [61, 19, 19, 18, 25, 3]) — marching to the Victory Road cave (the only L40+ terrain) to grind the bench ace-capped

   [campaign]    [roam] E4-GATE TERRAIN-ESCALATE: off the League corridor at (3, 38) — walking to Viridian (3, 1) before dispatching the Victory Road strike

   [Bridge] INPUT OWNER = 'agent' (sole writer; others dropped+logged)

   [travel] start map=(3, 38) coords=(0, 14) -> map (3, 1) (budget 300s, surf-capable)

   [travel] south connection band cols: [0, 1, 2, 3, 4, 5, 6, 7, 8, 9, 10, 11, 12, 13, 14, 15, 16, 17, 18, 19, 20, 21, 22, 23, 24, 25, 26, 27, 28, 29, 30, 31, 32, 33, 34, 35, 36, 37, 38, 39, 40, 41, 42, 43, 44, 45, 46, 47, 48, 49, 50, 51, 52, 53, 54, 55, 56, 57, 58, 59, 60, 61, 62, 63, 64, 65, 66, 67, 68, 69, 70, 71, 72, 73, 74, 75, 76, 77, 78, 79, 80, 81, 82, 83, 84, 85, 86, 87, 88, 89, 90, 91, 92, 93, 94, 95, 96, 97, 98, 99, 100, 101, 102, 103, 104, 105, 106, 107, 108, 109, 110, 111, 112, 113, 114, 115, 116, 117, 118, 119, 120]

   [travel] path blocked at (0, 14) (NPC on the gap?) - waiting

   [travel] no clean path from (0, 14) AND no NPC-allowing path (npcs nearby=[(8, 11)]) - genuine wall/zone gap, will time out

   [travel] !! TRAVEL WEDGE: identical fp x4 retries at (0, 14) map=(3, 38) (reason=no_route) -> returning to roam LOUD (no inner spin)

   [kira-voice] ·dedup· (repeat text, T1, looping?) "I can't find a way through here — let me rethink this"

   [campaign]    WALK: no_path - retrying (transient NPC-wedge?)

   [Bridge] INPUT OWNER = 'agent' (sole writer; others dropped+logged)

   [travel] start map=(3, 38) coords=(0, 14) -> map (3, 1) (budget 300s, surf-capable)

   [travel] south connection band cols: [0, 1, 2, 3, 4, 5, 6, 7, 8, 9, 10, 11, 12, 13, 14, 15, 16, 17, 18, 19, 20, 21, 22, 23, 24, 25, 26, 27, 28, 29, 30, 31, 32, 33, 34, 35, 36, 37, 38, 39, 40, 41, 42, 43, 44, 45, 46, 47, 48, 49, 50, 51, 52, 53, 54, 55, 56, 57, 58, 59, 60, 61, 62, 63, 64, 65, 66, 67, 68, 69, 70, 71, 72, 73, 74, 75, 76, 77, 78, 79, 80, 81, 82, 83, 84, 85, 86, 87, 88, 89, 90, 91, 92, 93, 94, 95, 96, 97, 98, 99, 100, 101, 102, 103, 104, 105, 106, 107, 108, 109, 110, 111, 112, 113, 114, 115, 116, 117, 118, 119, 120]

   [travel] path blocked at (0, 14) (NPC on the gap?) - waiting

   [travel] no clean path from (0, 14) AND no NPC-allowing path (npcs nearby=[(8, 11)]) - genuine wall/zone gap, will time out

   [travel] !! TRAVEL WEDGE: identical fp x4 retries at (0, 14) map=(3, 38) (reason=no_route) -> returning to roam LOUD (no inner spin)

   [kira-voice] ·dedup· (repeat text, T1, looping?) "I can't find a way through here — let me rethink this"

   [campaign]    WALK: no_path - retrying (transient NPC-wedge?)

   [Bridge] INPUT OWNER = 'agent' (sole writer; others dropped+logged)

   [travel] start map=(3, 38) coords=(0, 14) -> map (3, 1) (budget 300s, surf-capable)

   [travel] south connection band cols: [0, 1, 2, 3, 4, 5, 6, 7, 8, 9, 10, 11, 12, 13, 14, 15, 16, 17, 18, 19, 20, 21, 22, 23, 24, 25, 26, 27, 28, 29, 30, 31, 32, 33, 34, 35, 36, 37, 38, 39, 40, 41, 42, 43, 44, 45, 46, 47, 48, 49, 50, 51, 52, 53, 54, 55, 56, 57, 58, 59, 60, 61, 62, 63, 64, 65, 66, 67, 68, 69, 70, 71, 72, 73, 74, 75, 76, 77, 78, 79, 80, 81, 82, 83, 84, 85, 86, 87, 88, 89, 90, 91, 92, 93, 94, 95, 96, 97, 98, 99, 100, 101, 102, 103, 104, 105, 106, 107, 108, 109, 110, 111, 112, 113, 114, 115, 116, 117, 118, 119, 120]

   [travel] path blocked at (0, 14) (NPC on the gap?) - waiting

   [travel] no clean path from (0, 14) AND no NPC-allowing path (npcs nearby=[(8, 11)]) - genuine wall/zone gap, will time out

   [travel] !! TRAVEL WEDGE: identical fp x4 retries at (0, 14) map=(3, 38) (reason=no_route) -> returning to roam LOUD (no inner spin)

   [kira-voice] ·dedup· (repeat text, T1, looping?) "I can't find a way through here — let me rethink this"

   [campaign]    WALK: no_path - retrying (transient NPC-wedge?)

   [Bridge] INPUT OWNER = 'agent' (sole writer; others dropped+logged)

   [travel] start map=(3, 38) coords=(0, 14) -> map (3, 1) (budget 300s, surf-capable)

   [travel] south connection band cols: [0, 1, 2, 3, 4, 5, 6, 7, 8, 9, 10, 11, 12, 13, 14, 15, 16, 17, 18, 19, 20, 21, 22, 23, 24, 25, 26, 27, 28, 29, 30, 31, 32, 33, 34, 35, 36, 37, 38, 39, 40, 41, 42, 43, 44, 45, 46, 47, 48, 49, 50, 51, 52, 53, 54, 55, 56, 57, 58, 59, 60, 61, 62, 63, 64, 65, 66, 67, 68, 69, 70, 71, 72, 73, 74, 75, 76, 77, 78, 79, 80, 81, 82, 83, 84, 85, 86, 87, 88, 89, 90, 91, 92, 93, 94, 95, 96, 97, 98, 99, 100, 101, 102, 103, 104, 105, 106, 107, 108, 109, 110, 111, 112, 113, 114, 115, 116, 117, 118, 119, 120]

   [travel] path blocked at (0, 14) (NPC on the gap?) - waiting

   [travel] no clean path from (0, 14) AND no NPC-allowing path (npcs nearby=[(8, 11)]) - genuine wall/zone gap, will time out

   [travel] !! TRAVEL WEDGE: identical fp x4 retries at (0, 14) map=(3, 38) (reason=no_route) -> returning to roam LOUD (no inner spin)

   [kira-voice] ·dedup· (repeat text, T1, looping?) "I can't find a way through here — let me rethink this"

   [campaign]    WALK: no_path - retrying (transient NPC-wedge?)

   [Bridge] INPUT OWNER = 'agent' (sole writer; others dropped+logged)

   [travel] start map=(3, 38) coords=(0, 14) -> map (3, 1) (budget 300s, surf-capable)

   [travel] south connection band cols: [0, 1, 2, 3, 4, 5, 6, 7, 8, 9, 10, 11, 12, 13, 14, 15, 16, 17, 18, 19, 20, 21, 22, 23, 24, 25, 26, 27, 28, 29, 30, 31, 32, 33, 34, 35, 36, 37, 38, 39, 40, 41, 42, 43, 44, 45, 46, 47, 48, 49, 50, 51, 52, 53, 54, 55, 56, 57, 58, 59, 60, 61, 62, 63, 64, 65, 66, 67, 68, 69, 70, 71, 72, 73, 74, 75, 76, 77, 78, 79, 80, 81, 82, 83, 84, 85, 86, 87, 88, 89, 90, 91, 92, 93, 94, 95, 96, 97, 98, 99, 100, 101, 102, 103, 104, 105, 106, 107, 108, 109, 110, 111, 112, 113, 114, 115, 116, 117, 118, 119, 120]

   [travel] path blocked at (0, 14) (NPC on the gap?) - waiting

   [campaign]    [roam] !!!! WATCHDOG TRIPPED (frozen_world): nothing on screen has meaningfully changed for 8.0s at (3, 38)@(0, 14) — latching a top-level disengage (catches a sub-layer wedge the per-tick ledger can't see). LOUD

   [travel] !! WATCHDOG disengage requested — bailing this leg LOUD

   [campaign]    WALK: stuck - retrying (transient NPC-wedge?)

   [Bridge] INPUT OWNER = 'agent' (sole writer; others dropped+logged)

   [travel] start map=(3, 38) coords=(0, 14) -> map (3, 1) (budget 300s, surf-capable)

   [travel] south connection band cols: [0, 1, 2, 3, 4, 5, 6, 7, 8, 9, 10, 11, 12, 13, 14, 15, 16, 17, 18, 19, 20, 21, 22, 23, 24, 25, 26, 27, 28, 29, 30, 31, 32, 33, 34, 35, 36, 37, 38, 39, 40, 41, 42, 43, 44, 45, 46, 47, 48, 49, 50, 51, 52, 53, 54, 55, 56, 57, 58, 59, 60, 61, 62, 63, 64, 65, 66, 67, 68, 69, 70, 71, 72, 73, 74, 75, 76, 77, 78, 79, 80, 81, 82, 83, 84, 85, 86, 87, 88, 89, 90, 91, 92, 93, 94, 95, 96, 97, 98, 99, 100, 101, 102, 103, 104, 105, 106, 107, 108, 109, 110, 111, 112, 113, 114, 115, 116, 117, 118, 119, 120]

   [travel] !! WATCHDOG disengage requested — bailing this leg LOUD

   [campaign]    WALK: stuck - retrying (transient NPC-wedge?)

   [Bridge] INPUT OWNER = 'agent' (sole writer; others dropped+logged)

   [travel] start map=(3, 38) coords=(0, 14) -> map (3, 1) (budget 300s, surf-capable)

   [travel] south connection band cols: [0, 1, 2, 3, 4, 5, 6, 7, 8, 9, 10, 11, 12, 13, 14, 15, 16, 17, 18, 19, 20, 21, 22, 23, 24, 25, 26, 27, 28, 29, 30, 31, 32, 33, 34, 35, 36, 37, 38, 39, 40, 41, 42, 43, 44, 45, 46, 47, 48, 49, 50, 51, 52, 53, 54, 55, 56, 57, 58, 59, 60, 61, 62, 63, 64, 65, 66, 67, 68, 69, 70, 71, 72, 73, 74, 75, 76, 77, 78, 79, 80, 81, 82, 83, 84, 85, 86, 87, 88, 89, 90, 91, 92, 93, 94, 95, 96, 97, 98, 99, 100, 101, 102, 103, 104, 105, 106, 107, 108, 109, 110, 111, 112, 113, 114, 115, 116, 117, 118, 119, 120]

   [campaign]    [roam] !! WATCHDOG latch STORM (3 legs bailed on one latch) — a sub-loop is consuming bails without unwinding. Self-healing NOW: latch cleared, watch reset, play resumes; a real wedge re-trips in 8s.

   [travel] path blocked at (0, 14) (NPC on the gap?) - waiting

   [travel] no clean path from (0, 14) AND no NPC-allowing path (npcs nearby=[(8, 11)]) - genuine wall/zone gap, will time out

   [travel] !! TRAVEL WEDGE: identical fp x4 retries at (0, 14) map=(3, 38) (reason=no_route) -> returning to roam LOUD (no inner spin)

   [kira-voice] ·dedup· (repeat text, T1, looping?) "I can't find a way through here — let me rethink this"

   [campaign]    WALK: no_path - retrying (transient NPC-wedge?)

   [Bridge] INPUT OWNER = 'agent' (sole writer; others dropped+logged)

   [travel] start map=(3, 38) coords=(0, 14) -> map (3, 1) (budget 300s, surf-capable)

   [travel] south connection band cols: [0, 1, 2, 3, 4, 5, 6, 7, 8, 9, 10, 11, 12, 13, 14, 15, 16, 17, 18, 19, 20, 21, 22, 23, 24, 25, 26, 27, 28, 29, 30, 31, 32, 33, 34, 35, 36, 37, 38, 39, 40, 41, 42, 43, 44, 45, 46, 47, 48, 49, 50, 51, 52, 53, 54, 55, 56, 57, 58, 59, 60, 61, 62, 63, 64, 65, 66, 67, 68, 69, 70, 71, 72, 73, 74, 75, 76, 77, 78, 79, 80, 81, 82, 83, 84, 85, 86, 87, 88, 89, 90, 91, 92, 93, 94, 95, 96, 97, 98, 99, 100, 101, 102, 103, 104, 105, 106, 107, 108, 109, 110, 111, 112, 113, 114, 115, 116, 117, 118, 119, 120]

   [travel] path blocked at (0, 14) (NPC on the gap?) - waiting

   [travel] no clean path from (0, 14) AND no NPC-allowing path (npcs nearby=[(8, 11)]) - genuine wall/zone gap, will time out

   [travel] !! TRAVEL WEDGE: identical fp x4 retries at (0, 14) map=(3, 38) (reason=no_route) -> returning to roam LOUD (no inner spin)

   [kira-voice] ·dedup· (repeat text, T1, looping?) "I can't find a way through here — let me rethink this"

   [campaign]    WALK: no_path - retrying (transient NPC-wedge?)

   [campaign]    [roam] RESULT: head_to_league -> ok | pos (3, 38)(0, 14) -> (3, 38)(0, 14) (NO MOVEMENT)

   [campaign]    [world] learned 2 warp(s) on (3, 38): (60, 8)->(1, 83), (72, 14)->(1, 83)

   [campaign]    [roam] grass she KNOWS: routing east -> (3, 37) toward Route 15 (FORWARD — on the road to the objective, visited grass, avoiding any wall)

   [campaign]    [roam] !! CREATOR ORDER (LAW): the strengthen-first prep stands down — Jonny said go, so she goes

   [campaign]    [roam] known-good snapshot SKIPPED — this spot can't reach a Center; refusing to bank a poisoned escape target (would reload back into the strand)

   [campaign] -- ROAM TICK 34/100000000 --

   [campaign]    [roam] STATE IN: Route 20 (0, 14) | badges=8 (Boulder, Cascade, Thunder, Rainbow, Soul, Marsh, Volcano, Earth) | party=[blastoise L61, rattata L19, kadabra L19, diglett L18, lapras L25, pidgey L3] | 8 badge(s) earned (Boulder, Cascade, Thunder, Rainbow, Soul, Marsh, Volcano, Earth). All 8 badges earned. Pokédex: 14 caught. All 8 badges — Victory Road and the Elite Four are next. This is the endgame.

   [campaign]    [roam] PROGRESS: GREEN (unchanged 1 ticks) | fp[(3, 38) (0,14) f1 -- badge8 $35730 party:189b bag:b018]

   [campaign]    [roam] OPTIONS OFFERED: ['head_to_league', 'battle', 'wander_catch', 'travel:3,33', 'travel:3,36', 'travel:3,39', 'travel:3,32', 'use_surf']

   [campaign]    [soul] surface_want FIRE -> Route 20

   [campaign]    [soul] ORACLE decision: kind=want ctx={'place': "You're on Route 20 — outdoors under open sky.. ALREADY BESIDE YOU — your current team: blastoise (L61), rattata (L19), abra the kadabra (L19), diglett (L18), lapras (L25), pidgey (L3). A want is something you DON'T yet have; never wish for a teammate who's already on your team.", 'map': (3, 38), 'badges': ['Boulder', 'Cascade', 'Thunder', 'Rainbow', 'Soul', 'Marsh', 'Volcano', 'Earth'], 'progress': '8 badge(s) earned (Boulder, Cascade, Thunder, Rainbow, Soul, Marsh, Volcano, Earth). All 8 badges earned. Pokédex: 14 caught. All 8 badges — Victory Road and the Elite Four are next. This is the endgame.', 'party': 'blastoise (L61), rattata (L19), abra the kadabra (L19), diglett (L18), lapras (L25), pidgey (L3)', 'goal': {'short': "You're ready — stop grinding and push forward to the next objective", 'medium': 'FIRST HM Fly — a girl in the hidden house on Route 16, just west of Celadon behind a cuttable tree, teaches your team to fly you between towns — the gym comes right after; that errand is the road', 'long': 'Take on the Elite Four'}} options=['eevee', 'fossil', 'starters', 'rare', 'legendaries']

   [kira-voice] ORACLE kind=want options=['eevee', 'fossil', 'starters', 'rare', 'legendaries'] -> pick='stock up at Pewter Mart, then push Victory Road and the Elite Four'

   [campaign]    [soul] ORACLE pick -> 'stock up at Pewter Mart, then push Victory Road and the Elite Four'

   [campaign]    [soul] ORACLE decision: kind=action ctx={'place': 'You\'re on Route 20 — outdoors under open sky.. From here: EAST → Route 19; WEST → Cinnabar Island — a Mart, a Pokémon Center. Places you\'ve been with wild Pokémon you can walk back to: Route 15; Route 18; Route 21. You can walk to anywhere you\'ve already been. You have SURF — you can cross water. Field moves ready: CUT, STRENGTH.. Okay — to get past this I need HM Fly — a girl in the hidden house on Route 16, just west of Celadon behind a cuttable tree, teaches your team to fly you between towns.. HOW POKÉMON WORKS (what you\'re playing for): the GOAL is to earn 8 Gym Badges, beat the Elite Four, and roll the credits — that\'s beating the game. You build a TEAM of up to 6 Pokémon you like AND that cover each other (types/roles) — a solo carry with a dead-weight bench is a losing setup; a real trainer fields a balanced, levelled squad. CATCHING wild Pokémon is central (\'gotta catch \'em all\') — you catch to build that team and to fill the Pokédex. When you meet a wild Pokémon, weigh it: is it cool/strong/useful, does it cover a gap, is it better than a bench-warmer? — keep your best ~6, and build a squad you actually like. THE ARC: build a team -> beat the 8 gyms prepared -> Elite Four -> credits. ALSO NORMAL: you entered your own name (and your rival\'s) when the game began — people in this world knowing your names is ordinary, not a mystery to react to. RIGHT NOW your team is thin/lopsided (a strong lead but weak or too few others) — that\'s why tough trainers wall you. Building up a real squad (catch a good new teammate, level the weak ones) is how a prepared trainer gets past these. THE MAIN QUEST IS A FIXED PATH you\'re always on: beat the 8 Gym Leaders in order, then the Elite Four, then you win the game. All 8 badges are yours — the Elite Four is the final challenge before the credits. Word on the road about the Elite Four: the Elite Four open with an ice-and-water lady — folks say lightning and grass are how you slip past her; and then the dragon master himself — and everyone says the same thing: ice is the only thing a dragon truly fears. YOUR STORY SO FAR (what you\'ve actually done — your past, not the future): All eight Gym Badges are yours. The Elite Four and the Champion are the summit.. Next on my list: catch an growlithe around Route 7 / Route 8. It grows into my arcanine — that\'s my answer for Champion down the line. Grabbing it now, before I need it.. THINGS YOU\'VE HEARD AND READ (from people and signs — your own notes, use them when they point somewhere): "I had a vision of your arrival. I have had psychic powers since I was a child. It started when a spoon I carelessly tossed, bent. I dislike battling, but if you"; "Sealed within that TM06 lies TOXIC! It is a secret technique dating back some four hundred years."; "KIRA put the TM06 in the TM CASE."; "KIRA received TM06 from KOGA.". YOUR PLAN — right now: You\'re ready — stop grinding and push forward to the next objective. Next: FIRST HM Fly — a girl in the hidden house on Route 16, just west of Celadon behind a cuttable tree, teaches your team to fly you between towns — the gym comes right after; that errand is the road. Bigger picture: Take on the Elite Four. Your team right now: blastoise (L61), rattata (L19), abra the kadabra (L19), diglett (L18), lapras (L25), pidgey (L3). Remember YOU are the one playing this — narrate your plan to chat in your own voice (first person: "I\'m grinding", "my team"), and never ask anyone what you\'re doing or who\'s on your team — you know.', 'progress': '8 badge(s) earned (Boulder, Cascade, Thunder, Rainbow, Soul, Marsh, Volcano, Earth). All 8 badges earned. Pokédex: 14 caught. All 8 badges — Victory Road and the Elite Four are next. This is the endgame.', 'party': 'blastoise (L61), rattata (L19), abra the kadabra (L19), diglett (L18), lapras (L25), pidgey (L3)', 'goal': {'short': "You're ready — stop grinding and push forward to the next objective", 'medium': 'FIRST HM Fly — a girl in the hidden house on Route 16, just west of Celadon behind a cuttable tree, teaches your team to fly you between towns — the gym comes right after; that errand is the road', 'long': 'Take on the Elite Four'}, 'strategy': "1) WAR PREP: the Elite Four is five fights with NO Center between them — full restores, revives, ethers, and a levelled WHOLE team, or don't walk in.\n2) TEAM BUILD: growlithe -> arcanine answers Champion.\n3) DEX PUSH: 14/50 species caught — at 50 the Route 15 aide (by Fuchsia) hands over the EXP. SHARE (the whole bench levels off every fight). Catch every NEW species you cross; never wander just to hunt.\n4) ICE BEAM FUND: ¥44,770 short of the Game Corner TM13 budget (~¥80,500 total). Ice Beam on the ace freezes everything left — Venusaur, Lance's dragons, the birds. Fight your battles for the payouts, sell loot at marts, buy supplies but never splurge. It arms itself when funded.\n5) STANDING ORDERS: the goal is ROLL CREDITS. Forward progress beats wandering; heal beats fighting hurt; type advantage decides fights; build the planned team, not just the ace."} options=['head_to_league', 'battle', 'wander_catch', 'travel:3,33', 'travel:3,36', 'travel:3,39', 'travel:3,32', 'use_surf']

   [kira-voice] -> T2·savor· (want) 'stock up at Pewter Mart, then push Victory Road and the Elite Four'  fired=True  [age 0.0s + post 5ms]

   [kira-voice] ORACLE kind=action options=['head_to_league', 'battle', 'wander_catch', 'travel:3,33', 'travel:3,36', 'travel:3,39', 'travel:3,32', 'use_surf'] -> pick='head_to_league'

   [campaign]    [soul] ORACLE pick -> 'head_to_league'

   [campaign]    [roam] DECISION THINK: 3194ms (world stayed live — pumped idle, not a freeze)

   [campaign]    [roam] PICK OUT: head_to_league

   [campaign]    [roam] RATIONALE: You're ready — stop grinding and push forward to the next objective. then on to the Elite Four

   [campaign]    [roam] !! E4-READINESS-GATE NON-CONVERGING: 8 stints / 8 no-progress — floor L3 still under target L46 (ace L61, gap 58). The reachable grind cannot bring the bench to qualifying shape from here. STANDING DOWN — NOT entering the League under-shape (a monitor shift adjudicates HALT). levels=[61, 19, 19, 18, 25, 3]

   [campaign]    [roam] RESULT: head_to_league -> stuck | pos (3, 38)(0, 14) -> (3, 38)(0, 14) (NO MOVEMENT)

   [campaign]    ⛰️  CAMPAIGN SAVE [tick34] -> campaign/kira_campaign.state  (map=(3, 38) coords=(0, 14) badges=8 party=6)

   [campaign]    [sanctity] bundle VALID (schema/encoding/truth/monotonic all clean)

   [campaign]    [world] learned 2 warp(s) on (3, 38): (60, 8)->(1, 83), (72, 14)->(1, 83)

   [campaign]    [roam] grass she KNOWS: routing east -> (3, 37) toward Route 15 (FORWARD — on the road to the objective, visited grass, avoiding any wall)

   [campaign]    [roam] !! CREATOR ORDER (LAW): the strengthen-first prep stands down — Jonny said go, so she goes

   [campaign]    [roam] known-good snapshot SKIPPED — this spot can't reach a Center; refusing to bank a poisoned escape target (would reload back into the strand)

   [campaign] -- ROAM TICK 35/100000000 --

   [campaign]    [roam] STATE IN: Route 20 (0, 14) | badges=8 (Boulder, Cascade, Thunder, Rainbow, Soul, Marsh, Volcano, Earth) | party=[blastoise L61, rattata L19, kadabra L19, diglett L18, lapras L25, pidgey L3] | 8 badge(s) earned (Boulder, Cascade, Thunder, Rainbow, Soul, Marsh, Volcano, Earth). All 8 badges earned. Pokédex: 14 caught. All 8 badges — Victory Road and the Elite Four are next. This is the endgame.

   [campaign]    [roam] PROGRESS: GREEN (unchanged 2 ticks) | fp[(3, 38) (0,14) f1 -- badge8 $35730 party:189b bag:b018]

   [campaign]    [roam] OPTIONS OFFERED: ['head_to_league', 'battle', 'wander_catch', 'travel:3,33', 'travel:3,36', 'travel:3,39', 'travel:3,32', 'use_surf']

   [campaign]    [soul] ORACLE decision: kind=action ctx={'place': 'You\'re on Route 20 — outdoors under open sky.. From here: EAST → Route 19; WEST → Cinnabar Island — a Mart, a Pokémon Center. Places you\'ve been with wild Pokémon you can walk back to: Route 15; Route 18; Route 21. You can walk to anywhere you\'ve already been. You have SURF — you can cross water. Field moves ready: CUT, STRENGTH.. Okay — to get past this I need HM Fly — a girl in the hidden house on Route 16, just west of Celadon behind a cuttable tree, teaches your team to fly you between towns.. HOW POKÉMON WORKS (what you\'re playing for): the GOAL is to earn 8 Gym Badges, beat the Elite Four, and roll the credits — that\'s beating the game. You build a TEAM of up to 6 Pokémon you like AND that cover each other (types/roles) — a solo carry with a dead-weight bench is a losing setup; a real trainer fields a balanced, levelled squad. CATCHING wild Pokémon is central (\'gotta catch \'em all\') — you catch to build that team and to fill the Pokédex. When you meet a wild Pokémon, weigh it: is it cool/strong/useful, does it cover a gap, is it better than a bench-warmer? — keep your best ~6, and build a squad you actually like. THE ARC: build a team -> beat the 8 gyms prepared -> Elite Four -> credits. ALSO NORMAL: you entered your own name (and your rival\'s) when the game began — people in this world knowing your names is ordinary, not a mystery to react to. RIGHT NOW your team is thin/lopsided (a strong lead but weak or too few others) — that\'s why tough trainers wall you. Building up a real squad (catch a good new teammate, level the weak ones) is how a prepared trainer gets past these. THE MAIN QUEST IS A FIXED PATH you\'re always on: beat the 8 Gym Leaders in order, then the Elite Four, then you win the game. All 8 badges are yours — the Elite Four is the final challenge before the credits. Word on the road about the Elite Four: the Elite Four open with an ice-and-water lady — folks say lightning and grass are how you slip past her; and then the dragon master himself — and everyone says the same thing: ice is the only thing a dragon truly fears. YOUR STORY SO FAR (what you\'ve actually done — your past, not the future): All eight Gym Badges are yours. The Elite Four and the Champion are the summit.. Next on my list: catch an growlithe around Route 7 / Route 8. It grows into my arcanine — that\'s my answer for Champion down the line. Grabbing it now, before I need it.. THINGS YOU\'VE HEARD AND READ (from people and signs — your own notes, use them when they point somewhere): "I had a vision of your arrival. I have had psychic powers since I was a child. It started when a spoon I carelessly tossed, bent. I dislike battling, but if you"; "Sealed within that TM06 lies TOXIC! It is a secret technique dating back some four hundred years."; "KIRA put the TM06 in the TM CASE."; "KIRA received TM06 from KOGA.". YOUR PLAN — right now: You\'re ready — stop grinding and push forward to the next objective. Next: FIRST HM Fly — a girl in the hidden house on Route 16, just west of Celadon behind a cuttable tree, teaches your team to fly you between towns — the gym comes right after; that errand is the road. Bigger picture: Take on the Elite Four. Your team right now: blastoise (L61), rattata (L19), abra the kadabra (L19), diglett (L18), lapras (L25), pidgey (L3). Remember YOU are the one playing this — narrate your plan to chat in your own voice (first person: "I\'m grinding", "my team"), and never ask anyone what you\'re doing or who\'s on your team — you know.', 'progress': '8 badge(s) earned (Boulder, Cascade, Thunder, Rainbow, Soul, Marsh, Volcano, Earth). All 8 badges earned. Pokédex: 14 caught. All 8 badges — Victory Road and the Elite Four are next. This is the endgame.', 'party': 'blastoise (L61), rattata (L19), abra the kadabra (L19), diglett (L18), lapras (L25), pidgey (L3)', 'goal': {'short': "You're ready — stop grinding and push forward to the next objective", 'medium': 'FIRST HM Fly — a girl in the hidden house on Route 16, just west of Celadon behind a cuttable tree, teaches your team to fly you between towns — the gym comes right after; that errand is the road', 'long': 'Take on the Elite Four'}, 'strategy': "1) WAR PREP: the Elite Four is five fights with NO Center between them — full restores, revives, ethers, and a levelled WHOLE team, or don't walk in.\n2) TEAM BUILD: growlithe -> arcanine answers Champion.\n3) DEX PUSH: 14/50 species caught — at 50 the Route 15 aide (by Fuchsia) hands over the EXP. SHARE (the whole bench levels off every fight). Catch every NEW species you cross; never wander just to hunt.\n4) ICE BEAM FUND: ¥44,770 short of the Game Corner TM13 budget (~¥80,500 total). Ice Beam on the ace freezes everything left — Venusaur, Lance's dragons, the birds. Fight your battles for the payouts, sell loot at marts, buy supplies but never splurge. It arms itself when funded.\n5) STANDING ORDERS: the goal is ROLL CREDITS. Forward progress beats wandering; heal beats fighting hurt; type advantage decides fights; build the planned team, not just the ace."} options=['head_to_league', 'battle', 'wander_catch', 'travel:3,33', 'travel:3,36', 'travel:3,39', 'travel:3,32', 'use_surf']

   [kira-voice] ORACLE kind=action options=['head_to_league', 'battle', 'wander_catch', 'travel:3,33', 'travel:3,36', 'travel:3,39', 'travel:3,32', 'use_surf'] -> pick='head_to_league'

   [campaign]    [soul] ORACLE pick -> 'head_to_league'

   [campaign]    [roam] DECISION THINK: 2309ms (world stayed live — pumped idle, not a freeze)

   [campaign]    [roam] PICK OUT: head_to_league

   [campaign]    [roam] RATIONALE: You're ready — stop grinding and push forward to the next objective. then on to the Elite Four

   [campaign]    [roam] !! E4-READINESS-GATE NON-CONVERGING: 8 stints / 8 no-progress — floor L3 still under target L46 (ace L61, gap 58). The reachable grind cannot bring the bench to qualifying shape from here. STANDING DOWN — NOT entering the League under-shape (a monitor shift adjudicates HALT). levels=[61, 19, 19, 18, 25, 3]

   [campaign]    [roam] RESULT: head_to_league -> stuck | pos (3, 38)(0, 14) -> (3, 38)(0, 14) (NO MOVEMENT)

   [campaign]    [world] learned 2 warp(s) on (3, 38): (60, 8)->(1, 83), (72, 14)->(1, 83)

   [campaign]    [roam] grass she KNOWS: routing east -> (3, 37) toward Route 15 (FORWARD — on the road to the objective, visited grass, avoiding any wall)

   [campaign]    [roam] !! CREATOR ORDER (LAW): the strengthen-first prep stands down — Jonny said go, so she goes

   [campaign] -- ROAM TICK 36/100000000 --

   [campaign]    [roam] STATE IN: Route 20 (0, 14) | badges=8 (Boulder, Cascade, Thunder, Rainbow, Soul, Marsh, Volcano, Earth) | party=[blastoise L61, rattata L19, kadabra L19, diglett L18, lapras L25, pidgey L3] | 8 badge(s) earned (Boulder, Cascade, Thunder, Rainbow, Soul, Marsh, Volcano, Earth). All 8 badges earned. Pokédex: 14 caught. All 8 badges — Victory Road and the Elite Four are next. This is the endgame.

   [campaign]    [roam] PROGRESS: YELLOW (unchanged 3 ticks) | fp[(3, 38) (0,14) f1 -- badge8 $35730 party:189b bag:b018]

   [campaign]    [roam] OPTIONS OFFERED: ['head_to_league', 'battle', 'wander_catch', 'travel:3,33', 'travel:3,36', 'travel:3,39', 'travel:3,32', 'use_surf']

   [campaign]    [roam] !! MACRO YELLOW: no progress 3 ticks — feeding awareness back to the oracle: "You keep trying to head to league but the world hasn't changed in 3 turns - it went 'stuck', and you don't seem to be getting anywhere."

   [campaign]    [roam] !! REPEAT-NO-PROGRESS: 'head_to_league' repeated with a stuck fingerprint — nudging a different action

   [campaign]    [soul] ORACLE decision: kind=action ctx={'place': 'You\'re on Route 20 — outdoors under open sky.. From here: EAST → Route 19; WEST → Cinnabar Island — a Mart, a Pokémon Center. Places you\'ve been with wild Pokémon you can walk back to: Route 15; Route 18; Route 21. You can walk to anywhere you\'ve already been. You have SURF — you can cross water. Field moves ready: CUT, STRENGTH.. Okay — to get past this I need HM Fly — a girl in the hidden house on Route 16, just west of Celadon behind a cuttable tree, teaches your team to fly you between towns.. You keep trying to head to league but the world hasn\'t changed in 3 turns - it went \'stuck\', and you don\'t seem to be getting anywhere.. HOW POKÉMON WORKS (what you\'re playing for): the GOAL is to earn 8 Gym Badges, beat the Elite Four, and roll the credits — that\'s beating the game. You build a TEAM of up to 6 Pokémon you like AND that cover each other (types/roles) — a solo carry with a dead-weight bench is a losing setup; a real trainer fields a balanced, levelled squad. CATCHING wild Pokémon is central (\'gotta catch \'em all\') — you catch to build that team and to fill the Pokédex. When you meet a wild Pokémon, weigh it: is it cool/strong/useful, does it cover a gap, is it better than a bench-warmer? — keep your best ~6, and build a squad you actually like. THE ARC: build a team -> beat the 8 gyms prepared -> Elite Four -> credits. ALSO NORMAL: you entered your own name (and your rival\'s) when the game began — people in this world knowing your names is ordinary, not a mystery to react to. RIGHT NOW your team is thin/lopsided (a strong lead but weak or too few others) — that\'s why tough trainers wall you. Building up a real squad (catch a good new teammate, level the weak ones) is how a prepared trainer gets past these. THE MAIN QUEST IS A FIXED PATH you\'re always on: beat the 8 Gym Leaders in order, then the Elite Four, then you win the game. All 8 badges are yours — the Elite Four is the final challenge before the credits. Word on the road about the Elite Four: the Elite Four open with an ice-and-water lady — folks say lightning and grass are how you slip past her; and then the dragon master himself — and everyone says the same thing: ice is the only thing a dragon truly fears. YOUR STORY SO FAR (what you\'ve actually done — your past, not the future): All eight Gym Badges are yours. The Elite Four and the Champion are the summit.. Next on my list: catch an growlithe around Route 7 / Route 8. It grows into my arcanine — that\'s my answer for Champion down the line. Grabbing it now, before I need it.. THINGS YOU\'VE HEARD AND READ (from people and signs — your own notes, use them when they point somewhere): "I had a vision of your arrival. I have had psychic powers since I was a child. It started when a spoon I carelessly tossed, bent. I dislike battling, but if you"; "Sealed within that TM06 lies TOXIC! It is a secret technique dating back some four hundred years."; "KIRA put the TM06 in the TM CASE."; "KIRA received TM06 from KOGA.". YOUR PLAN — right now: You\'re ready — stop grinding and push forward to the next objective. Next: FIRST HM Fly — a girl in the hidden house on Route 16, just west of Celadon behind a cuttable tree, teaches your team to fly you between towns — the gym comes right after; that errand is the road. Bigger picture: Take on the Elite Four. Your team right now: blastoise (L61), rattata (L19), abra the kadabra (L19), diglett (L18), lapras (L25), pidgey (L3). Remember YOU are the one playing this — narrate your plan to chat in your own voice (first person: "I\'m grinding", "my team"), and never ask anyone what you\'re doing or who\'s on your team — you know.. HEADS UP — you just chose \'head_to_league\' and NOTHING changed (same spot, no progress). Repeating it again will do the same nothing. Pick a DIFFERENT action this time and break the loop.', 'progress': '8 badge(s) earned (Boulder, Cascade, Thunder, Rainbow, Soul, Marsh, Volcano, Earth). All 8 badges earned. Pokédex: 14 caught. All 8 badges — Victory Road and the Elite Four are next. This is the endgame.', 'party': 'blastoise (L61), rattata (L19), abra the kadabra (L19), diglett (L18), lapras (L25), pidgey (L3)', 'goal': {'short': "You're ready — stop grinding and push forward to the next objective", 'medium': 'FIRST HM Fly — a girl in the hidden house on Route 16, just west of Celadon behind a cuttable tree, teaches your team to fly you between towns — the gym comes right after; that errand is the road', 'long': 'Take on the Elite Four'}, 'strategy': "1) WAR PREP: the Elite Four is five fights with NO Center between them — full restores, revives, ethers, and a levelled WHOLE team, or don't walk in.\n2) TEAM BUILD: growlithe -> arcanine answers Champion.\n3) DEX PUSH: 14/50 species caught — at 50 the Route 15 aide (by Fuchsia) hands over the EXP. SHARE (the whole bench levels off every fight). Catch every NEW species you cross; never wander just to hunt.\n4) ICE BEAM FUND: ¥44,770 short of the Game Corner TM13 budget (~¥80,500 total). Ice Beam on the ace freezes everything left — Venusaur, Lance's dragons, the birds. Fight your battles for the payouts, sell loot at marts, buy supplies but never splurge. It arms itself when funded.\n5) STANDING ORDERS: the goal is ROLL CREDITS. Forward progress beats wandering; heal beats fighting hurt; type advantage decides fights; build the planned team, not just the ace."} options=['head_to_league', 'battle', 'wander_catch', 'travel:3,33', 'travel:3,36', 'travel:3,39', 'travel:3,32', 'use_surf']

   [kira-voice] ORACLE kind=action options=['head_to_league', 'battle', 'wander_catch', 'travel:3,33', 'travel:3,36', 'travel:3,39', 'travel:3,32', 'use_surf'] -> pick='use_surf'

   [campaign]    [soul] ORACLE pick -> 'use_surf'

   [campaign]    [roam] DECISION THINK: 3196ms (world stayed live — pumped idle, not a freeze)

   [campaign]    [roam] PICK OUT: use_surf  <- her RECOVERY move (YELLOW)

   [campaign]    [roam] RATIONALE: You're ready — stop grinding and push forward to the next objective. then on to the Elite Four

   [Bridge] INPUT OWNER = 'agent' (sole writer; others dropped+logged)

   [kira-voice] -> T2·savor· (field) "there's something blocking the way — let me use Surf."  fired=True  [age 0.0s + post 23ms]

   [campaign]    [roam] field-move use_surf (face DOWN) -> no_prompt

   [campaign]    [roam] RESULT: use_surf -> no_prompt | pos (3, 38)(0, 14) -> (3, 38)(0, 17) (MOVED)

   [campaign]    ⛰️  CAMPAIGN SAVE [tick36] -> campaign/kira_campaign.state  (map=(3, 38) coords=(0, 17) badges=8 party=6)

   [campaign]    [sanctity] bundle VALID (schema/encoding/truth/monotonic all clean)

   [campaign]    [world] learned 2 warp(s) on (3, 38): (60, 8)->(1, 83), (72, 14)->(1, 83)

   [campaign]    [roam] grass she KNOWS: routing east -> (3, 37) toward Route 15 (FORWARD — on the road to the objective, visited grass, avoiding any wall)

   [campaign]    [roam] !! CREATOR ORDER (LAW): the strengthen-first prep stands down — Jonny said go, so she goes

   [campaign]    [roam] known-good snapshot SKIPPED — this spot can't reach a Center; refusing to bank a poisoned escape target (would reload back into the strand)

   [campaign] -- ROAM TICK 37/100000000 --

   [campaign]    [roam] STATE IN: Route 20 (0, 17) | badges=8 (Boulder, Cascade, Thunder, Rainbow, Soul, Marsh, Volcano, Earth) | party=[blastoise L61, rattata L19, kadabra L19, diglett L18, lapras L25, pidgey L3] | 8 badge(s) earned (Boulder, Cascade, Thunder, Rainbow, Soul, Marsh, Volcano, Earth). All 8 badges earned. Pokédex: 14 caught. All 8 badges — Victory Road and the Elite Four are next. This is the endgame.

   [campaign]    [roam] PROGRESS: GREEN (unchanged 0 ticks) | fp[(3, 38) (0,17) f1 -- badge8 $35730 party:189b bag:b018]

   [campaign]    [roam] OPTIONS OFFERED: ['head_to_league', 'battle', 'wander_catch', 'travel:3,33', 'travel:3,36', 'travel:3,39', 'travel:3,32', 'use_surf']

   [campaign]    [soul] surface_want FIRE -> Route 20

   [campaign]    [soul] ORACLE decision: kind=want ctx={'place': "You're on Route 20 — outdoors under open sky.. ALREADY BESIDE YOU — your current team: blastoise (L61), rattata (L19), abra the kadabra (L19), diglett (L18), lapras (L25), pidgey (L3). A want is something you DON'T yet have; never wish for a teammate who's already on your team.", 'map': (3, 38), 'badges': ['Boulder', 'Cascade', 'Thunder', 'Rainbow', 'Soul', 'Marsh', 'Volcano', 'Earth'], 'progress': '8 badge(s) earned (Boulder, Cascade, Thunder, Rainbow, Soul, Marsh, Volcano, Earth). All 8 badges earned. Pokédex: 14 caught. All 8 badges — Victory Road and the Elite Four are next. This is the endgame.', 'party': 'blastoise (L61), rattata (L19), abra the kadabra (L19), diglett (L18), lapras (L25), pidgey (L3)', 'goal': {'short': "You're ready — stop grinding and push forward to the next objective", 'medium': 'FIRST HM Fly — a girl in the hidden house on Route 16, just west of Celadon behind a cuttable tree, teaches your team to fly you between towns — the gym comes right after; that errand is the road', 'long': 'Take on the Elite Four'}} options=['eevee', 'fossil', 'starters', 'rare', 'legendaries']

   [kira-voice] ORACLE kind=want options=['eevee', 'fossil', 'starters', 'rare', 'legendaries'] -> pick='Pewter City Mart, then Elite Four'

   [campaign]    [soul] ORACLE pick -> 'Pewter City Mart, then Elite Four'

   [campaign]    [soul] ORACLE decision: kind=action ctx={'place': 'You\'re on Route 20 — outdoors under open sky.. From here: EAST → Route 19; WEST → Cinnabar Island — a Mart, a Pokémon Center. Places you\'ve been with wild Pokémon you can walk back to: Route 15; Route 18; Route 21. You can walk to anywhere you\'ve already been. You have SURF — you can cross water. Field moves ready: CUT, STRENGTH.. Okay — to get past this I need HM Fly — a girl in the hidden house on Route 16, just west of Celadon behind a cuttable tree, teaches your team to fly you between towns.. HOW POKÉMON WORKS (what you\'re playing for): the GOAL is to earn 8 Gym Badges, beat the Elite Four, and roll the credits — that\'s beating the game. You build a TEAM of up to 6 Pokémon you like AND that cover each other (types/roles) — a solo carry with a dead-weight bench is a losing setup; a real trainer fields a balanced, levelled squad. CATCHING wild Pokémon is central (\'gotta catch \'em all\') — you catch to build that team and to fill the Pokédex. When you meet a wild Pokémon, weigh it: is it cool/strong/useful, does it cover a gap, is it better than a bench-warmer? — keep your best ~6, and build a squad you actually like. THE ARC: build a team -> beat the 8 gyms prepared -> Elite Four -> credits. ALSO NORMAL: you entered your own name (and your rival\'s) when the game began — people in this world knowing your names is ordinary, not a mystery to react to. RIGHT NOW your team is thin/lopsided (a strong lead but weak or too few others) — that\'s why tough trainers wall you. Building up a real squad (catch a good new teammate, level the weak ones) is how a prepared trainer gets past these. THE MAIN QUEST IS A FIXED PATH you\'re always on: beat the 8 Gym Leaders in order, then the Elite Four, then you win the game. All 8 badges are yours — the Elite Four is the final challenge before the credits. Word on the road about the Elite Four: the Elite Four open with an ice-and-water lady — folks say lightning and grass are how you slip past her; and then the dragon master himself — and everyone says the same thing: ice is the only thing a dragon truly fears. YOUR STORY SO FAR (what you\'ve actually done — your past, not the future): All eight Gym Badges are yours. The Elite Four and the Champion are the summit.. Next on my list: catch an growlithe around Route 7 / Route 8. It grows into my arcanine — that\'s my answer for Champion down the line. Grabbing it now, before I need it.. THINGS YOU\'VE HEARD AND READ (from people and signs — your own notes, use them when they point somewhere): "I had a vision of your arrival. I have had psychic powers since I was a child. It started when a spoon I carelessly tossed, bent. I dislike battling, but if you"; "Sealed within that TM06 lies TOXIC! It is a secret technique dating back some four hundred years."; "KIRA put the TM06 in the TM CASE."; "KIRA received TM06 from KOGA.". YOUR PLAN — right now: You\'re ready — stop grinding and push forward to the next objective. Next: FIRST HM Fly — a girl in the hidden house on Route 16, just west of Celadon behind a cuttable tree, teaches your team to fly you between towns — the gym comes right after; that errand is the road. Bigger picture: Take on the Elite Four. Your team right now: blastoise (L61), rattata (L19), abra the kadabra (L19), diglett (L18), lapras (L25), pidgey (L3). Remember YOU are the one playing this — narrate your plan to chat in your own voice (first person: "I\'m grinding", "my team"), and never ask anyone what you\'re doing or who\'s on your team — you know.', 'progress': '8 badge(s) earned (Boulder, Cascade, Thunder, Rainbow, Soul, Marsh, Volcano, Earth). All 8 badges earned. Pokédex: 14 caught. All 8 badges — Victory Road and the Elite Four are next. This is the endgame.', 'party': 'blastoise (L61), rattata (L19), abra the kadabra (L19), diglett (L18), lapras (L25), pidgey (L3)', 'goal': {'short': "You're ready — stop grinding and push forward to the next objective", 'medium': 'FIRST HM Fly — a girl in the hidden house on Route 16, just west of Celadon behind a cuttable tree, teaches your team to fly you between towns — the gym comes right after; that errand is the road', 'long': 'Take on the Elite Four'}, 'strategy': "1) WAR PREP: the Elite Four is five fights with NO Center between them — full restores, revives, ethers, and a levelled WHOLE team, or don't walk in.\n2) TEAM BUILD: growlithe -> arcanine answers Champion.\n3) DEX PUSH: 14/50 species caught — at 50 the Route 15 aide (by Fuchsia) hands over the EXP. SHARE (the whole bench levels off every fight). Catch every NEW species you cross; never wander just to hunt.\n4) ICE BEAM FUND: ¥44,770 short of the Game Corner TM13 budget (~¥80,500 total). Ice Beam on the ace freezes everything left — Venusaur, Lance's dragons, the birds. Fight your battles for the payouts, sell loot at marts, buy supplies but never splurge. It arms itself when funded.\n5) STANDING ORDERS: the goal is ROLL CREDITS. Forward progress beats wandering; heal beats fighting hurt; type advantage decides fights; build the planned team, not just the ace."} options=['head_to_league', 'battle', 'wander_catch', 'travel:3,33', 'travel:3,36', 'travel:3,39', 'travel:3,32', 'use_surf']

   [kira-voice] -> T2·savor· (want) 'Pewter City Mart, then Elite Four'  fired=True  [age 0.0s + post 3ms]

   [kira-voice] ORACLE kind=action options=['head_to_league', 'battle', 'wander_catch', 'travel:3,33', 'travel:3,36', 'travel:3,39', 'travel:3,32', 'use_surf'] -> pick='head_to_league'

   [campaign]    [soul] ORACLE pick -> 'head_to_league'

   [campaign]    [roam] DECISION THINK: 2361ms (world stayed live — pumped idle, not a freeze)

   [campaign]    [roam] PICK OUT: head_to_league

   [campaign]    [roam] RATIONALE: You're ready — stop grinding and push forward to the next objective. then on to the Elite Four

   [campaign]    [roam] !! E4-READINESS-GATE NON-CONVERGING: 8 stints / 8 no-progress — floor L3 still under target L46 (ace L61, gap 58). The reachable grind cannot bring the bench to qualifying shape from here. STANDING DOWN — NOT entering the League under-shape (a monitor shift adjudicates HALT). levels=[61, 19, 19, 18, 25, 3]

   [campaign]    [roam] RESULT: head_to_league -> stuck | pos (3, 38)(0, 17) -> (3, 38)(0, 17) (NO MOVEMENT)

   [campaign]    [world] learned 2 warp(s) on (3, 38): (60, 8)->(1, 83), (72, 14)->(1, 83)

   [campaign]    [roam] grass she KNOWS: routing east -> (3, 37) toward Route 15 (FORWARD — on the road to the objective, visited grass, avoiding any wall)

   [campaign]    [roam] !! CREATOR ORDER (LAW): the strengthen-first prep stands down — Jonny said go, so she goes

   [campaign]    [roam] known-good snapshot SKIPPED — this spot can't reach a Center; refusing to bank a poisoned escape target (would reload back into the strand)

   [campaign] -- ROAM TICK 38/100000000 --

   [campaign]    [roam] STATE IN: Route 20 (0, 17) | badges=8 (Boulder, Cascade, Thunder, Rainbow, Soul, Marsh, Volcano, Earth) | party=[blastoise L61, rattata L19, kadabra L19, diglett L18, lapras L25, pidgey L3] | 8 badge(s) earned (Boulder, Cascade, Thunder, Rainbow, Soul, Marsh, Volcano, Earth). All 8 badges earned. Pokédex: 14 caught. All 8 badges — Victory Road and the Elite Four are next. This is the endgame.

   [campaign]    [roam] PROGRESS: GREEN (unchanged 1 ticks) | fp[(3, 38) (0,17) f1 -- badge8 $35730 party:189b bag:b018]

   [campaign]    [roam] OPTIONS OFFERED: ['head_to_league', 'battle', 'wander_catch', 'travel:3,33', 'travel:3,36', 'travel:3,39', 'travel:3,32', 'use_surf']

   [campaign]    [soul] ORACLE decision: kind=action ctx={'place': 'You\'re on Route 20 — outdoors under open sky.. From here: EAST → Route 19; WEST → Cinnabar Island — a Mart, a Pokémon Center. Places you\'ve been with wild Pokémon you can walk back to: Route 15; Route 18; Route 21. You can walk to anywhere you\'ve already been. You have SURF — you can cross water. Field moves ready: CUT, STRENGTH.. Okay — to get past this I need HM Fly — a girl in the hidden house on Route 16, just west of Celadon behind a cuttable tree, teaches your team to fly you between towns.. HOW POKÉMON WORKS (what you\'re playing for): the GOAL is to earn 8 Gym Badges, beat the Elite Four, and roll the credits — that\'s beating the game. You build a TEAM of up to 6 Pokémon you like AND that cover each other (types/roles) — a solo carry with a dead-weight bench is a losing setup; a real trainer fields a balanced, levelled squad. CATCHING wild Pokémon is central (\'gotta catch \'em all\') — you catch to build that team and to fill the Pokédex. When you meet a wild Pokémon, weigh it: is it cool/strong/useful, does it cover a gap, is it better than a bench-warmer? — keep your best ~6, and build a squad you actually like. THE ARC: build a team -> beat the 8 gyms prepared -> Elite Four -> credits. ALSO NORMAL: you entered your own name (and your rival\'s) when the game began — people in this world knowing your names is ordinary, not a mystery to react to. RIGHT NOW your team is thin/lopsided (a strong lead but weak or too few others) — that\'s why tough trainers wall you. Building up a real squad (catch a good new teammate, level the weak ones) is how a prepared trainer gets past these. THE MAIN QUEST IS A FIXED PATH you\'re always on: beat the 8 Gym Leaders in order, then the Elite Four, then you win the game. All 8 badges are yours — the Elite Four is the final challenge before the credits. Word on the road about the Elite Four: the Elite Four open with an ice-and-water lady — folks say lightning and grass are how you slip past her; and then the dragon master himself — and everyone says the same thing: ice is the only thing a dragon truly fears. YOUR STORY SO FAR (what you\'ve actually done — your past, not the future): All eight Gym Badges are yours. The Elite Four and the Champion are the summit.. Next on my list: catch an growlithe around Route 7 / Route 8. It grows into my arcanine — that\'s my answer for Champion down the line. Grabbing it now, before I need it.. THINGS YOU\'VE HEARD AND READ (from people and signs — your own notes, use them when they point somewhere): "I had a vision of your arrival. I have had psychic powers since I was a child. It started when a spoon I carelessly tossed, bent. I dislike battling, but if you"; "Sealed within that TM06 lies TOXIC! It is a secret technique dating back some four hundred years."; "KIRA put the TM06 in the TM CASE."; "KIRA received TM06 from KOGA.". YOUR PLAN — right now: You\'re ready — stop grinding and push forward to the next objective. Next: FIRST HM Fly — a girl in the hidden house on Route 16, just west of Celadon behind a cuttable tree, teaches your team to fly you between towns — the gym comes right after; that errand is the road. Bigger picture: Take on the Elite Four. Your team right now: blastoise (L61), rattata (L19), abra the kadabra (L19), diglett (L18), lapras (L25), pidgey (L3). Remember YOU are the one playing this — narrate your plan to chat in your own voice (first person: "I\'m grinding", "my team"), and never ask anyone what you\'re doing or who\'s on your team — you know.', 'progress': '8 badge(s) earned (Boulder, Cascade, Thunder, Rainbow, Soul, Marsh, Volcano, Earth). All 8 badges earned. Pokédex: 14 caught. All 8 badges — Victory Road and the Elite Four are next. This is the endgame.', 'party': 'blastoise (L61), rattata (L19), abra the kadabra (L19), diglett (L18), lapras (L25), pidgey (L3)', 'goal': {'short': "You're ready — stop grinding and push forward to the next objective", 'medium': 'FIRST HM Fly — a girl in the hidden house on Route 16, just west of Celadon behind a cuttable tree, teaches your team to fly you between towns — the gym comes right after; that errand is the road', 'long': 'Take on the Elite Four'}, 'strategy': "1) WAR PREP: the Elite Four is five fights with NO Center between them — full restores, revives, ethers, and a levelled WHOLE team, or don't walk in.\n2) TEAM BUILD: growlithe -> arcanine answers Champion.\n3) DEX PUSH: 14/50 species caught — at 50 the Route 15 aide (by Fuchsia) hands over the EXP. SHARE (the whole bench levels off every fight). Catch every NEW species you cross; never wander just to hunt.\n4) ICE BEAM FUND: ¥44,770 short of the Game Corner TM13 budget (~¥80,500 total). Ice Beam on the ace freezes everything left — Venusaur, Lance's dragons, the birds. Fight your battles for the payouts, sell loot at marts, buy supplies but never splurge. It arms itself when funded.\n5) STANDING ORDERS: the goal is ROLL CREDITS. Forward progress beats wandering; heal beats fighting hurt; type advantage decides fights; build the planned team, not just the ace."} options=['head_to_league', 'battle', 'wander_catch', 'travel:3,33', 'travel:3,36', 'travel:3,39', 'travel:3,32', 'use_surf']

   [kira-voice] ORACLE kind=action options=['head_to_league', 'battle', 'wander_catch', 'travel:3,33', 'travel:3,36', 'travel:3,39', 'travel:3,32', 'use_surf'] -> pick='head_to_league'

   [campaign]    [soul] ORACLE pick -> 'head_to_league'

   [campaign]    [roam] DECISION THINK: 2462ms (world stayed live — pumped idle, not a freeze)

   [campaign]    [roam] PICK OUT: head_to_league

   [campaign]    [roam] RATIONALE: You're ready — stop grinding and push forward to the next objective. then on to the Elite Four

   [campaign]    [roam] !! E4-READINESS-GATE NON-CONVERGING: 8 stints / 8 no-progress — floor L3 still under target L46 (ace L61, gap 58). The reachable grind cannot bring the bench to qualifying shape from here. STANDING DOWN — NOT entering the League under-shape (a monitor shift adjudicates HALT). levels=[61, 19, 19, 18, 25, 3]

   [campaign]    [roam] RESULT: head_to_league -> stuck | pos (3, 38)(0, 17) -> (3, 38)(0, 17) (NO MOVEMENT)

   [campaign]    ⛰️  CAMPAIGN SAVE [tick38] -> campaign/kira_campaign.state  (map=(3, 38) coords=(0, 17) badges=8 party=6)

   [campaign]    [sanctity] bundle VALID (schema/encoding/truth/monotonic all clean)

   [campaign]    [world] learned 2 warp(s) on (3, 38): (60, 8)->(1, 83), (72, 14)->(1, 83)

   [campaign]    [roam] grass she KNOWS: routing east -> (3, 37) toward Route 15 (FORWARD — on the road to the objective, visited grass, avoiding any wall)

   [campaign]    [roam] !! CREATOR ORDER (LAW): the strengthen-first prep stands down — Jonny said go, so she goes

   [campaign]    [roam] known-good snapshot SKIPPED — this spot can't reach a Center; refusing to bank a poisoned escape target (would reload back into the strand)

   [campaign] -- ROAM TICK 39/100000000 --

   [campaign]    [roam] STATE IN: Route 20 (0, 17) | badges=8 (Boulder, Cascade, Thunder, Rainbow, Soul, Marsh, Volcano, Earth) | party=[blastoise L61, rattata L19, kadabra L19, diglett L18, lapras L25, pidgey L3] | 8 badge(s) earned (Boulder, Cascade, Thunder, Rainbow, Soul, Marsh, Volcano, Earth). All 8 badges earned. Pokédex: 14 caught. All 8 badges — Victory Road and the Elite Four are next. This is the endgame.

   [campaign]    [roam] PROGRESS: GREEN (unchanged 2 ticks) | fp[(3, 38) (0,17) f1 -- badge8 $35730 party:189b bag:b018]

   [campaign]    [roam] OPTIONS OFFERED: ['head_to_league', 'battle', 'wander_catch', 'travel:3,33', 'travel:3,36', 'travel:3,39', 'travel:3,32', 'use_surf']

   [campaign]    [soul] ORACLE decision: kind=action ctx={'place': 'You\'re on Route 20 — outdoors under open sky.. From here: EAST → Route 19; WEST → Cinnabar Island — a Mart, a Pokémon Center. Places you\'ve been with wild Pokémon you can walk back to: Route 15; Route 18; Route 21. You can walk to anywhere you\'ve already been. You have SURF — you can cross water. Field moves ready: CUT, STRENGTH.. Okay — to get past this I need HM Fly — a girl in the hidden house on Route 16, just west of Celadon behind a cuttable tree, teaches your team to fly you between towns.. HOW POKÉMON WORKS (what you\'re playing for): the GOAL is to earn 8 Gym Badges, beat the Elite Four, and roll the credits — that\'s beating the game. You build a TEAM of up to 6 Pokémon you like AND that cover each other (types/roles) — a solo carry with a dead-weight bench is a losing setup; a real trainer fields a balanced, levelled squad. CATCHING wild Pokémon is central (\'gotta catch \'em all\') — you catch to build that team and to fill the Pokédex. When you meet a wild Pokémon, weigh it: is it cool/strong/useful, does it cover a gap, is it better than a bench-warmer? — keep your best ~6, and build a squad you actually like. THE ARC: build a team -> beat the 8 gyms prepared -> Elite Four -> credits. ALSO NORMAL: you entered your own name (and your rival\'s) when the game began — people in this world knowing your names is ordinary, not a mystery to react to. RIGHT NOW your team is thin/lopsided (a strong lead but weak or too few others) — that\'s why tough trainers wall you. Building up a real squad (catch a good new teammate, level the weak ones) is how a prepared trainer gets past these. THE MAIN QUEST IS A FIXED PATH you\'re always on: beat the 8 Gym Leaders in order, then the Elite Four, then you win the game. All 8 badges are yours — the Elite Four is the final challenge before the credits. Word on the road about the Elite Four: the Elite Four open with an ice-and-water lady — folks say lightning and grass are how you slip past her; and then the dragon master himself — and everyone says the same thing: ice is the only thing a dragon truly fears. YOUR STORY SO FAR (what you\'ve actually done — your past, not the future): All eight Gym Badges are yours. The Elite Four and the Champion are the summit.. Next on my list: catch an growlithe around Route 7 / Route 8. It grows into my arcanine — that\'s my answer for Champion down the line. Grabbing it now, before I need it.. THINGS YOU\'VE HEARD AND READ (from people and signs — your own notes, use them when they point somewhere): "I had a vision of your arrival. I have had psychic powers since I was a child. It started when a spoon I carelessly tossed, bent. I dislike battling, but if you"; "Sealed within that TM06 lies TOXIC! It is a secret technique dating back some four hundred years."; "KIRA put the TM06 in the TM CASE."; "KIRA received TM06 from KOGA.". YOUR PLAN — right now: You\'re ready — stop grinding and push forward to the next objective. Next: FIRST HM Fly — a girl in the hidden house on Route 16, just west of Celadon behind a cuttable tree, teaches your team to fly you between towns — the gym comes right after; that errand is the road. Bigger picture: Take on the Elite Four. Your team right now: blastoise (L61), rattata (L19), abra the kadabra (L19), diglett (L18), lapras (L25), pidgey (L3). Remember YOU are the one playing this — narrate your plan to chat in your own voice (first person: "I\'m grinding", "my team"), and never ask anyone what you\'re doing or who\'s on your team — you know.', 'progress': '8 badge(s) earned (Boulder, Cascade, Thunder, Rainbow, Soul, Marsh, Volcano, Earth). All 8 badges earned. Pokédex: 14 caught. All 8 badges — Victory Road and the Elite Four are next. This is the endgame.', 'party': 'blastoise (L61), rattata (L19), abra the kadabra (L19), diglett (L18), lapras (L25), pidgey (L3)', 'goal': {'short': "You're ready — stop grinding and push forward to the next objective", 'medium': 'FIRST HM Fly — a girl in the hidden house on Route 16, just west of Celadon behind a cuttable tree, teaches your team to fly you between towns — the gym comes right after; that errand is the road', 'long': 'Take on the Elite Four'}, 'strategy': "1) WAR PREP: the Elite Four is five fights with NO Center between them — full restores, revives, ethers, and a levelled WHOLE team, or don't walk in.\n2) TEAM BUILD: growlithe -> arcanine answers Champion.\n3) DEX PUSH: 14/50 species caught — at 50 the Route 15 aide (by Fuchsia) hands over the EXP. SHARE (the whole bench levels off every fight). Catch every NEW species you cross; never wander just to hunt.\n4) ICE BEAM FUND: ¥44,770 short of the Game Corner TM13 budget (~¥80,500 total). Ice Beam on the ace freezes everything left — Venusaur, Lance's dragons, the birds. Fight your battles for the payouts, sell loot at marts, buy supplies but never splurge. It arms itself when funded.\n5) STANDING ORDERS: the goal is ROLL CREDITS. Forward progress beats wandering; heal beats fighting hurt; type advantage decides fights; build the planned team, not just the ace."} options=['head_to_league', 'battle', 'wander_catch', 'travel:3,33', 'travel:3,36', 'travel:3,39', 'travel:3,32', 'use_surf']

   [kira-voice] ORACLE kind=action options=['head_to_league', 'battle', 'wander_catch', 'travel:3,33', 'travel:3,36', 'travel:3,39', 'travel:3,32', 'use_surf'] -> pick='head_to_league'

   [campaign]    [soul] ORACLE pick -> 'head_to_league'

   [campaign]    [roam] DECISION THINK: 1925ms (world stayed live — pumped idle, not a freeze)

   [campaign]    [roam] PICK OUT: head_to_league

   [campaign]    [roam] RATIONALE: You're ready — stop grinding and push forward to the next objective. then on to the Elite Four

   [campaign]    [roam] !! E4-READINESS-GATE NON-CONVERGING: 8 stints / 8 no-progress — floor L3 still under target L46 (ace L61, gap 58). The reachable grind cannot bring the bench to qualifying shape from here. STANDING DOWN — NOT entering the League under-shape (a monitor shift adjudicates HALT). levels=[61, 19, 19, 18, 25, 3]

   [campaign]    [roam] RESULT: head_to_league -> stuck | pos (3, 38)(0, 17) -> (3, 38)(0, 17) (NO MOVEMENT)

   [campaign]    [world] learned 2 warp(s) on (3, 38): (60, 8)->(1, 83), (72, 14)->(1, 83)

   [campaign]    [roam] grass she KNOWS: routing east -> (3, 37) toward Route 15 (FORWARD — on the road to the objective, visited grass, avoiding any wall)

   [campaign]    [roam] !! CREATOR ORDER (LAW): the strengthen-first prep stands down — Jonny said go, so she goes

   [campaign] -- ROAM TICK 40/100000000 --

   [campaign]    [roam] STATE IN: Route 20 (0, 17) | badges=8 (Boulder, Cascade, Thunder, Rainbow, Soul, Marsh, Volcano, Earth) | party=[blastoise L61, rattata L19, kadabra L19, diglett L18, lapras L25, pidgey L3] | 8 badge(s) earned (Boulder, Cascade, Thunder, Rainbow, Soul, Marsh, Volcano, Earth). All 8 badges earned. Pokédex: 14 caught. All 8 badges — Victory Road and the Elite Four are next. This is the endgame.

   [campaign]    [roam] PROGRESS: YELLOW (unchanged 3 ticks) | fp[(3, 38) (0,17) f1 -- badge8 $35730 party:189b bag:b018]

   [campaign]    [roam] OPTIONS OFFERED: ['head_to_league', 'battle', 'wander_catch', 'travel:3,33', 'travel:3,36', 'travel:3,39', 'travel:3,32', 'use_surf']

   [campaign]    [soul] surface_want FIRE -> Route 20

   [campaign]    [soul] ORACLE decision: kind=want ctx={'place': "You're on Route 20 — outdoors under open sky.. ALREADY BESIDE YOU — your current team: blastoise (L61), rattata (L19), abra the kadabra (L19), diglett (L18), lapras (L25), pidgey (L3). A want is something you DON'T yet have; never wish for a teammate who's already on your team.", 'map': (3, 38), 'badges': ['Boulder', 'Cascade', 'Thunder', 'Rainbow', 'Soul', 'Marsh', 'Volcano', 'Earth'], 'progress': '8 badge(s) earned (Boulder, Cascade, Thunder, Rainbow, Soul, Marsh, Volcano, Earth). All 8 badges earned. Pokédex: 14 caught. All 8 badges — Victory Road and the Elite Four are next. This is the endgame.', 'party': 'blastoise (L61), rattata (L19), abra the kadabra (L19), diglett (L18), lapras (L25), pidgey (L3)', 'goal': {'short': "You're ready — stop grinding and push forward to the next objective", 'medium': 'FIRST HM Fly — a girl in the hidden house on Route 16, just west of Celadon behind a cuttable tree, teaches your team to fly you between towns — the gym comes right after; that errand is the road', 'long': 'Take on the Elite Four'}} options=['eevee', 'fossil', 'starters', 'rare', 'legendaries']

   [kira-voice] ORACLE kind=want options=['eevee', 'fossil', 'starters', 'rare', 'legendaries'] -> pick='Articuno — but supplies in Pewter first'

   [campaign]    [soul] ORACLE pick -> 'Articuno — but supplies in Pewter first'

   [campaign]    [roam] !! MACRO YELLOW: no progress 3 ticks — feeding awareness back to the oracle: "You keep trying to head to league but the world hasn't changed in 3 turns - it went 'stuck', and you don't seem to be getting anywhere."

   [campaign]    [roam] !! REPEAT-NO-PROGRESS: 'head_to_league' repeated with a stuck fingerprint — nudging a different action

   [campaign]    [soul] ORACLE decision: kind=action ctx={'place': 'You\'re on Route 20 — outdoors under open sky.. From here: EAST → Route 19; WEST → Cinnabar Island — a Mart, a Pokémon Center. Places you\'ve been with wild Pokémon you can walk back to: Route 15; Route 18; Route 21. You can walk to anywhere you\'ve already been. You have SURF — you can cross water. Field moves ready: CUT, STRENGTH.. Okay — to get past this I need HM Fly — a girl in the hidden house on Route 16, just west of Celadon behind a cuttable tree, teaches your team to fly you between towns.. You keep trying to head to league but the world hasn\'t changed in 3 turns - it went \'stuck\', and you don\'t seem to be getting anywhere.. HOW POKÉMON WORKS (what you\'re playing for): the GOAL is to earn 8 Gym Badges, beat the Elite Four, and roll the credits — that\'s beating the game. You build a TEAM of up to 6 Pokémon you like AND that cover each other (types/roles) — a solo carry with a dead-weight bench is a losing setup; a real trainer fields a balanced, levelled squad. CATCHING wild Pokémon is central (\'gotta catch \'em all\') — you catch to build that team and to fill the Pokédex. When you meet a wild Pokémon, weigh it: is it cool/strong/useful, does it cover a gap, is it better than a bench-warmer? — keep your best ~6, and build a squad you actually like. THE ARC: build a team -> beat the 8 gyms prepared -> Elite Four -> credits. ALSO NORMAL: you entered your own name (and your rival\'s) when the game began — people in this world knowing your names is ordinary, not a mystery to react to. RIGHT NOW your team is thin/lopsided (a strong lead but weak or too few others) — that\'s why tough trainers wall you. Building up a real squad (catch a good new teammate, level the weak ones) is how a prepared trainer gets past these. THE MAIN QUEST IS A FIXED PATH you\'re always on: beat the 8 Gym Leaders in order, then the Elite Four, then you win the game. All 8 badges are yours — the Elite Four is the final challenge before the credits. Word on the road about the Elite Four: the Elite Four open with an ice-and-water lady — folks say lightning and grass are how you slip past her; and then the dragon master himself — and everyone says the same thing: ice is the only thing a dragon truly fears. YOUR STORY SO FAR (what you\'ve actually done — your past, not the future): All eight Gym Badges are yours. The Elite Four and the Champion are the summit.. Next on my list: catch an growlithe around Route 7 / Route 8. It grows into my arcanine — that\'s my answer for Champion down the line. Grabbing it now, before I need it.. THINGS YOU\'VE HEARD AND READ (from people and signs — your own notes, use them when they point somewhere): "I had a vision of your arrival. I have had psychic powers since I was a child. It started when a spoon I carelessly tossed, bent. I dislike battling, but if you"; "Sealed within that TM06 lies TOXIC! It is a secret technique dating back some four hundred years."; "KIRA put the TM06 in the TM CASE."; "KIRA received TM06 from KOGA.". YOUR PLAN — right now: You\'re ready — stop grinding and push forward to the next objective. Next: FIRST HM Fly — a girl in the hidden house on Route 16, just west of Celadon behind a cuttable tree, teaches your team to fly you between towns — the gym comes right after; that errand is the road. Bigger picture: Take on the Elite Four. Your team right now: blastoise (L61), rattata (L19), abra the kadabra (L19), diglett (L18), lapras (L25), pidgey (L3). Remember YOU are the one playing this — narrate your plan to chat in your own voice (first person: "I\'m grinding", "my team"), and never ask anyone what you\'re doing or who\'s on your team — you know.. HEADS UP — you just chose \'head_to_league\' and NOTHING changed (same spot, no progress). Repeating it again will do the same nothing. Pick a DIFFERENT action this time and break the loop.', 'progress': '8 badge(s) earned (Boulder, Cascade, Thunder, Rainbow, Soul, Marsh, Volcano, Earth). All 8 badges earned. Pokédex: 14 caught. All 8 badges — Victory Road and the Elite Four are next. This is the endgame.', 'party': 'blastoise (L61), rattata (L19), abra the kadabra (L19), diglett (L18), lapras (L25), pidgey (L3)', 'goal': {'short': "You're ready — stop grinding and push forward to the next objective", 'medium': 'FIRST HM Fly — a girl in the hidden house on Route 16, just west of Celadon behind a cuttable tree, teaches your team to fly you between towns — the gym comes right after; that errand is the road', 'long': 'Take on the Elite Four'}, 'strategy': "1) WAR PREP: the Elite Four is five fights with NO Center between them — full restores, revives, ethers, and a levelled WHOLE team, or don't walk in.\n2) TEAM BUILD: growlithe -> arcanine answers Champion.\n3) DEX PUSH: 14/50 species caught — at 50 the Route 15 aide (by Fuchsia) hands over the EXP. SHARE (the whole bench levels off every fight). Catch every NEW species you cross; never wander just to hunt.\n4) ICE BEAM FUND: ¥44,770 short of the Game Corner TM13 budget (~¥80,500 total). Ice Beam on the ace freezes everything left — Venusaur, Lance's dragons, the birds. Fight your battles for the payouts, sell loot at marts, buy supplies but never splurge. It arms itself when funded.\n5) STANDING ORDERS: the goal is ROLL CREDITS. Forward progress beats wandering; heal beats fighting hurt; type advantage decides fights; build the planned team, not just the ace."} options=['head_to_league', 'battle', 'wander_catch', 'travel:3,33', 'travel:3,36', 'travel:3,39', 'travel:3,32', 'use_surf']

   [kira-voice] -> T2·savor· (want) 'Articuno — but supplies in Pewter first'  fired=True  [age 0.0s + post 4ms]

   [kira-voice] ORACLE kind=action options=['head_to_league', 'battle', 'wander_catch', 'travel:3,33', 'travel:3,36', 'travel:3,39', 'travel:3,32', 'use_surf'] -> pick='use_surf'

   [campaign]    [soul] ORACLE pick -> 'use_surf'

   [campaign]    [roam] DECISION THINK: 2261ms (world stayed live — pumped idle, not a freeze)

   [campaign]    [roam] PICK OUT: use_surf  <- her RECOVERY move (YELLOW)

   [campaign]    [roam] RATIONALE: You're ready — stop grinding and push forward to the next objective. then on to the Elite Four

   [Bridge] INPUT OWNER = 'agent' (sole writer; others dropped+logged)

   [kira-voice] -> T2·savor· (field) "there's something blocking the way — let me use Surf."  fired=True  [age 0.0s + post 5ms]

   [campaign]    [roam] field-move use_surf (face DOWN) -> no_prompt

   [campaign]    [roam] RESULT: use_surf -> no_prompt | pos (3, 38)(0, 17) -> (3, 38)(0, 17) (NO MOVEMENT)

   [campaign]    ⛰️  CAMPAIGN SAVE [tick40] -> campaign/kira_campaign.state  (map=(3, 38) coords=(0, 17) badges=8 party=6)

   [campaign]    [sanctity] bundle VALID (schema/encoding/truth/monotonic all clean)

   [campaign]    [world] learned 2 warp(s) on (3, 38): (60, 8)->(1, 83), (72, 14)->(1, 83)

   [campaign]    [roam] grass she KNOWS: routing east -> (3, 37) toward Route 15 (FORWARD — on the road to the objective, visited grass, avoiding any wall)

   [campaign]    [roam] !! CREATOR ORDER (LAW): the strengthen-first prep stands down — Jonny said go, so she goes

   [campaign] -- ROAM TICK 41/100000000 --

   [campaign]    [roam] STATE IN: Route 20 (0, 17) | badges=8 (Boulder, Cascade, Thunder, Rainbow, Soul, Marsh, Volcano, Earth) | party=[blastoise L61, rattata L19, kadabra L19, diglett L18, lapras L25, pidgey L3] | 8 badge(s) earned (Boulder, Cascade, Thunder, Rainbow, Soul, Marsh, Volcano, Earth). All 8 badges earned. Pokédex: 14 caught. All 8 badges — Victory Road and the Elite Four are next. This is the endgame.

   [campaign]    [roam] PROGRESS: YELLOW (unchanged 4 ticks) | fp[(3, 38) (0,17) f1 -- badge8 $35730 party:189b bag:b018]

   [campaign]    [roam] OPTIONS OFFERED: ['head_to_league', 'battle', 'wander_catch', 'travel:3,33', 'travel:3,36', 'travel:3,39', 'travel:3,32', 'use_surf']

   [campaign]    [roam] !! MACRO YELLOW: no progress 4 ticks — feeding awareness back to the oracle: "You keep trying to use surf but the world hasn't changed in 4 turns - it went 'no_prompt', and you don't seem to be getting anywhere."

   [campaign]    [soul] ORACLE decision: kind=action ctx={'place': 'You\'re on Route 20 — outdoors under open sky.. From here: EAST → Route 19; WEST → Cinnabar Island — a Mart, a Pokémon Center. Places you\'ve been with wild Pokémon you can walk back to: Route 15; Route 18; Route 21. You can walk to anywhere you\'ve already been. You have SURF — you can cross water. Field moves ready: CUT, STRENGTH.. Okay — to get past this I need HM Fly — a girl in the hidden house on Route 16, just west of Celadon behind a cuttable tree, teaches your team to fly you between towns.. You keep trying to use surf but the world hasn\'t changed in 4 turns - it went \'no_prompt\', and you don\'t seem to be getting anywhere.. HOW POKÉMON WORKS (what you\'re playing for): the GOAL is to earn 8 Gym Badges, beat the Elite Four, and roll the credits — that\'s beating the game. You build a TEAM of up to 6 Pokémon you like AND that cover each other (types/roles) — a solo carry with a dead-weight bench is a losing setup; a real trainer fields a balanced, levelled squad. CATCHING wild Pokémon is central (\'gotta catch \'em all\') — you catch to build that team and to fill the Pokédex. When you meet a wild Pokémon, weigh it: is it cool/strong/useful, does it cover a gap, is it better than a bench-warmer? — keep your best ~6, and build a squad you actually like. THE ARC: build a team -> beat the 8 gyms prepared -> Elite Four -> credits. ALSO NORMAL: you entered your own name (and your rival\'s) when the game began — people in this world knowing your names is ordinary, not a mystery to react to. RIGHT NOW your team is thin/lopsided (a strong lead but weak or too few others) — that\'s why tough trainers wall you. Building up a real squad (catch a good new teammate, level the weak ones) is how a prepared trainer gets past these. THE MAIN QUEST IS A FIXED PATH you\'re always on: beat the 8 Gym Leaders in order, then the Elite Four, then you win the game. All 8 badges are yours — the Elite Four is the final challenge before the credits. Word on the road about the Elite Four: the Elite Four open with an ice-and-water lady — folks say lightning and grass are how you slip past her; and then the dragon master himself — and everyone says the same thing: ice is the only thing a dragon truly fears. YOUR STORY SO FAR (what you\'ve actually done — your past, not the future): All eight Gym Badges are yours. The Elite Four and the Champion are the summit.. Next on my list: catch an growlithe around Route 7 / Route 8. It grows into my arcanine — that\'s my answer for Champion down the line. Grabbing it now, before I need it.. THINGS YOU\'VE HEARD AND READ (from people and signs — your own notes, use them when they point somewhere): "I had a vision of your arrival. I have had psychic powers since I was a child. It started when a spoon I carelessly tossed, bent. I dislike battling, but if you"; "Sealed within that TM06 lies TOXIC! It is a secret technique dating back some four hundred years."; "KIRA put the TM06 in the TM CASE."; "KIRA received TM06 from KOGA.". YOUR PLAN — right now: You\'re ready — stop grinding and push forward to the next objective. Next: FIRST HM Fly — a girl in the hidden house on Route 16, just west of Celadon behind a cuttable tree, teaches your team to fly you between towns — the gym comes right after; that errand is the road. Bigger picture: Take on the Elite Four. Your team right now: blastoise (L61), rattata (L19), abra the kadabra (L19), diglett (L18), lapras (L25), pidgey (L3). Remember YOU are the one playing this — narrate your plan to chat in your own voice (first person: "I\'m grinding", "my team"), and never ask anyone what you\'re doing or who\'s on your team — you know.', 'progress': '8 badge(s) earned (Boulder, Cascade, Thunder, Rainbow, Soul, Marsh, Volcano, Earth). All 8 badges earned. Pokédex: 14 caught. All 8 badges — Victory Road and the Elite Four are next. This is the endgame.', 'party': 'blastoise (L61), rattata (L19), abra the kadabra (L19), diglett (L18), lapras (L25), pidgey (L3)', 'goal': {'short': "You're ready — stop grinding and push forward to the next objective", 'medium': 'FIRST HM Fly — a girl in the hidden house on Route 16, just west of Celadon behind a cuttable tree, teaches your team to fly you between towns — the gym comes right after; that errand is the road', 'long': 'Take on the Elite Four'}, 'strategy': "1) WAR PREP: the Elite Four is five fights with NO Center between them — full restores, revives, ethers, and a levelled WHOLE team, or don't walk in.\n2) TEAM BUILD: growlithe -> arcanine answers Champion.\n3) DEX PUSH: 14/50 species caught — at 50 the Route 15 aide (by Fuchsia) hands over the EXP. SHARE (the whole bench levels off every fight). Catch every NEW species you cross; never wander just to hunt.\n4) ICE BEAM FUND: ¥44,770 short of the Game Corner TM13 budget (~¥80,500 total). Ice Beam on the ace freezes everything left — Venusaur, Lance's dragons, the birds. Fight your battles for the payouts, sell loot at marts, buy supplies but never splurge. It arms itself when funded.\n5) STANDING ORDERS: the goal is ROLL CREDITS. Forward progress beats wandering; heal beats fighting hurt; type advantage decides fights; build the planned team, not just the ace."} options=['head_to_league', 'battle', 'wander_catch', 'travel:3,33', 'travel:3,36', 'travel:3,39', 'travel:3,32', 'use_surf']

   [kira-voice] ORACLE kind=action options=['head_to_league', 'battle', 'wander_catch', 'travel:3,33', 'travel:3,36', 'travel:3,39', 'travel:3,32', 'use_surf'] -> pick='head_to_league'

   [campaign]    [soul] ORACLE pick -> 'head_to_league'

   [campaign]    [roam] DECISION THINK: 3010ms (world stayed live — pumped idle, not a freeze)

   [campaign]    [roam] PICK OUT: head_to_league  <- her RECOVERY move (YELLOW)

   [campaign]    [roam] RATIONALE: You're ready — stop grinding and push forward to the next objective. then on to the Elite Four

   [campaign]    [roam] !! E4-READINESS-GATE NON-CONVERGING: 8 stints / 8 no-progress — floor L3 still under target L46 (ace L61, gap 58). The reachable grind cannot bring the bench to qualifying shape from here. STANDING DOWN — NOT entering the League under-shape (a monitor shift adjudicates HALT). levels=[61, 19, 19, 18, 25, 3]

   [campaign]    [roam] RESULT: head_to_league -> stuck | pos (3, 38)(0, 17) -> (3, 38)(0, 17) (NO MOVEMENT)

   [campaign]    [world] learned 2 warp(s) on (3, 38): (60, 8)->(1, 83), (72, 14)->(1, 83)

   [campaign]    [roam] grass she KNOWS: routing east -> (3, 37) toward Route 15 (FORWARD — on the road to the objective, visited grass, avoiding any wall)

   [campaign]    [roam] !! CREATOR ORDER (LAW): the strengthen-first prep stands down — Jonny said go, so she goes

   [campaign] -- ROAM TICK 42/100000000 --

   [campaign]    [roam] STATE IN: Route 20 (0, 17) | badges=8 (Boulder, Cascade, Thunder, Rainbow, Soul, Marsh, Volcano, Earth) | party=[blastoise L61, rattata L19, kadabra L19, diglett L18, lapras L25, pidgey L3] | 8 badge(s) earned (Boulder, Cascade, Thunder, Rainbow, Soul, Marsh, Volcano, Earth). All 8 badges earned. Pokédex: 14 caught. All 8 badges — Victory Road and the Elite Four are next. This is the endgame.

   [campaign]    [roam] PROGRESS: YELLOW (unchanged 5 ticks) | fp[(3, 38) (0,17) f1 -- badge8 $35730 party:189b bag:b018]

   [campaign]    [roam] OPTIONS OFFERED: ['head_to_league', 'battle', 'wander_catch', 'travel:3,33', 'travel:3,36', 'travel:3,39', 'travel:3,32', 'use_surf']

   [campaign]    [roam] !! MACRO YELLOW: no progress 5 ticks — feeding awareness back to the oracle: "You keep trying to head to league but the world hasn't changed in 5 turns - it went 'stuck', and you don't seem to be getting anywhere."

   [campaign]    [soul] ORACLE decision: kind=action ctx={'place': 'You\'re on Route 20 — outdoors under open sky.. From here: EAST → Route 19; WEST → Cinnabar Island — a Mart, a Pokémon Center. Places you\'ve been with wild Pokémon you can walk back to: Route 15; Route 18; Route 21. You can walk to anywhere you\'ve already been. You have SURF — you can cross water. Field moves ready: CUT, STRENGTH.. Okay — to get past this I need HM Fly — a girl in the hidden house on Route 16, just west of Celadon behind a cuttable tree, teaches your team to fly you between towns.. You keep trying to head to league but the world hasn\'t changed in 5 turns - it went \'stuck\', and you don\'t seem to be getting anywhere.. HOW POKÉMON WORKS (what you\'re playing for): the GOAL is to earn 8 Gym Badges, beat the Elite Four, and roll the credits — that\'s beating the game. You build a TEAM of up to 6 Pokémon you like AND that cover each other (types/roles) — a solo carry with a dead-weight bench is a losing setup; a real trainer fields a balanced, levelled squad. CATCHING wild Pokémon is central (\'gotta catch \'em all\') — you catch to build that team and to fill the Pokédex. When you meet a wild Pokémon, weigh it: is it cool/strong/useful, does it cover a gap, is it better than a bench-warmer? — keep your best ~6, and build a squad you actually like. THE ARC: build a team -> beat the 8 gyms prepared -> Elite Four -> credits. ALSO NORMAL: you entered your own name (and your rival\'s) when the game began — people in this world knowing your names is ordinary, not a mystery to react to. RIGHT NOW your team is thin/lopsided (a strong lead but weak or too few others) — that\'s why tough trainers wall you. Building up a real squad (catch a good new teammate, level the weak ones) is how a prepared trainer gets past these. THE MAIN QUEST IS A FIXED PATH you\'re always on: beat the 8 Gym Leaders in order, then the Elite Four, then you win the game. All 8 badges are yours — the Elite Four is the final challenge before the credits. Word on the road about the Elite Four: the Elite Four open with an ice-and-water lady — folks say lightning and grass are how you slip past her; and then the dragon master himself — and everyone says the same thing: ice is the only thing a dragon truly fears. YOUR STORY SO FAR (what you\'ve actually done — your past, not the future): All eight Gym Badges are yours. The Elite Four and the Champion are the summit.. Next on my list: catch an growlithe around Route 7 / Route 8. It grows into my arcanine — that\'s my answer for Champion down the line. Grabbing it now, before I need it.. THINGS YOU\'VE HEARD AND READ (from people and signs — your own notes, use them when they point somewhere): "I had a vision of your arrival. I have had psychic powers since I was a child. It started when a spoon I carelessly tossed, bent. I dislike battling, but if you"; "Sealed within that TM06 lies TOXIC! It is a secret technique dating back some four hundred years."; "KIRA put the TM06 in the TM CASE."; "KIRA received TM06 from KOGA.". YOUR PLAN — right now: You\'re ready — stop grinding and push forward to the next objective. Next: FIRST HM Fly — a girl in the hidden house on Route 16, just west of Celadon behind a cuttable tree, teaches your team to fly you between towns — the gym comes right after; that errand is the road. Bigger picture: Take on the Elite Four. Your team right now: blastoise (L61), rattata (L19), abra the kadabra (L19), diglett (L18), lapras (L25), pidgey (L3). Remember YOU are the one playing this — narrate your plan to chat in your own voice (first person: "I\'m grinding", "my team"), and never ask anyone what you\'re doing or who\'s on your team — you know.', 'progress': '8 badge(s) earned (Boulder, Cascade, Thunder, Rainbow, Soul, Marsh, Volcano, Earth). All 8 badges earned. Pokédex: 14 caught. All 8 badges — Victory Road and the Elite Four are next. This is the endgame.', 'party': 'blastoise (L61), rattata (L19), abra the kadabra (L19), diglett (L18), lapras (L25), pidgey (L3)', 'goal': {'short': "You're ready — stop grinding and push forward to the next objective", 'medium': 'FIRST HM Fly — a girl in the hidden house on Route 16, just west of Celadon behind a cuttable tree, teaches your team to fly you between towns — the gym comes right after; that errand is the road', 'long': 'Take on the Elite Four'}, 'strategy': "1) WAR PREP: the Elite Four is five fights with NO Center between them — full restores, revives, ethers, and a levelled WHOLE team, or don't walk in.\n2) TEAM BUILD: growlithe -> arcanine answers Champion.\n3) DEX PUSH: 14/50 species caught — at 50 the Route 15 aide (by Fuchsia) hands over the EXP. SHARE (the whole bench levels off every fight). Catch every NEW species you cross; never wander just to hunt.\n4) ICE BEAM FUND: ¥44,770 short of the Game Corner TM13 budget (~¥80,500 total). Ice Beam on the ace freezes everything left — Venusaur, Lance's dragons, the birds. Fight your battles for the payouts, sell loot at marts, buy supplies but never splurge. It arms itself when funded.\n5) STANDING ORDERS: the goal is ROLL CREDITS. Forward progress beats wandering; heal beats fighting hurt; type advantage decides fights; build the planned team, not just the ace."} options=['head_to_league', 'battle', 'wander_catch', 'travel:3,33', 'travel:3,36', 'travel:3,39', 'travel:3,32', 'use_surf']

   [kira-voice] ORACLE kind=action options=['head_to_league', 'battle', 'wander_catch', 'travel:3,33', 'travel:3,36', 'travel:3,39', 'travel:3,32', 'use_surf'] -> pick='head_to_league'

   [campaign]    [soul] ORACLE pick -> 'head_to_league'

   [campaign]    [roam] DECISION THINK: 2084ms (world stayed live — pumped idle, not a freeze)

   [campaign]    [roam] PICK OUT: head_to_league  <- her RECOVERY move (YELLOW)

   [campaign]    [roam] RATIONALE: You're ready — stop grinding and push forward to the next objective. then on to the Elite Four

   [campaign]    [roam] !! E4-READINESS-GATE NON-CONVERGING: 8 stints / 8 no-progress — floor L3 still under target L46 (ace L61, gap 58). The reachable grind cannot bring the bench to qualifying shape from here. STANDING DOWN — NOT entering the League under-shape (a monitor shift adjudicates HALT). levels=[61, 19, 19, 18, 25, 3]

   [campaign]    [roam] RESULT: head_to_league -> stuck | pos (3, 38)(0, 17) -> (3, 38)(0, 17) (NO MOVEMENT)

   [campaign]    ⛰️  CAMPAIGN SAVE [tick42] -> campaign/kira_campaign.state  (map=(3, 38) coords=(0, 17) badges=8 party=6)

   [campaign]    [sanctity] bundle VALID (schema/encoding/truth/monotonic all clean)

   [campaign]    [world] learned 2 warp(s) on (3, 38): (60, 8)->(1, 83), (72, 14)->(1, 83)

   [campaign]    [roam] grass she KNOWS: routing east -> (3, 37) toward Route 15 (FORWARD — on the road to the objective, visited grass, avoiding any wall)

   [campaign]    [roam] !! CREATOR ORDER (LAW): the strengthen-first prep stands down — Jonny said go, so she goes

   [campaign] -- ROAM TICK 43/100000000 --

   [campaign]    [roam] STATE IN: Route 20 (0, 17) | badges=8 (Boulder, Cascade, Thunder, Rainbow, Soul, Marsh, Volcano, Earth) | party=[blastoise L61, rattata L19, kadabra L19, diglett L18, lapras L25, pidgey L3] | 8 badge(s) earned (Boulder, Cascade, Thunder, Rainbow, Soul, Marsh, Volcano, Earth). All 8 badges earned. Pokédex: 14 caught. All 8 badges — Victory Road and the Elite Four are next. This is the endgame.

   [campaign]    [roam] PROGRESS: RED (unchanged 6 ticks) | fp[(3, 38) (0,17) f1 -- badge8 $35730 party:189b bag:b018]

   [campaign]    [roam] OPTIONS OFFERED: ['head_to_league', 'battle', 'wander_catch', 'travel:3,33', 'travel:3,36', 'travel:3,39', 'travel:3,32', 'use_surf']

   [campaign]    [soul] surface_want FIRE -> Route 20

   [campaign]    [soul] ORACLE decision: kind=want ctx={'place': "You're on Route 20 — outdoors under open sky.. ALREADY BESIDE YOU — your current team: blastoise (L61), rattata (L19), abra the kadabra (L19), diglett (L18), lapras (L25), pidgey (L3). A want is something you DON'T yet have; never wish for a teammate who's already on your team.", 'map': (3, 38), 'badges': ['Boulder', 'Cascade', 'Thunder', 'Rainbow', 'Soul', 'Marsh', 'Volcano', 'Earth'], 'progress': '8 badge(s) earned (Boulder, Cascade, Thunder, Rainbow, Soul, Marsh, Volcano, Earth). All 8 badges earned. Pokédex: 14 caught. All 8 badges — Victory Road and the Elite Four are next. This is the endgame.', 'party': 'blastoise (L61), rattata (L19), abra the kadabra (L19), diglett (L18), lapras (L25), pidgey (L3)', 'goal': {'short': "You're ready — stop grinding and push forward to the next objective", 'medium': 'FIRST HM Fly — a girl in the hidden house on Route 16, just west of Celadon behind a cuttable tree, teaches your team to fly you between towns — the gym comes right after; that errand is the road', 'long': 'Take on the Elite Four'}} options=['eevee', 'fossil', 'starters', 'rare', 'legendaries']

   [kira-voice] ORACLE kind=want options=['eevee', 'fossil', 'starters', 'rare', 'legendaries'] -> pick='get to Pewter City Mart, stock up for Elite Four'

   [campaign]    [soul] ORACLE pick -> 'get to Pewter City Mart, stock up for Elite Four'

   [campaign]    [roam] !! MACRO RED: no progress 6 ticks — feeding awareness back to the oracle: "You keep trying to head to league but the world hasn't changed in 6 turns - it went 'stuck', and you're completely stuck."

   [campaign]    [roam] !! REPEAT-NO-PROGRESS: 'head_to_league' repeated with a stuck fingerprint — nudging a different action

   [campaign]    [soul] ORACLE decision: kind=action ctx={'place': 'You\'re on Route 20 — outdoors under open sky.. From here: EAST → Route 19; WEST → Cinnabar Island — a Mart, a Pokémon Center. Places you\'ve been with wild Pokémon you can walk back to: Route 15; Route 18; Route 21. You can walk to anywhere you\'ve already been. You have SURF — you can cross water. Field moves ready: CUT, STRENGTH.. Okay — to get past this I need HM Fly — a girl in the hidden house on Route 16, just west of Celadon behind a cuttable tree, teaches your team to fly you between towns.. You keep trying to head to league but the world hasn\'t changed in 6 turns - it went \'stuck\', and you\'re completely stuck.. HOW POKÉMON WORKS (what you\'re playing for): the GOAL is to earn 8 Gym Badges, beat the Elite Four, and roll the credits — that\'s beating the game. You build a TEAM of up to 6 Pokémon you like AND that cover each other (types/roles) — a solo carry with a dead-weight bench is a losing setup; a real trainer fields a balanced, levelled squad. CATCHING wild Pokémon is central (\'gotta catch \'em all\') — you catch to build that team and to fill the Pokédex. When you meet a wild Pokémon, weigh it: is it cool/strong/useful, does it cover a gap, is it better than a bench-warmer? — keep your best ~6, and build a squad you actually like. THE ARC: build a team -> beat the 8 gyms prepared -> Elite Four -> credits. ALSO NORMAL: you entered your own name (and your rival\'s) when the game began — people in this world knowing your names is ordinary, not a mystery to react to. RIGHT NOW your team is thin/lopsided (a strong lead but weak or too few others) — that\'s why tough trainers wall you. Building up a real squad (catch a good new teammate, level the weak ones) is how a prepared trainer gets past these. THE MAIN QUEST IS A FIXED PATH you\'re always on: beat the 8 Gym Leaders in order, then the Elite Four, then you win the game. All 8 badges are yours — the Elite Four is the final challenge before the credits. Word on the road about the Elite Four: the Elite Four open with an ice-and-water lady — folks say lightning and grass are how you slip past her; and then the dragon master himself — and everyone says the same thing: ice is the only thing a dragon truly fears. YOUR STORY SO FAR (what you\'ve actually done — your past, not the future): All eight Gym Badges are yours. The Elite Four and the Champion are the summit.. Next on my list: catch an growlithe around Route 7 / Route 8. It grows into my arcanine — that\'s my answer for Champion down the line. Grabbing it now, before I need it.. THINGS YOU\'VE HEARD AND READ (from people and signs — your own notes, use them when they point somewhere): "I had a vision of your arrival. I have had psychic powers since I was a child. It started when a spoon I carelessly tossed, bent. I dislike battling, but if you"; "Sealed within that TM06 lies TOXIC! It is a secret technique dating back some four hundred years."; "KIRA put the TM06 in the TM CASE."; "KIRA received TM06 from KOGA.". YOUR PLAN — right now: You\'re ready — stop grinding and push forward to the next objective. Next: FIRST HM Fly — a girl in the hidden house on Route 16, just west of Celadon behind a cuttable tree, teaches your team to fly you between towns — the gym comes right after; that errand is the road. Bigger picture: Take on the Elite Four. Your team right now: blastoise (L61), rattata (L19), abra the kadabra (L19), diglett (L18), lapras (L25), pidgey (L3). Remember YOU are the one playing this — narrate your plan to chat in your own voice (first person: "I\'m grinding", "my team"), and never ask anyone what you\'re doing or who\'s on your team — you know.. HEADS UP — you just chose \'head_to_league\' and NOTHING changed (same spot, no progress). Repeating it again will do the same nothing. Pick a DIFFERENT action this time and break the loop.', 'progress': '8 badge(s) earned (Boulder, Cascade, Thunder, Rainbow, Soul, Marsh, Volcano, Earth). All 8 badges earned. Pokédex: 14 caught. All 8 badges — Victory Road and the Elite Four are next. This is the endgame.', 'party': 'blastoise (L61), rattata (L19), abra the kadabra (L19), diglett (L18), lapras (L25), pidgey (L3)', 'goal': {'short': "You're ready — stop grinding and push forward to the next objective", 'medium': 'FIRST HM Fly — a girl in the hidden house on Route 16, just west of Celadon behind a cuttable tree, teaches your team to fly you between towns — the gym comes right after; that errand is the road', 'long': 'Take on the Elite Four'}, 'strategy': "1) WAR PREP: the Elite Four is five fights with NO Center between them — full restores, revives, ethers, and a levelled WHOLE team, or don't walk in.\n2) TEAM BUILD: growlithe -> arcanine answers Champion.\n3) DEX PUSH: 14/50 species caught — at 50 the Route 15 aide (by Fuchsia) hands over the EXP. SHARE (the whole bench levels off every fight). Catch every NEW species you cross; never wander just to hunt.\n4) ICE BEAM FUND: ¥44,770 short of the Game Corner TM13 budget (~¥80,500 total). Ice Beam on the ace freezes everything left — Venusaur, Lance's dragons, the birds. Fight your battles for the payouts, sell loot at marts, buy supplies but never splurge. It arms itself when funded.\n5) STANDING ORDERS: the goal is ROLL CREDITS. Forward progress beats wandering; heal beats fighting hurt; type advantage decides fights; build the planned team, not just the ace."} options=['head_to_league', 'battle', 'wander_catch', 'travel:3,33', 'travel:3,36', 'travel:3,39', 'travel:3,32', 'use_surf']   [kira-voice] -> T2·savor· (want) 'get to Pewter City Mart, stock up for Elite Four'  fired=True  [age 0.0s + post 4ms]



   [kira-voice] ORACLE kind=action options=['head_to_league', 'battle', 'wander_catch', 'travel:3,33', 'travel:3,36', 'travel:3,39', 'travel:3,32', 'use_surf'] -> pick='use_surf'

   [campaign]    [soul] ORACLE pick -> 'use_surf'

   [campaign]    [roam] DECISION THINK: 3992ms (world stayed live — pumped idle, not a freeze)

   [campaign]    [roam] PICK OUT: use_surf  <- her RECOVERY move (RED)

   [campaign]    [roam] RATIONALE: You're ready — stop grinding and push forward to the next objective. then on to the Elite Four

   [Bridge] INPUT OWNER = 'agent' (sole writer; others dropped+logged)

   [kira-voice] -> T2·savor· (field) "there's something blocking the way — let me use Surf."  fired=True  [age 0.0s + post 12ms]

   [campaign]    [roam] field-move use_surf (face DOWN) -> no_prompt

   [campaign]    [roam] RESULT: use_surf -> no_prompt | pos (3, 38)(0, 17) -> (3, 38)(0, 17) (NO MOVEMENT)

   [campaign]    [world] learned 2 warp(s) on (3, 38): (60, 8)->(1, 83), (72, 14)->(1, 83)

   [campaign]    [roam] grass she KNOWS: routing east -> (3, 37) toward Route 15 (FORWARD — on the road to the objective, visited grass, avoiding any wall)

   [campaign]    [roam] !! CREATOR ORDER (LAW): the strengthen-first prep stands down — Jonny said go, so she goes

   [campaign] -- ROAM TICK 44/100000000 --

   [campaign]    [roam] STATE IN: Route 20 (0, 17) | badges=8 (Boulder, Cascade, Thunder, Rainbow, Soul, Marsh, Volcano, Earth) | party=[blastoise L61, rattata L19, kadabra L19, diglett L18, lapras L25, pidgey L3] | 8 badge(s) earned (Boulder, Cascade, Thunder, Rainbow, Soul, Marsh, Volcano, Earth). All 8 badges earned. Pokédex: 14 caught. All 8 badges — Victory Road and the Elite Four are next. This is the endgame.

   [campaign]    [roam] PROGRESS: RED (unchanged 7 ticks) | fp[(3, 38) (0,17) f1 -- badge8 $35730 party:189b bag:b018]

   [campaign]    [roam] OPTIONS OFFERED: ['head_to_league', 'battle', 'wander_catch', 'travel:3,33', 'travel:3,36', 'travel:3,39', 'travel:3,32', 'use_surf']

   [campaign]    [roam] !! MACRO RED: no progress 7 ticks — feeding awareness back to the oracle: "You keep trying to use surf but the world hasn't changed in 7 turns - it went 'no_prompt', and you're completely stuck."

   [campaign]    [soul] ORACLE decision: kind=action ctx={'place': 'You\'re on Route 20 — outdoors under open sky.. From here: EAST → Route 19; WEST → Cinnabar Island — a Mart, a Pokémon Center. Places you\'ve been with wild Pokémon you can walk back to: Route 15; Route 18; Route 21. You can walk to anywhere you\'ve already been. You have SURF — you can cross water. Field moves ready: CUT, STRENGTH.. Okay — to get past this I need HM Fly — a girl in the hidden house on Route 16, just west of Celadon behind a cuttable tree, teaches your team to fly you between towns.. You keep trying to use surf but the world hasn\'t changed in 7 turns - it went \'no_prompt\', and you\'re completely stuck.. HOW POKÉMON WORKS (what you\'re playing for): the GOAL is to earn 8 Gym Badges, beat the Elite Four, and roll the credits — that\'s beating the game. You build a TEAM of up to 6 Pokémon you like AND that cover each other (types/roles) — a solo carry with a dead-weight bench is a losing setup; a real trainer fields a balanced, levelled squad. CATCHING wild Pokémon is central (\'gotta catch \'em all\') — you catch to build that team and to fill the Pokédex. When you meet a wild Pokémon, weigh it: is it cool/strong/useful, does it cover a gap, is it better than a bench-warmer? — keep your best ~6, and build a squad you actually like. THE ARC: build a team -> beat the 8 gyms prepared -> Elite Four -> credits. ALSO NORMAL: you entered your own name (and your rival\'s) when the game began — people in this world knowing your names is ordinary, not a mystery to react to. RIGHT NOW your team is thin/lopsided (a strong lead but weak or too few others) — that\'s why tough trainers wall you. Building up a real squad (catch a good new teammate, level the weak ones) is how a prepared trainer gets past these. THE MAIN QUEST IS A FIXED PATH you\'re always on: beat the 8 Gym Leaders in order, then the Elite Four, then you win the game. All 8 badges are yours — the Elite Four is the final challenge before the credits. Word on the road about the Elite Four: the Elite Four open with an ice-and-water lady — folks say lightning and grass are how you slip past her; and then the dragon master himself — and everyone says the same thing: ice is the only thing a dragon truly fears. YOUR STORY SO FAR (what you\'ve actually done — your past, not the future): All eight Gym Badges are yours. The Elite Four and the Champion are the summit.. Next on my list: catch an growlithe around Route 7 / Route 8. It grows into my arcanine — that\'s my answer for Champion down the line. Grabbing it now, before I need it.. THINGS YOU\'VE HEARD AND READ (from people and signs — your own notes, use them when they point somewhere): "I had a vision of your arrival. I have had psychic powers since I was a child. It started when a spoon I carelessly tossed, bent. I dislike battling, but if you"; "Sealed within that TM06 lies TOXIC! It is a secret technique dating back some four hundred years."; "KIRA put the TM06 in the TM CASE."; "KIRA received TM06 from KOGA.". YOUR PLAN — right now: You\'re ready — stop grinding and push forward to the next objective. Next: FIRST HM Fly — a girl in the hidden house on Route 16, just west of Celadon behind a cuttable tree, teaches your team to fly you between towns — the gym comes right after; that errand is the road. Bigger picture: Take on the Elite Four. Your team right now: blastoise (L61), rattata (L19), abra the kadabra (L19), diglett (L18), lapras (L25), pidgey (L3). Remember YOU are the one playing this — narrate your plan to chat in your own voice (first person: "I\'m grinding", "my team"), and never ask anyone what you\'re doing or who\'s on your team — you know.', 'progress': '8 badge(s) earned (Boulder, Cascade, Thunder, Rainbow, Soul, Marsh, Volcano, Earth). All 8 badges earned. Pokédex: 14 caught. All 8 badges — Victory Road and the Elite Four are next. This is the endgame.', 'party': 'blastoise (L61), rattata (L19), abra the kadabra (L19), diglett (L18), lapras (L25), pidgey (L3)', 'goal': {'short': "You're ready — stop grinding and push forward to the next objective", 'medium': 'FIRST HM Fly — a girl in the hidden house on Route 16, just west of Celadon behind a cuttable tree, teaches your team to fly you between towns — the gym comes right after; that errand is the road', 'long': 'Take on the Elite Four'}, 'strategy': "1) WAR PREP: the Elite Four is five fights with NO Center between them — full restores, revives, ethers, and a levelled WHOLE team, or don't walk in.\n2) TEAM BUILD: growlithe -> arcanine answers Champion.\n3) DEX PUSH: 14/50 species caught — at 50 the Route 15 aide (by Fuchsia) hands over the EXP. SHARE (the whole bench levels off every fight). Catch every NEW species you cross; never wander just to hunt.\n4) ICE BEAM FUND: ¥44,770 short of the Game Corner TM13 budget (~¥80,500 total). Ice Beam on the ace freezes everything left — Venusaur, Lance's dragons, the birds. Fight your battles for the payouts, sell loot at marts, buy supplies but never splurge. It arms itself when funded.\n5) STANDING ORDERS: the goal is ROLL CREDITS. Forward progress beats wandering; heal beats fighting hurt; type advantage decides fights; build the planned team, not just the ace."} options=['head_to_league', 'battle', 'wander_catch', 'travel:3,33', 'travel:3,36', 'travel:3,39', 'travel:3,32', 'use_surf']

   [kira-voice] ORACLE kind=action options=['head_to_league', 'battle', 'wander_catch', 'travel:3,33', 'travel:3,36', 'travel:3,39', 'travel:3,32', 'use_surf'] -> pick='head_to_league'

   [campaign]    [soul] ORACLE pick -> 'head_to_league'

   [campaign]    [roam] DECISION THINK: 2422ms (world stayed live — pumped idle, not a freeze)

   [campaign]    [roam] PICK OUT: head_to_league  <- her RECOVERY move (RED)

   [campaign]    [roam] RATIONALE: You're ready — stop grinding and push forward to the next objective. then on to the Elite Four

   [campaign]    [roam] !! E4-READINESS-GATE NON-CONVERGING: 8 stints / 8 no-progress — floor L3 still under target L46 (ace L61, gap 58). The reachable grind cannot bring the bench to qualifying shape from here. STANDING DOWN — NOT entering the League under-shape (a monitor shift adjudicates HALT). levels=[61, 19, 19, 18, 25, 3]

   [campaign]    [roam] RESULT: head_to_league -> stuck | pos (3, 38)(0, 17) -> (3, 38)(0, 17) (NO MOVEMENT)

   [campaign]    ⛰️  CAMPAIGN SAVE [tick44] -> campaign/kira_campaign.state  (map=(3, 38) coords=(0, 17) badges=8 party=6)

   [campaign]    [sanctity] bundle VALID (schema/encoding/truth/monotonic all clean)

   [campaign]    📌 AUTO-CHECKPOINT [periodic] -> checkpoints/20260804_161547_route-20_8b_29h47m_periodic  (4 bundle file(s))

   [campaign]    [world] learned 2 warp(s) on (3, 38): (60, 8)->(1, 83), (72, 14)->(1, 83)

   [campaign]    [roam] grass she KNOWS: routing east -> (3, 37) toward Route 15 (FORWARD — on the road to the objective, visited grass, avoiding any wall)

   [campaign]    [roam] !! CREATOR ORDER (LAW): the strengthen-first prep stands down — Jonny said go, so she goes

   [campaign] -- ROAM TICK 45/100000000 --

   [campaign]    [roam] STATE IN: Route 20 (0, 17) | badges=8 (Boulder, Cascade, Thunder, Rainbow, Soul, Marsh, Volcano, Earth) | party=[blastoise L61, rattata L19, kadabra L19, diglett L18, lapras L25, pidgey L3] | 8 badge(s) earned (Boulder, Cascade, Thunder, Rainbow, Soul, Marsh, Volcano, Earth). All 8 badges earned. Pokédex: 14 caught. All 8 badges — Victory Road and the Elite Four are next. This is the endgame.

   [campaign]    [roam] PROGRESS: RED (unchanged 8 ticks) | fp[(3, 38) (0,17) f1 -- badge8 $35730 party:189b bag:b018]

   [campaign]    [roam] !! HARD RECOVERY: RED 3 ticks — FORCING a route to the nearest Pokémon Center to break the position (not re-asking the oracle this tick)

   [kira-voice] -> T2·savor· (recover) "okay, this isn't working — I'm heading to the Pokémon Center to reset and figure out my next move."  fired=True  [age 0.0s + post 20ms]

   [campaign]    HEAL: unmapped (3, 38) — ADJACENT city Cinnabar Island (W) has a registered Center; one-edge heal excursion

   [campaign]    HEAL-EXCURSION: lead at (185, 188) - crossing west to (3, 8) to heal

   [Bridge] INPUT OWNER = 'agent' (sole writer; others dropped+logged)

   [travel] start map=(3, 38) coords=(0, 17) -> map (3, 8) (budget 120s, surf-capable)

   [travel] west connection band rows: [0, 1, 2, 3, 4, 5, 6, 7, 8, 9, 10, 11, 12, 13, 14, 15, 16, 17, 18, 19]

   [travel] MAP TRANSITION (3, 38) -> (3, 8)

   [campaign]    [world] learned 5 warp(s) on (3, 8): (8, 3)->(1, 59), (20, 4)->(12, 0), (8, 9)->(12, 1), (14, 11)->(12, 5), (19, 11)->(12, 7)

   [travel] west connection band rows: [0, 1, 2, 3, 4, 5, 6, 7, 8, 9, 10, 11, 12, 13, 14, 15, 16, 17, 18, 19]

   [travel] ARRIVED at target map (3, 8) coords=(23, 17)

   [kira-voice] ·floor· (<1s since last) T1 'made it to a new area'

   [campaign]    HEAL: lead at 185/188 -> routing to the Pokemon Center on (3, 8) via door (14, 11) (will return to (23, 17))

   [Bridge] INPUT OWNER = 'agent' (sole writer; others dropped+logged)

   [travel] start map=(3, 8) coords=(23, 17) -> coord (14, 12) (budget 120s, surf-capable)

   [travel] step 0: (23, 17)->(23, 16) map=(3, 8) (path 15 to exit)

   [travel] step 10: (18, 12)->(17, 12) map=(3, 8) (path 5 to exit)

   [travel] reached target coord (14, 12)

   [Bridge] INPUT OWNER = 'agent' (sole writer; others dropped+logged)

   [dialogue] +++ 'Welcome to our POK.MON CENTER! Would you like me to heal your POK.MON back to perfect health?'  tags=[]

   [kira-voice] -> T1·brisk· (dialogue) 'you read: "Welcome to our POK.MON CENTER! Would you like me to heal your POK.MON back to perfect health?"'  fired=True  [age 0.0s + post 3ms]

   [dialogue] +++ "Okay, I'll take your POK.MON for a few seconds."  tags=[]

   [kira-voice] -> T1·brisk· (dialogue) 'you read: "Okay, I\'ll take your POK.MON for a few seconds."'  fired=True  [age 0.0s + post 9ms]

   [dialogue] +++ "Thank you for waiting. We've restored your POK.MON to full health."  tags=[]

   [kira-voice] -> T1·brisk· (dialogue) 'you read: "Thank you for waiting. We\'ve restored your POK.MON to full health."'  fired=True  [age 0.0s + post 10ms]

   [campaign]    HEAL: restored party to full (lead was 185/188)

   [Bridge] INPUT OWNER = 'agent' (sole writer; others dropped+logged)

   [Bridge] INPUT OWNER = 'agent' (sole writer; others dropped+logged)

   [travel] start map=(12, 5) coords=(7, 4) -> coord (7, 7) (budget 60s, surf-capable)

   [travel] path blocked at (7, 4) (NPC on the gap?) - waiting

   [dialogue] +++ 'We hope to see you again!'  tags=[]

   [kira-voice] -> T1·brisk· (dialogue) 'you read: "We hope to see you again!"'  fired=True  [age 0.0s + post 4ms]

   [travel] no clean path from (7, 4); NPC-allowing path EXISTS (len 4), blocker NPC tile=None, npcs nearby=[(1, 4), (7, 2), (9, 7), (11, 5), (14, 6)] -> approaching to interact/trigger

   [travel] reached target coord (7, 7)

   [campaign]    [roam] watchdog: SCENE callback owns the screen (evolution/naming/cutscene) — deliberate stillness, watch resets until the world returns

   [campaign]    directional warp (7, 8) (behavior 0x65) entered via DOWN

   [campaign]    [world] learned 5 warp(s) on (3, 8): (8, 3)->(1, 59), (20, 4)->(12, 0), (8, 9)->(12, 1), (14, 11)->(12, 5), (19, 11)->(12, 7)

   [campaign]    EXIT-BUILDING: (12, 5) -> (3, 8)@(14, 12)

   [campaign]    HEAL: exited Center -> map=(3, 8) coords=(14, 12)

   [Bridge] INPUT OWNER = 'agent' (sole writer; others dropped+logged)

   [Bridge] INPUT OWNER = 'agent' (sole writer; others dropped+logged)

   [travel] start map=(3, 8) coords=(14, 12) -> coord (23, 17) (budget 120s, surf-capable)

   [travel] step 0: (14, 12)->(14, 13) map=(3, 8) (path 15 to exit)

   [Bridge] INPUT OWNER = 'agent' (sole writer; others dropped+logged)

   [dialogue] +++ 'The water is dyed a deep blue.. Would you like to SURF?'  tags=['TYPE']

   [kira-voice]    (dialogue tags: type)

   [kira-voice] -> T2·savor· (dialogue) 'you read: "The water is dyed a deep blue.. Would you like to SURF?"'  fired=True  [age 0.0s + post 8ms]

   [Bridge] INPUT OWNER = 'agent' (sole writer; others dropped+logged)

   [campaign]    [dlg hm-surf] 'The water is dyed a deep blue.. Would you like to SURF?'

   [dialogue] +++ 'BLASTOISE used SURF!'  tags=[]

   [kira-voice] -> T1·brisk· (dialogue) 'you read: "BLASTOISE used SURF!"'  fired=True  [age 0.0s + post 7ms]

   [campaign]    [dlg hm-surf] 'BLASTOISE used SURF!'

   [campaign]    [dlg-pace hm-surf] box 'The water is dyed a deep blue.. Would you like t' visible 1.27s (sink 0ms, hold 0.09s, end=next_box)

   [campaign]    [dlg-pace hm-surf] box 'BLASTOISE used SURF!' visible 2.65s (sink 0ms, hold 0.04s, end=closed)

   [travel] 🌊 SURF MOUNT at (14, 14) -> (14, 15) (map (3, 8))

   [kira-voice] -> T1·brisk· (beat) "okay — onto the water. Surf's up."  fired=True  [age 0.0s + post 6ms]

   [travel] step 10: (20, 16)->(20, 17) map=(3, 8) (path 5 to exit)

   [travel] reached target coord (23, 17)

   [campaign]    HEAL: returned toward (23, 17) -> arrived (now (23, 17))

   [Bridge] INPUT OWNER = 'agent' (sole writer; others dropped+logged)

   [travel] start map=(3, 8) coords=(23, 17) -> map (3, 38) (budget 120s, surf-capable)

   [travel] east connection band rows: [0, 1, 2, 3, 4, 5, 6, 7, 8, 9, 10, 11, 12, 13, 14, 15, 16, 17, 18, 19]

   [travel] step 0: (23, 17)->(0, 17) map=(3, 8) (path 2 to exit)

   [travel] MAP TRANSITION (3, 8) -> (3, 38)

   [campaign]    [world] learned 2 warp(s) on (3, 38): (60, 8)->(1, 83), (72, 14)->(1, 83)

   [travel] east connection band rows: [0, 1, 2, 3, 4, 5, 6, 7, 8, 9, 10, 11, 12, 13, 14, 15, 16, 17, 18, 19]

   [travel] ARRIVED at target map (3, 38) coords=(0, 17)

   [campaign]    HEAL-EXCURSION: healed + back on (3, 38) at (0, 17)

   [campaign]    [roam] !! HARD RECOVERY was a no-op (healed + returned to the same tile) — breaking the position ONE-WAY to an adjacent Center city

   [Bridge] INPUT OWNER = 'agent' (sole writer; others dropped+logged)

   [kira-voice] -> T1·brisk· (beat) 'made it to a new area'  fired=True  [age 0.0s + post 5ms]

   [travel] start map=(3, 38) coords=(0, 17) -> map (3, 8) (budget 300s, surf-capable)

   [travel] west connection band rows: [0, 1, 2, 3, 4, 5, 6, 7, 8, 9, 10, 11, 12, 13, 14, 15, 16, 17, 18, 19]

   [travel] MAP TRANSITION (3, 38) -> (3, 8)

   [campaign]    [world] learned 5 warp(s) on (3, 8): (8, 3)->(1, 59), (20, 4)->(12, 0), (8, 9)->(12, 1), (14, 11)->(12, 5), (19, 11)->(12, 7)

   [travel] west connection band rows: [0, 1, 2, 3, 4, 5, 6, 7, 8, 9, 10, 11, 12, 13, 14, 15, 16, 17, 18, 19]

   [travel] ARRIVED at target map (3, 8) coords=(23, 17)

   [campaign]    [roam] one-way position break west -> (3, 8): arrived

   [campaign]    ⛰️  CAMPAIGN SAVE [new_area] -> campaign/kira_campaign.state  (map=(3, 8) coords=(23, 17) badges=8 party=6)

   [campaign]    [sanctity] bundle VALID (schema/encoding/truth/monotonic all clean)

   [campaign]    📌 AUTO-CHECKPOINT [gain-new_area] -> checkpoints/20260804_161635_cinnabar-island_8b_29h47m_gain-new-area  (4 bundle file(s))

   [campaign]    [world] learned 5 warp(s) on (3, 8): (8, 3)->(1, 59), (20, 4)->(12, 0), (8, 9)->(12, 1), (14, 11)->(12, 5), (19, 11)->(12, 7)

   [campaign]    [roam] grass she KNOWS: routing east -> (3, 38) toward Route 15 (FORWARD — on the road to the objective, visited grass, avoiding any wall)

   [campaign]    [roam] !! CREATOR ORDER (LAW): the strengthen-first prep stands down — Jonny said go, so she goes

   [campaign]    [roam] known-good snapshot SKIPPED — this spot can't reach a Center; refusing to bank a poisoned escape target (would reload back into the strand)

   [campaign] -- ROAM TICK 46/100000000 --

   [campaign]    [roam] STATE IN: Cinnabar Island (23, 17) | badges=8 (Boulder, Cascade, Thunder, Rainbow, Soul, Marsh, Volcano, Earth) | party=[blastoise L61, rattata L19, kadabra L19, diglett L18, lapras L25, pidgey L3] | 8 badge(s) earned (Boulder, Cascade, Thunder, Rainbow, Soul, Marsh, Volcano, Earth). All 8 badges earned. Pokédex: 14 caught. All 8 badges — Victory Road and the Elite Four are next. This is the endgame.

   [campaign]    [roam] PROGRESS: GREEN (unchanged 0 ticks) | fp[(3, 8) (23,17) f3 -- badge8 $35730 party:63f2 bag:b018]

   [campaign]    [roam] OPTIONS OFFERED: ['head_to_league', 'battle', 'wander_catch', 'travel:3,39', 'travel:3,19', 'travel:3,33', 'travel:3,36', 'use_surf']

   [campaign]    [soul] surface_want FIRE -> Cinnabar Island

   [campaign]    [soul] ORACLE decision: kind=want ctx={'place': "You're in Cinnabar Island — outdoors under open sky (a town with a Pokémon Center and a Mart).. ALREADY BESIDE YOU — your current team: blastoise (L61), rattata (L19), abra the kadabra (L19), diglett (L18), lapras (L25), pidgey (L3). A want is something you DON'T yet have; never wish for a teammate who's already on your team.", 'map': (3, 8), 'badges': ['Boulder', 'Cascade', 'Thunder', 'Rainbow', 'Soul', 'Marsh', 'Volcano', 'Earth'], 'progress': '8 badge(s) earned (Boulder, Cascade, Thunder, Rainbow, Soul, Marsh, Volcano, Earth). All 8 badges earned. Pokédex: 14 caught. All 8 badges — Victory Road and the Elite Four are next. This is the endgame.', 'party': 'blastoise (L61), rattata (L19), abra the kadabra (L19), diglett (L18), lapras (L25), pidgey (L3)', 'goal': {'short': "You're ready — stop grinding and push forward to the next objective", 'medium': 'FIRST HM Fly — a girl in the hidden house on Route 16, just west of Celadon behind a cuttable tree, teaches your team to fly you between towns — the gym comes right after; that errand is the road', 'long': 'Take on the Elite Four'}} options=['eevee', 'fossil', 'starters', 'rare', 'legendaries']

   [kira-voice] ORACLE kind=want options=['eevee', 'fossil', 'starters', 'rare', 'legendaries'] -> pick='stock up at Cinnabar Mart, then push to Victory Road'

   [campaign]    [soul] ORACLE pick -> 'stock up at Cinnabar Mart, then push to Victory Road'

   [campaign]    [soul] ORACLE decision: kind=action ctx={'place': 'You\'re in Cinnabar Island — outdoors under open sky (a town with a Pokémon Center and a Mart).. From here: NORTH → Route 21; EAST → Route 20. Places you\'ve been with wild Pokémon you can walk back to: Route 21; Route 1; Route 15. You can walk to anywhere you\'ve already been. You have SURF — you can cross water. Field moves ready: CUT, STRENGTH.. Okay — to get past this I need HM Fly — a girl in the hidden house on Route 16, just west of Celadon behind a cuttable tree, teaches your team to fly you between towns.. HOW POKÉMON WORKS (what you\'re playing for): the GOAL is to earn 8 Gym Badges, beat the Elite Four, and roll the credits — that\'s beating the game. You build a TEAM of up to 6 Pokémon you like AND that cover each other (types/roles) — a solo carry with a dead-weight bench is a losing setup; a real trainer fields a balanced, levelled squad. CATCHING wild Pokémon is central (\'gotta catch \'em all\') — you catch to build that team and to fill the Pokédex. When you meet a wild Pokémon, weigh it: is it cool/strong/useful, does it cover a gap, is it better than a bench-warmer? — keep your best ~6, and build a squad you actually like. THE ARC: build a team -> beat the 8 gyms prepared -> Elite Four -> credits. ALSO NORMAL: you entered your own name (and your rival\'s) when the game began — people in this world knowing your names is ordinary, not a mystery to react to. RIGHT NOW your team is thin/lopsided (a strong lead but weak or too few others) — that\'s why tough trainers wall you. Building up a real squad (catch a good new teammate, level the weak ones) is how a prepared trainer gets past these. THE MAIN QUEST IS A FIXED PATH you\'re always on: beat the 8 Gym Leaders in order, then the Elite Four, then you win the game. All 8 badges are yours — the Elite Four is the final challenge before the credits. Word on the road about the Elite Four: the Elite Four open with an ice-and-water lady — folks say lightning and grass are how you slip past her; and then the dragon master himself — and everyone says the same thing: ice is the only thing a dragon truly fears. YOUR STORY SO FAR (what you\'ve actually done — your past, not the future): All eight Gym Badges are yours. The Elite Four and the Champion are the summit.. Next on my list: catch an growlithe around Route 7 / Route 8. It grows into my arcanine — that\'s my answer for Champion down the line. Grabbing it now, before I need it.. THINGS YOU\'VE HEARD AND READ (from people and signs — your own notes, use them when they point somewhere): "I had a vision of your arrival. I have had psychic powers since I was a child. It started when a spoon I carelessly tossed, bent. I dislike battling, but if you"; "Sealed within that TM06 lies TOXIC! It is a secret technique dating back some four hundred years."; "KIRA put the TM06 in the TM CASE."; "KIRA received TM06 from KOGA.". YOUR PLAN — right now: You\'re ready — stop grinding and push forward to the next objective. Next: FIRST HM Fly — a girl in the hidden house on Route 16, just west of Celadon behind a cuttable tree, teaches your team to fly you between towns — the gym comes right after; that errand is the road. Bigger picture: Take on the Elite Four. Your team right now: blastoise (L61), rattata (L19), abra the kadabra (L19), diglett (L18), lapras (L25), pidgey (L3). Remember YOU are the one playing this — narrate your plan to chat in your own voice (first person: "I\'m grinding", "my team"), and never ask anyone what you\'re doing or who\'s on your team — you know.', 'progress': '8 badge(s) earned (Boulder, Cascade, Thunder, Rainbow, Soul, Marsh, Volcano, Earth). All 8 badges earned. Pokédex: 14 caught. All 8 badges — Victory Road and the Elite Four are next. This is the endgame.', 'party': 'blastoise (L61), rattata (L19), abra the kadabra (L19), diglett (L18), lapras (L25), pidgey (L3)', 'goal': {'short': "You're ready — stop grinding and push forward to the next objective", 'medium': 'FIRST HM Fly — a girl in the hidden house on Route 16, just west of Celadon behind a cuttable tree, teaches your team to fly you between towns — the gym comes right after; that errand is the road', 'long': 'Take on the Elite Four'}, 'strategy': "1) WAR PREP: the Elite Four is five fights with NO Center between them — full restores, revives, ethers, and a levelled WHOLE team, or don't walk in.\n2) TEAM BUILD: growlithe -> arcanine answers Champion.\n3) DEX PUSH: 14/50 species caught — at 50 the Route 15 aide (by Fuchsia) hands over the EXP. SHARE (the whole bench levels off every fight). Catch every NEW species you cross; never wander just to hunt.\n4) ICE BEAM FUND: ¥44,770 short of the Game Corner TM13 budget (~¥80,500 total). Ice Beam on the ace freezes everything left — Venusaur, Lance's dragons, the birds. Fight your battles for the payouts, sell loot at marts, buy supplies but never splurge. It arms itself when funded.\n5) STANDING ORDERS: the goal is ROLL CREDITS. Forward progress beats wandering; heal beats fighting hurt; type advantage decides fights; build the planned team, not just the ace."} options=['head_to_league', 'battle', 'wander_catch', 'travel:3,39', 'travel:3,19', 'travel:3,33', 'travel:3,36', 'use_surf']

   [kira-voice] -> T2·savor· (want) 'stock up at Cinnabar Mart, then push to Victory Road'  fired=True  [age 0.0s + post 21ms]

   [kira-voice] ORACLE kind=action options=['head_to_league', 'battle', 'wander_catch', 'travel:3,39', 'travel:3,19', 'travel:3,33', 'travel:3,36', 'use_surf'] -> pick='head_to_league'

   [campaign]    [soul] ORACLE pick -> 'head_to_league'

   [campaign]    [roam] DECISION THINK: 2362ms (world stayed live — pumped idle, not a freeze)

   [campaign]    [roam] PICK OUT: head_to_league

   [campaign]    [roam] RATIONALE: You're ready — stop grinding and push forward to the next objective. then on to the Elite Four

   [campaign]    [roam] !! E4-READINESS-GATE NON-CONVERGING: 8 stints / 8 no-progress — floor L3 still under target L46 (ace L61, gap 58). The reachable grind cannot bring the bench to qualifying shape from here. STANDING DOWN — NOT entering the League under-shape (a monitor shift adjudicates HALT). levels=[61, 19, 19, 18, 25, 3]

   [campaign]    [roam] RESULT: head_to_league -> stuck | pos (3, 8)(23, 17) -> (3, 8)(23, 17) (NO MOVEMENT)

   [campaign]    ⛰️  CAMPAIGN SAVE [tick46] -> campaign/kira_campaign.state  (map=(3, 8) coords=(23, 17) badges=8 party=6)

   [campaign]    [sanctity] bundle VALID (schema/encoding/truth/monotonic all clean)

   [campaign]    [world] learned 5 warp(s) on (3, 8): (8, 3)->(1, 59), (20, 4)->(12, 0), (8, 9)->(12, 1), (14, 11)->(12, 5), (19, 11)->(12, 7)

   [campaign]    [roam] grass she KNOWS: routing east -> (3, 38) toward Route 15 (FORWARD — on the road to the objective, visited grass, avoiding any wall)

   [campaign]    [roam] !! CREATOR ORDER (LAW): the strengthen-first prep stands down — Jonny said go, so she goes

   [campaign]    [roam] known-good snapshot SKIPPED — this spot can't reach a Center; refusing to bank a poisoned escape target (would reload back into the strand)

   [campaign] -- ROAM TICK 47/100000000 --

   [campaign]    [roam] STATE IN: Cinnabar Island (23, 17) | badges=8 (Boulder, Cascade, Thunder, Rainbow, Soul, Marsh, Volcano, Earth) | party=[blastoise L61, rattata L19, kadabra L19, diglett L18, lapras L25, pidgey L3] | 8 badge(s) earned (Boulder, Cascade, Thunder, Rainbow, Soul, Marsh, Volcano, Earth). All 8 badges earned. Pokédex: 14 caught. All 8 badges — Victory Road and the Elite Four are next. This is the endgame.

   [campaign]    [roam] PROGRESS: GREEN (unchanged 1 ticks) | fp[(3, 8) (23,17) f3 -- badge8 $35730 party:63f2 bag:b018]

   [campaign]    [roam] OPTIONS OFFERED: ['head_to_league', 'battle', 'wander_catch', 'travel:3,39', 'travel:3,19', 'travel:3,33', 'travel:3,36', 'use_surf']

   [campaign]    [soul] ORACLE decision: kind=action ctx={'place': 'You\'re in Cinnabar Island — outdoors under open sky (a town with a Pokémon Center and a Mart).. From here: NORTH → Route 21; EAST → Route 20. Places you\'ve been with wild Pokémon you can walk back to: Route 21; Route 1; Route 15. You can walk to anywhere you\'ve already been. You have SURF — you can cross water. Field moves ready: CUT, STRENGTH.. Okay — to get past this I need HM Fly — a girl in the hidden house on Route 16, just west of Celadon behind a cuttable tree, teaches your team to fly you between towns.. HOW POKÉMON WORKS (what you\'re playing for): the GOAL is to earn 8 Gym Badges, beat the Elite Four, and roll the credits — that\'s beating the game. You build a TEAM of up to 6 Pokémon you like AND that cover each other (types/roles) — a solo carry with a dead-weight bench is a losing setup; a real trainer fields a balanced, levelled squad. CATCHING wild Pokémon is central (\'gotta catch \'em all\') — you catch to build that team and to fill the Pokédex. When you meet a wild Pokémon, weigh it: is it cool/strong/useful, does it cover a gap, is it better than a bench-warmer? — keep your best ~6, and build a squad you actually like. THE ARC: build a team -> beat the 8 gyms prepared -> Elite Four -> credits. ALSO NORMAL: you entered your own name (and your rival\'s) when the game began — people in this world knowing your names is ordinary, not a mystery to react to. RIGHT NOW your team is thin/lopsided (a strong lead but weak or too few others) — that\'s why tough trainers wall you. Building up a real squad (catch a good new teammate, level the weak ones) is how a prepared trainer gets past these. THE MAIN QUEST IS A FIXED PATH you\'re always on: beat the 8 Gym Leaders in order, then the Elite Four, then you win the game. All 8 badges are yours — the Elite Four is the final challenge before the credits. Word on the road about the Elite Four: the Elite Four open with an ice-and-water lady — folks say lightning and grass are how you slip past her; and then the dragon master himself — and everyone says the same thing: ice is the only thing a dragon truly fears. YOUR STORY SO FAR (what you\'ve actually done — your past, not the future): All eight Gym Badges are yours. The Elite Four and the Champion are the summit.. Next on my list: catch an growlithe around Route 7 / Route 8. It grows into my arcanine — that\'s my answer for Champion down the line. Grabbing it now, before I need it.. THINGS YOU\'VE HEARD AND READ (from people and signs — your own notes, use them when they point somewhere): "I had a vision of your arrival. I have had psychic powers since I was a child. It started when a spoon I carelessly tossed, bent. I dislike battling, but if you"; "Sealed within that TM06 lies TOXIC! It is a secret technique dating back some four hundred years."; "KIRA put the TM06 in the TM CASE."; "KIRA received TM06 from KOGA.". YOUR PLAN — right now: You\'re ready — stop grinding and push forward to the next objective. Next: FIRST HM Fly — a girl in the hidden house on Route 16, just west of Celadon behind a cuttable tree, teaches your team to fly you between towns — the gym comes right after; that errand is the road. Bigger picture: Take on the Elite Four. Your team right now: blastoise (L61), rattata (L19), abra the kadabra (L19), diglett (L18), lapras (L25), pidgey (L3). Remember YOU are the one playing this — narrate your plan to chat in your own voice (first person: "I\'m grinding", "my team"), and never ask anyone what you\'re doing or who\'s on your team — you know.', 'progress': '8 badge(s) earned (Boulder, Cascade, Thunder, Rainbow, Soul, Marsh, Volcano, Earth). All 8 badges earned. Pokédex: 14 caught. All 8 badges — Victory Road and the Elite Four are next. This is the endgame.', 'party': 'blastoise (L61), rattata (L19), abra the kadabra (L19), diglett (L18), lapras (L25), pidgey (L3)', 'goal': {'short': "You're ready — stop grinding and push forward to the next objective", 'medium': 'FIRST HM Fly — a girl in the hidden house on Route 16, just west of Celadon behind a cuttable tree, teaches your team to fly you between towns — the gym comes right after; that errand is the road', 'long': 'Take on the Elite Four'}, 'strategy': "1) WAR PREP: the Elite Four is five fights with NO Center between them — full restores, revives, ethers, and a levelled WHOLE team, or don't walk in.\n2) TEAM BUILD: growlithe -> arcanine answers Champion.\n3) DEX PUSH: 14/50 species caught — at 50 the Route 15 aide (by Fuchsia) hands over the EXP. SHARE (the whole bench levels off every fight). Catch every NEW species you cross; never wander just to hunt.\n4) ICE BEAM FUND: ¥44,770 short of the Game Corner TM13 budget (~¥80,500 total). Ice Beam on the ace freezes everything left — Venusaur, Lance's dragons, the birds. Fight your battles for the payouts, sell loot at marts, buy supplies but never splurge. It arms itself when funded.\n5) STANDING ORDERS: the goal is ROLL CREDITS. Forward progress beats wandering; heal beats fighting hurt; type advantage decides fights; build the planned team, not just the ace."} options=['head_to_league', 'battle', 'wander_catch', 'travel:3,39', 'travel:3,19', 'travel:3,33', 'travel:3,36', 'use_surf']

   [kira-voice] ORACLE kind=action options=['head_to_league', 'battle', 'wander_catch', 'travel:3,39', 'travel:3,19', 'travel:3,33', 'travel:3,36', 'use_surf'] -> pick='head_to_league'

   [campaign]    [soul] ORACLE pick -> 'head_to_league'

   [campaign]    [roam] DECISION THINK: 2296ms (world stayed live — pumped idle, not a freeze)

   [campaign]    [roam] PICK OUT: head_to_league

   [campaign]    [roam] RATIONALE: You're ready — stop grinding and push forward to the next objective. then on to the Elite Four

   [campaign]    [roam] !! E4-READINESS-GATE NON-CONVERGING: 8 stints / 8 no-progress — floor L3 still under target L46 (ace L61, gap 58). The reachable grind cannot bring the bench to qualifying shape from here. STANDING DOWN — NOT entering the League under-shape (a monitor shift adjudicates HALT). levels=[61, 19, 19, 18, 25, 3]

   [campaign]    [roam] RESULT: head_to_league -> stuck | pos (3, 8)(23, 17) -> (3, 8)(23, 17) (NO MOVEMENT)

   [campaign]    [world] learned 5 warp(s) on (3, 8): (8, 3)->(1, 59), (20, 4)->(12, 0), (8, 9)->(12, 1), (14, 11)->(12, 5), (19, 11)->(12, 7)

   [campaign]    [roam] grass she KNOWS: routing east -> (3, 38) toward Route 15 (FORWARD — on the road to the objective, visited grass, avoiding any wall)

   [campaign]    [roam] !! CREATOR ORDER (LAW): the strengthen-first prep stands down — Jonny said go, so she goes

   [campaign]    [roam] known-good snapshot SKIPPED — this spot can't reach a Center; refusing to bank a poisoned escape target (would reload back into the strand)

   [campaign] -- ROAM TICK 48/100000000 --

   [campaign]    [roam] STATE IN: Cinnabar Island (23, 17) | badges=8 (Boulder, Cascade, Thunder, Rainbow, Soul, Marsh, Volcano, Earth) | party=[blastoise L61, rattata L19, kadabra L19, diglett L18, lapras L25, pidgey L3] | 8 badge(s) earned (Boulder, Cascade, Thunder, Rainbow, Soul, Marsh, Volcano, Earth). All 8 badges earned. Pokédex: 14 caught. All 8 badges — Victory Road and the Elite Four are next. This is the endgame.

   [campaign]    [roam] PROGRESS: GREEN (unchanged 2 ticks) | fp[(3, 8) (23,17) f3 -- badge8 $35730 party:63f2 bag:b018]

   [campaign]    [roam] OPTIONS OFFERED: ['head_to_league', 'battle', 'wander_catch', 'travel:3,39', 'travel:3,19', 'travel:3,33', 'travel:3,36', 'use_surf']

   [campaign]    [soul] ORACLE decision: kind=action ctx={'place': 'You\'re in Cinnabar Island — outdoors under open sky (a town with a Pokémon Center and a Mart).. From here: NORTH → Route 21; EAST → Route 20. Places you\'ve been with wild Pokémon you can walk back to: Route 21; Route 1; Route 15. You can walk to anywhere you\'ve already been. You have SURF — you can cross water. Field moves ready: CUT, STRENGTH.. Okay — to get past this I need HM Fly — a girl in the hidden house on Route 16, just west of Celadon behind a cuttable tree, teaches your team to fly you between towns.. HOW POKÉMON WORKS (what you\'re playing for): the GOAL is to earn 8 Gym Badges, beat the Elite Four, and roll the credits — that\'s beating the game. You build a TEAM of up to 6 Pokémon you like AND that cover each other (types/roles) — a solo carry with a dead-weight bench is a losing setup; a real trainer fields a balanced, levelled squad. CATCHING wild Pokémon is central (\'gotta catch \'em all\') — you catch to build that team and to fill the Pokédex. When you meet a wild Pokémon, weigh it: is it cool/strong/useful, does it cover a gap, is it better than a bench-warmer? — keep your best ~6, and build a squad you actually like. THE ARC: build a team -> beat the 8 gyms prepared -> Elite Four -> credits. ALSO NORMAL: you entered your own name (and your rival\'s) when the game began — people in this world knowing your names is ordinary, not a mystery to react to. RIGHT NOW your team is thin/lopsided (a strong lead but weak or too few others) — that\'s why tough trainers wall you. Building up a real squad (catch a good new teammate, level the weak ones) is how a prepared trainer gets past these. THE MAIN QUEST IS A FIXED PATH you\'re always on: beat the 8 Gym Leaders in order, then the Elite Four, then you win the game. All 8 badges are yours — the Elite Four is the final challenge before the credits. Word on the road about the Elite Four: the Elite Four open with an ice-and-water lady — folks say lightning and grass are how you slip past her; and then the dragon master himself — and everyone says the same thing: ice is the only thing a dragon truly fears. YOUR STORY SO FAR (what you\'ve actually done — your past, not the future): All eight Gym Badges are yours. The Elite Four and the Champion are the summit.. Next on my list: catch an growlithe around Route 7 / Route 8. It grows into my arcanine — that\'s my answer for Champion down the line. Grabbing it now, before I need it.. THINGS YOU\'VE HEARD AND READ (from people and signs — your own notes, use them when they point somewhere): "I had a vision of your arrival. I have had psychic powers since I was a child. It started when a spoon I carelessly tossed, bent. I dislike battling, but if you"; "Sealed within that TM06 lies TOXIC! It is a secret technique dating back some four hundred years."; "KIRA put the TM06 in the TM CASE."; "KIRA received TM06 from KOGA.". YOUR PLAN — right now: You\'re ready — stop grinding and push forward to the next objective. Next: FIRST HM Fly — a girl in the hidden house on Route 16, just west of Celadon behind a cuttable tree, teaches your team to fly you between towns — the gym comes right after; that errand is the road. Bigger picture: Take on the Elite Four. Your team right now: blastoise (L61), rattata (L19), abra the kadabra (L19), diglett (L18), lapras (L25), pidgey (L3). Remember YOU are the one playing this — narrate your plan to chat in your own voice (first person: "I\'m grinding", "my team"), and never ask anyone what you\'re doing or who\'s on your team — you know.', 'progress': '8 badge(s) earned (Boulder, Cascade, Thunder, Rainbow, Soul, Marsh, Volcano, Earth). All 8 badges earned. Pokédex: 14 caught. All 8 badges — Victory Road and the Elite Four are next. This is the endgame.', 'party': 'blastoise (L61), rattata (L19), abra the kadabra (L19), diglett (L18), lapras (L25), pidgey (L3)', 'goal': {'short': "You're ready — stop grinding and push forward to the next objective", 'medium': 'FIRST HM Fly — a girl in the hidden house on Route 16, just west of Celadon behind a cuttable tree, teaches your team to fly you between towns — the gym comes right after; that errand is the road', 'long': 'Take on the Elite Four'}, 'strategy': "1) WAR PREP: the Elite Four is five fights with NO Center between them — full restores, revives, ethers, and a levelled WHOLE team, or don't walk in.\n2) TEAM BUILD: growlithe -> arcanine answers Champion.\n3) DEX PUSH: 14/50 species caught — at 50 the Route 15 aide (by Fuchsia) hands over the EXP. SHARE (the whole bench levels off every fight). Catch every NEW species you cross; never wander just to hunt.\n4) ICE BEAM FUND: ¥44,770 short of the Game Corner TM13 budget (~¥80,500 total). Ice Beam on the ace freezes everything left — Venusaur, Lance's dragons, the birds. Fight your battles for the payouts, sell loot at marts, buy supplies but never splurge. It arms itself when funded.\n5) STANDING ORDERS: the goal is ROLL CREDITS. Forward progress beats wandering; heal beats fighting hurt; type advantage decides fights; build the planned team, not just the ace."} options=['head_to_league', 'battle', 'wander_catch', 'travel:3,39', 'travel:3,19', 'travel:3,33', 'travel:3,36', 'use_surf']

   [kira-voice] ORACLE kind=action options=['head_to_league', 'battle', 'wander_catch', 'travel:3,39', 'travel:3,19', 'travel:3,33', 'travel:3,36', 'use_surf'] -> pick='head_to_league'

   [campaign]    [soul] ORACLE pick -> 'head_to_league'

   [campaign]    [roam] DECISION THINK: 2632ms (world stayed live — pumped idle, not a freeze)

   [campaign]    [roam] PICK OUT: head_to_league

   [campaign]    [roam] RATIONALE: You're ready — stop grinding and push forward to the next objective. then on to the Elite Four

   [campaign]    [roam] !! E4-READINESS-GATE NON-CONVERGING: 8 stints / 8 no-progress — floor L3 still under target L46 (ace L61, gap 58). The reachable grind cannot bring the bench to qualifying shape from here. STANDING DOWN — NOT entering the League under-shape (a monitor shift adjudicates HALT). levels=[61, 19, 19, 18, 25, 3]

   [campaign]    [roam] RESULT: head_to_league -> stuck | pos (3, 8)(23, 17) -> (3, 8)(23, 17) (NO MOVEMENT)

   [campaign]    ⛰️  CAMPAIGN SAVE [tick48] -> campaign/kira_campaign.state  (map=(3, 8) coords=(23, 17) badges=8 party=6)

   [campaign]    [sanctity] bundle VALID (schema/encoding/truth/monotonic all clean)

   [campaign]    [world] learned 5 warp(s) on (3, 8): (8, 3)->(1, 59), (20, 4)->(12, 0), (8, 9)->(12, 1), (14, 11)->(12, 5), (19, 11)->(12, 7)

   [campaign]    [roam] grass she KNOWS: routing east -> (3, 38) toward Route 15 (FORWARD — on the road to the objective, visited grass, avoiding any wall)

   [campaign]    [roam] !! CREATOR ORDER (LAW): the strengthen-first prep stands down — Jonny said go, so she goes

   [campaign] -- ROAM TICK 49/100000000 --

   [campaign]    [roam] STATE IN: Cinnabar Island (23, 17) | badges=8 (Boulder, Cascade, Thunder, Rainbow, Soul, Marsh, Volcano, Earth) | party=[blastoise L61, rattata L19, kadabra L19, diglett L18, lapras L25, pidgey L3] | 8 badge(s) earned (Boulder, Cascade, Thunder, Rainbow, Soul, Marsh, Volcano, Earth). All 8 badges earned. Pokédex: 14 caught. All 8 badges — Victory Road and the Elite Four are next. This is the endgame.

   [campaign]    [roam] PROGRESS: YELLOW (unchanged 3 ticks) | fp[(3, 8) (23,17) f3 -- badge8 $35730 party:63f2 bag:b018]

   [campaign]    [roam] OPTIONS OFFERED: ['head_to_league', 'battle', 'wander_catch', 'travel:3,39', 'travel:3,19', 'travel:3,33', 'travel:3,36', 'use_surf']

   [campaign]    [soul] surface_want FIRE -> Cinnabar Island

   [campaign]    [soul] ORACLE decision: kind=want ctx={'place': "You're in Cinnabar Island — outdoors under open sky (a town with a Pokémon Center and a Mart).. ALREADY BESIDE YOU — your current team: blastoise (L61), rattata (L19), abra the kadabra (L19), diglett (L18), lapras (L25), pidgey (L3). A want is something you DON'T yet have; never wish for a teammate who's already on your team.", 'map': (3, 8), 'badges': ['Boulder', 'Cascade', 'Thunder', 'Rainbow', 'Soul', 'Marsh', 'Volcano', 'Earth'], 'progress': '8 badge(s) earned (Boulder, Cascade, Thunder, Rainbow, Soul, Marsh, Volcano, Earth). All 8 badges earned. Pokédex: 14 caught. All 8 badges — Victory Road and the Elite Four are next. This is the endgame.', 'party': 'blastoise (L61), rattata (L19), abra the kadabra (L19), diglett (L18), lapras (L25), pidgey (L3)', 'goal': {'short': "You're ready — stop grinding and push forward to the next objective", 'medium': 'FIRST HM Fly — a girl in the hidden house on Route 16, just west of Celadon behind a cuttable tree, teaches your team to fly you between towns — the gym comes right after; that errand is the road', 'long': 'Take on the Elite Four'}} options=['eevee', 'fossil', 'starters', 'rare', 'legendaries']

   [kira-voice] ORACLE kind=want options=['eevee', 'fossil', 'starters', 'rare', 'legendaries'] -> pick='get to Pewter City Mart, stock up, then Elite Four'

   [campaign]    [soul] ORACLE pick -> 'get to Pewter City Mart, stock up, then Elite Four'

   [campaign]    [roam] !! MACRO YELLOW: no progress 3 ticks — feeding awareness back to the oracle: "You keep trying to head to league but the world hasn't changed in 3 turns - it went 'stuck', and you don't seem to be getting anywhere."

   [campaign]    [roam] !! REPEAT-NO-PROGRESS: 'head_to_league' repeated with a stuck fingerprint — nudging a different action

   [campaign]    [soul] ORACLE decision: kind=action ctx={'place': 'You\'re in Cinnabar Island — outdoors under open sky (a town with a Pokémon Center and a Mart).. From here: NORTH → Route 21; EAST → Route 20. Places you\'ve been with wild Pokémon you can walk back to: Route 21; Route 1; Route 15. You can walk to anywhere you\'ve already been. You have SURF — you can cross water. Field moves ready: CUT, STRENGTH.. Okay — to get past this I need HM Fly — a girl in the hidden house on Route 16, just west of Celadon behind a cuttable tree, teaches your team to fly you between towns.. You keep trying to head to league but the world hasn\'t changed in 3 turns - it went \'stuck\', and you don\'t seem to be getting anywhere.. HOW POKÉMON WORKS (what you\'re playing for): the GOAL is to earn 8 Gym Badges, beat the Elite Four, and roll the credits — that\'s beating the game. You build a TEAM of up to 6 Pokémon you like AND that cover each other (types/roles) — a solo carry with a dead-weight bench is a losing setup; a real trainer fields a balanced, levelled squad. CATCHING wild Pokémon is central (\'gotta catch \'em all\') — you catch to build that team and to fill the Pokédex. When you meet a wild Pokémon, weigh it: is it cool/strong/useful, does it cover a gap, is it better than a bench-warmer? — keep your best ~6, and build a squad you actually like. THE ARC: build a team -> beat the 8 gyms prepared -> Elite Four -> credits. ALSO NORMAL: you entered your own name (and your rival\'s) when the game began — people in this world knowing your names is ordinary, not a mystery to react to. RIGHT NOW your team is thin/lopsided (a strong lead but weak or too few others) — that\'s why tough trainers wall you. Building up a real squad (catch a good new teammate, level the weak ones) is how a prepared trainer gets past these. THE MAIN QUEST IS A FIXED PATH you\'re always on: beat the 8 Gym Leaders in order, then the Elite Four, then you win the game. All 8 badges are yours — the Elite Four is the final challenge before the credits. Word on the road about the Elite Four: the Elite Four open with an ice-and-water lady — folks say lightning and grass are how you slip past her; and then the dragon master himself — and everyone says the same thing: ice is the only thing a dragon truly fears. YOUR STORY SO FAR (what you\'ve actually done — your past, not the future): All eight Gym Badges are yours. The Elite Four and the Champion are the summit.. Next on my list: catch an growlithe around Route 7 / Route 8. It grows into my arcanine — that\'s my answer for Champion down the line. Grabbing it now, before I need it.. THINGS YOU\'VE HEARD AND READ (from people and signs — your own notes, use them when they point somewhere): "I had a vision of your arrival. I have had psychic powers since I was a child. It started when a spoon I carelessly tossed, bent. I dislike battling, but if you"; "Sealed within that TM06 lies TOXIC! It is a secret technique dating back some four hundred years."; "KIRA put the TM06 in the TM CASE."; "KIRA received TM06 from KOGA.". YOUR PLAN — right now: You\'re ready — stop grinding and push forward to the next objective. Next: FIRST HM Fly — a girl in the hidden house on Route 16, just west of Celadon behind a cuttable tree, teaches your team to fly you between towns — the gym comes right after; that errand is the road. Bigger picture: Take on the Elite Four. Your team right now: blastoise (L61), rattata (L19), abra the kadabra (L19), diglett (L18), lapras (L25), pidgey (L3). Remember YOU are the one playing this — narrate your plan to chat in your own voice (first person: "I\'m grinding", "my team"), and never ask anyone what you\'re doing or who\'s on your team — you know.. HEADS UP — you just chose \'head_to_league\' and NOTHING changed (same spot, no progress). Repeating it again will do the same nothing. Pick a DIFFERENT action this time and break the loop.', 'progress': '8 badge(s) earned (Boulder, Cascade, Thunder, Rainbow, Soul, Marsh, Volcano, Earth). All 8 badges earned. Pokédex: 14 caught. All 8 badges — Victory Road and the Elite Four are next. This is the endgame.', 'party': 'blastoise (L61), rattata (L19), abra the kadabra (L19), diglett (L18), lapras (L25), pidgey (L3)', 'goal': {'short': "You're ready — stop grinding and push forward to the next objective", 'medium': 'FIRST HM Fly — a girl in the hidden house on Route 16, just west of Celadon behind a cuttable tree, teaches your team to fly you between towns — the gym comes right after; that errand is the road', 'long': 'Take on the Elite Four'}, 'strategy': "1) WAR PREP: the Elite Four is five fights with NO Center between them — full restores, revives, ethers, and a levelled WHOLE team, or don't walk in.\n2) TEAM BUILD: growlithe -> arcanine answers Champion.\n3) DEX PUSH: 14/50 species caught — at 50 the Route 15 aide (by Fuchsia) hands over the EXP. SHARE (the whole bench levels off every fight). Catch every NEW species you cross; never wander just to hunt.\n4) ICE BEAM FUND: ¥44,770 short of the Game Corner TM13 budget (~¥80,500 total). Ice Beam on the ace freezes everything left — Venusaur, Lance's dragons, the birds. Fight your battles for the payouts, sell loot at marts, buy supplies but never splurge. It arms itself when funded.\n5) STANDING ORDERS: the goal is ROLL CREDITS. Forward progress beats wandering; heal beats fighting hurt; type advantage decides fights; build the planned team, not just the ace."} options=['head_to_league', 'battle', 'wander_catch', 'travel:3,39', 'travel:3,19', 'travel:3,33', 'travel:3,36', 'use_surf']

   [kira-voice] -> T2·savor· (want) 'get to Pewter City Mart, stock up, then Elite Four'  fired=True  [age 0.0s + post 11ms]

   [kira-voice] ORACLE kind=action options=['head_to_league', 'battle', 'wander_catch', 'travel:3,39', 'travel:3,19', 'travel:3,33', 'travel:3,36', 'use_surf'] -> pick='travel:3,33'

   [campaign]    [soul] ORACLE pick -> 'travel:3,33'

   [campaign]    [roam] DECISION THINK: 2879ms (world stayed live — pumped idle, not a freeze)

   [campaign]    [roam] PICK OUT: travel:3,33  <- her RECOVERY move (YELLOW)

   [campaign]    [roam] RATIONALE: Routing to a place I need then on to the Elite Four.

   [campaign]    [roam] TRAVEL: Cinnabar Island -> Route 15 (next hop east -> Route 20)

   [Bridge] INPUT OWNER = 'agent' (sole writer; others dropped+logged)

   [travel] start map=(3, 8) coords=(23, 17) -> map (3, 38) (budget 300s, surf-capable)

   [travel] east connection band rows: [0, 1, 2, 3, 4, 5, 6, 7, 8, 9, 10, 11, 12, 13, 14, 15, 16, 17, 18, 19]

   [travel] step 0: (23, 17)->(0, 17) map=(3, 8) (path 2 to exit)

   [travel] MAP TRANSITION (3, 8) -> (3, 38)

   [campaign]    [world] learned 2 warp(s) on (3, 38): (60, 8)->(1, 83), (72, 14)->(1, 83)

   [travel] east connection band rows: [0, 1, 2, 3, 4, 5, 6, 7, 8, 9, 10, 11, 12, 13, 14, 15, 16, 17, 18, 19]

   [travel] ARRIVED at target map (3, 38) coords=(0, 17)

   [kira-voice] ·dedup· (repeat text, T1, looping?) 'made it to a new area'

   [campaign]    [roam] RESULT: travel:3,33 -> hop_ok | pos (3, 8)(23, 17) -> (3, 38)(0, 17) (MOVED)

   [campaign]    ⛰️  CAMPAIGN SAVE [new_area] -> campaign/kira_campaign.state  (map=(3, 38) coords=(0, 17) badges=8 party=6)

   [campaign]    [sanctity] bundle VALID (schema/encoding/truth/monotonic all clean)

   [campaign]    📌 AUTO-CHECKPOINT [gain-new_area] -> checkpoints/20260804_161653_route-20_8b_29h48m_gain-new-area  (4 bundle file(s))

   [campaign]    [world] learned 2 warp(s) on (3, 38): (60, 8)->(1, 83), (72, 14)->(1, 83)

   [campaign]    [roam] grass she KNOWS: routing east -> (3, 37) toward Route 15 (FORWARD — on the road to the objective, visited grass, avoiding any wall)

   [campaign]    [roam] !! CREATOR ORDER (LAW): the strengthen-first prep stands down — Jonny said go, so she goes

   [campaign]    [roam] known-good snapshot SKIPPED — this spot can't reach a Center; refusing to bank a poisoned escape target (would reload back into the strand)

   [campaign] -- ROAM TICK 50/100000000 --

   [campaign]    [roam] STATE IN: Route 20 (0, 17) | badges=8 (Boulder, Cascade, Thunder, Rainbow, Soul, Marsh, Volcano, Earth) | party=[blastoise L61, rattata L19, kadabra L19, diglett L18, lapras L25, pidgey L3] | 8 badge(s) earned (Boulder, Cascade, Thunder, Rainbow, Soul, Marsh, Volcano, Earth). All 8 badges earned. Pokédex: 14 caught. All 8 badges — Victory Road and the Elite Four are next. This is the endgame.

   [campaign]    [roam] PROGRESS: GREEN (unchanged 0 ticks) | fp[(3, 38) (0,17) f4 -- badge8 $35730 party:63f2 bag:b018]

   [campaign]    [roam] OPTIONS OFFERED: ['head_to_league', 'battle', 'wander_catch', 'travel:3,33', 'travel:3,36', 'travel:3,39', 'travel:3,32', 'use_surf']

   [campaign]    [soul] ORACLE decision: kind=action ctx={'place': 'You\'re on Route 20 — outdoors under open sky.. From here: EAST → Route 19; WEST → Cinnabar Island — a Mart, a Pokémon Center. Places you\'ve been with wild Pokémon you can walk back to: Route 15; Route 18; Route 21. You can walk to anywhere you\'ve already been. You have SURF — you can cross water. Field moves ready: CUT, STRENGTH.. Okay — to get past this I need HM Fly — a girl in the hidden house on Route 16, just west of Celadon behind a cuttable tree, teaches your team to fly you between towns.. HOW POKÉMON WORKS (what you\'re playing for): the GOAL is to earn 8 Gym Badges, beat the Elite Four, and roll the credits — that\'s beating the game. You build a TEAM of up to 6 Pokémon you like AND that cover each other (types/roles) — a solo carry with a dead-weight bench is a losing setup; a real trainer fields a balanced, levelled squad. CATCHING wild Pokémon is central (\'gotta catch \'em all\') — you catch to build that team and to fill the Pokédex. When you meet a wild Pokémon, weigh it: is it cool/strong/useful, does it cover a gap, is it better than a bench-warmer? — keep your best ~6, and build a squad you actually like. THE ARC: build a team -> beat the 8 gyms prepared -> Elite Four -> credits. ALSO NORMAL: you entered your own name (and your rival\'s) when the game began — people in this world knowing your names is ordinary, not a mystery to react to. RIGHT NOW your team is thin/lopsided (a strong lead but weak or too few others) — that\'s why tough trainers wall you. Building up a real squad (catch a good new teammate, level the weak ones) is how a prepared trainer gets past these. THE MAIN QUEST IS A FIXED PATH you\'re always on: beat the 8 Gym Leaders in order, then the Elite Four, then you win the game. All 8 badges are yours — the Elite Four is the final challenge before the credits. Word on the road about the Elite Four: the Elite Four open with an ice-and-water lady — folks say lightning and grass are how you slip past her; and then the dragon master himself — and everyone says the same thing: ice is the only thing a dragon truly fears. YOUR STORY SO FAR (what you\'ve actually done — your past, not the future): All eight Gym Badges are yours. The Elite Four and the Champion are the summit.. Next on my list: catch an growlithe around Route 7 / Route 8. It grows into my arcanine — that\'s my answer for Champion down the line. Grabbing it now, before I need it.. THINGS YOU\'VE HEARD AND READ (from people and signs — your own notes, use them when they point somewhere): "I had a vision of your arrival. I have had psychic powers since I was a child. It started when a spoon I carelessly tossed, bent. I dislike battling, but if you"; "Sealed within that TM06 lies TOXIC! It is a secret technique dating back some four hundred years."; "KIRA put the TM06 in the TM CASE."; "KIRA received TM06 from KOGA.". YOUR PLAN — right now: You\'re ready — stop grinding and push forward to the next objective. Next: FIRST HM Fly — a girl in the hidden house on Route 16, just west of Celadon behind a cuttable tree, teaches your team to fly you between towns — the gym comes right after; that errand is the road. Bigger picture: Take on the Elite Four. Your team right now: blastoise (L61), rattata (L19), abra the kadabra (L19), diglett (L18), lapras (L25), pidgey (L3). Remember YOU are the one playing this — narrate your plan to chat in your own voice (first person: "I\'m grinding", "my team"), and never ask anyone what you\'re doing or who\'s on your team — you know.. RECALIBRATE — before the last detour you\'d set out to: "head back to Route 15 — wild Pokémon to catch and level up". That\'s still available. Unless something fundamental has actually changed, pick it back up and continue — don\'t lose the thread to aimless wandering.', 'progress': '8 badge(s) earned (Boulder, Cascade, Thunder, Rainbow, Soul, Marsh, Volcano, Earth). All 8 badges earned. Pokédex: 14 caught. All 8 badges — Victory Road and the Elite Four are next. This is the endgame.', 'party': 'blastoise (L61), rattata (L19), abra the kadabra (L19), diglett (L18), lapras (L25), pidgey (L3)', 'goal': {'short': "You're ready — stop grinding and push forward to the next objective", 'medium': 'FIRST HM Fly — a girl in the hidden house on Route 16, just west of Celadon behind a cuttable tree, teaches your team to fly you between towns — the gym comes right after; that errand is the road', 'long': 'Take on the Elite Four'}, 'strategy': "1) WAR PREP: the Elite Four is five fights with NO Center between them — full restores, revives, ethers, and a levelled WHOLE team, or don't walk in.\n2) TEAM BUILD: growlithe -> arcanine answers Champion.\n3) DEX PUSH: 14/50 species caught — at 50 the Route 15 aide (by Fuchsia) hands over the EXP. SHARE (the whole bench levels off every fight). Catch every NEW species you cross; never wander just to hunt.\n4) ICE BEAM FUND: ¥44,770 short of the Game Corner TM13 budget (~¥80,500 total). Ice Beam on the ace freezes everything left — Venusaur, Lance's dragons, the birds. Fight your battles for the payouts, sell loot at marts, buy supplies but never splurge. It arms itself when funded.\n5) STANDING ORDERS: the goal is ROLL CREDITS. Forward progress beats wandering; heal beats fighting hurt; type advantage decides fights; build the planned team, not just the ace."} options=['head_to_league', 'battle', 'wander_catch', 'travel:3,33', 'travel:3,36', 'travel:3,39', 'travel:3,32', 'use_surf']

   [kira-voice] ORACLE kind=action options=['head_to_league', 'battle', 'wander_catch', 'travel:3,33', 'travel:3,36', 'travel:3,39', 'travel:3,32', 'use_surf'] -> pick='travel:3,33'

   [campaign]    [soul] ORACLE pick -> 'travel:3,33'

   [campaign]    [roam] DECISION THINK: 2306ms (world stayed live — pumped idle, not a freeze)

   [campaign]    [roam] PICK OUT: travel:3,33

   [campaign]    [roam] RATIONALE: Routing to a place I need then on to the Elite Four.

   [campaign]    [roam] TRAVEL: Route 20 -> Route 15 (next hop east -> Route 19)

   [Bridge] INPUT OWNER = 'agent' (sole writer; others dropped+logged)

   [travel] start map=(3, 38) coords=(0, 17) -> map (3, 37) (budget 300s, surf-capable)

   [travel] east connection band rows: [0, 1, 2, 3, 4, 5, 6, 7, 8, 9, 10, 11, 12, 13, 14, 15, 16, 17, 18, 19]

   [travel] path blocked at (0, 17) (NPC on the gap?) - waiting

   [travel] no clean path from (0, 17) AND no NPC-allowing path (npcs nearby=[(8, 11)]) - genuine wall/zone gap, will time out

   [travel] !! TRAVEL WEDGE: identical fp x4 retries at (0, 17) map=(3, 38) (reason=no_route) -> returning to roam LOUD (no inner spin)

   [kira-voice] -> T1·brisk· (event) "I can't find a way through here — let me rethink this"  fired=True  [age 0.0s + post 2ms]

   [campaign]    [roam] RESULT: travel:3,33 -> travel:no_path | pos (3, 38)(0, 17) -> (3, 38)(0, 17) (NO MOVEMENT)

   [campaign]    [roam] !! SILENT NO-MOVE: 'travel:3,33' returned 'travel:no_path' but her position never changed (streak 1, dead routes ['travel:3,33']) — not moving her; ALL dead routes get pruned next tick so she must do something that works

   [campaign]    ⛰️  CAMPAIGN SAVE [tick50] -> campaign/kira_campaign.state  (map=(3, 38) coords=(0, 17) badges=8 party=6)

   [campaign]    [sanctity] bundle VALID (schema/encoding/truth/monotonic all clean)

   [campaign]    [world] learned 2 warp(s) on (3, 38): (60, 8)->(1, 83), (72, 14)->(1, 83)

   [campaign]    [roam] grass she KNOWS: routing east -> (3, 37) toward Route 15 (FORWARD — on the road to the objective, visited grass, avoiding any wall)

   [campaign]    [roam] !! CREATOR ORDER (LAW): the strengthen-first prep stands down — Jonny said go, so she goes

   [campaign]    [roam] known-good snapshot SKIPPED — this spot can't reach a Center; refusing to bank a poisoned escape target (would reload back into the strand)

   [campaign] -- ROAM TICK 51/100000000 --

   [campaign]    [roam] STATE IN: Route 20 (0, 17) | badges=8 (Boulder, Cascade, Thunder, Rainbow, Soul, Marsh, Volcano, Earth) | party=[blastoise L61, rattata L19, kadabra L19, diglett L18, lapras L25, pidgey L3] | 8 badge(s) earned (Boulder, Cascade, Thunder, Rainbow, Soul, Marsh, Volcano, Earth). All 8 badges earned. Pokédex: 14 caught. All 8 badges — Victory Road and the Elite Four are next. This is the endgame.

   [campaign]    [roam] PROGRESS: GREEN (unchanged 1 ticks) | fp[(3, 38) (0,17) f4 -- badge8 $35730 party:63f2 bag:b018]

   [campaign]    [roam] OPTIONS OFFERED: ['head_to_league', 'battle', 'wander_catch', 'travel:3,33', 'travel:3,36', 'travel:3,39', 'travel:3,32', 'use_surf']

   [campaign]    [soul] ORACLE decision: kind=action ctx={'place': 'You\'re on Route 20 — outdoors under open sky.. From here: EAST → Route 19; WEST → Cinnabar Island — a Mart, a Pokémon Center. Places you\'ve been with wild Pokémon you can walk back to: Route 15; Route 18; Route 21. You can walk to anywhere you\'ve already been. You have SURF — you can cross water. Field moves ready: CUT, STRENGTH.. Okay — to get past this I need HM Fly — a girl in the hidden house on Route 16, just west of Celadon behind a cuttable tree, teaches your team to fly you between towns.. HOW POKÉMON WORKS (what you\'re playing for): the GOAL is to earn 8 Gym Badges, beat the Elite Four, and roll the credits — that\'s beating the game. You build a TEAM of up to 6 Pokémon you like AND that cover each other (types/roles) — a solo carry with a dead-weight bench is a losing setup; a real trainer fields a balanced, levelled squad. CATCHING wild Pokémon is central (\'gotta catch \'em all\') — you catch to build that team and to fill the Pokédex. When you meet a wild Pokémon, weigh it: is it cool/strong/useful, does it cover a gap, is it better than a bench-warmer? — keep your best ~6, and build a squad you actually like. THE ARC: build a team -> beat the 8 gyms prepared -> Elite Four -> credits. ALSO NORMAL: you entered your own name (and your rival\'s) when the game began — people in this world knowing your names is ordinary, not a mystery to react to. RIGHT NOW your team is thin/lopsided (a strong lead but weak or too few others) — that\'s why tough trainers wall you. Building up a real squad (catch a good new teammate, level the weak ones) is how a prepared trainer gets past these. THE MAIN QUEST IS A FIXED PATH you\'re always on: beat the 8 Gym Leaders in order, then the Elite Four, then you win the game. All 8 badges are yours — the Elite Four is the final challenge before the credits. Word on the road about the Elite Four: the Elite Four open with an ice-and-water lady — folks say lightning and grass are how you slip past her; and then the dragon master himself — and everyone says the same thing: ice is the only thing a dragon truly fears. YOUR STORY SO FAR (what you\'ve actually done — your past, not the future): All eight Gym Badges are yours. The Elite Four and the Champion are the summit.. Next on my list: catch an growlithe around Route 7 / Route 8. It grows into my arcanine — that\'s my answer for Champion down the line. Grabbing it now, before I need it.. THINGS YOU\'VE HEARD AND READ (from people and signs — your own notes, use them when they point somewhere): "I had a vision of your arrival. I have had psychic powers since I was a child. It started when a spoon I carelessly tossed, bent. I dislike battling, but if you"; "Sealed within that TM06 lies TOXIC! It is a secret technique dating back some four hundred years."; "KIRA put the TM06 in the TM CASE."; "KIRA received TM06 from KOGA.". YOUR PLAN — right now: You\'re ready — stop grinding and push forward to the next objective. Next: FIRST HM Fly — a girl in the hidden house on Route 16, just west of Celadon behind a cuttable tree, teaches your team to fly you between towns — the gym comes right after; that errand is the road. Bigger picture: Take on the Elite Four. Your team right now: blastoise (L61), rattata (L19), abra the kadabra (L19), diglett (L18), lapras (L25), pidgey (L3). Remember YOU are the one playing this — narrate your plan to chat in your own voice (first person: "I\'m grinding", "my team"), and never ask anyone what you\'re doing or who\'s on your team — you know.', 'progress': '8 badge(s) earned (Boulder, Cascade, Thunder, Rainbow, Soul, Marsh, Volcano, Earth). All 8 badges earned. Pokédex: 14 caught. All 8 badges — Victory Road and the Elite Four are next. This is the endgame.', 'party': 'blastoise (L61), rattata (L19), abra the kadabra (L19), diglett (L18), lapras (L25), pidgey (L3)', 'goal': {'short': "You're ready — stop grinding and push forward to the next objective", 'medium': 'FIRST HM Fly — a girl in the hidden house on Route 16, just west of Celadon behind a cuttable tree, teaches your team to fly you between towns — the gym comes right after; that errand is the road', 'long': 'Take on the Elite Four'}, 'strategy': "1) WAR PREP: the Elite Four is five fights with NO Center between them — full restores, revives, ethers, and a levelled WHOLE team, or don't walk in.\n2) TEAM BUILD: growlithe -> arcanine answers Champion.\n3) DEX PUSH: 14/50 species caught — at 50 the Route 15 aide (by Fuchsia) hands over the EXP. SHARE (the whole bench levels off every fight). Catch every NEW species you cross; never wander just to hunt.\n4) ICE BEAM FUND: ¥44,770 short of the Game Corner TM13 budget (~¥80,500 total). Ice Beam on the ace freezes everything left — Venusaur, Lance's dragons, the birds. Fight your battles for the payouts, sell loot at marts, buy supplies but never splurge. It arms itself when funded.\n5) STANDING ORDERS: the goal is ROLL CREDITS. Forward progress beats wandering; heal beats fighting hurt; type advantage decides fights; build the planned team, not just the ace."} options=['head_to_league', 'battle', 'wander_catch', 'travel:3,33', 'travel:3,36', 'travel:3,39', 'travel:3,32', 'use_surf']

   [kira-voice] ORACLE kind=action options=['head_to_league', 'battle', 'wander_catch', 'travel:3,33', 'travel:3,36', 'travel:3,39', 'travel:3,32', 'use_surf'] -> pick='head_to_league'

   [campaign]    [soul] ORACLE pick -> 'head_to_league'

   [campaign]    [roam] DECISION THINK: 2424ms (world stayed live — pumped idle, not a freeze)

   [campaign]    [roam] PICK OUT: head_to_league

   [campaign]    [roam] RATIONALE: You're ready — stop grinding and push forward to the next objective. then on to the Elite Four

   [campaign]    [roam] !! E4-READINESS-GATE NON-CONVERGING: 8 stints / 8 no-progress — floor L3 still under target L46 (ace L61, gap 58). The reachable grind cannot bring the bench to qualifying shape from here. STANDING DOWN — NOT entering the League under-shape (a monitor shift adjudicates HALT). levels=[61, 19, 19, 18, 25, 3]

   [campaign]    [roam] RESULT: head_to_league -> stuck | pos (3, 38)(0, 17) -> (3, 38)(0, 17) (NO MOVEMENT)

   [campaign]    [world] learned 2 warp(s) on (3, 38): (60, 8)->(1, 83), (72, 14)->(1, 83)

   [campaign]    [roam] grass she KNOWS: routing east -> (3, 37) toward Route 15 (FORWARD — on the road to the objective, visited grass, avoiding any wall)

   [campaign]    [roam] !! CREATOR ORDER (LAW): the strengthen-first prep stands down — Jonny said go, so she goes

   [campaign]    [roam] known-good snapshot SKIPPED — this spot can't reach a Center; refusing to bank a poisoned escape target (would reload back into the strand)

   [campaign] -- ROAM TICK 52/100000000 --

   [campaign]    [roam] STATE IN: Route 20 (0, 17) | badges=8 (Boulder, Cascade, Thunder, Rainbow, Soul, Marsh, Volcano, Earth) | party=[blastoise L61, rattata L19, kadabra L19, diglett L18, lapras L25, pidgey L3] | 8 badge(s) earned (Boulder, Cascade, Thunder, Rainbow, Soul, Marsh, Volcano, Earth). All 8 badges earned. Pokédex: 14 caught. All 8 badges — Victory Road and the Elite Four are next. This is the endgame.

   [campaign]    [roam] PROGRESS: GREEN (unchanged 2 ticks) | fp[(3, 38) (0,17) f4 -- badge8 $35730 party:63f2 bag:b018]

   [campaign]    [roam] OPTIONS OFFERED: ['head_to_league', 'battle', 'wander_catch', 'travel:3,33', 'travel:3,36', 'travel:3,39', 'travel:3,32', 'use_surf']

   [campaign]    [soul] surface_want FIRE -> Route 20

   [campaign]    [soul] ORACLE decision: kind=want ctx={'place': "You're on Route 20 — outdoors under open sky.. ALREADY BESIDE YOU — your current team: blastoise (L61), rattata (L19), abra the kadabra (L19), diglett (L18), lapras (L25), pidgey (L3). A want is something you DON'T yet have; never wish for a teammate who's already on your team.", 'map': (3, 38), 'badges': ['Boulder', 'Cascade', 'Thunder', 'Rainbow', 'Soul', 'Marsh', 'Volcano', 'Earth'], 'progress': '8 badge(s) earned (Boulder, Cascade, Thunder, Rainbow, Soul, Marsh, Volcano, Earth). All 8 badges earned. Pokédex: 14 caught. All 8 badges — Victory Road and the Elite Four are next. This is the endgame.', 'party': 'blastoise (L61), rattata (L19), abra the kadabra (L19), diglett (L18), lapras (L25), pidgey (L3)', 'goal': {'short': "You're ready — stop grinding and push forward to the next objective", 'medium': 'FIRST HM Fly — a girl in the hidden house on Route 16, just west of Celadon behind a cuttable tree, teaches your team to fly you between towns — the gym comes right after; that errand is the road', 'long': 'Take on the Elite Four'}} options=['eevee', 'fossil', 'starters', 'rare', 'legendaries']

   [kira-voice] ORACLE kind=want options=['eevee', 'fossil', 'starters', 'rare', 'legendaries'] -> pick='Articuno before the Elite Four'

   [campaign]    [soul] ORACLE pick -> 'Articuno before the Elite Four'

   [kira-voice] -> T2·savor· (want) 'Articuno before the Elite Four'  fired=True  [age 0.0s + post 6ms]

   [campaign]    [soul] ORACLE decision: kind=action ctx={'place': 'You\'re on Route 20 — outdoors under open sky.. From here: EAST → Route 19; WEST → Cinnabar Island — a Mart, a Pokémon Center. Places you\'ve been with wild Pokémon you can walk back to: Route 15; Route 18; Route 21. You can walk to anywhere you\'ve already been. You have SURF — you can cross water. Field moves ready: CUT, STRENGTH.. Okay — to get past this I need HM Fly — a girl in the hidden house on Route 16, just west of Celadon behind a cuttable tree, teaches your team to fly you between towns.. HOW POKÉMON WORKS (what you\'re playing for): the GOAL is to earn 8 Gym Badges, beat the Elite Four, and roll the credits — that\'s beating the game. You build a TEAM of up to 6 Pokémon you like AND that cover each other (types/roles) — a solo carry with a dead-weight bench is a losing setup; a real trainer fields a balanced, levelled squad. CATCHING wild Pokémon is central (\'gotta catch \'em all\') — you catch to build that team and to fill the Pokédex. When you meet a wild Pokémon, weigh it: is it cool/strong/useful, does it cover a gap, is it better than a bench-warmer? — keep your best ~6, and build a squad you actually like. THE ARC: build a team -> beat the 8 gyms prepared -> Elite Four -> credits. ALSO NORMAL: you entered your own name (and your rival\'s) when the game began — people in this world knowing your names is ordinary, not a mystery to react to. RIGHT NOW your team is thin/lopsided (a strong lead but weak or too few others) — that\'s why tough trainers wall you. Building up a real squad (catch a good new teammate, level the weak ones) is how a prepared trainer gets past these. THE MAIN QUEST IS A FIXED PATH you\'re always on: beat the 8 Gym Leaders in order, then the Elite Four, then you win the game. All 8 badges are yours — the Elite Four is the final challenge before the credits. Word on the road about the Elite Four: the Elite Four open with an ice-and-water lady — folks say lightning and grass are how you slip past her; and then the dragon master himself — and everyone says the same thing: ice is the only thing a dragon truly fears. YOUR STORY SO FAR (what you\'ve actually done — your past, not the future): All eight Gym Badges are yours. The Elite Four and the Champion are the summit.. Next on my list: catch an growlithe around Route 7 / Route 8. It grows into my arcanine — that\'s my answer for Champion down the line. Grabbing it now, before I need it.. THINGS YOU\'VE HEARD AND READ (from people and signs — your own notes, use them when they point somewhere): "I had a vision of your arrival. I have had psychic powers since I was a child. It started when a spoon I carelessly tossed, bent. I dislike battling, but if you"; "Sealed within that TM06 lies TOXIC! It is a secret technique dating back some four hundred years."; "KIRA put the TM06 in the TM CASE."; "KIRA received TM06 from KOGA.". YOUR PLAN — right now: You\'re ready — stop grinding and push forward to the next objective. Next: FIRST HM Fly — a girl in the hidden house on Route 16, just west of Celadon behind a cuttable tree, teaches your team to fly you between towns — the gym comes right after; that errand is the road. Bigger picture: Take on the Elite Four. Your team right now: blastoise (L61), rattata (L19), abra the kadabra (L19), diglett (L18), lapras (L25), pidgey (L3). Remember YOU are the one playing this — narrate your plan to chat in your own voice (first person: "I\'m grinding", "my team"), and never ask anyone what you\'re doing or who\'s on your team — you know.', 'progress': '8 badge(s) earned (Boulder, Cascade, Thunder, Rainbow, Soul, Marsh, Volcano, Earth). All 8 badges earned. Pokédex: 14 caught. All 8 badges — Victory Road and the Elite Four are next. This is the endgame.', 'party': 'blastoise (L61), rattata (L19), abra the kadabra (L19), diglett (L18), lapras (L25), pidgey (L3)', 'goal': {'short': "You're ready — stop grinding and push forward to the next objective", 'medium': 'FIRST HM Fly — a girl in the hidden house on Route 16, just west of Celadon behind a cuttable tree, teaches your team to fly you between towns — the gym comes right after; that errand is the road', 'long': 'Take on the Elite Four'}, 'strategy': "1) WAR PREP: the Elite Four is five fights with NO Center between them — full restores, revives, ethers, and a levelled WHOLE team, or don't walk in.\n2) TEAM BUILD: growlithe -> arcanine answers Champion.\n3) DEX PUSH: 14/50 species caught — at 50 the Route 15 aide (by Fuchsia) hands over the EXP. SHARE (the whole bench levels off every fight). Catch every NEW species you cross; never wander just to hunt.\n4) ICE BEAM FUND: ¥44,770 short of the Game Corner TM13 budget (~¥80,500 total). Ice Beam on the ace freezes everything left — Venusaur, Lance's dragons, the birds. Fight your battles for the payouts, sell loot at marts, buy supplies but never splurge. It arms itself when funded.\n5) STANDING ORDERS: the goal is ROLL CREDITS. Forward progress beats wandering; heal beats fighting hurt; type advantage decides fights; build the planned team, not just the ace."} options=['head_to_league', 'battle', 'wander_catch', 'travel:3,33', 'travel:3,36', 'travel:3,39', 'travel:3,32', 'use_surf']

   [kira-voice] ORACLE kind=action options=['head_to_league', 'battle', 'wander_catch', 'travel:3,33', 'travel:3,36', 'travel:3,39', 'travel:3,32', 'use_surf'] -> pick='head_to_league'

   [campaign]    [soul] ORACLE pick -> 'head_to_league'

   [campaign]    [roam] DECISION THINK: 2777ms (world stayed live — pumped idle, not a freeze)

   [campaign]    [roam] PICK OUT: head_to_league

   [campaign]    [roam] RATIONALE: You're ready — stop grinding and push forward to the next objective. then on to the Elite Four

   [campaign]    [roam] !! E4-READINESS-GATE NON-CONVERGING: 8 stints / 8 no-progress — floor L3 still under target L46 (ace L61, gap 58). The reachable grind cannot bring the bench to qualifying shape from here. STANDING DOWN — NOT entering the League under-shape (a monitor shift adjudicates HALT). levels=[61, 19, 19, 18, 25, 3]

   [campaign]    [roam] RESULT: head_to_league -> stuck | pos (3, 38)(0, 17) -> (3, 38)(0, 17) (NO MOVEMENT)

   [campaign]    ⛰️  CAMPAIGN SAVE [tick52] -> campaign/kira_campaign.state  (map=(3, 38) coords=(0, 17) badges=8 party=6)

   [campaign]    [sanctity] bundle VALID (schema/encoding/truth/monotonic all clean)

   [campaign]    [world] learned 2 warp(s) on (3, 38): (60, 8)->(1, 83), (72, 14)->(1, 83)

   [campaign]    [roam] grass she KNOWS: routing east -> (3, 37) toward Route 15 (FORWARD — on the road to the objective, visited grass, avoiding any wall)

   [campaign]    [roam] !! CREATOR ORDER (LAW): the strengthen-first prep stands down — Jonny said go, so she goes

   [campaign] -- ROAM TICK 53/100000000 --

   [campaign]    [roam] STATE IN: Route 20 (0, 17) | badges=8 (Boulder, Cascade, Thunder, Rainbow, Soul, Marsh, Volcano, Earth) | party=[blastoise L61, rattata L19, kadabra L19, diglett L18, lapras L25, pidgey L3] | 8 badge(s) earned (Boulder, Cascade, Thunder, Rainbow, Soul, Marsh, Volcano, Earth). All 8 badges earned. Pokédex: 14 caught. All 8 badges — Victory Road and the Elite Four are next. This is the endgame.

   [campaign]    [roam] PROGRESS: YELLOW (unchanged 3 ticks) | fp[(3, 38) (0,17) f4 -- badge8 $35730 party:63f2 bag:b018]

   [campaign]    [roam] OPTIONS OFFERED: ['head_to_league', 'battle', 'wander_catch', 'travel:3,33', 'travel:3,36', 'travel:3,39', 'travel:3,32', 'use_surf']

   [campaign]    [roam] !! MACRO YELLOW: no progress 3 ticks — feeding awareness back to the oracle: "You keep trying to head to league but the world hasn't changed in 3 turns - it went 'stuck', and you don't seem to be getting anywhere."

   [campaign]    [roam] !! REPEAT-NO-PROGRESS: 'head_to_league' repeated with a stuck fingerprint — nudging a different action

   [campaign]    [soul] ORACLE decision: kind=action ctx={'place': 'You\'re on Route 20 — outdoors under open sky.. From here: EAST → Route 19; WEST → Cinnabar Island — a Mart, a Pokémon Center. Places you\'ve been with wild Pokémon you can walk back to: Route 15; Route 18; Route 21. You can walk to anywhere you\'ve already been. You have SURF — you can cross water. Field moves ready: CUT, STRENGTH.. Okay — to get past this I need HM Fly — a girl in the hidden house on Route 16, just west of Celadon behind a cuttable tree, teaches your team to fly you between towns.. You keep trying to head to league but the world hasn\'t changed in 3 turns - it went \'stuck\', and you don\'t seem to be getting anywhere.. HOW POKÉMON WORKS (what you\'re playing for): the GOAL is to earn 8 Gym Badges, beat the Elite Four, and roll the credits — that\'s beating the game. You build a TEAM of up to 6 Pokémon you like AND that cover each other (types/roles) — a solo carry with a dead-weight bench is a losing setup; a real trainer fields a balanced, levelled squad. CATCHING wild Pokémon is central (\'gotta catch \'em all\') — you catch to build that team and to fill the Pokédex. When you meet a wild Pokémon, weigh it: is it cool/strong/useful, does it cover a gap, is it better than a bench-warmer? — keep your best ~6, and build a squad you actually like. THE ARC: build a team -> beat the 8 gyms prepared -> Elite Four -> credits. ALSO NORMAL: you entered your own name (and your rival\'s) when the game began — people in this world knowing your names is ordinary, not a mystery to react to. RIGHT NOW your team is thin/lopsided (a strong lead but weak or too few others) — that\'s why tough trainers wall you. Building up a real squad (catch a good new teammate, level the weak ones) is how a prepared trainer gets past these. THE MAIN QUEST IS A FIXED PATH you\'re always on: beat the 8 Gym Leaders in order, then the Elite Four, then you win the game. All 8 badges are yours — the Elite Four is the final challenge before the credits. Word on the road about the Elite Four: the Elite Four open with an ice-and-water lady — folks say lightning and grass are how you slip past her; and then the dragon master himself — and everyone says the same thing: ice is the only thing a dragon truly fears. YOUR STORY SO FAR (what you\'ve actually done — your past, not the future): All eight Gym Badges are yours. The Elite Four and the Champion are the summit.. Next on my list: catch an growlithe around Route 7 / Route 8. It grows into my arcanine — that\'s my answer for Champion down the line. Grabbing it now, before I need it.. THINGS YOU\'VE HEARD AND READ (from people and signs — your own notes, use them when they point somewhere): "I had a vision of your arrival. I have had psychic powers since I was a child. It started when a spoon I carelessly tossed, bent. I dislike battling, but if you"; "Sealed within that TM06 lies TOXIC! It is a secret technique dating back some four hundred years."; "KIRA put the TM06 in the TM CASE."; "KIRA received TM06 from KOGA.". YOUR PLAN — right now: You\'re ready — stop grinding and push forward to the next objective. Next: FIRST HM Fly — a girl in the hidden house on Route 16, just west of Celadon behind a cuttable tree, teaches your team to fly you between towns — the gym comes right after; that errand is the road. Bigger picture: Take on the Elite Four. Your team right now: blastoise (L61), rattata (L19), abra the kadabra (L19), diglett (L18), lapras (L25), pidgey (L3). Remember YOU are the one playing this — narrate your plan to chat in your own voice (first person: "I\'m grinding", "my team"), and never ask anyone what you\'re doing or who\'s on your team — you know.. HEADS UP — you just chose \'head_to_league\' and NOTHING changed (same spot, no progress). Repeating it again will do the same nothing. Pick a DIFFERENT action this time and break the loop.', 'progress': '8 badge(s) earned (Boulder, Cascade, Thunder, Rainbow, Soul, Marsh, Volcano, Earth). All 8 badges earned. Pokédex: 14 caught. All 8 badges — Victory Road and the Elite Four are next. This is the endgame.', 'party': 'blastoise (L61), rattata (L19), abra the kadabra (L19), diglett (L18), lapras (L25), pidgey (L3)', 'goal': {'short': "You're ready — stop grinding and push forward to the next objective", 'medium': 'FIRST HM Fly — a girl in the hidden house on Route 16, just west of Celadon behind a cuttable tree, teaches your team to fly you between towns — the gym comes right after; that errand is the road', 'long': 'Take on the Elite Four'}, 'strategy': "1) WAR PREP: the Elite Four is five fights with NO Center between them — full restores, revives, ethers, and a levelled WHOLE team, or don't walk in.\n2) TEAM BUILD: growlithe -> arcanine answers Champion.\n3) DEX PUSH: 14/50 species caught — at 50 the Route 15 aide (by Fuchsia) hands over the EXP. SHARE (the whole bench levels off every fight). Catch every NEW species you cross; never wander just to hunt.\n4) ICE BEAM FUND: ¥44,770 short of the Game Corner TM13 budget (~¥80,500 total). Ice Beam on the ace freezes everything left — Venusaur, Lance's dragons, the birds. Fight your battles for the payouts, sell loot at marts, buy supplies but never splurge. It arms itself when funded.\n5) STANDING ORDERS: the goal is ROLL CREDITS. Forward progress beats wandering; heal beats fighting hurt; type advantage decides fights; build the planned team, not just the ace."} options=['head_to_league', 'battle', 'wander_catch', 'travel:3,33', 'travel:3,36', 'travel:3,39', 'travel:3,32', 'use_surf']

   [kira-voice] ORACLE kind=action options=['head_to_league', 'battle', 'wander_catch', 'travel:3,33', 'travel:3,36', 'travel:3,39', 'travel:3,32', 'use_surf'] -> pick='travel:3,39'

   [campaign]    [soul] ORACLE pick -> 'travel:3,39'

   [campaign]    [roam] DECISION THINK: 3221ms (world stayed live — pumped idle, not a freeze)

   [campaign]    [roam] PICK OUT: travel:3,39  <- her RECOVERY move (YELLOW)

   [campaign]    [roam] RATIONALE: Routing to a place I need then on to the Elite Four.

   [campaign]    [roam] TRAVEL: Route 20 -> Route 21 (next hop west -> Cinnabar Island)

   [Bridge] INPUT OWNER = 'agent' (sole writer; others dropped+logged)

   [travel] start map=(3, 38) coords=(0, 17) -> map (3, 8) (budget 300s, surf-capable)

   [travel] west connection band rows: [0, 1, 2, 3, 4, 5, 6, 7, 8, 9, 10, 11, 12, 13, 14, 15, 16, 17, 18, 19]

   [campaign]    [health] publish skipped: [WinError 5] Access is denied: 'G:\\JonnyD\\NeuroAI_Bot\\pokemon_agent\\states\\campaign\\health.json.tmp' -> 'G:\\JonnyD\\NeuroAI_Bot\\pokemon_agent\\states\\campaign\\health.json'

   [travel] MAP TRANSITION (3, 38) -> (3, 8)

   [campaign]    [world] learned 5 warp(s) on (3, 8): (8, 3)->(1, 59), (20, 4)->(12, 0), (8, 9)->(12, 1), (14, 11)->(12, 5), (19, 11)->(12, 7)

   [travel] west connection band rows: [0, 1, 2, 3, 4, 5, 6, 7, 8, 9, 10, 11, 12, 13, 14, 15, 16, 17, 18, 19]

   [travel] ARRIVED at target map (3, 8) coords=(23, 17)

   [kira-voice] ·dedup· (repeat text, T1, looping?) 'made it to a new area'

   [campaign]    [roam] RESULT: travel:3,39 -> hop_ok | pos (3, 38)(0, 17) -> (3, 8)(23, 17) (MOVED)

   [campaign]    ⛰️  CAMPAIGN SAVE [new_area] -> campaign/kira_campaign.state  (map=(3, 8) coords=(23, 17) badges=8 party=6)

   [campaign]    [sanctity] bundle VALID (schema/encoding/truth/monotonic all clean)

   [campaign]    📌 AUTO-CHECKPOINT [gain-new_area] -> checkpoints/20260804_161710_cinnabar-island_8b_29h48m_gain-new-area  (4 bundle file(s))

   [campaign]    [world] learned 5 warp(s) on (3, 8): (8, 3)->(1, 59), (20, 4)->(12, 0), (8, 9)->(12, 1), (14, 11)->(12, 5), (19, 11)->(12, 7)

   [campaign]    [roam] grass she KNOWS: routing east -> (3, 38) toward Route 15 (FORWARD — on the road to the objective, visited grass, avoiding any wall)

   [campaign]    [roam] !! CREATOR ORDER (LAW): the strengthen-first prep stands down — Jonny said go, so she goes

   [campaign]    [roam] known-good snapshot SKIPPED — this spot can't reach a Center; refusing to bank a poisoned escape target (would reload back into the strand)

   [campaign] -- ROAM TICK 54/100000000 --

   [campaign]    [roam] STATE IN: Cinnabar Island (23, 17) | badges=8 (Boulder, Cascade, Thunder, Rainbow, Soul, Marsh, Volcano, Earth) | party=[blastoise L61, rattata L19, kadabra L19, diglett L18, lapras L25, pidgey L3] | 8 badge(s) earned (Boulder, Cascade, Thunder, Rainbow, Soul, Marsh, Volcano, Earth). All 8 badges earned. Pokédex: 14 caught. All 8 badges — Victory Road and the Elite Four are next. This is the endgame.

   [campaign]    [roam] PROGRESS: GREEN (unchanged 0 ticks) | fp[(3, 8) (23,17) f3 -- badge8 $35730 party:63f2 bag:b018]

   [campaign]    [roam] OPTIONS OFFERED: ['head_to_league', 'battle', 'wander_catch', 'travel:3,39', 'travel:3,19', 'travel:3,33', 'travel:3,36', 'use_surf']

   [campaign]    [soul] ORACLE decision: kind=action ctx={'place': 'You\'re in Cinnabar Island — outdoors under open sky (a town with a Pokémon Center and a Mart).. From here: NORTH → Route 21; EAST → Route 20. Places you\'ve been with wild Pokémon you can walk back to: Route 21; Route 1; Route 15. You can walk to anywhere you\'ve already been. You have SURF — you can cross water. Field moves ready: CUT, STRENGTH.. Okay — to get past this I need HM Fly — a girl in the hidden house on Route 16, just west of Celadon behind a cuttable tree, teaches your team to fly you between towns.. HOW POKÉMON WORKS (what you\'re playing for): the GOAL is to earn 8 Gym Badges, beat the Elite Four, and roll the credits — that\'s beating the game. You build a TEAM of up to 6 Pokémon you like AND that cover each other (types/roles) — a solo carry with a dead-weight bench is a losing setup; a real trainer fields a balanced, levelled squad. CATCHING wild Pokémon is central (\'gotta catch \'em all\') — you catch to build that team and to fill the Pokédex. When you meet a wild Pokémon, weigh it: is it cool/strong/useful, does it cover a gap, is it better than a bench-warmer? — keep your best ~6, and build a squad you actually like. THE ARC: build a team -> beat the 8 gyms prepared -> Elite Four -> credits. ALSO NORMAL: you entered your own name (and your rival\'s) when the game began — people in this world knowing your names is ordinary, not a mystery to react to. RIGHT NOW your team is thin/lopsided (a strong lead but weak or too few others) — that\'s why tough trainers wall you. Building up a real squad (catch a good new teammate, level the weak ones) is how a prepared trainer gets past these. THE MAIN QUEST IS A FIXED PATH you\'re always on: beat the 8 Gym Leaders in order, then the Elite Four, then you win the game. All 8 badges are yours — the Elite Four is the final challenge before the credits. Word on the road about the Elite Four: the Elite Four open with an ice-and-water lady — folks say lightning and grass are how you slip past her; and then the dragon master himself — and everyone says the same thing: ice is the only thing a dragon truly fears. YOUR STORY SO FAR (what you\'ve actually done — your past, not the future): All eight Gym Badges are yours. The Elite Four and the Champion are the summit.. Next on my list: catch an growlithe around Route 7 / Route 8. It grows into my arcanine — that\'s my answer for Champion down the line. Grabbing it now, before I need it.. THINGS YOU\'VE HEARD AND READ (from people and signs — your own notes, use them when they point somewhere): "I had a vision of your arrival. I have had psychic powers since I was a child. It started when a spoon I carelessly tossed, bent. I dislike battling, but if you"; "Sealed within that TM06 lies TOXIC! It is a secret technique dating back some four hundred years."; "KIRA put the TM06 in the TM CASE."; "KIRA received TM06 from KOGA.". YOUR PLAN — right now: You\'re ready — stop grinding and push forward to the next objective. Next: FIRST HM Fly — a girl in the hidden house on Route 16, just west of Celadon behind a cuttable tree, teaches your team to fly you between towns — the gym comes right after; that errand is the road. Bigger picture: Take on the Elite Four. Your team right now: blastoise (L61), rattata (L19), abra the kadabra (L19), diglett (L18), lapras (L25), pidgey (L3). Remember YOU are the one playing this — narrate your plan to chat in your own voice (first person: "I\'m grinding", "my team"), and never ask anyone what you\'re doing or who\'s on your team — you know.. RECALIBRATE — before the last detour you\'d set out to: "head back to Route 21 — wild Pokémon to catch and level up". That\'s still available. Unless something fundamental has actually changed, pick it back up and continue — don\'t lose the thread to aimless wandering.', 'progress': '8 badge(s) earned (Boulder, Cascade, Thunder, Rainbow, Soul, Marsh, Volcano, Earth). All 8 badges earned. Pokédex: 14 caught. All 8 badges — Victory Road and the Elite Four are next. This is the endgame.', 'party': 'blastoise (L61), rattata (L19), abra the kadabra (L19), diglett (L18), lapras (L25), pidgey (L3)', 'goal': {'short': "You're ready — stop grinding and push forward to the next objective", 'medium': 'FIRST HM Fly — a girl in the hidden house on Route 16, just west of Celadon behind a cuttable tree, teaches your team to fly you between towns — the gym comes right after; that errand is the road', 'long': 'Take on the Elite Four'}, 'strategy': "1) WAR PREP: the Elite Four is five fights with NO Center between them — full restores, revives, ethers, and a levelled WHOLE team, or don't walk in.\n2) TEAM BUILD: growlithe -> arcanine answers Champion.\n3) DEX PUSH: 14/50 species caught — at 50 the Route 15 aide (by Fuchsia) hands over the EXP. SHARE (the whole bench levels off every fight). Catch every NEW species you cross; never wander just to hunt.\n4) ICE BEAM FUND: ¥44,770 short of the Game Corner TM13 budget (~¥80,500 total). Ice Beam on the ace freezes everything left — Venusaur, Lance's dragons, the birds. Fight your battles for the payouts, sell loot at marts, buy supplies but never splurge. It arms itself when funded.\n5) STANDING ORDERS: the goal is ROLL CREDITS. Forward progress beats wandering; heal beats fighting hurt; type advantage decides fights; build the planned team, not just the ace."} options=['head_to_league', 'battle', 'wander_catch', 'travel:3,39', 'travel:3,19', 'travel:3,33', 'travel:3,36', 'use_surf']

   [kira-voice] ORACLE kind=action options=['head_to_league', 'battle', 'wander_catch', 'travel:3,39', 'travel:3,19', 'travel:3,33', 'travel:3,36', 'use_surf'] -> pick='travel:3,39'

   [campaign]    [soul] ORACLE pick -> 'travel:3,39'

   [campaign]    [roam] DECISION THINK: 2757ms (world stayed live — pumped idle, not a freeze)

   [campaign]    [roam] PICK OUT: travel:3,39

   [campaign]    [roam] RATIONALE: Routing to a place I need then on to the Elite Four.

   [campaign]    [roam] TRAVEL: Cinnabar Island -> Route 21 (next hop north -> Route 21)

   [Bridge] INPUT OWNER = 'agent' (sole writer; others dropped+logged)

   [travel] start map=(3, 8) coords=(23, 17) -> map (3, 40) (budget 300s, surf-capable)

   [travel] north connection band cols: [0, 1, 2, 3, 4, 5, 6, 7, 8, 9, 10, 11, 12, 13, 14, 15, 16, 17, 18, 19, 20, 21, 22, 23, 24]

   [travel] step 0: (23, 17)->(23, 16) map=(3, 8) (path 25 to exit)

   [travel] step 10: (23, 7)->(22, 7) map=(3, 8) (path 15 to exit)

   [travel] step 20: (16, 4)->(16, 3) map=(3, 8) (path 5 to exit)

   [Bridge] INPUT OWNER = 'agent' (sole writer; others dropped+logged)

   [dialogue] +++ 'The water is dyed a deep blue.. Would you like to SURF?'  tags=['TYPE']

   [kira-voice]    (dialogue tags: type)

   [kira-voice] -> T2·savor· (dialogue) 'you read: "The water is dyed a deep blue.. Would you like to SURF?"'  fired=True  [age 0.0s + post 4ms]

   [Bridge] INPUT OWNER = 'agent' (sole writer; others dropped+logged)

   [campaign]    [dlg hm-surf] 'The water is dyed a deep blue.. Would you like to SURF?'

   [dialogue] +++ 'BLASTOISE used SURF!'  tags=[]

   [kira-voice] ·dedup· (repeat text, T1, looping?) 'you read: "BLASTOISE used SURF!"'

   [campaign]    [dlg hm-surf] 'BLASTOISE used SURF!'

   [campaign]    [dlg-pace hm-surf] box 'The water is dyed a deep blue.. Would you like t' visible 1.27s (sink 0ms, hold 0.09s, end=next_box)

   [campaign]    [dlg-pace hm-surf] box 'BLASTOISE used SURF!' visible 2.65s (sink 0ms, hold 0.04s, end=closed)

   [travel] 🌊 SURF MOUNT at (16, 1) -> (16, 0) (map (3, 8))

   [kira-voice] ·dedup· (repeat text, T1, looping?) "okay — onto the water. Surf's up."

   [travel] MAP TRANSITION (3, 8) -> (3, 40)

   [travel] north connection band cols: [0, 1, 2, 3, 4, 5, 6, 7, 8, 9, 10, 11, 12, 13, 14, 15, 16, 17, 18, 19, 20, 21, 22, 23, 24]

   [travel] ARRIVED at target map (3, 40) coords=(16, 49)

   [kira-voice] ·dedup· (repeat text, T1, looping?) 'made it to a new area'

   [campaign]    [roam] RESULT: travel:3,39 -> hop_ok | pos (3, 8)(23, 17) -> (3, 40)(16, 49) (MOVED)

   [campaign]    ⛰️  CAMPAIGN SAVE [new_area] -> campaign/kira_campaign.state  (map=(3, 40) coords=(16, 49) badges=8 party=6)

   [campaign]    [sanctity] bundle VALID (schema/encoding/truth/monotonic all clean)

   [campaign]    📌 AUTO-CHECKPOINT [gain-new_area] -> checkpoints/20260804_161725_route-21_8b_29h48m_gain-new-area  (4 bundle file(s))

   [campaign]    [roam] grass she KNOWS: routing south -> (3, 8) toward Route 15 (FORWARD — on the road to the objective, visited grass, avoiding any wall)

   [campaign]    [roam] !! CREATOR ORDER (LAW): the strengthen-first prep stands down — Jonny said go, so she goes

   [campaign]    [roam] known-good snapshot SKIPPED — this spot can't reach a Center; refusing to bank a poisoned escape target (would reload back into the strand)

   [campaign] -- ROAM TICK 55/100000000 --

   [campaign]    [roam] STATE IN: Route 21 (16, 49) | badges=8 (Boulder, Cascade, Thunder, Rainbow, Soul, Marsh, Volcano, Earth) | party=[blastoise L61, rattata L19, kadabra L19, diglett L18, lapras L25, pidgey L3] | 8 badge(s) earned (Boulder, Cascade, Thunder, Rainbow, Soul, Marsh, Volcano, Earth). All 8 badges earned. Pokédex: 14 caught. All 8 badges — Victory Road and the Elite Four are next. This is the endgame.

   [campaign]    [roam] PROGRESS: GREEN (unchanged 0 ticks) | fp[(3, 40) (16,49) f2 -- badge8 $35730 party:63f2 bag:b018]

   [campaign]    [roam] OPTIONS OFFERED: ['head_to_league', 'battle', 'wander_catch', 'talk_npc', 'travel:3,39', 'travel:3,19', 'travel:3,20', 'travel:3,33', 'use_surf']

   [campaign]    [soul] surface_want FIRE -> Route 21

   [campaign]    [soul] ORACLE decision: kind=want ctx={'place': "You're on Route 21 — outdoors under open sky.. ALREADY BESIDE YOU — your current team: blastoise (L61), rattata (L19), abra the kadabra (L19), diglett (L18), lapras (L25), pidgey (L3). A want is something you DON'T yet have; never wish for a teammate who's already on your team.", 'map': (3, 40), 'badges': ['Boulder', 'Cascade', 'Thunder', 'Rainbow', 'Soul', 'Marsh', 'Volcano', 'Earth'], 'progress': '8 badge(s) earned (Boulder, Cascade, Thunder, Rainbow, Soul, Marsh, Volcano, Earth). All 8 badges earned. Pokédex: 14 caught. All 8 badges — Victory Road and the Elite Four are next. This is the endgame.', 'party': 'blastoise (L61), rattata (L19), abra the kadabra (L19), diglett (L18), lapras (L25), pidgey (L3)', 'goal': {'short': "You're ready — stop grinding and push forward to the next objective", 'medium': 'FIRST HM Fly — a girl in the hidden house on Route 16, just west of Celadon behind a cuttable tree, teaches your team to fly you between towns — the gym comes right after; that errand is the road', 'long': 'Take on the Elite Four'}} options=['eevee', 'fossil', 'starters', 'rare', 'legendaries']

   [kira-voice] ORACLE kind=want options=['eevee', 'fossil', 'starters', 'rare', 'legendaries'] -> pick='level up the bench before Elite Four'

   [campaign]    [soul] ORACLE pick -> 'level up the bench before Elite Four'

   [kira-voice] -> T2·savor· (want) 'level up the bench before Elite Four'  fired=True  [age 0.0s + post 6ms]

   [campaign]    [soul] ORACLE decision: kind=action ctx={'place': 'You\'re on Route 21 — outdoors under open sky.. From here: NORTH → Route 21 — wild Pokémon to catch/train; SOUTH → Cinnabar Island — a Mart, a Pokémon Center. Places you\'ve been with wild Pokémon you can walk back to: Route 1; Route 2; Route 15. You can walk to anywhere you\'ve already been. You have SURF — you can cross water. Field moves ready: CUT, STRENGTH.. Okay — to get past this I need HM Fly — a girl in the hidden house on Route 16, just west of Celadon behind a cuttable tree, teaches your team to fly you between towns.. HOW POKÉMON WORKS (what you\'re playing for): the GOAL is to earn 8 Gym Badges, beat the Elite Four, and roll the credits — that\'s beating the game. You build a TEAM of up to 6 Pokémon you like AND that cover each other (types/roles) — a solo carry with a dead-weight bench is a losing setup; a real trainer fields a balanced, levelled squad. CATCHING wild Pokémon is central (\'gotta catch \'em all\') — you catch to build that team and to fill the Pokédex. When you meet a wild Pokémon, weigh it: is it cool/strong/useful, does it cover a gap, is it better than a bench-warmer? — keep your best ~6, and build a squad you actually like. THE ARC: build a team -> beat the 8 gyms prepared -> Elite Four -> credits. ALSO NORMAL: you entered your own name (and your rival\'s) when the game began — people in this world knowing your names is ordinary, not a mystery to react to. RIGHT NOW your team is thin/lopsided (a strong lead but weak or too few others) — that\'s why tough trainers wall you. Building up a real squad (catch a good new teammate, level the weak ones) is how a prepared trainer gets past these. THE MAIN QUEST IS A FIXED PATH you\'re always on: beat the 8 Gym Leaders in order, then the Elite Four, then you win the game. All 8 badges are yours — the Elite Four is the final challenge before the credits. Word on the road about the Elite Four: the Elite Four open with an ice-and-water lady — folks say lightning and grass are how you slip past her; and then the dragon master himself — and everyone says the same thing: ice is the only thing a dragon truly fears. YOUR STORY SO FAR (what you\'ve actually done — your past, not the future): All eight Gym Badges are yours. The Elite Four and the Champion are the summit.. Next on my list: catch an growlithe around Route 7 / Route 8. It grows into my arcanine — that\'s my answer for Champion down the line. Grabbing it now, before I need it.. THINGS YOU\'VE HEARD AND READ (from people and signs — your own notes, use them when they point somewhere): "I had a vision of your arrival. I have had psychic powers since I was a child. It started when a spoon I carelessly tossed, bent. I dislike battling, but if you"; "Sealed within that TM06 lies TOXIC! It is a secret technique dating back some four hundred years."; "KIRA put the TM06 in the TM CASE."; "KIRA received TM06 from KOGA.". YOUR PLAN — right now: You\'re ready — stop grinding and push forward to the next objective. Next: FIRST HM Fly — a girl in the hidden house on Route 16, just west of Celadon behind a cuttable tree, teaches your team to fly you between towns — the gym comes right after; that errand is the road. Bigger picture: Take on the Elite Four. Your team right now: blastoise (L61), rattata (L19), abra the kadabra (L19), diglett (L18), lapras (L25), pidgey (L3). Remember YOU are the one playing this — narrate your plan to chat in your own voice (first person: "I\'m grinding", "my team"), and never ask anyone what you\'re doing or who\'s on your team — you know.. RECALIBRATE — before the last detour you\'d set out to: "head back to Route 21 — wild Pokémon to catch and level up". That\'s still available. Unless something fundamental has actually changed, pick it back up and continue — don\'t lose the thread to aimless wandering.', 'progress': '8 badge(s) earned (Boulder, Cascade, Thunder, Rainbow, Soul, Marsh, Volcano, Earth). All 8 badges earned. Pokédex: 14 caught. All 8 badges — Victory Road and the Elite Four are next. This is the endgame.', 'party': 'blastoise (L61), rattata (L19), abra the kadabra (L19), diglett (L18), lapras (L25), pidgey (L3)', 'goal': {'short': "You're ready — stop grinding and push forward to the next objective", 'medium': 'FIRST HM Fly — a girl in the hidden house on Route 16, just west of Celadon behind a cuttable tree, teaches your team to fly you between towns — the gym comes right after; that errand is the road', 'long': 'Take on the Elite Four'}, 'strategy': "1) WAR PREP: the Elite Four is five fights with NO Center between them — full restores, revives, ethers, and a levelled WHOLE team, or don't walk in.\n2) TEAM BUILD: growlithe -> arcanine answers Champion.\n3) DEX PUSH: 14/50 species caught — at 50 the Route 15 aide (by Fuchsia) hands over the EXP. SHARE (the whole bench levels off every fight). Catch every NEW species you cross; never wander just to hunt.\n4) ICE BEAM FUND: ¥44,770 short of the Game Corner TM13 budget (~¥80,500 total). Ice Beam on the ace freezes everything left — Venusaur, Lance's dragons, the birds. Fight your battles for the payouts, sell loot at marts, buy supplies but never splurge. It arms itself when funded.\n5) STANDING ORDERS: the goal is ROLL CREDITS. Forward progress beats wandering; heal beats fighting hurt; type advantage decides fights; build the planned team, not just the ace."} options=['head_to_league', 'battle', 'wander_catch', 'talk_npc', 'travel:3,39', 'travel:3,19', 'travel:3,20', 'travel:3,33', 'use_surf']

   [kira-voice] ORACLE kind=action options=['head_to_league', 'battle', 'wander_catch', 'talk_npc', 'travel:3,39', 'travel:3,19', 'travel:3,20', 'travel:3,33', 'use_surf'] -> pick='travel:3,39'

   [campaign]    [soul] ORACLE pick -> 'travel:3,39'

   [campaign]    [roam] DECISION THINK: 2661ms (world stayed live — pumped idle, not a freeze)

   [campaign]    [roam] PICK OUT: travel:3,39

   [campaign]    [roam] RATIONALE: Routing to a place I need then on to the Elite Four.

   [campaign]    [roam] TRAVEL: Route 21 -> Route 21 (next hop north -> Route 21)

   [Bridge] INPUT OWNER = 'agent' (sole writer; others dropped+logged)

   [travel] start map=(3, 40) coords=(16, 49) -> map (3, 39) (budget 300s, surf-capable)

   [travel] north connection band cols: [0, 1, 2, 3, 4, 5, 6, 7, 8, 9, 10, 11, 12, 13, 14, 15, 16, 17, 18, 19, 20, 21, 22, 23, 24]

   [travel] step 0: (16, 49)->(16, 48) map=(3, 40) (path 51 to exit)

   [travel] step 10: (15, 40)->(15, 39) map=(3, 40) (path 41 to exit)

   [campaign]    [roam] watchdog: SCENE callback owns the screen (evolution/naming/cutscene) — deliberate stillness, watch resets until the world returns

   [travel] ENCOUNTER -> on-time beat, warm up, hand off

   [kira-voice] -> T1·brisk· (beat) 'a wild Pokemon leaps out at you'  fired=True  [age 0.0s + post 8ms]

   [Bridge] INPUT OWNER = 'agent' (sole writer; others dropped+logged)

   [kira-voice] -> T1·brisk· (event) 'a battle started against tentacool — your blastoise is up front'  fired=True  [age 0.0s + post 2ms]

   [kira-voice] ·floor· (<1s since last) T2 "catch order — switching to balls on this tentacool. weaken, don't KO."

   [play-live]    [engine] WILD CATCH DIVERT (creator_catch_now) — tentacool: weaken+balls, never KO

   [play-live]    [engine] catch: foe is 10+ levels under the lead (or Snorlax) — no chipping (would KO); SLEEP-then-throw / CHIPPER, never ace Surf

   [play-live]    [engine] catch: CHIPPER SWITCH — blastoise would one-shot it; fielding slot 3 (diglett) to chip it into the catchable band

   [play-live]    [engine] switch: party didn't open via RAM nav — BLIND fallback (B out, DOWN DOWN A)

   [play-live]    [engine] switch: party screen never took focus -> B out (fail-safe)

   [play-live]    [engine] catch: chipper switch didn't confirm — falling back to the full-HP throw (fail-safe)

   [kira-voice] -> T1·brisk· (event) 'no safe way to weaken this one — full-health throw it is. wish me luck.'  fired=True  [age 0.0s + post 3ms]

   [play-live]    [engine] battle-progress: enemy fainted

   [kira-voice] ·floor· (<1s since last) T1 "the enemy's tentacool fainted — your blastoise took it down"

   [play-live]    [engine] catch_now unresolved (fled) — LAW order KEPT for retry

   [Bridge] INPUT OWNER = 'agent' (sole writer; others dropped+logged)

   [travel] battle outcome=fled; resuming pathfind

   [Bridge] INPUT OWNER = 'agent' (sole writer; others dropped+logged)

   [kira-voice] -> T1·brisk· (beat) 'the route opens up ahead, grass swaying at the edges of the path'  fired=True  [age 0.0s + post 10ms]

   [travel] step 20: (14, 35)->(14, 34) map=(3, 40) (path 36 to exit)

   [travel] step 30: (14, 25)->(14, 24) map=(3, 40) (path 26 to exit)

   [travel] HEARTBEAT step=40 map=(3, 40) coords=(15, 16) elapsed=28s

   [travel] step 40: (15, 16)->(15, 15) map=(3, 40) (path 17 to exit)

   [Bridge] INPUT OWNER = 'agent' (sole writer; others dropped+logged)

   [dialogue] +++ 'The water is dyed a deep blue.. Would you like to SURF?'  tags=['TYPE']

   [kira-voice]    (dialogue tags: type)

   [kira-voice] -> T2·savor· (dialogue) 'you read: "The water is dyed a deep blue.. Would you like to SURF?"'  fired=True  [age 0.0s + post 2ms]

   [Bridge] INPUT OWNER = 'agent' (sole writer; others dropped+logged)

   [campaign]    [dlg hm-surf] 'The water is dyed a deep blue.. Would you like to SURF?'

   [dialogue] +++ 'BLASTOISE used SURF!'  tags=[]

   [kira-voice] -> T1·brisk· (dialogue) 'you read: "BLASTOISE used SURF!"'  fired=True  [age 0.0s + post 5ms]

   [campaign]    [dlg hm-surf] 'BLASTOISE used SURF!'

   [campaign]    [dlg-pace hm-surf] box 'The water is dyed a deep blue.. Would you like t' visible 1.27s (sink 0ms, hold 0.09s, end=next_box)

   [campaign]    [dlg-pace hm-surf] box 'BLASTOISE used SURF!' visible 2.65s (sink 0ms, hold 0.04s, end=closed)

   [travel] 🌊 SURF MOUNT at (15, 13) -> (15, 12) (map (3, 40))

   [kira-voice] -> T1·brisk· (beat) "okay — onto the water. Surf's up."  fired=True  [age 0.0s + post 11ms]

   [travel] step 50: (15, 6)->(15, 5) map=(3, 40) (path 7 to exit)

   [travel] MAP TRANSITION (3, 40) -> (3, 39)

   [travel] north connection band cols: [2, 3, 4, 5, 6, 7, 8, 9, 10, 11, 12, 13, 14, 15, 16, 17, 18, 19, 20, 21, 24]

   [travel] ARRIVED at target map (3, 39) coords=(15, 49)

   [campaign]    [roam] arrived at Route 21 (grass) — starting to hunt

   [kira-voice] -> T1·brisk· (beat) 'made it to a new area'  fired=True  [age 0.0s + post 6ms]

   [campaign]    CATCH: 36 reachable grass tile(s) (nearest (15, 10)); avoiding 1 warp tile(s) - traversing grass to catch one

   [Bridge] INPUT OWNER = 'agent' (sole writer; others dropped+logged)

   [travel] start map=(3, 39) coords=(15, 49) -> coord (15, 10) (budget 80s, surf-capable)

   [travel] step 0: (15, 49)->(15, 48) map=(3, 39) (path 42 to exit)

   [Bridge] INPUT OWNER = 'agent' (sole writer; others dropped+logged)

   [dialogue] +++ 'The water is dyed a deep blue.. Would you like to SURF?'  tags=['TYPE']

   [kira-voice]    (dialogue tags: type)

   [kira-voice] -> T2·savor· (dialogue) 'you read: "The water is dyed a deep blue.. Would you like to SURF?"'  fired=True  [age 0.0s + post 3ms]

   [Bridge] INPUT OWNER = 'agent' (sole writer; others dropped+logged)

   [campaign]    [dlg hm-surf] 'The water is dyed a deep blue.. Would you like to SURF?'

   [dialogue] +++ 'BLASTOISE used SURF!'  tags=[]

   [kira-voice] ·dedup· (repeat text, T1, looping?) 'you read: "BLASTOISE used SURF!"'

   [campaign]    [dlg hm-surf] 'BLASTOISE used SURF!'

   [campaign]    [dlg-pace hm-surf] box 'The water is dyed a deep blue.. Would you like t' visible 1.27s (sink 0ms, hold 0.09s, end=next_box)

   [campaign]    [dlg-pace hm-surf] box 'BLASTOISE used SURF!' visible 2.65s (sink 0ms, hold 0.04s, end=closed)

   [travel] 🌊 SURF MOUNT at (15, 41) -> (15, 40) (map (3, 39))

   [kira-voice] ·dedup· (repeat text, T1, looping?) "okay — onto the water. Surf's up."

   [travel] step 10: (15, 39)->(15, 38) map=(3, 39) (path 32 to exit)

   [travel] step 20: (16, 30)->(16, 29) map=(3, 39) (path 22 to exit)

   [Bridge] INPUT OWNER = 'agent' (sole writer; others dropped+logged)

   [dialogue] +++ 'The water is dyed a deep blue.. Would you like to SURF?'  tags=['TYPE']

   [Bridge] INPUT OWNER = 'agent' (sole writer; others dropped+logged)

   [campaign]    [dlg hm-surf] 'The water is dyed a deep blue.. Would you like to SURF?'

   [dialogue] +++ 'BLASTOISE used SURF!'  tags=[]

   [kira-voice] ·dedup· (repeat text, T1, looping?) 'you read: "BLASTOISE used SURF!"'

   [campaign]    [dlg hm-surf] 'BLASTOISE used SURF!'

   [campaign]    [dlg-pace hm-surf] box 'The water is dyed a deep blue.. Would you like t' visible 2.27s (sink 0ms, hold 0.09s, end=next_box)

   [campaign]    [dlg-pace hm-surf] box 'BLASTOISE used SURF!' visible 2.67s (sink 0ms, hold 0.04s, end=closed)

   [travel] 🌊 SURF MOUNT at (15, 23) -> (15, 22) (map (3, 39))

   [kira-voice] ·dedup· (repeat text, T1, looping?) "okay — onto the water. Surf's up."

   [kira-voice] ·dedup· (repeat text, T1, looping?) 'the route opens up ahead, grass swaying at the edges of the path'

   [travel] step 30: (15, 21)->(15, 20) map=(3, 39) (path 12 to exit)

   [campaign]    [roam] watchdog: SCENE callback owns the screen (evolution/naming/cutscene) — deliberate stillness, watch resets until the world returns

   [travel] ENCOUNTER -> on-time beat, warm up, hand off

   [kira-voice] -> T1·brisk· (beat) 'a wild Pokemon leaps out at you'  fired=True  [age 0.0s + post 2ms]

