   [campaign]    [roam] TRAVEL: Route 9 -> Route 10 (next hop east -> Route 10)

   [Bridge] INPUT OWNER = 'agent' (sole writer; others dropped+logged)

   [travel] start map=(3, 27) coords=(0, 8) -> map (3, 28) (budget 300s, surf-capable)

   [travel] east connection band rows: [8, 9, 10]

   [travel] path blocked at (0, 8) (NPC on the gap?) - waiting

   [travel] no clean path from (0, 8) AND no NPC-allowing path (npcs nearby=[(2, 8)]) - genuine wall/zone gap, will time out

   [travel] !! TRAVEL WEDGE: identical fp x4 retries at (0, 8) map=(3, 27) (reason=no_route) -> returning to roam LOUD (no inner spin)

   [kira-voice] ·dedup· (repeat text, T1, looping?) "I can't find a way through here — let me rethink this"

   [campaign]    [roam] RESULT: victory_lap -> stage:travel:no_path | pos (3, 27)(0, 8) -> (3, 27)(0, 8) (NO MOVEMENT)

   [campaign]    [lap] checklist owes 'zapdos' — victory_lap is the endgame action (head_to_league/enter_league held until the lap clears)

   [campaign] -- ROAM TICK 46/100000000 --

   [campaign]    [roam] STATE IN: Route 9 (0, 8) | badges=8 (Boulder, Cascade, Thunder, Rainbow, Soul, Marsh, Volcano, Earth) | party=[blastoise L69, lapras L26, moltres L50, articuno L50, kadabra L19] | 8 badge(s) earned (Boulder, Cascade, Thunder, Rainbow, Soul, Marsh, Volcano, Earth). All 8 badges earned. Pokédex: 19 caught. All 8 badges — Victory Road and the Elite Four are next. This is the endgame.

   [campaign]    [roam] PROGRESS: YELLOW (unchanged 5 ticks) | fp[(3, 27) (0,8) f4 -- badge8 $2910 party:686d bag:212a]

   [campaign]    [roam] OPTIONS OFFERED: ['victory_lap', 'battle', 'wander_catch', 'travel:3,28', 'travel:3,22', 'travel:3,43', 'travel:3,21']

   [campaign]    [soul] surface_want FIRE -> Route 9

   [campaign]    [soul] ORACLE decision: kind=want ctx={'place': "You're on Route 9 — outdoors under open sky (tall grass around — wild Pokémon live in it).. ALREADY BESIDE YOU — your current team: blastoise (L69), lapras (L26), moltres (L50), articuno (L50), abra the kadabra (L19). A want is something you DON'T yet have; never wish for a teammate who's already on your team.", 'map': (3, 27), 'badges': ['Boulder', 'Cascade', 'Thunder', 'Rainbow', 'Soul', 'Marsh', 'Volcano', 'Earth'], 'progress': '8 badge(s) earned (Boulder, Cascade, Thunder, Rainbow, Soul, Marsh, Volcano, Earth). All 8 badges earned. Pokédex: 19 caught. All 8 badges — Victory Road and the Elite Four are next. This is the endgame.', 'party': 'blastoise (L69), lapras (L26), moltres (L50), articuno (L50), abra the kadabra (L19)', 'goal': {'short': "You're ready — stop grinding and push forward to the next objective", 'medium': "FIRST Zapdos — the L50 legendary bird inside the Power Plant, across Route 10's water strip. The electric answer to Lorelei's waters and Lance's Gyarados, free for the catching once Surf is taught — the gym comes right after; that errand is the road", 'long': 'Take on the Elite Four'}} options=['eevee', 'fossil', 'starters', 'rare', 'legendaries']

   [kira-voice] ORACLE kind=want options=['eevee', 'fossil', 'starters', 'rare', 'legendaries'] -> pick='get to the Power Plant and catch Zapdos'

   [campaign]    [soul] ORACLE pick -> 'get to the Power Plant and catch Zapdos'

   [campaign]    [roam] !! MACRO YELLOW: no progress 5 ticks — feeding awareness back to the oracle: "You keep trying to victory lap but the world hasn't changed in 5 turns - it went 'stage:travel:no_path', and you don't seem to be getting anywhere."

   [campaign]    [roam] !! REPEAT-NO-PROGRESS: 'victory_lap' repeated with a stuck fingerprint — nudging a different action

   [campaign]    [lap] !! FORCE VICTORY LAP — oracle SKIPPED (the checklist owns the endgame sequencing; the order is code, not mood)

   [campaign]    [roam] PICK OUT: victory_lap  <- her RECOVERY move (YELLOW)

   [campaign]    [roam] RATIONALE: You're ready — stop grinding and push forward to the next objective. then on to the Elite Four

   [kira-voice] -> T2·savor· (want) 'get to the Power Plant and catch Zapdos'  fired=True  [age 0.0s + post 3ms]

   [campaign]    [lap] 🧭 ZAPDOS NORTH STAGING: Route 9 → Route 10 NORTH (from (3, 27)@(0, 8)) (LOUD)

   [campaign]    [roam] TRAVEL: Route 9 -> Route 10 (next hop east -> Route 10)

   [Bridge] INPUT OWNER = 'agent' (sole writer; others dropped+logged)

   [travel] start map=(3, 27) coords=(0, 8) -> map (3, 28) (budget 300s, surf-capable)

   [travel] east connection band rows: [8, 9, 10]

   [travel] path blocked at (0, 8) (NPC on the gap?) - waiting

   [travel] no clean path from (0, 8) AND no NPC-allowing path (npcs nearby=[(2, 8)]) - genuine wall/zone gap, will time out

   [travel] !! TRAVEL WEDGE: identical fp x4 retries at (0, 8) map=(3, 27) (reason=no_route) -> returning to roam LOUD (no inner spin)

   [kira-voice] ·dedup· (repeat text, T1, looping?) "I can't find a way through here — let me rethink this"

   [campaign]    [roam] RESULT: victory_lap -> stage:travel:no_path | pos (3, 27)(0, 8) -> (3, 27)(0, 8) (NO MOVEMENT)

   [campaign]    ⛰️  CAMPAIGN SAVE [tick46] -> campaign/kira_campaign.state  (map=(3, 27) coords=(0, 8) badges=8 party=5)

   [campaign]    [sanctity] bundle VALID (schema/encoding/truth/monotonic all clean)

   [campaign]    [lap] checklist owes 'zapdos' — victory_lap is the endgame action (head_to_league/enter_league held until the lap clears)

   [campaign] -- ROAM TICK 47/100000000 --

   [campaign]    [roam] STATE IN: Route 9 (0, 8) | badges=8 (Boulder, Cascade, Thunder, Rainbow, Soul, Marsh, Volcano, Earth) | party=[blastoise L69, lapras L26, moltres L50, articuno L50, kadabra L19] | 8 badge(s) earned (Boulder, Cascade, Thunder, Rainbow, Soul, Marsh, Volcano, Earth). All 8 badges earned. Pokédex: 19 caught. All 8 badges — Victory Road and the Elite Four are next. This is the endgame.

   [campaign]    [roam] PROGRESS: RED (unchanged 6 ticks) | fp[(3, 27) (0,8) f4 -- badge8 $2910 party:686d bag:212a]

   [campaign]    [roam] OPTIONS OFFERED: ['victory_lap', 'battle', 'wander_catch', 'travel:3,28', 'travel:3,22', 'travel:3,43', 'travel:3,21']

   [campaign]    [roam] !! MACRO RED: no progress 6 ticks — feeding awareness back to the oracle: "You keep trying to victory lap but the world hasn't changed in 6 turns - it went 'stage:travel:no_path', and you're completely stuck."

   [campaign]    [roam] !! REPEAT-NO-PROGRESS: 'victory_lap' repeated with a stuck fingerprint — nudging a different action

   [campaign]    [lap] !! FORCE VICTORY LAP — oracle SKIPPED (the checklist owns the endgame sequencing; the order is code, not mood)

   [campaign]    [roam] PICK OUT: victory_lap  <- her RECOVERY move (RED)

   [campaign]    [roam] RATIONALE: You're ready — stop grinding and push forward to the next objective. then on to the Elite Four

   [campaign]    [lap] 🧭 ZAPDOS NORTH STAGING: Route 9 → Route 10 NORTH (from (3, 27)@(0, 8)) (LOUD)

   [campaign]    [roam] TRAVEL: Route 9 -> Route 10 (next hop east -> Route 10)

   [Bridge] INPUT OWNER = 'agent' (sole writer; others dropped+logged)

   [travel] start map=(3, 27) coords=(0, 8) -> map (3, 28) (budget 300s, surf-capable)

   [travel] east connection band rows: [8, 9, 10]

   [travel] path blocked at (0, 8) (NPC on the gap?) - waiting

   [travel] no clean path from (0, 8) AND no NPC-allowing path (npcs nearby=[(2, 8)]) - genuine wall/zone gap, will time out

   [travel] !! TRAVEL WEDGE: identical fp x4 retries at (0, 8) map=(3, 27) (reason=no_route) -> returning to roam LOUD (no inner spin)

   [kira-voice] ·dedup· (repeat text, T1, looping?) "I can't find a way through here — let me rethink this"

   [campaign]    [roam] RESULT: victory_lap -> stage:travel:no_path | pos (3, 27)(0, 8) -> (3, 27)(0, 8) (NO MOVEMENT)

   [campaign]    [lap] checklist owes 'zapdos' — victory_lap is the endgame action (head_to_league/enter_league held until the lap clears)

   [campaign] -- ROAM TICK 48/100000000 --

   [campaign]    [roam] STATE IN: Route 9 (0, 8) | badges=8 (Boulder, Cascade, Thunder, Rainbow, Soul, Marsh, Volcano, Earth) | party=[blastoise L69, lapras L26, moltres L50, articuno L50, kadabra L19] | 8 badge(s) earned (Boulder, Cascade, Thunder, Rainbow, Soul, Marsh, Volcano, Earth). All 8 badges earned. Pokédex: 19 caught. All 8 badges — Victory Road and the Elite Four are next. This is the endgame.

   [campaign]    [roam] PROGRESS: RED (unchanged 7 ticks) | fp[(3, 27) (0,8) f4 -- badge8 $2910 party:686d bag:212a]

   [campaign]    [roam] OPTIONS OFFERED: ['victory_lap', 'battle', 'wander_catch', 'travel:3,28', 'travel:3,22', 'travel:3,43', 'travel:3,21']

   [campaign]    [roam] !! MACRO RED: no progress 7 ticks — feeding awareness back to the oracle: "You keep trying to victory lap but the world hasn't changed in 7 turns - it went 'stage:travel:no_path', and you're completely stuck."

   [campaign]    [roam] !! REPEAT-NO-PROGRESS: 'victory_lap' repeated with a stuck fingerprint — nudging a different action

   [campaign]    [lap] !! FORCE VICTORY LAP — oracle SKIPPED (the checklist owns the endgame sequencing; the order is code, not mood)

   [campaign]    [roam] PICK OUT: victory_lap  <- her RECOVERY move (RED)

   [campaign]    [roam] RATIONALE: You're ready — stop grinding and push forward to the next objective. then on to the Elite Four

   [campaign]    [lap] 🧭 ZAPDOS NORTH STAGING: Route 9 → Route 10 NORTH (from (3, 27)@(0, 8)) (LOUD)

   [campaign]    [roam] TRAVEL: Route 9 -> Route 10 (next hop east -> Route 10)

   [Bridge] INPUT OWNER = 'agent' (sole writer; others dropped+logged)

   [travel] start map=(3, 27) coords=(0, 8) -> map (3, 28) (budget 300s, surf-capable)

   [travel] east connection band rows: [8, 9, 10]

   [travel] path blocked at (0, 8) (NPC on the gap?) - waiting

   [travel] no clean path from (0, 8) AND no NPC-allowing path (npcs nearby=[(2, 8)]) - genuine wall/zone gap, will time out

   [travel] !! TRAVEL WEDGE: identical fp x4 retries at (0, 8) map=(3, 27) (reason=no_route) -> returning to roam LOUD (no inner spin)

   [kira-voice] ·dedup· (repeat text, T1, looping?) "I can't find a way through here — let me rethink this"

   [campaign]    [roam] RESULT: victory_lap -> stage:travel:no_path | pos (3, 27)(0, 8) -> (3, 27)(0, 8) (NO MOVEMENT)

   [campaign]    ⛰️  CAMPAIGN SAVE [tick48] -> campaign/kira_campaign.state  (map=(3, 27) coords=(0, 8) badges=8 party=5)

   [campaign]    [sanctity] bundle VALID (schema/encoding/truth/monotonic all clean)

   [campaign]    [lap] checklist owes 'zapdos' — victory_lap is the endgame action (head_to_league/enter_league held until the lap clears)

   [campaign] -- ROAM TICK 49/100000000 --

   [campaign]    [roam] STATE IN: Route 9 (0, 8) | badges=8 (Boulder, Cascade, Thunder, Rainbow, Soul, Marsh, Volcano, Earth) | party=[blastoise L69, lapras L26, moltres L50, articuno L50, kadabra L19] | 8 badge(s) earned (Boulder, Cascade, Thunder, Rainbow, Soul, Marsh, Volcano, Earth). All 8 badges earned. Pokédex: 19 caught. All 8 badges — Victory Road and the Elite Four are next. This is the endgame.

   [campaign]    [roam] PROGRESS: RED (unchanged 8 ticks) | fp[(3, 27) (0,8) f4 -- badge8 $2910 party:686d bag:212a]

   [campaign]    [roam] !! HARD RECOVERY: RED 3 ticks — FORCING a route to the nearest Pokémon Center to break the position (not re-asking the oracle this tick)

   [kira-voice] -> T2·savor· (recover) "okay, this isn't working — I'm heading to the Pokémon Center to reset and figure out my next move."  fired=True  [age 0.0s + post 5ms]

   [campaign]    HEAL: unmapped (3, 27) — ADJACENT city Cerulean City (W) has a registered Center; one-edge heal excursion

   [campaign]    HEAL-EXCURSION: lead at (211, 211) - crossing west to (3, 3) to heal

   [Bridge] INPUT OWNER = 'agent' (sole writer; others dropped+logged)

   [travel] start map=(3, 27) coords=(0, 8) -> map (3, 3) (budget 120s, surf-capable)

   [travel] west connection band rows: [6, 8, 9, 11]

   [travel] MAP TRANSITION (3, 27) -> (3, 3)

   [campaign]    [world] learned 14 warp(s) on (3, 3): (10, 11)->(7, 0), (30, 11)->(7, 1), (15, 17)->(7, 2), (22, 19)->(7, 3), (31, 21)->(7, 5), (13, 28)->(7, 6)

   [travel] west connection band rows: [0, 1, 2, 3, 4, 5, 6, 7, 8, 9, 13, 14, 16, 17, 18, 20, 21, 22, 30, 31, 32, 33, 34, 35, 36, 37, 38, 39]

   [travel] ARRIVED at target map (3, 3) coords=(47, 18)

   [kira-voice] ·floor· (<1s since last) T1 'made it to a new area'

   [campaign]    HEAL: whole party already full - skipping

   [Bridge] INPUT OWNER = 'agent' (sole writer; others dropped+logged)

   [travel] start map=(3, 3) coords=(47, 18) -> map (3, 27) (budget 120s, surf-capable)

   [travel] east connection band rows: [0, 1, 2, 3, 4, 5, 6, 7, 8, 9, 11, 16, 18, 19, 21, 30, 31, 32, 33, 34, 35, 36, 37, 38, 39]

   [travel] step 0: (47, 18)->(0, 8) map=(3, 3) (path 2 to exit)

   [travel] MAP TRANSITION (3, 3) -> (3, 27)

   [travel] east connection band rows: [8, 9, 10]

   [travel] ARRIVED at target map (3, 27) coords=(0, 8)

   [kira-voice] ·throttle· (brisk <1.8s) 'made it to a new area'

   [campaign]    HEAL-EXCURSION: healed + back on (3, 27) at (0, 8)

   [campaign]    [roam] !! HARD RECOVERY was a no-op (healed + returned to the same tile) — breaking the position ONE-WAY to an adjacent Center city

   [Bridge] INPUT OWNER = 'agent' (sole writer; others dropped+logged)

   [travel] start map=(3, 27) coords=(0, 8) -> map (3, 3) (budget 300s, surf-capable)

   [travel] west connection band rows: [6, 8, 9, 11]

   [travel] MAP TRANSITION (3, 27) -> (3, 3)

   [campaign]    [world] learned 14 warp(s) on (3, 3): (10, 11)->(7, 0), (30, 11)->(7, 1), (15, 17)->(7, 2), (22, 19)->(7, 3), (31, 21)->(7, 5), (13, 28)->(7, 6)

   [travel] west connection band rows: [0, 1, 2, 3, 4, 5, 6, 7, 8, 9, 13, 14, 16, 17, 18, 20, 21, 22, 30, 31, 32, 33, 34, 35, 36, 37, 38, 39]

   [travel] ARRIVED at target map (3, 3) coords=(47, 18)

   [campaign]    [roam] one-way position break west -> (3, 3): arrived

   [campaign]    ⛰️  CAMPAIGN SAVE [new_area] -> campaign/kira_campaign.state  (map=(3, 3) coords=(47, 18) badges=8 party=5)

   [kira-voice] -> T1·brisk· (beat) 'made it to a new area'  fired=True  [age 0.0s + post 18ms]

   [campaign]    [sanctity] bundle VALID (schema/encoding/truth/monotonic all clean)

   [campaign]    📌 AUTO-CHECKPOINT [gain-new_area] -> checkpoints/20260808_145510_cerulean-city_8b_38h43m_gain-new-area  (4 bundle file(s))

   [campaign]    [world] learned 14 warp(s) on (3, 3): (10, 11)->(7, 0), (30, 11)->(7, 1), (15, 17)->(7, 2), (22, 19)->(7, 3), (31, 21)->(7, 5), (13, 28)->(7, 6)

   [campaign]    [lap] checklist owes 'zapdos' — victory_lap is the endgame action (head_to_league/enter_league held until the lap clears)

   [campaign]    [roam] grass she KNOWS: routing east -> (3, 27) toward Route 9 (FORWARD — on the road to the objective, visited grass, avoiding any wall)

   [campaign] -- ROAM TICK 50/100000000 --

   [campaign]    [roam] STATE IN: Cerulean City (47, 18) | badges=8 (Boulder, Cascade, Thunder, Rainbow, Soul, Marsh, Volcano, Earth) | party=[blastoise L69, lapras L26, moltres L50, articuno L50, kadabra L19] | 8 badge(s) earned (Boulder, Cascade, Thunder, Rainbow, Soul, Marsh, Volcano, Earth). All 8 badges earned. Pokédex: 19 caught. All 8 badges — Victory Road and the Elite Four are next. This is the endgame.

   [campaign]    [roam] PROGRESS: GREEN (unchanged 0 ticks) | fp[(3, 3) (47,18) f3 -- badge8 $2910 party:686d bag:212a]

   [campaign]    [roam] OPTIONS OFFERED: ['victory_lap', 'battle', 'wander_catch', 'talk_npc', 'travel:3,22', 'travel:3,43', 'travel:3,27', 'travel:3,21', 'swap_keeper']

   [campaign]    [lap] !! FORCE VICTORY LAP — oracle SKIPPED (the checklist owns the endgame sequencing; the order is code, not mood)

   [campaign]    [roam] PICK OUT: victory_lap

   [campaign]    [roam] RATIONALE: You're ready — stop grinding and push forward to the next objective. then on to the Elite Four

   [campaign]    [lap] 🧭 ZAPDOS NORTH STAGING: Cerulean → Route 9 (from (3, 3)@(47, 18)) (LOUD)

   [campaign]    [roam] TRAVEL: Cerulean City -> Route 9 (next hop east -> Route 9)

   [Bridge] INPUT OWNER = 'agent' (sole writer; others dropped+logged)

   [travel] start map=(3, 3) coords=(47, 18) -> map (3, 27) (budget 300s, surf-capable)

   [travel] east connection band rows: [0, 1, 2, 3, 4, 5, 6, 7, 8, 9, 11, 16, 18, 19, 21, 30, 31, 32, 33, 34, 35, 36, 37, 38, 39]

   [travel] step 0: (47, 18)->(0, 8) map=(3, 3) (path 2 to exit)

   [travel] MAP TRANSITION (3, 3) -> (3, 27)

   [travel] east connection band rows: [8, 9, 10]

   [travel] ARRIVED at target map (3, 27) coords=(0, 8)

   [campaign]    [roam] RESULT: victory_lap -> stage:arrived | pos (3, 3)(47, 18) -> (3, 27)(0, 8) (MOVED)

   [campaign]    [roam] !!!! SEAM-THRASH BREAKER: crossed the Cerulean City↔Route 9 border 3x in 120s with no badge progress — Route 9 is NO-GO for the session; hard-committing the FORWARD objective for the next 8 builds

   [kira-voice] ·floor· (<1s since last) T2 "okay, I've been pacing the same border like a lost tourist — enough. Picking a direction and COMMITTING: forward, next objective, go."

   [campaign]    [roam] structural dead routes KEPT on (3, 3) across exit (≥2 strikes): ['head_to_gym']

   [campaign]    ⛰️  CAMPAIGN SAVE [new_area] -> campaign/kira_campaign.state  (map=(3, 27) coords=(0, 8) badges=8 party=5)

   [campaign]    [sanctity] bundle VALID (schema/encoding/truth/monotonic all clean)

   [campaign]    📌 AUTO-CHECKPOINT [gain-new_area] -> checkpoints/20260808_145511_route-9_8b_38h43m_gain-new-area  (4 bundle file(s))

   [campaign]    [lap] checklist owes 'zapdos' — victory_lap is the endgame action (head_to_league/enter_league held until the lap clears)

   [campaign]    [roam] !! SEAM-COMMIT (7 builds left): forced head_to_gym, pruned ['battle', 'travel:3,21', 'travel:3,22', 'travel:3,28', 'travel:3,43', 'wander_catch'] — the border war is OVER

   [campaign] -- ROAM TICK 51/100000000 --

   [campaign]    [roam] STATE IN: Route 9 (0, 8) | badges=8 (Boulder, Cascade, Thunder, Rainbow, Soul, Marsh, Volcano, Earth) | party=[blastoise L69, lapras L26, moltres L50, articuno L50, kadabra L19] | 8 badge(s) earned (Boulder, Cascade, Thunder, Rainbow, Soul, Marsh, Volcano, Earth). All 8 badges earned. Pokédex: 19 caught. All 8 badges — Victory Road and the Elite Four are next. This is the endgame.

   [campaign]    [roam] PROGRESS: GREEN (unchanged 0 ticks) | fp[(3, 27) (0,8) f4 -- badge8 $2910 party:686d bag:212a]

   [campaign]    [roam] OPTIONS OFFERED: ['victory_lap', 'head_to_gym']

   [campaign]    [roam] !! FORCE GYM PICK: head_to_gym — oracle SKIPPED (dominant / creator order; grass is OFF the menu)

   [campaign]    [roam] PICK OUT: head_to_gym

   [campaign]    [roam] RATIONALE: Heading for the next gym: You're ready — stop grinding and push forward to the next objective.

   [campaign]    [roam] 🧭 QUESTLINE ANCHOR-FIRST: Route 10 is the live east connection of Route 9 — walking the edge (ground truth beats the learned graph)

   [Bridge] INPUT OWNER = 'agent' (sole writer; others dropped+logged)

   [travel] start map=(3, 27) coords=(0, 8) -> map (3, 28) (budget 300s, surf-capable)

   [travel] east connection band rows: [8, 9, 10]

   [travel] path blocked at (0, 8) (NPC on the gap?) - waiting

   [travel] no clean path from (0, 8) AND no NPC-allowing path (npcs nearby=[(2, 8)]) - genuine wall/zone gap, will time out

   [travel] !! TRAVEL WEDGE: identical fp x4 retries at (0, 8) map=(3, 27) (reason=no_route) -> returning to roam LOUD (no inner spin)

   [kira-voice] -> T1·brisk· (event) "I can't find a way through here — let me rethink this"  fired=True  [age 0.0s + post 4ms]

   [campaign]    [roam] RESULT: head_to_gym -> no_path | pos (3, 27)(0, 8) -> (3, 27)(0, 8) (NO MOVEMENT)

   [campaign]    [roam] !! SPLIT-MAP DEAD ROAD: head_to_gym dead on (3, 27) right after riding in from (3, 3) — BOTH legs parked for the session (strikes persist across visits)

   [campaign]    [roam] !! SILENT NO-MOVE: 'head_to_gym' returned 'no_path' but her position never changed (streak 1, dead routes ['head_to_gym']) — not moving her; ALL dead routes get pruned next tick so she must do something that works

   [campaign]    [lap] checklist owes 'zapdos' — victory_lap is the endgame action (head_to_league/enter_league held until the lap clears)

   [campaign]    [roam] !! SEAM-COMMIT (6 builds left): forced head_to_gym, pruned ['battle', 'travel:3,21', 'travel:3,22', 'travel:3,28', 'travel:3,43', 'wander_catch'] — the border war is OVER

   [campaign] -- ROAM TICK 52/100000000 --

   [campaign]    [roam] STATE IN: Route 9 (0, 8) | badges=8 (Boulder, Cascade, Thunder, Rainbow, Soul, Marsh, Volcano, Earth) | party=[blastoise L69, lapras L26, moltres L50, articuno L50, kadabra L19] | 8 badge(s) earned (Boulder, Cascade, Thunder, Rainbow, Soul, Marsh, Volcano, Earth). All 8 badges earned. Pokédex: 19 caught. All 8 badges — Victory Road and the Elite Four are next. This is the endgame.

   [campaign]    [roam] PROGRESS: GREEN (unchanged 1 ticks) | fp[(3, 27) (0,8) f4 -- badge8 $2910 party:686d bag:212a]

   [campaign]    [roam] OPTIONS OFFERED: ['victory_lap', 'head_to_gym']

   [campaign]    [soul] surface_want FIRE -> Route 9

   [campaign]    [soul] ORACLE decision: kind=want ctx={'place': "You're on Route 9 — outdoors under open sky (tall grass around — wild Pokémon live in it).. ALREADY BESIDE YOU — your current team: blastoise (L69), lapras (L26), moltres (L50), articuno (L50), abra the kadabra (L19). A want is something you DON'T yet have; never wish for a teammate who's already on your team.", 'map': (3, 27), 'badges': ['Boulder', 'Cascade', 'Thunder', 'Rainbow', 'Soul', 'Marsh', 'Volcano', 'Earth'], 'progress': '8 badge(s) earned (Boulder, Cascade, Thunder, Rainbow, Soul, Marsh, Volcano, Earth). All 8 badges earned. Pokédex: 19 caught. All 8 badges — Victory Road and the Elite Four are next. This is the endgame.', 'party': 'blastoise (L69), lapras (L26), moltres (L50), articuno (L50), abra the kadabra (L19)', 'goal': {'short': "You're ready — stop grinding and push forward to the next objective", 'medium': "FIRST Zapdos — the L50 legendary bird inside the Power Plant, across Route 10's water strip. The electric answer to Lorelei's waters and Lance's Gyarados, free for the catching once Surf is taught — the gym comes right after; that errand is the road", 'long': 'Take on the Elite Four'}} options=['eevee', 'fossil', 'starters', 'rare', 'legendaries']

   [kira-voice] ORACLE kind=want options=['eevee', 'fossil', 'starters', 'rare', 'legendaries'] -> pick='Zapdos in the Power Plant'

   [campaign]    [soul] ORACLE pick -> 'Zapdos in the Power Plant'

   [campaign]    [roam] !! FORCE GYM PICK: head_to_gym — oracle SKIPPED (dominant / creator order; grass is OFF the menu)

   [campaign]    [roam] PICK OUT: head_to_gym

   [campaign]    [roam] RATIONALE: Heading for the next gym: You're ready — stop grinding and push forward to the next objective.

   [kira-voice] -> T2·savor· (want) 'Zapdos in the Power Plant'  fired=True  [age 0.0s + post 3ms]

   [campaign]    [roam] 🧭 QUESTLINE ANCHOR-FIRST: Route 10 is the live east connection of Route 9 — walking the edge (ground truth beats the learned graph)

   [Bridge] INPUT OWNER = 'agent' (sole writer; others dropped+logged)

   [travel] start map=(3, 27) coords=(0, 8) -> map (3, 28) (budget 300s, surf-capable)

   [travel] east connection band rows: [8, 9, 10]

   [travel] path blocked at (0, 8) (NPC on the gap?) - waiting

   [travel] no clean path from (0, 8) AND no NPC-allowing path (npcs nearby=[(2, 8)]) - genuine wall/zone gap, will time out

   [travel] !! TRAVEL WEDGE: identical fp x4 retries at (0, 8) map=(3, 27) (reason=no_route) -> returning to roam LOUD (no inner spin)

   [kira-voice] ·dedup· (repeat text, T1, looping?) "I can't find a way through here — let me rethink this"

   [campaign]    [roam] RESULT: head_to_gym -> no_path | pos (3, 27)(0, 8) -> (3, 27)(0, 8) (NO MOVEMENT)

   [campaign]    [roam] !! SPLIT-MAP DEAD ROAD: head_to_gym dead on (3, 27) right after riding in from (3, 3) — BOTH legs parked for the session (strikes persist across visits)

   [campaign]    [roam] !! SILENT NO-MOVE: 'head_to_gym' returned 'no_path' but her position never changed (streak 2, dead routes ['head_to_gym']) — not moving her; ALL dead routes get pruned next tick so she must do something that works

   [campaign]    ⛰️  CAMPAIGN SAVE [tick52] -> campaign/kira_campaign.state  (map=(3, 27) coords=(0, 8) badges=8 party=5)

   [campaign]    [sanctity] bundle VALID (schema/encoding/truth/monotonic all clean)

   [campaign]    [lap] checklist owes 'zapdos' — victory_lap is the endgame action (head_to_league/enter_league held until the lap clears)

   [campaign]    [roam] !! SEAM-COMMIT (5 builds left): forced head_to_gym, pruned ['battle', 'travel:3,21', 'travel:3,22', 'travel:3,28', 'travel:3,43', 'wander_catch'] — the border war is OVER

   [campaign]    [roam] !! NO-MOVE PRUNE: dead routes ['head_to_gym'] haven't moved her (streak 2) — removed this tick so she picks something that works; remaining: ['victory_lap']

   [campaign] -- ROAM TICK 53/100000000 --

   [campaign]    [roam] STATE IN: Route 9 (0, 8) | badges=8 (Boulder, Cascade, Thunder, Rainbow, Soul, Marsh, Volcano, Earth) | party=[blastoise L69, lapras L26, moltres L50, articuno L50, kadabra L19] | 8 badge(s) earned (Boulder, Cascade, Thunder, Rainbow, Soul, Marsh, Volcano, Earth). All 8 badges earned. Pokédex: 19 caught. All 8 badges — Victory Road and the Elite Four are next. This is the endgame.

   [campaign]    [roam] PROGRESS: GREEN (unchanged 2 ticks) | fp[(3, 27) (0,8) f4 -- badge8 $2910 party:686d bag:212a]

   [campaign]    [roam] OPTIONS OFFERED: ['victory_lap']

   [campaign]    [lap] !! FORCE VICTORY LAP — oracle SKIPPED (the checklist owns the endgame sequencing; the order is code, not mood)

   [campaign]    [roam] PICK OUT: victory_lap

   [campaign]    [roam] RATIONALE: You're ready — stop grinding and push forward to the next objective. then on to the Elite Four

   [campaign]    [lap] 🧭 ZAPDOS NORTH STAGING: Route 9 → Route 10 NORTH (from (3, 27)@(0, 8)) (LOUD)

   [campaign]    [roam] TRAVEL: Route 9 -> Route 10 (next hop east -> Route 10)

   [Bridge] INPUT OWNER = 'agent' (sole writer; others dropped+logged)

   [travel] start map=(3, 27) coords=(0, 8) -> map (3, 28) (budget 300s, surf-capable)

   [travel] east connection band rows: [8, 9, 10]

   [travel] path blocked at (0, 8) (NPC on the gap?) - waiting

   [travel] no clean path from (0, 8) AND no NPC-allowing path (npcs nearby=[(2, 8)]) - genuine wall/zone gap, will time out

   [travel] !! TRAVEL WEDGE: identical fp x4 retries at (0, 8) map=(3, 27) (reason=no_route) -> returning to roam LOUD (no inner spin)

   [kira-voice] ·dedup· (repeat text, T1, looping?) "I can't find a way through here — let me rethink this"

   [campaign]    [roam] RESULT: victory_lap -> stage:travel:no_path | pos (3, 27)(0, 8) -> (3, 27)(0, 8) (NO MOVEMENT)

   [campaign]    [lap] checklist owes 'zapdos' — victory_lap is the endgame action (head_to_league/enter_league held until the lap clears)

   [campaign]    [roam] !! SEAM-COMMIT (4 builds left): forced head_to_gym, pruned ['battle', 'travel:3,21', 'travel:3,22', 'travel:3,28', 'travel:3,43', 'wander_catch'] — the border war is OVER

   [campaign]    [roam] !! NO-MOVE PRUNE: dead routes ['head_to_gym'] haven't moved her (streak 2) — removed this tick so she picks something that works; remaining: ['victory_lap']

   [campaign] -- ROAM TICK 54/100000000 --

   [campaign]    [roam] STATE IN: Route 9 (0, 8) | badges=8 (Boulder, Cascade, Thunder, Rainbow, Soul, Marsh, Volcano, Earth) | party=[blastoise L69, lapras L26, moltres L50, articuno L50, kadabra L19] | 8 badge(s) earned (Boulder, Cascade, Thunder, Rainbow, Soul, Marsh, Volcano, Earth). All 8 badges earned. Pokédex: 19 caught. All 8 badges — Victory Road and the Elite Four are next. This is the endgame.

   [campaign]    [roam] PROGRESS: YELLOW (unchanged 3 ticks) | fp[(3, 27) (0,8) f4 -- badge8 $2910 party:686d bag:212a]

   [campaign]    [roam] OPTIONS OFFERED: ['victory_lap']

   [campaign]    [roam] !! MACRO YELLOW: no progress 3 ticks — feeding awareness back to the oracle: "You keep trying to victory lap but the world hasn't changed in 3 turns - it went 'stage:travel:no_path', and you don't seem to be getting anywhere."

   [campaign]    [lap] !! FORCE VICTORY LAP — oracle SKIPPED (the checklist owns the endgame sequencing; the order is code, not mood)

   [campaign]    [roam] PICK OUT: victory_lap  <- her RECOVERY move (YELLOW)

   [campaign]    [roam] RATIONALE: You're ready — stop grinding and push forward to the next objective. then on to the Elite Four

   [campaign]    [lap] 🧭 ZAPDOS NORTH STAGING: Route 9 → Route 10 NORTH (from (3, 27)@(0, 8)) (LOUD)

   [campaign]    [roam] TRAVEL: Route 9 -> Route 10 (next hop east -> Route 10)

   [Bridge] INPUT OWNER = 'agent' (sole writer; others dropped+logged)

   [travel] start map=(3, 27) coords=(0, 8) -> map (3, 28) (budget 300s, surf-capable)

   [travel] east connection band rows: [8, 9, 10]

   [travel] path blocked at (0, 8) (NPC on the gap?) - waiting

   [travel] no clean path from (0, 8) AND no NPC-allowing path (npcs nearby=[(2, 8)]) - genuine wall/zone gap, will time out

   [travel] !! TRAVEL WEDGE: identical fp x4 retries at (0, 8) map=(3, 27) (reason=no_route) -> returning to roam LOUD (no inner spin)

   [kira-voice] ·dedup· (repeat text, T1, looping?) "I can't find a way through here — let me rethink this"

   [campaign]    [roam] RESULT: victory_lap -> stage:travel:no_path | pos (3, 27)(0, 8) -> (3, 27)(0, 8) (NO MOVEMENT)

   [campaign]    ⛰️  CAMPAIGN SAVE [tick54] -> campaign/kira_campaign.state  (map=(3, 27) coords=(0, 8) badges=8 party=5)

   [campaign]    [sanctity] bundle VALID (schema/encoding/truth/monotonic all clean)

   [campaign]    [lap] checklist owes 'zapdos' — victory_lap is the endgame action (head_to_league/enter_league held until the lap clears)

   [campaign]    [roam] !! SEAM-COMMIT (3 builds left): forced head_to_gym, pruned ['battle', 'travel:3,21', 'travel:3,22', 'travel:3,28', 'travel:3,43', 'wander_catch'] — the border war is OVER

   [campaign]    [roam] !! NO-MOVE PRUNE: dead routes ['head_to_gym'] haven't moved her (streak 2) — removed this tick so she picks something that works; remaining: ['victory_lap']

   [campaign] -- ROAM TICK 55/100000000 --

   [campaign]    [roam] STATE IN: Route 9 (0, 8) | badges=8 (Boulder, Cascade, Thunder, Rainbow, Soul, Marsh, Volcano, Earth) | party=[blastoise L69, lapras L26, moltres L50, articuno L50, kadabra L19] | 8 badge(s) earned (Boulder, Cascade, Thunder, Rainbow, Soul, Marsh, Volcano, Earth). All 8 badges earned. Pokédex: 19 caught. All 8 badges — Victory Road and the Elite Four are next. This is the endgame.

   [campaign]    [roam] PROGRESS: YELLOW (unchanged 4 ticks) | fp[(3, 27) (0,8) f4 -- badge8 $2910 party:686d bag:212a]

   [campaign]    [roam] OPTIONS OFFERED: ['victory_lap']

   [campaign]    [soul] surface_want FIRE -> Route 9

   [campaign]    [soul] ORACLE decision: kind=want ctx={'place': "You're on Route 9 — outdoors under open sky (tall grass around — wild Pokémon live in it).. ALREADY BESIDE YOU — your current team: blastoise (L69), lapras (L26), moltres (L50), articuno (L50), abra the kadabra (L19). A want is something you DON'T yet have; never wish for a teammate who's already on your team.", 'map': (3, 27), 'badges': ['Boulder', 'Cascade', 'Thunder', 'Rainbow', 'Soul', 'Marsh', 'Volcano', 'Earth'], 'progress': '8 badge(s) earned (Boulder, Cascade, Thunder, Rainbow, Soul, Marsh, Volcano, Earth). All 8 badges earned. Pokédex: 19 caught. All 8 badges — Victory Road and the Elite Four are next. This is the endgame.', 'party': 'blastoise (L69), lapras (L26), moltres (L50), articuno (L50), abra the kadabra (L19)', 'goal': {'short': "You're ready — stop grinding and push forward to the next objective", 'medium': "FIRST Zapdos — the L50 legendary bird inside the Power Plant, across Route 10's water strip. The electric answer to Lorelei's waters and Lance's Gyarados, free for the catching once Surf is taught — the gym comes right after; that errand is the road", 'long': 'Take on the Elite Four'}} options=['eevee', 'fossil', 'starters', 'rare', 'legendaries']

   [kira-voice] ORACLE kind=want options=['eevee', 'fossil', 'starters', 'rare', 'legendaries'] -> pick='catch Zapdos'

   [campaign]    [soul] ORACLE pick -> 'catch Zapdos'

   [campaign]    [roam] !! MACRO YELLOW: no progress 4 ticks — feeding awareness back to the oracle: "You keep trying to victory lap but the world hasn't changed in 4 turns - it went 'stage:travel:no_path', and you don't seem to be getting anywhere."

   [campaign]    [roam] !! REPEAT-NO-PROGRESS: 'victory_lap' repeated with a stuck fingerprint — nudging a different action

   [campaign]    [lap] !! FORCE VICTORY LAP — oracle SKIPPED (the checklist owns the endgame sequencing; the order is code, not mood)

   [campaign]    [roam] PICK OUT: victory_lap  <- her RECOVERY move (YELLOW)

   [campaign]    [roam] RATIONALE: You're ready — stop grinding and push forward to the next objective. then on to the Elite Four

   [campaign]    [lap] 🧭 ZAPDOS NORTH STAGING: Route 9 → Route 10 NORTH (from (3, 27)@(0, 8)) (LOUD)

   [campaign]    [roam] TRAVEL: Route 9 -> Route 10 (next hop east -> Route 10)

   [Bridge] INPUT OWNER = 'agent' (sole writer; others dropped+logged)

   [kira-voice] -> T2·savor· (want) 'catch Zapdos'  fired=True  [age 0.0s + post 11ms]

   [travel] start map=(3, 27) coords=(0, 8) -> map (3, 28) (budget 300s, surf-capable)

   [travel] east connection band rows: [8, 9, 10]

   [travel] path blocked at (0, 8) (NPC on the gap?) - waiting

   [travel] no clean path from (0, 8) AND no NPC-allowing path (npcs nearby=[(2, 8)]) - genuine wall/zone gap, will time out

   [travel] !! TRAVEL WEDGE: identical fp x4 retries at (0, 8) map=(3, 27) (reason=no_route) -> returning to roam LOUD (no inner spin)

   [kira-voice] ·dedup· (repeat text, T1, looping?) "I can't find a way through here — let me rethink this"

   [campaign]    [roam] RESULT: victory_lap -> stage:travel:no_path | pos (3, 27)(0, 8) -> (3, 27)(0, 8) (NO MOVEMENT)

   [campaign]    [lap] checklist owes 'zapdos' — victory_lap is the endgame action (head_to_league/enter_league held until the lap clears)

   [campaign]    [roam] !! SEAM-COMMIT (2 builds left): forced head_to_gym, pruned ['battle', 'travel:3,21', 'travel:3,22', 'travel:3,28', 'travel:3,43', 'wander_catch'] — the border war is OVER

   [campaign]    [roam] !! NO-MOVE PRUNE: dead routes ['head_to_gym'] haven't moved her (streak 2) — removed this tick so she picks something that works; remaining: ['victory_lap']

   [campaign] -- ROAM TICK 56/100000000 --

   [campaign]    [roam] STATE IN: Route 9 (0, 8) | badges=8 (Boulder, Cascade, Thunder, Rainbow, Soul, Marsh, Volcano, Earth) | party=[blastoise L69, lapras L26, moltres L50, articuno L50, kadabra L19] | 8 badge(s) earned (Boulder, Cascade, Thunder, Rainbow, Soul, Marsh, Volcano, Earth). All 8 badges earned. Pokédex: 19 caught. All 8 badges — Victory Road and the Elite Four are next. This is the endgame.

   [campaign]    [roam] PROGRESS: YELLOW (unchanged 5 ticks) | fp[(3, 27) (0,8) f4 -- badge8 $2910 party:686d bag:212a]

   [campaign]    [roam] OPTIONS OFFERED: ['victory_lap']

   [campaign]    [roam] !! MACRO YELLOW: no progress 5 ticks — feeding awareness back to the oracle: "You keep trying to victory lap but the world hasn't changed in 5 turns - it went 'stage:travel:no_path', and you don't seem to be getting anywhere."

   [campaign]    [roam] !! REPEAT-NO-PROGRESS: 'victory_lap' repeated with a stuck fingerprint — nudging a different action

   [campaign]    [lap] !! FORCE VICTORY LAP — oracle SKIPPED (the checklist owns the endgame sequencing; the order is code, not mood)

   [campaign]    [roam] PICK OUT: victory_lap  <- her RECOVERY move (YELLOW)

   [campaign]    [roam] RATIONALE: You're ready — stop grinding and push forward to the next objective. then on to the Elite Four

   [campaign]    [lap] 🧭 ZAPDOS NORTH STAGING: Route 9 → Route 10 NORTH (from (3, 27)@(0, 8)) (LOUD)

   [campaign]    [roam] TRAVEL: Route 9 -> Route 10 (next hop east -> Route 10)

   [Bridge] INPUT OWNER = 'agent' (sole writer; others dropped+logged)

   [travel] start map=(3, 27) coords=(0, 8) -> map (3, 28) (budget 300s, surf-capable)

   [travel] east connection band rows: [8, 9, 10]

   [travel] path blocked at (0, 8) (NPC on the gap?) - waiting

   [travel] no clean path from (0, 8) AND no NPC-allowing path (npcs nearby=[(2, 8)]) - genuine wall/zone gap, will time out

   [travel] !! TRAVEL WEDGE: identical fp x4 retries at (0, 8) map=(3, 27) (reason=no_route) -> returning to roam LOUD (no inner spin)

   [kira-voice] ·dedup· (repeat text, T1, looping?) "I can't find a way through here — let me rethink this"

   [campaign]    [roam] RESULT: victory_lap -> stage:travel:no_path | pos (3, 27)(0, 8) -> (3, 27)(0, 8) (NO MOVEMENT)

   [campaign]    ⛰️  CAMPAIGN SAVE [tick56] -> campaign/kira_campaign.state  (map=(3, 27) coords=(0, 8) badges=8 party=5)

   [campaign]    [sanctity] bundle VALID (schema/encoding/truth/monotonic all clean)

   [campaign]    [lap] checklist owes 'zapdos' — victory_lap is the endgame action (head_to_league/enter_league held until the lap clears)

   [campaign]    [roam] !! SEAM-COMMIT (1 builds left): forced head_to_gym, pruned ['battle', 'travel:3,21', 'travel:3,22', 'travel:3,28', 'travel:3,43', 'wander_catch'] — the border war is OVER

   [campaign]    [roam] !! NO-MOVE PRUNE: dead routes ['head_to_gym'] haven't moved her (streak 2) — removed this tick so she picks something that works; remaining: ['victory_lap']

   [campaign] -- ROAM TICK 57/100000000 --

   [campaign]    [roam] STATE IN: Route 9 (0, 8) | badges=8 (Boulder, Cascade, Thunder, Rainbow, Soul, Marsh, Volcano, Earth) | party=[blastoise L69, lapras L26, moltres L50, articuno L50, kadabra L19] | 8 badge(s) earned (Boulder, Cascade, Thunder, Rainbow, Soul, Marsh, Volcano, Earth). All 8 badges earned. Pokédex: 19 caught. All 8 badges — Victory Road and the Elite Four are next. This is the endgame.

   [campaign]    [roam] PROGRESS: RED (unchanged 6 ticks) | fp[(3, 27) (0,8) f4 -- badge8 $2910 party:686d bag:212a]

   [campaign]    [roam] OPTIONS OFFERED: ['victory_lap']

   [campaign]    [roam] !! MACRO RED: no progress 6 ticks — feeding awareness back to the oracle: "You keep trying to victory lap but the world hasn't changed in 6 turns - it went 'stage:travel:no_path', and you're completely stuck."

   [campaign]    [roam] !! REPEAT-NO-PROGRESS: 'victory_lap' repeated with a stuck fingerprint — nudging a different action

   [campaign]    [lap] !! FORCE VICTORY LAP — oracle SKIPPED (the checklist owns the endgame sequencing; the order is code, not mood)

   [campaign]    [roam] PICK OUT: victory_lap  <- her RECOVERY move (RED)

   [campaign]    [roam] RATIONALE: You're ready — stop grinding and push forward to the next objective. then on to the Elite Four

   [campaign]    [lap] 🧭 ZAPDOS NORTH STAGING: Route 9 → Route 10 NORTH (from (3, 27)@(0, 8)) (LOUD)

   [campaign]    [roam] TRAVEL: Route 9 -> Route 10 (next hop east -> Route 10)

   [Bridge] INPUT OWNER = 'agent' (sole writer; others dropped+logged)

   [travel] start map=(3, 27) coords=(0, 8) -> map (3, 28) (budget 300s, surf-capable)

   [travel] east connection band rows: [8, 9, 10]

   [travel] path blocked at (0, 8) (NPC on the gap?) - waiting

   [travel] no clean path from (0, 8) AND no NPC-allowing path (npcs nearby=[(2, 8)]) - genuine wall/zone gap, will time out

   [travel] !! TRAVEL WEDGE: identical fp x4 retries at (0, 8) map=(3, 27) (reason=no_route) -> returning to roam LOUD (no inner spin)

   [kira-voice] ·dedup· (repeat text, T1, looping?) "I can't find a way through here — let me rethink this"

   [campaign]    [roam] RESULT: victory_lap -> stage:travel:no_path | pos (3, 27)(0, 8) -> (3, 27)(0, 8) (NO MOVEMENT)

   [campaign]    [lap] checklist owes 'zapdos' — victory_lap is the endgame action (head_to_league/enter_league held until the lap clears)

   [campaign]    [roam] !! SEAM-COMMIT (0 builds left): forced head_to_gym, pruned ['battle', 'travel:3,21', 'travel:3,22', 'travel:3,28', 'travel:3,43', 'wander_catch'] — the border war is OVER

   [campaign]    [roam] !! NO-MOVE PRUNE: dead routes ['head_to_gym'] haven't moved her (streak 2) — removed this tick so she picks something that works; remaining: ['victory_lap']

   [campaign] -- ROAM TICK 58/100000000 --

   [campaign]    [roam] STATE IN: Route 9 (0, 8) | badges=8 (Boulder, Cascade, Thunder, Rainbow, Soul, Marsh, Volcano, Earth) | party=[blastoise L69, lapras L26, moltres L50, articuno L50, kadabra L19] | 8 badge(s) earned (Boulder, Cascade, Thunder, Rainbow, Soul, Marsh, Volcano, Earth). All 8 badges earned. Pokédex: 19 caught. All 8 badges — Victory Road and the Elite Four are next. This is the endgame.

   [campaign]    [roam] PROGRESS: RED (unchanged 7 ticks) | fp[(3, 27) (0,8) f4 -- badge8 $2910 party:686d bag:212a]

   [campaign]    [roam] OPTIONS OFFERED: ['victory_lap']

   [campaign]    [soul] surface_want FIRE -> Route 9

   [campaign]    [soul] ORACLE decision: kind=want ctx={'place': "You're on Route 9 — outdoors under open sky (tall grass around — wild Pokémon live in it).. ALREADY BESIDE YOU — your current team: blastoise (L69), lapras (L26), moltres (L50), articuno (L50), abra the kadabra (L19). A want is something you DON'T yet have; never wish for a teammate who's already on your team.", 'map': (3, 27), 'badges': ['Boulder', 'Cascade', 'Thunder', 'Rainbow', 'Soul', 'Marsh', 'Volcano', 'Earth'], 'progress': '8 badge(s) earned (Boulder, Cascade, Thunder, Rainbow, Soul, Marsh, Volcano, Earth). All 8 badges earned. Pokédex: 19 caught. All 8 badges — Victory Road and the Elite Four are next. This is the endgame.', 'party': 'blastoise (L69), lapras (L26), moltres (L50), articuno (L50), abra the kadabra (L19)', 'goal': {'short': "You're ready — stop grinding and push forward to the next objective", 'medium': "FIRST Zapdos — the L50 legendary bird inside the Power Plant, across Route 10's water strip. The electric answer to Lorelei's waters and Lance's Gyarados, free for the catching once Surf is taught — the gym comes right after; that errand is the road", 'long': 'Take on the Elite Four'}} options=['eevee', 'fossil', 'starters', 'rare', 'legendaries']

   [kira-voice] ORACLE kind=want options=['eevee', 'fossil', 'starters', 'rare', 'legendaries'] -> pick='Zapdos in my bag'

   [campaign]    [soul] ORACLE pick -> 'Zapdos in my bag'

   [campaign]    [roam] !! MACRO RED: no progress 7 ticks — feeding awareness back to the oracle: "You keep trying to victory lap but the world hasn't changed in 7 turns - it went 'stage:travel:no_path', and you're completely stuck."

   [campaign]    [roam] !! REPEAT-NO-PROGRESS: 'victory_lap' repeated with a stuck fingerprint — nudging a different action

   [campaign]    [lap] !! FORCE VICTORY LAP — oracle SKIPPED (the checklist owns the endgame sequencing; the order is code, not mood)

   [campaign]    [roam] PICK OUT: victory_lap  <- her RECOVERY move (RED)

   [campaign]    [roam] RATIONALE: You're ready — stop grinding and push forward to the next objective. then on to the Elite Four

   [kira-voice] -> T2·savor· (want) 'Zapdos in my bag'  fired=True  [age 0.0s + post 5ms]

   [campaign]    [lap] 🧭 ZAPDOS NORTH STAGING: Route 9 → Route 10 NORTH (from (3, 27)@(0, 8)) (LOUD)

   [campaign]    [roam] TRAVEL: Route 9 -> Route 10 (next hop east -> Route 10)

   [Bridge] INPUT OWNER = 'agent' (sole writer; others dropped+logged)

   [travel] start map=(3, 27) coords=(0, 8) -> map (3, 28) (budget 300s, surf-capable)

   [travel] east connection band rows: [8, 9, 10]

   [travel] path blocked at (0, 8) (NPC on the gap?) - waiting

   [travel] no clean path from (0, 8) AND no NPC-allowing path (npcs nearby=[(2, 8)]) - genuine wall/zone gap, will time out

   [travel] !! TRAVEL WEDGE: identical fp x4 retries at (0, 8) map=(3, 27) (reason=no_route) -> returning to roam LOUD (no inner spin)

   [kira-voice] ·dedup· (repeat text, T1, looping?) "I can't find a way through here — let me rethink this"

   [campaign]    [roam] RESULT: victory_lap -> stage:travel:no_path | pos (3, 27)(0, 8) -> (3, 27)(0, 8) (NO MOVEMENT)

   [campaign]    ⛰️  CAMPAIGN SAVE [tick58] -> campaign/kira_campaign.state  (map=(3, 27) coords=(0, 8) badges=8 party=5)

   [campaign]    [sanctity] bundle VALID (schema/encoding/truth/monotonic all clean)

   [campaign]    [lap] checklist owes 'zapdos' — victory_lap is the endgame action (head_to_league/enter_league held until the lap clears)

   [campaign] -- ROAM TICK 59/100000000 --

   [campaign]    [roam] STATE IN: Route 9 (0, 8) | badges=8 (Boulder, Cascade, Thunder, Rainbow, Soul, Marsh, Volcano, Earth) | party=[blastoise L69, lapras L26, moltres L50, articuno L50, kadabra L19] | 8 badge(s) earned (Boulder, Cascade, Thunder, Rainbow, Soul, Marsh, Volcano, Earth). All 8 badges earned. Pokédex: 19 caught. All 8 badges — Victory Road and the Elite Four are next. This is the endgame.

   [campaign]    [roam] PROGRESS: RED (unchanged 8 ticks) | fp[(3, 27) (0,8) f4 -- badge8 $2910 party:686d bag:212a]

   [campaign]    [roam] !! HARD RECOVERY: RED 3 ticks — FORCING a route to the nearest Pokémon Center to break the position (not re-asking the oracle this tick)

   [campaign]    HEAL: unmapped (3, 27) — ADJACENT city Cerulean City (W) has a registered Center; one-edge heal excursion

   [campaign]    HEAL-EXCURSION: lead at (211, 211) - crossing west to (3, 3) to heal

   [Bridge] INPUT OWNER = 'agent' (sole writer; others dropped+logged)

   [kira-voice] -> T2·savor· (recover) "okay, this isn't working — I'm heading to the Pokémon Center to reset and figure out my next move."  fired=True  [age 0.0s + post 18ms]

   [travel] start map=(3, 27) coords=(0, 8) -> map (3, 3) (budget 120s, surf-capable)

   [travel] west connection band rows: [6, 8, 9, 11]

   [travel] MAP TRANSITION (3, 27) -> (3, 3)

   [campaign]    [world] learned 14 warp(s) on (3, 3): (10, 11)->(7, 0), (30, 11)->(7, 1), (15, 17)->(7, 2), (22, 19)->(7, 3), (31, 21)->(7, 5), (13, 28)->(7, 6)

   [travel] west connection band rows: [0, 1, 2, 3, 4, 5, 6, 7, 8, 9, 13, 14, 16, 17, 18, 20, 21, 22, 30, 31, 32, 33, 34, 35, 36, 37, 38, 39]

   [travel] ARRIVED at target map (3, 3) coords=(47, 18)

   [kira-voice] ·dedup· (repeat text, T1, looping?) 'made it to a new area'

   [campaign]    HEAL: whole party already full - skipping

   [Bridge] INPUT OWNER = 'agent' (sole writer; others dropped+logged)

   [travel] start map=(3, 3) coords=(47, 18) -> map (3, 27) (budget 120s, surf-capable)

   [travel] east connection band rows: [0, 1, 2, 3, 4, 5, 6, 7, 8, 9, 11, 16, 18, 19, 21, 30, 31, 32, 33, 34, 35, 36, 37, 38, 39]

   [travel] step 0: (47, 18)->(0, 8) map=(3, 3) (path 2 to exit)

   [travel] MAP TRANSITION (3, 3) -> (3, 27)

   [travel] east connection band rows: [8, 9, 10]

   [travel] ARRIVED at target map (3, 27) coords=(0, 8)

   [kira-voice] ·dedup· (repeat text, T1, looping?) 'made it to a new area'

   [campaign]    HEAL-EXCURSION: healed + back on (3, 27) at (0, 8)

   [campaign]    [roam] !! HARD RECOVERY was a no-op (healed + returned to the same tile) — breaking the position ONE-WAY to an adjacent Center city

   [Bridge] INPUT OWNER = 'agent' (sole writer; others dropped+logged)

   [travel] start map=(3, 27) coords=(0, 8) -> map (3, 3) (budget 300s, surf-capable)

   [travel] west connection band rows: [6, 8, 9, 11]

   [travel] MAP TRANSITION (3, 27) -> (3, 3)

   [campaign]    [world] learned 14 warp(s) on (3, 3): (10, 11)->(7, 0), (30, 11)->(7, 1), (15, 17)->(7, 2), (22, 19)->(7, 3), (31, 21)->(7, 5), (13, 28)->(7, 6)

   [travel] west connection band rows: [0, 1, 2, 3, 4, 5, 6, 7, 8, 9, 13, 14, 16, 17, 18, 20, 21, 22, 30, 31, 32, 33, 34, 35, 36, 37, 38, 39]

   [travel] ARRIVED at target map (3, 3) coords=(47, 18)

   [kira-voice] ·dedup· (repeat text, T1, looping?) 'made it to a new area'

   [campaign]    [roam] one-way position break west -> (3, 3): arrived

   [campaign]    ⛰️  CAMPAIGN SAVE [new_area] -> campaign/kira_campaign.state  (map=(3, 3) coords=(47, 18) badges=8 party=5)

   [campaign]    [sanctity] bundle VALID (schema/encoding/truth/monotonic all clean)

   [campaign]    📌 AUTO-CHECKPOINT [gain-new_area] -> checkpoints/20260808_145534_cerulean-city_8b_38h44m_gain-new-area  (4 bundle file(s))

   [campaign]    [world] learned 14 warp(s) on (3, 3): (10, 11)->(7, 0), (30, 11)->(7, 1), (15, 17)->(7, 2), (22, 19)->(7, 3), (31, 21)->(7, 5), (13, 28)->(7, 6)

   [campaign]    [lap] checklist owes 'zapdos' — victory_lap is the endgame action (head_to_league/enter_league held until the lap clears)

   [campaign]    [roam] grass she KNOWS: routing east -> (3, 27) toward Route 10 (FORWARD — on the road to the objective, visited grass, avoiding any wall)

   [campaign] -- ROAM TICK 60/100000000 --

   [campaign]    [roam] STATE IN: Cerulean City (47, 18) | badges=8 (Boulder, Cascade, Thunder, Rainbow, Soul, Marsh, Volcano, Earth) | party=[blastoise L69, lapras L26, moltres L50, articuno L50, kadabra L19] | 8 badge(s) earned (Boulder, Cascade, Thunder, Rainbow, Soul, Marsh, Volcano, Earth). All 8 badges earned. Pokédex: 19 caught. All 8 badges — Victory Road and the Elite Four are next. This is the endgame.

   [campaign]    [roam] PROGRESS: GREEN (unchanged 0 ticks) | fp[(3, 3) (47,18) f3 -- badge8 $2910 party:686d bag:212a]

   [campaign]    [roam] OPTIONS OFFERED: ['victory_lap', 'battle', 'wander_catch', 'talk_npc', 'travel:3,22', 'travel:3,43', 'travel:3,21', 'swap_keeper']

   [campaign]    [lap] !! FORCE VICTORY LAP — oracle SKIPPED (the checklist owns the endgame sequencing; the order is code, not mood)

   [campaign]    [roam] PICK OUT: victory_lap

   [campaign]    [roam] RATIONALE: You're ready — stop grinding and push forward to the next objective. then on to the Elite Four

   [campaign]    [lap] 🧭 ZAPDOS NORTH STAGING: Cerulean → Route 9 (from (3, 3)@(47, 18)) (LOUD)

   [campaign]    [roam] TRAVEL: Cerulean City -> Route 9 (next hop east -> Route 9)

   [Bridge] INPUT OWNER = 'agent' (sole writer; others dropped+logged)

   [travel] start map=(3, 3) coords=(47, 18) -> map (3, 27) (budget 300s, surf-capable)

   [travel] east connection band rows: [0, 1, 2, 3, 4, 5, 6, 7, 8, 9, 11, 16, 18, 19, 21, 30, 31, 32, 33, 34, 35, 36, 37, 38, 39]

   [travel] step 0: (47, 18)->(0, 8) map=(3, 3) (path 2 to exit)

   [travel] MAP TRANSITION (3, 3) -> (3, 27)

   [travel] east connection band rows: [8, 9, 10]

   [travel] ARRIVED at target map (3, 27) coords=(0, 8)

   [kira-voice] ·dedup· (repeat text, T1, looping?) 'made it to a new area'

   [campaign]    [roam] RESULT: victory_lap -> stage:arrived | pos (3, 3)(47, 18) -> (3, 27)(0, 8) (MOVED)

   [campaign]    [roam] structural dead routes KEPT on (3, 3) across exit (≥2 strikes): ['head_to_gym']

   [campaign]    ⛰️  CAMPAIGN SAVE [new_area] -> campaign/kira_campaign.state  (map=(3, 27) coords=(0, 8) badges=8 party=5)

   [campaign]    [sanctity] bundle VALID (schema/encoding/truth/monotonic all clean)

   [campaign]    📌 AUTO-CHECKPOINT [gain-new_area] -> checkpoints/20260808_145535_route-9_8b_38h44m_gain-new-area  (4 bundle file(s))

   [campaign]    [lap] checklist owes 'zapdos' — victory_lap is the endgame action (head_to_league/enter_league held until the lap clears)

   [campaign] -- ROAM TICK 61/100000000 --

   [campaign]    [roam] STATE IN: Route 9 (0, 8) | badges=8 (Boulder, Cascade, Thunder, Rainbow, Soul, Marsh, Volcano, Earth) | party=[blastoise L69, lapras L26, moltres L50, articuno L50, kadabra L19] | 8 badge(s) earned (Boulder, Cascade, Thunder, Rainbow, Soul, Marsh, Volcano, Earth). All 8 badges earned. Pokédex: 19 caught. All 8 badges — Victory Road and the Elite Four are next. This is the endgame.

   [campaign]    [roam] PROGRESS: GREEN (unchanged 0 ticks) | fp[(3, 27) (0,8) f4 -- badge8 $2910 party:686d bag:212a]

   [campaign]    [roam] !!!! BORDER PING-PONG BREAKER (strike 1): 12 border crossings among [(3, 3), (3, 10), (3, 23), (3, 27), (17, 1)] with ZERO world progress — clearing the errand, forgetting 'proven' connectors on these maps, holding head_to_gym off them for 120s LOUD

   [campaign]    [roam] questline cleared (border ping-pong breaker)

   [campaign]    [roam] OPTIONS OFFERED: ['victory_lap', 'battle', 'wander_catch', 'travel:3,28', 'travel:3,22', 'travel:3,43', 'travel:3,21']

   [campaign]    [soul] surface_want FIRE -> Route 9

   [kira-voice] -> T2·savor· (route) "okay, stop — I've been pacing the same doors like a lost tourist. deep breath. new plan from the top."  fired=True  [age 0.0s + post 5ms]

   [campaign]    [soul] ORACLE decision: kind=want ctx={'place': "You're on Route 9 — outdoors under open sky (tall grass around — wild Pokémon live in it).. ALREADY BESIDE YOU — your current team: blastoise (L69), lapras (L26), moltres (L50), articuno (L50), abra the kadabra (L19). A want is something you DON'T yet have; never wish for a teammate who's already on your team.", 'map': (3, 27), 'badges': ['Boulder', 'Cascade', 'Thunder', 'Rainbow', 'Soul', 'Marsh', 'Volcano', 'Earth'], 'progress': '8 badge(s) earned (Boulder, Cascade, Thunder, Rainbow, Soul, Marsh, Volcano, Earth). All 8 badges earned. Pokédex: 19 caught. All 8 badges — Victory Road and the Elite Four are next. This is the endgame.', 'party': 'blastoise (L69), lapras (L26), moltres (L50), articuno (L50), abra the kadabra (L19)', 'goal': {'short': "You're ready — stop grinding and push forward to the next objective", 'medium': 'Press on through the league', 'long': 'Take on the Elite Four'}} options=['eevee', 'fossil', 'starters', 'rare', 'legendaries']

   [kira-voice] ORACLE kind=want options=['eevee', 'fossil', 'starters', 'rare', 'legendaries'] -> pick='get Kadabra to ~30 before Victory Road'

   [campaign]    [soul] ORACLE pick -> 'get Kadabra to ~30 before Victory Road'

   [soul] !! UNGROUNDED WANT (F-8): 'get Kadabra to ~30 before Victory Road' names ['abra', 'kadabra'] already on the team — the grounded ask didn't take (flagged for the descent grade; her words kept)

   [campaign]    [lap] !! FORCE VICTORY LAP — oracle SKIPPED (the checklist owns the endgame sequencing; the order is code, not mood)

   [campaign]    [roam] PICK OUT: victory_lap

   [campaign]    [roam] RATIONALE: You're ready — stop grinding and push forward to the next objective. then on to the Elite Four

   [kira-voice] -> T2·savor· (want) 'get Kadabra to ~30 before Victory Road'  fired=True  [age 0.0s + post 9ms]

   [campaign]    [lap] 🧭 ZAPDOS NORTH STAGING: Route 9 → Route 10 NORTH (from (3, 27)@(0, 8)) (LOUD)

   [campaign]    [roam] TRAVEL: Route 9 -> Route 10 (next hop east -> Route 10)

   [Bridge] INPUT OWNER = 'agent' (sole writer; others dropped+logged)

   [travel] start map=(3, 27) coords=(0, 8) -> map (3, 28) (budget 300s, surf-capable)

   [travel] east connection band rows: [8, 9, 10]

   [travel] path blocked at (0, 8) (NPC on the gap?) - waiting

   [travel] no clean path from (0, 8) AND no NPC-allowing path (npcs nearby=[(2, 8)]) - genuine wall/zone gap, will time out

   [travel] !! TRAVEL WEDGE: identical fp x4 retries at (0, 8) map=(3, 27) (reason=no_route) -> returning to roam LOUD (no inner spin)

   [kira-voice] ·dedup· (repeat text, T1, looping?) "I can't find a way through here — let me rethink this"

   [campaign]    [roam] RESULT: victory_lap -> stage:travel:no_path | pos (3, 27)(0, 8) -> (3, 27)(0, 8) (NO MOVEMENT)

   [campaign]    [lap] checklist owes 'zapdos' — victory_lap is the endgame action (head_to_league/enter_league held until the lap clears)

   [campaign]    [roam] !! BORDER PING-PONG HOLD: ['victory_lap'] off the menu on this thrashed map (113s left) — the breaker owns the rhythm

   [campaign] -- ROAM TICK 62/100000000 --

   [campaign]    [roam] STATE IN: Route 9 (0, 8) | badges=8 (Boulder, Cascade, Thunder, Rainbow, Soul, Marsh, Volcano, Earth) | party=[blastoise L69, lapras L26, moltres L50, articuno L50, kadabra L19] | 8 badge(s) earned (Boulder, Cascade, Thunder, Rainbow, Soul, Marsh, Volcano, Earth). All 8 badges earned. Pokédex: 19 caught. All 8 badges — Victory Road and the Elite Four are next. This is the endgame.

   [campaign]    [roam] PROGRESS: GREEN (unchanged 1 ticks) | fp[(3, 27) (0,8) f4 -- badge8 $2910 party:686d bag:212a]

   [campaign]    [roam] OPTIONS OFFERED: ['battle', 'wander_catch', 'travel:3,28', 'travel:3,22', 'travel:3,43', 'travel:3,21']

   [campaign]    [soul] ORACLE decision: kind=action ctx={'place': 'You\'re on Route 9 — outdoors under open sky (tall grass around — wild Pokémon live in it).. From here: EAST → Route 10 — wild Pokémon to catch/train, a Pokémon Center; WEST → Cerulean City — a Mart, a Pokémon Center. Places you\'ve been with wild Pokémon you can walk back to: Route 4; Route 24; Route 3. You can walk to anywhere you\'ve already been. You have SURF — you can cross water. Field moves ready: STRENGTH.. HOW POKÉMON WORKS (what you\'re playing for): the GOAL is to earn 8 Gym Badges, beat the Elite Four, and roll the credits — that\'s beating the game. You build a TEAM of up to 6 Pokémon you like AND that cover each other (types/roles) — a solo carry with a dead-weight bench is a losing setup; a real trainer fields a balanced, levelled squad. CATCHING wild Pokémon is central (\'gotta catch \'em all\') — you catch to build that team and to fill the Pokédex. When you meet a wild Pokémon, weigh it: is it cool/strong/useful, does it cover a gap, is it better than a bench-warmer? — keep your best ~6, and build a squad you actually like. THE ARC: build a team -> beat the 8 gyms prepared -> Elite Four -> credits. ALSO NORMAL: you entered your own name (and your rival\'s) when the game began — people in this world knowing your names is ordinary, not a mystery to react to. RIGHT NOW your team is thin/lopsided (a strong lead but weak or too few others) — that\'s why tough trainers wall you. Building up a real squad (catch a good new teammate, level the weak ones) is how a prepared trainer gets past these. THE MAIN QUEST IS A FIXED PATH you\'re always on: beat the 8 Gym Leaders in order, then the Elite Four, then you win the game. All 8 badges are yours — the Elite Four is the final challenge before the credits. Word on the road about the Elite Four: the Elite Four open with an ice-and-water lady — folks say lightning and grass are how you slip past her; and then the dragon master himself — and everyone says the same thing: ice is the only thing a dragon truly fears. YOUR STORY SO FAR (what you\'ve actually done — your past, not the future): All eight Gym Badges are yours. The Elite Four and the Champion are the summit.. Time to pick up my zapdos from Power Plant (static L50 — Surf up the Route 10 water from the east bank). This has been on the plan since the start.. THINGS YOU\'VE HEARD AND READ (from people and signs — your own notes, use them when they point somewhere): "I had a vision of your arrival. I have had psychic powers since I was a child. It started when a spoon I carelessly tossed, bent. I dislike battling, but if you"; "Sealed within that TM06 lies TOXIC! It is a secret technique dating back some four hundred years."; "KIRA put the TM06 in the TM CASE."; "KIRA received TM06 from KOGA.". YOUR PLAN — right now: You\'re ready — stop grinding and push forward to the next objective. Next: Press on through the league. Bigger picture: Take on the Elite Four. Your team right now: blastoise (L69), lapras (L26), moltres (L50), articuno (L50), abra the kadabra (L19). Remember YOU are the one playing this — narrate your plan to chat in your own voice (first person: "I\'m grinding", "my team"), and never ask anyone what you\'re doing or who\'s on your team — you know.', 'progress': '8 badge(s) earned (Boulder, Cascade, Thunder, Rainbow, Soul, Marsh, Volcano, Earth). All 8 badges earned. Pokédex: 19 caught. All 8 badges — Victory Road and the Elite Four are next. This is the endgame.', 'party': 'blastoise (L69), lapras (L26), moltres (L50), articuno (L50), abra the kadabra (L19)', 'goal': {'short': "You're ready — stop grinding and push forward to the next objective", 'medium': 'Press on through the league', 'long': 'Take on the Elite Four'}, 'strategy': "1) WAR PREP: the Elite Four is five fights with NO Center between them — full restores, revives, ethers, and a levelled WHOLE team, or don't walk in.\n2) TEAM BUILD: zapdos (static) — a LEGENDARY upgrade over any raised electric: L50 on capture, out-levels the whole badge-8 curve. Weaken carefully and BALL it — never KO.\n3) DEX PUSH: 19/50 species caught — at 50 the Route 15 aide (by Fuchsia) hands over the EXP. SHARE (the whole bench levels off every fight). Catch every NEW species you cross; never wander just to hunt.\n4) STANDING ORDERS: the goal is ROLL CREDITS. Forward progress beats wandering; heal beats fighting hurt; type advantage decides fights; build the planned team, not just the ace."} options=['battle', 'wander_catch', 'travel:3,28', 'travel:3,22', 'travel:3,43', 'travel:3,21']

   [kira-voice] ORACLE kind=action options=['battle', 'wander_catch', 'travel:3,28', 'travel:3,22', 'travel:3,43', 'travel:3,21'] -> pick='travel:3,28'

   [campaign]    [soul] ORACLE pick -> 'travel:3,28'

   [campaign]    [roam] DECISION THINK: 2731ms (world stayed live — pumped idle, not a freeze)

   [campaign]    [roam] PICK OUT: travel:3,28

   [campaign]    [roam] RATIONALE: Routing to a place I need then on to the Elite Four.

   [campaign]    [roam] TRAVEL: Route 9 -> Route 10 (next hop east -> Route 10)

   [Bridge] INPUT OWNER = 'agent' (sole writer; others dropped+logged)

   [travel] start map=(3, 27) coords=(0, 8) -> map (3, 28) (budget 300s, surf-capable)

   [travel] east connection band rows: [8, 9, 10]

   [travel] path blocked at (0, 8) (NPC on the gap?) - waiting

   [travel] no clean path from (0, 8) AND no NPC-allowing path (npcs nearby=[(2, 8)]) - genuine wall/zone gap, will time out

   [travel] !! TRAVEL WEDGE: identical fp x4 retries at (0, 8) map=(3, 27) (reason=no_route) -> returning to roam LOUD (no inner spin)

   [kira-voice] ·dedup· (repeat text, T1, looping?) "I can't find a way through here — let me rethink this"

   [campaign]    [roam] RESULT: travel:3,28 -> travel:no_path | pos (3, 27)(0, 8) -> (3, 27)(0, 8) (NO MOVEMENT)

   [campaign]    [roam] !! SILENT NO-MOVE: 'travel:3,28' returned 'travel:no_path' but her position never changed (streak 1, dead routes ['travel:3,28']) — not moving her; ALL dead routes get pruned next tick so she must do something that works

   [campaign]    ⛰️  CAMPAIGN SAVE [tick62] -> campaign/kira_campaign.state  (map=(3, 27) coords=(0, 8) badges=8 party=5)

   [campaign]    [sanctity] bundle VALID (schema/encoding/truth/monotonic all clean)

   [campaign]    [lap] checklist owes 'zapdos' — victory_lap is the endgame action (head_to_league/enter_league held until the lap clears)

   [campaign]    [roam] !! BORDER PING-PONG HOLD: ['victory_lap'] off the menu on this thrashed map (108s left) — the breaker owns the rhythm

   [campaign] -- ROAM TICK 63/100000000 --

   [campaign]    [roam] STATE IN: Route 9 (0, 8) | badges=8 (Boulder, Cascade, Thunder, Rainbow, Soul, Marsh, Volcano, Earth) | party=[blastoise L69, lapras L26, moltres L50, articuno L50, kadabra L19] | 8 badge(s) earned (Boulder, Cascade, Thunder, Rainbow, Soul, Marsh, Volcano, Earth). All 8 badges earned. Pokédex: 19 caught. All 8 badges — Victory Road and the Elite Four are next. This is the endgame.

   [campaign]    [roam] PROGRESS: GREEN (unchanged 2 ticks) | fp[(3, 27) (0,8) f4 -- badge8 $2910 party:686d bag:212a]

   [campaign]    [roam] OPTIONS OFFERED: ['battle', 'wander_catch', 'travel:3,28', 'travel:3,22', 'travel:3,43', 'travel:3,21']

   [campaign]    [soul] ORACLE decision: kind=action ctx={'place': 'You\'re on Route 9 — outdoors under open sky (tall grass around — wild Pokémon live in it).. From here: EAST → Route 10 — wild Pokémon to catch/train, a Pokémon Center; WEST → Cerulean City — a Mart, a Pokémon Center. Places you\'ve been with wild Pokémon you can walk back to: Route 4; Route 24; Route 3. You can walk to anywhere you\'ve already been. You have SURF — you can cross water. Field moves ready: STRENGTH.. HOW POKÉMON WORKS (what you\'re playing for): the GOAL is to earn 8 Gym Badges, beat the Elite Four, and roll the credits — that\'s beating the game. You build a TEAM of up to 6 Pokémon you like AND that cover each other (types/roles) — a solo carry with a dead-weight bench is a losing setup; a real trainer fields a balanced, levelled squad. CATCHING wild Pokémon is central (\'gotta catch \'em all\') — you catch to build that team and to fill the Pokédex. When you meet a wild Pokémon, weigh it: is it cool/strong/useful, does it cover a gap, is it better than a bench-warmer? — keep your best ~6, and build a squad you actually like. THE ARC: build a team -> beat the 8 gyms prepared -> Elite Four -> credits. ALSO NORMAL: you entered your own name (and your rival\'s) when the game began — people in this world knowing your names is ordinary, not a mystery to react to. RIGHT NOW your team is thin/lopsided (a strong lead but weak or too few others) — that\'s why tough trainers wall you. Building up a real squad (catch a good new teammate, level the weak ones) is how a prepared trainer gets past these. THE MAIN QUEST IS A FIXED PATH you\'re always on: beat the 8 Gym Leaders in order, then the Elite Four, then you win the game. All 8 badges are yours — the Elite Four is the final challenge before the credits. Word on the road about the Elite Four: the Elite Four open with an ice-and-water lady — folks say lightning and grass are how you slip past her; and then the dragon master himself — and everyone says the same thing: ice is the only thing a dragon truly fears. YOUR STORY SO FAR (what you\'ve actually done — your past, not the future): All eight Gym Badges are yours. The Elite Four and the Champion are the summit.. Time to pick up my zapdos from Power Plant (static L50 — Surf up the Route 10 water from the east bank). This has been on the plan since the start.. THINGS YOU\'VE HEARD AND READ (from people and signs — your own notes, use them when they point somewhere): "I had a vision of your arrival. I have had psychic powers since I was a child. It started when a spoon I carelessly tossed, bent. I dislike battling, but if you"; "Sealed within that TM06 lies TOXIC! It is a secret technique dating back some four hundred years."; "KIRA put the TM06 in the TM CASE."; "KIRA received TM06 from KOGA.". YOUR PLAN — right now: You\'re ready — stop grinding and push forward to the next objective. Next: Press on through the league. Bigger picture: Take on the Elite Four. Your team right now: blastoise (L69), lapras (L26), moltres (L50), articuno (L50), abra the kadabra (L19). Remember YOU are the one playing this — narrate your plan to chat in your own voice (first person: "I\'m grinding", "my team"), and never ask anyone what you\'re doing or who\'s on your team — you know.', 'progress': '8 badge(s) earned (Boulder, Cascade, Thunder, Rainbow, Soul, Marsh, Volcano, Earth). All 8 badges earned. Pokédex: 19 caught. All 8 badges — Victory Road and the Elite Four are next. This is the endgame.', 'party': 'blastoise (L69), lapras (L26), moltres (L50), articuno (L50), abra the kadabra (L19)', 'goal': {'short': "You're ready — stop grinding and push forward to the next objective", 'medium': 'Press on through the league', 'long': 'Take on the Elite Four'}, 'strategy': "1) WAR PREP: the Elite Four is five fights with NO Center between them — full restores, revives, ethers, and a levelled WHOLE team, or don't walk in.\n2) TEAM BUILD: zapdos (static) — a LEGENDARY upgrade over any raised electric: L50 on capture, out-levels the whole badge-8 curve. Weaken carefully and BALL it — never KO.\n3) DEX PUSH: 19/50 species caught — at 50 the Route 15 aide (by Fuchsia) hands over the EXP. SHARE (the whole bench levels off every fight). Catch every NEW species you cross; never wander just to hunt.\n4) STANDING ORDERS: the goal is ROLL CREDITS. Forward progress beats wandering; heal beats fighting hurt; type advantage decides fights; build the planned team, not just the ace."} options=['battle', 'wander_catch', 'travel:3,28', 'travel:3,22', 'travel:3,43', 'travel:3,21']

   [kira-voice] ORACLE kind=action options=['battle', 'wander_catch', 'travel:3,28', 'travel:3,22', 'travel:3,43', 'travel:3,21'] -> pick='travel:3,28'

   [campaign]    [soul] ORACLE pick -> 'travel:3,28'

   [campaign]    [roam] DECISION THINK: 2657ms (world stayed live — pumped idle, not a freeze)

   [campaign]    [roam] PICK OUT: travel:3,28

   [campaign]    [roam] RATIONALE: Routing to a place I need then on to the Elite Four.

   [campaign]    [roam] TRAVEL: Route 9 -> Route 10 (next hop east -> Route 10)

   [Bridge] INPUT OWNER = 'agent' (sole writer; others dropped+logged)

   [travel] start map=(3, 27) coords=(0, 8) -> map (3, 28) (budget 300s, surf-capable)

   [travel] east connection band rows: [8, 9, 10]

   [travel] path blocked at (0, 8) (NPC on the gap?) - waiting

   [travel] no clean path from (0, 8) AND no NPC-allowing path (npcs nearby=[(2, 8)]) - genuine wall/zone gap, will time out

   [travel] !! TRAVEL WEDGE: identical fp x4 retries at (0, 8) map=(3, 27) (reason=no_route) -> returning to roam LOUD (no inner spin)

   [kira-voice] ·dedup· (repeat text, T1, looping?) "I can't find a way through here — let me rethink this"

   [campaign]    [roam] RESULT: travel:3,28 -> travel:no_path | pos (3, 27)(0, 8) -> (3, 27)(0, 8) (NO MOVEMENT)

   [campaign]    [roam] !! SILENT NO-MOVE: 'travel:3,28' returned 'travel:no_path' but her position never changed (streak 2, dead routes ['travel:3,28']) — not moving her; ALL dead routes get pruned next tick so she must do something that works

   [campaign]    [lap] checklist owes 'zapdos' — victory_lap is the endgame action (head_to_league/enter_league held until the lap clears)

   [campaign]    [roam] !! NO-MOVE PRUNE: dead routes ['travel:3,28'] haven't moved her (streak 2) — removed this tick so she picks something that works; remaining: ['battle', 'travel:3,21', 'travel:3,22', 'travel:3,43', 'victory_lap', 'wander_catch']

   [campaign]    [roam] !! BORDER PING-PONG HOLD: ['victory_lap'] off the menu on this thrashed map (104s left) — the breaker owns the rhythm

   [campaign] -- ROAM TICK 64/100000000 --

   [campaign]    [roam] STATE IN: Route 9 (0, 8) | badges=8 (Boulder, Cascade, Thunder, Rainbow, Soul, Marsh, Volcano, Earth) | party=[blastoise L69, lapras L26, moltres L50, articuno L50, kadabra L19] | 8 badge(s) earned (Boulder, Cascade, Thunder, Rainbow, Soul, Marsh, Volcano, Earth). All 8 badges earned. Pokédex: 19 caught. All 8 badges — Victory Road and the Elite Four are next. This is the endgame.

   [campaign]    [roam] PROGRESS: YELLOW (unchanged 3 ticks) | fp[(3, 27) (0,8) f4 -- badge8 $2910 party:686d bag:212a]

   [campaign]    [roam] OPTIONS OFFERED: ['battle', 'wander_catch', 'travel:3,22', 'travel:3,43', 'travel:3,21']

   [campaign]    [soul] surface_want FIRE -> Route 9

   [campaign]    [soul] ORACLE decision: kind=want ctx={'place': "You're on Route 9 — outdoors under open sky (tall grass around — wild Pokémon live in it).. ALREADY BESIDE YOU — your current team: blastoise (L69), lapras (L26), moltres (L50), articuno (L50), abra the kadabra (L19). A want is something you DON'T yet have; never wish for a teammate who's already on your team.", 'map': (3, 27), 'badges': ['Boulder', 'Cascade', 'Thunder', 'Rainbow', 'Soul', 'Marsh', 'Volcano', 'Earth'], 'progress': '8 badge(s) earned (Boulder, Cascade, Thunder, Rainbow, Soul, Marsh, Volcano, Earth). All 8 badges earned. Pokédex: 19 caught. All 8 badges — Victory Road and the Elite Four are next. This is the endgame.', 'party': 'blastoise (L69), lapras (L26), moltres (L50), articuno (L50), abra the kadabra (L19)', 'goal': {'short': "You're ready — stop grinding and push forward to the next objective", 'medium': 'Press on through the league', 'long': 'Take on the Elite Four'}} options=['eevee', 'fossil', 'starters', 'rare', 'legendaries']

   [kira-voice] ORACLE kind=want options=['eevee', 'fossil', 'starters', 'rare', 'legendaries'] -> pick='Get through Victory Road and hit the Elite Four'

   [campaign]    [soul] ORACLE pick -> 'Get through Victory Road and hit the Elite Four'

   [campaign]    [roam] !! MACRO YELLOW: no progress 3 ticks — feeding awareness back to the oracle: "You keep trying to travel:3,28 but the world hasn't changed in 3 turns - it went 'travel:no_path', and you don't seem to be getting anywhere."

   [campaign]    [soul] ORACLE decision: kind=action ctx={'place': 'You\'re on Route 9 — outdoors under open sky (tall grass around — wild Pokémon live in it).. From here: EAST → Route 10 — wild Pokémon to catch/train, a Pokémon Center; WEST → Cerulean City — a Mart, a Pokémon Center. Places you\'ve been with wild Pokémon you can walk back to: Route 4; Route 24; Route 3. You can walk to anywhere you\'ve already been. You have SURF — you can cross water. Field moves ready: STRENGTH.. You keep trying to travel:3,28 but the world hasn\'t changed in 3 turns - it went \'travel:no_path\', and you don\'t seem to be getting anywhere.. HOW POKÉMON WORKS (what you\'re playing for): the GOAL is to earn 8 Gym Badges, beat the Elite Four, and roll the credits — that\'s beating the game. You build a TEAM of up to 6 Pokémon you like AND that cover each other (types/roles) — a solo carry with a dead-weight bench is a losing setup; a real trainer fields a balanced, levelled squad. CATCHING wild Pokémon is central (\'gotta catch \'em all\') — you catch to build that team and to fill the Pokédex. When you meet a wild Pokémon, weigh it: is it cool/strong/useful, does it cover a gap, is it better than a bench-warmer? — keep your best ~6, and build a squad you actually like. THE ARC: build a team -> beat the 8 gyms prepared -> Elite Four -> credits. ALSO NORMAL: you entered your own name (and your rival\'s) when the game began — people in this world knowing your names is ordinary, not a mystery to react to. RIGHT NOW your team is thin/lopsided (a strong lead but weak or too few others) — that\'s why tough trainers wall you. Building up a real squad (catch a good new teammate, level the weak ones) is how a prepared trainer gets past these. THE MAIN QUEST IS A FIXED PATH you\'re always on: beat the 8 Gym Leaders in order, then the Elite Four, then you win the game. All 8 badges are yours — the Elite Four is the final challenge before the credits. Word on the road about the Elite Four: the Elite Four open with an ice-and-water lady — folks say lightning and grass are how you slip past her; and then the dragon master himself — and everyone says the same thing: ice is the only thing a dragon truly fears. YOUR STORY SO FAR (what you\'ve actually done — your past, not the future): All eight Gym Badges are yours. The Elite Four and the Champion are the summit.. Time to pick up my zapdos from Power Plant (static L50 — Surf up the Route 10 water from the east bank). This has been on the plan since the start.. THINGS YOU\'VE HEARD AND READ (from people and signs — your own notes, use them when they point somewhere): "I had a vision of your arrival. I have had psychic powers since I was a child. It started when a spoon I carelessly tossed, bent. I dislike battling, but if you"; "Sealed within that TM06 lies TOXIC! It is a secret technique dating back some four hundred years."; "KIRA put the TM06 in the TM CASE."; "KIRA received TM06 from KOGA.". YOUR PLAN — right now: You\'re ready — stop grinding and push forward to the next objective. Next: Press on through the league. Bigger picture: Take on the Elite Four. Your team right now: blastoise (L69), lapras (L26), moltres (L50), articuno (L50), abra the kadabra (L19). Remember YOU are the one playing this — narrate your plan to chat in your own voice (first person: "I\'m grinding", "my team"), and never ask anyone what you\'re doing or who\'s on your team — you know.', 'progress': '8 badge(s) earned (Boulder, Cascade, Thunder, Rainbow, Soul, Marsh, Volcano, Earth). All 8 badges earned. Pokédex: 19 caught. All 8 badges — Victory Road and the Elite Four are next. This is the endgame.', 'party': 'blastoise (L69), lapras (L26), moltres (L50), articuno (L50), abra the kadabra (L19)', 'goal': {'short': "You're ready — stop grinding and push forward to the next objective", 'medium': 'Press on through the league', 'long': 'Take on the Elite Four'}, 'strategy': "1) WAR PREP: the Elite Four is five fights with NO Center between them — full restores, revives, ethers, and a levelled WHOLE team, or don't walk in.\n2) TEAM BUILD: zapdos (static) — a LEGENDARY upgrade over any raised electric: L50 on capture, out-levels the whole badge-8 curve. Weaken carefully and BALL it — never KO.\n3) DEX PUSH: 19/50 species caught — at 50 the Route 15 aide (by Fuchsia) hands over the EXP. SHARE (the whole bench levels off every fight). Catch every NEW species you cross; never wander just to hunt.\n4) STANDING ORDERS: the goal is ROLL CREDITS. Forward progress beats wandering; heal beats fighting hurt; type advantage decides fights; build the planned team, not just the ace."} options=['battle', 'wander_catch', 'travel:3,22', 'travel:3,43', 'travel:3,21']

   [kira-voice] -> T2·savor· (want) 'Get through Victory Road and hit the Elite Four'  fired=True  [age 0.0s + post 10ms]

   [kira-voice] ORACLE kind=action options=['battle', 'wander_catch', 'travel:3,22', 'travel:3,43', 'travel:3,21'] -> pick=None

   [campaign]    [soul] ORACLE pick -> None

   [campaign]    [roam] DECISION THINK: 2663ms (world stayed live — pumped idle, not a freeze)

   [campaign]    [roam] PICK: (oracle returned nothing — no bot / unparsable) -> idle this tick

   [campaign]    ⛰️  CAMPAIGN SAVE [tick64] -> campaign/kira_campaign.state  (map=(3, 27) coords=(0, 8) badges=8 party=5)

   [campaign]    [sanctity] bundle VALID (schema/encoding/truth/monotonic all clean)

   [campaign]    [lap] checklist owes 'zapdos' — victory_lap is the endgame action (head_to_league/enter_league held until the lap clears)

   [campaign]    [roam] !! NO-MOVE PRUNE: dead routes ['travel:3,28'] haven't moved her (streak 2) — removed this tick so she picks something that works; remaining: ['battle', 'travel:3,21', 'travel:3,22', 'travel:3,43', 'victory_lap', 'wander_catch']

   [campaign]    [roam] !! BORDER PING-PONG HOLD: ['victory_lap'] off the menu on this thrashed map (99s left) — the breaker owns the rhythm

   [campaign] -- ROAM TICK 65/100000000 --

   [campaign]    [roam] STATE IN: Route 9 (0, 8) | badges=8 (Boulder, Cascade, Thunder, Rainbow, Soul, Marsh, Volcano, Earth) | party=[blastoise L69, lapras L26, moltres L50, articuno L50, kadabra L19] | 8 badge(s) earned (Boulder, Cascade, Thunder, Rainbow, Soul, Marsh, Volcano, Earth). All 8 badges earned. Pokédex: 19 caught. All 8 badges — Victory Road and the Elite Four are next. This is the endgame.

   [campaign]    [roam] PROGRESS: YELLOW (unchanged 4 ticks) | fp[(3, 27) (0,8) f4 -- badge8 $2910 party:686d bag:212a]

   [campaign]    [roam] OPTIONS OFFERED: ['battle', 'wander_catch', 'travel:3,22', 'travel:3,43', 'travel:3,21']

   [campaign]    [roam] !! MACRO YELLOW: no progress 4 ticks — feeding awareness back to the oracle: "Nothing you've tried but the world hasn't changed in 4 turns - it went 'idle', and you don't seem to be getting anywhere."

   [campaign]    [soul] ORACLE decision: kind=action ctx={'place': 'You\'re on Route 9 — outdoors under open sky (tall grass around — wild Pokémon live in it).. From here: EAST → Route 10 — wild Pokémon to catch/train, a Pokémon Center; WEST → Cerulean City — a Mart, a Pokémon Center. Places you\'ve been with wild Pokémon you can walk back to: Route 4; Route 24; Route 3. You can walk to anywhere you\'ve already been. You have SURF — you can cross water. Field moves ready: STRENGTH.. Nothing you\'ve tried but the world hasn\'t changed in 4 turns - it went \'idle\', and you don\'t seem to be getting anywhere.. HOW POKÉMON WORKS (what you\'re playing for): the GOAL is to earn 8 Gym Badges, beat the Elite Four, and roll the credits — that\'s beating the game. You build a TEAM of up to 6 Pokémon you like AND that cover each other (types/roles) — a solo carry with a dead-weight bench is a losing setup; a real trainer fields a balanced, levelled squad. CATCHING wild Pokémon is central (\'gotta catch \'em all\') — you catch to build that team and to fill the Pokédex. When you meet a wild Pokémon, weigh it: is it cool/strong/useful, does it cover a gap, is it better than a bench-warmer? — keep your best ~6, and build a squad you actually like. THE ARC: build a team -> beat the 8 gyms prepared -> Elite Four -> credits. ALSO NORMAL: you entered your own name (and your rival\'s) when the game began — people in this world knowing your names is ordinary, not a mystery to react to. RIGHT NOW your team is thin/lopsided (a strong lead but weak or too few others) — that\'s why tough trainers wall you. Building up a real squad (catch a good new teammate, level the weak ones) is how a prepared trainer gets past these. THE MAIN QUEST IS A FIXED PATH you\'re always on: beat the 8 Gym Leaders in order, then the Elite Four, then you win the game. All 8 badges are yours — the Elite Four is the final challenge before the credits. Word on the road about the Elite Four: the Elite Four open with an ice-and-water lady — folks say lightning and grass are how you slip past her; and then the dragon master himself — and everyone says the same thing: ice is the only thing a dragon truly fears. YOUR STORY SO FAR (what you\'ve actually done — your past, not the future): All eight Gym Badges are yours. The Elite Four and the Champion are the summit.. Time to pick up my zapdos from Power Plant (static L50 — Surf up the Route 10 water from the east bank). This has been on the plan since the start.. THINGS YOU\'VE HEARD AND READ (from people and signs — your own notes, use them when they point somewhere): "I had a vision of your arrival. I have had psychic powers since I was a child. It started when a spoon I carelessly tossed, bent. I dislike battling, but if you"; "Sealed within that TM06 lies TOXIC! It is a secret technique dating back some four hundred years."; "KIRA put the TM06 in the TM CASE."; "KIRA received TM06 from KOGA.". YOUR PLAN — right now: You\'re ready — stop grinding and push forward to the next objective. Next: Press on through the league. Bigger picture: Take on the Elite Four. Your team right now: blastoise (L69), lapras (L26), moltres (L50), articuno (L50), abra the kadabra (L19). Remember YOU are the one playing this — narrate your plan to chat in your own voice (first person: "I\'m grinding", "my team"), and never ask anyone what you\'re doing or who\'s on your team — you know.', 'progress': '8 badge(s) earned (Boulder, Cascade, Thunder, Rainbow, Soul, Marsh, Volcano, Earth). All 8 badges earned. Pokédex: 19 caught. All 8 badges — Victory Road and the Elite Four are next. This is the endgame.', 'party': 'blastoise (L69), lapras (L26), moltres (L50), articuno (L50), abra the kadabra (L19)', 'goal': {'short': "You're ready — stop grinding and push forward to the next objective", 'medium': 'Press on through the league', 'long': 'Take on the Elite Four'}, 'strategy': "1) WAR PREP: the Elite Four is five fights with NO Center between them — full restores, revives, ethers, and a levelled WHOLE team, or don't walk in.\n2) TEAM BUILD: zapdos (static) — a LEGENDARY upgrade over any raised electric: L50 on capture, out-levels the whole badge-8 curve. Weaken carefully and BALL it — never KO.\n3) DEX PUSH: 19/50 species caught — at 50 the Route 15 aide (by Fuchsia) hands over the EXP. SHARE (the whole bench levels off every fight). Catch every NEW species you cross; never wander just to hunt.\n4) STANDING ORDERS: the goal is ROLL CREDITS. Forward progress beats wandering; heal beats fighting hurt; type advantage decides fights; build the planned team, not just the ace."} options=['battle', 'wander_catch', 'travel:3,22', 'travel:3,43', 'travel:3,21']

   [kira-voice] ORACLE kind=action options=['battle', 'wander_catch', 'travel:3,22', 'travel:3,43', 'travel:3,21'] -> pick='travel:3,22'

   [campaign]    [soul] ORACLE pick -> 'travel:3,22'

   [campaign]    [roam] DECISION THINK: 2158ms (world stayed live — pumped idle, not a freeze)

   [campaign]    [roam] PICK OUT: travel:3,22  <- her RECOVERY move (YELLOW)

   [campaign]    [roam] RATIONALE: Routing to a place I need then on to the Elite Four.

   [campaign]    [roam] TRAVEL: Route 9 -> Route 4 (next hop west -> Cerulean City)

   [Bridge] INPUT OWNER = 'agent' (sole writer; others dropped+logged)

   [travel] start map=(3, 27) coords=(0, 8) -> map (3, 3) (budget 300s, surf-capable)

   [travel] west connection band rows: [6, 8, 9, 11]

   [travel] MAP TRANSITION (3, 27) -> (3, 3)

   [campaign]    [world] learned 14 warp(s) on (3, 3): (10, 11)->(7, 0), (30, 11)->(7, 1), (15, 17)->(7, 2), (22, 19)->(7, 3), (31, 21)->(7, 5), (13, 28)->(7, 6)

   [travel] west connection band rows: [0, 1, 2, 3, 4, 5, 6, 7, 8, 9, 13, 14, 16, 17, 18, 20, 21, 22, 30, 31, 32, 33, 34, 35, 36, 37, 38, 39]

   [travel] ARRIVED at target map (3, 3) coords=(47, 18)

   [campaign]    [roam] RESULT: travel:3,22 -> hop_ok | pos (3, 27)(0, 8) -> (3, 3)(47, 18) (MOVED)

   [campaign]    [roam] structural dead routes KEPT on (3, 27) across exit (≥2 strikes): ['head_to_gym']

   [campaign]    ⛰️  CAMPAIGN SAVE [new_area] -> campaign/kira_campaign.state  (map=(3, 3) coords=(47, 18) badges=8 party=5)

   [kira-voice] -> T1·brisk· (beat) 'made it to a new area'  fired=True  [age 0.0s + post 16ms]

   [campaign]    [sanctity] bundle VALID (schema/encoding/truth/monotonic all clean)

   [campaign]    📌 AUTO-CHECKPOINT [gain-new_area] -> checkpoints/20260808_145559_cerulean-city_8b_38h44m_gain-new-area  (4 bundle file(s))

   [campaign]    [world] learned 14 warp(s) on (3, 3): (10, 11)->(7, 0), (30, 11)->(7, 1), (15, 17)->(7, 2), (22, 19)->(7, 3), (31, 21)->(7, 5), (13, 28)->(7, 6)

   [campaign]    [lap] checklist owes 'zapdos' — victory_lap is the endgame action (head_to_league/enter_league held until the lap clears)

   [campaign]    [roam] grass she KNOWS: routing west -> (3, 22) toward Route 4 (backward — no forward grass reachable, visited grass, avoiding any wall)

   [campaign]    [roam] !! BORDER PING-PONG HOLD: ['victory_lap'] off the menu on this thrashed map (96s left) — the breaker owns the rhythm

   [campaign] -- ROAM TICK 66/100000000 --

   [campaign]    [roam] STATE IN: Cerulean City (47, 18) | badges=8 (Boulder, Cascade, Thunder, Rainbow, Soul, Marsh, Volcano, Earth) | party=[blastoise L69, lapras L26, moltres L50, articuno L50, kadabra L19] | 8 badge(s) earned (Boulder, Cascade, Thunder, Rainbow, Soul, Marsh, Volcano, Earth). All 8 badges earned. Pokédex: 19 caught. All 8 badges — Victory Road and the Elite Four are next. This is the endgame.

   [campaign]    [roam] PROGRESS: GREEN (unchanged 0 ticks) | fp[(3, 3) (47,18) f3 -- badge8 $2910 party:686d bag:212a]

   [campaign]    [roam] OPTIONS OFFERED: ['battle', 'wander_catch', 'talk_npc', 'travel:3,22', 'travel:3,43', 'travel:3,21', 'swap_keeper']

   [campaign]    [soul] ORACLE decision: kind=action ctx={'place': 'You\'re in Cerulean City — outdoors under open sky (a town with a Pokémon Center and a Mart; tall grass around — wild Pokémon live in it).. From here: NORTH → Route 24 — wild Pokémon to catch/train; SOUTH → Route 5; EAST → Route 9 — wild Pokémon to catch/train; WEST → Route 4 — wild Pokémon to catch/train, a Pokémon Center. Places you\'ve been with wild Pokémon you can walk back to: Route 3; Route 25; Route 10. You can walk to anywhere you\'ve already been. You have SURF — you can cross water. Field moves ready: STRENGTH.. HOW POKÉMON WORKS (what you\'re playing for): the GOAL is to earn 8 Gym Badges, beat the Elite Four, and roll the credits — that\'s beating the game. You build a TEAM of up to 6 Pokémon you like AND that cover each other (types/roles) — a solo carry with a dead-weight bench is a losing setup; a real trainer fields a balanced, levelled squad. CATCHING wild Pokémon is central (\'gotta catch \'em all\') — you catch to build that team and to fill the Pokédex. When you meet a wild Pokémon, weigh it: is it cool/strong/useful, does it cover a gap, is it better than a bench-warmer? — keep your best ~6, and build a squad you actually like. THE ARC: build a team -> beat the 8 gyms prepared -> Elite Four -> credits. ALSO NORMAL: you entered your own name (and your rival\'s) when the game began — people in this world knowing your names is ordinary, not a mystery to react to. RIGHT NOW your team is thin/lopsided (a strong lead but weak or too few others) — that\'s why tough trainers wall you. Building up a real squad (catch a good new teammate, level the weak ones) is how a prepared trainer gets past these. THE MAIN QUEST IS A FIXED PATH you\'re always on: beat the 8 Gym Leaders in order, then the Elite Four, then you win the game. All 8 badges are yours — the Elite Four is the final challenge before the credits. Word on the road about the Elite Four: the Elite Four open with an ice-and-water lady — folks say lightning and grass are how you slip past her; and then the dragon master himself — and everyone says the same thing: ice is the only thing a dragon truly fears. YOUR STORY SO FAR (what you\'ve actually done — your past, not the future): All eight Gym Badges are yours. The Elite Four and the Champion are the summit.. Time to pick up my zapdos from Power Plant (static L50 — Surf up the Route 10 water from the east bank). This has been on the plan since the start.. THINGS YOU\'VE HEARD AND READ (from people and signs — your own notes, use them when they point somewhere): "I had a vision of your arrival. I have had psychic powers since I was a child. It started when a spoon I carelessly tossed, bent. I dislike battling, but if you"; "Sealed within that TM06 lies TOXIC! It is a secret technique dating back some four hundred years."; "KIRA put the TM06 in the TM CASE."; "KIRA received TM06 from KOGA.". YOUR PLAN — right now: You\'re ready — stop grinding and push forward to the next objective. Next: Press on through the league. Bigger picture: Take on the Elite Four. Your team right now: blastoise (L69), lapras (L26), moltres (L50), articuno (L50), abra the kadabra (L19). Remember YOU are the one playing this — narrate your plan to chat in your own voice (first person: "I\'m grinding", "my team"), and never ask anyone what you\'re doing or who\'s on your team — you know.. RECALIBRATE — before the last detour you\'d set out to: "head back to Route 4 — wild Pokémon to catch and level up". That\'s still available. Unless something fundamental has actually changed, pick it back up and continue — don\'t lose the thread to aimless wandering.', 'progress': '8 badge(s) earned (Boulder, Cascade, Thunder, Rainbow, Soul, Marsh, Volcano, Earth). All 8 badges earned. Pokédex: 19 caught. All 8 badges — Victory Road and the Elite Four are next. This is the endgame.', 'party': 'blastoise (L69), lapras (L26), moltres (L50), articuno (L50), abra the kadabra (L19)', 'goal': {'short': "You're ready — stop grinding and push forward to the next objective", 'medium': 'Press on through the league', 'long': 'Take on the Elite Four'}, 'strategy': "1) WAR PREP: the Elite Four is five fights with NO Center between them — full restores, revives, ethers, and a levelled WHOLE team, or don't walk in.\n2) TEAM BUILD: zapdos (static) — a LEGENDARY upgrade over any raised electric: L50 on capture, out-levels the whole badge-8 curve. Weaken carefully and BALL it — never KO.\n3) DEX PUSH: 19/50 species caught — at 50 the Route 15 aide (by Fuchsia) hands over the EXP. SHARE (the whole bench levels off every fight). Catch every NEW species you cross; never wander just to hunt.\n4) STANDING ORDERS: the goal is ROLL CREDITS. Forward progress beats wandering; heal beats fighting hurt; type advantage decides fights; build the planned team, not just the ace."} options=['battle', 'wander_catch', 'talk_npc', 'travel:3,22', 'travel:3,43', 'travel:3,21', 'swap_keeper']

   [kira-voice] ORACLE kind=action options=['battle', 'wander_catch', 'talk_npc', 'travel:3,22', 'travel:3,43', 'travel:3,21', 'swap_keeper'] -> pick='travel:3,21'

   [campaign]    [soul] ORACLE pick -> 'travel:3,21'

   [campaign]    [roam] DECISION THINK: 2347ms (world stayed live — pumped idle, not a freeze)

   [campaign]    [roam] PICK OUT: travel:3,21

   [campaign]    [roam] RATIONALE: Routing to a place I need then on to the Elite Four.

   [campaign]    [roam] TRAVEL: Cerulean City -> Route 3 (next hop west -> Route 4)

   [Bridge] INPUT OWNER = 'agent' (sole writer; others dropped+logged)

   [travel] start map=(3, 3) coords=(47, 18) -> map (3, 22) (budget 300s, surf-capable)

   [travel] west connection band rows: [0, 1, 2, 3, 4, 5, 6, 7, 8, 9, 13, 14, 16, 17, 18, 20, 21, 22, 30, 31, 32, 33, 34, 35, 36, 37, 38, 39]

   [travel] step 0: (47, 18)->(47, 19) map=(3, 3) (path 51 to exit)

   [travel] step 10: (38, 19)->(37, 19) map=(3, 3) (path 41 to exit)

   [travel] step 20: (31, 22)->(30, 22) map=(3, 3) (path 32 to exit)

   [travel] step 30: (21, 22)->(20, 22) map=(3, 3) (path 22 to exit)

   [travel] HEARTBEAT step=40 map=(3, 3) coords=(11, 22) elapsed=6s

   [travel] step 40: (11, 22)->(10, 22) map=(3, 3) (path 12 to exit)

   [travel] step 50: (1, 22)->(0, 22) map=(3, 3) (path 2 to exit)

   [travel] MAP TRANSITION (3, 3) -> (3, 22)

   [campaign]    [world] learned 3 warp(s) on (3, 22): (19, 5)->(1, 1), (32, 5)->(1, 2), (12, 5)->(16, 0)

   [travel] west connection band rows: [0, 1, 2, 3, 4, 5, 6, 7, 8, 9, 10, 11, 12, 13, 14, 15, 16, 17, 18, 19]

   [travel] ARRIVED at target map (3, 22) coords=(107, 12)

   [campaign]    [roam] RESULT: travel:3,21 -> hop_ok | pos (3, 3)(47, 18) -> (3, 22)(107, 12) (MOVED)

   [campaign]    [roam] structural dead routes KEPT on (3, 3) across exit (≥2 strikes): ['head_to_gym']

   [campaign]    ⛰️  CAMPAIGN SAVE [new_area] -> campaign/kira_campaign.state  (map=(3, 22) coords=(107, 12) badges=8 party=5)

   [campaign]    [sanctity] bundle VALID (schema/encoding/truth/monotonic all clean)

   [campaign]    📌 AUTO-CHECKPOINT [gain-new_area] -> checkpoints/20260808_145609_route-4_8b_38h44m_gain-new-area  (4 bundle file(s))

   [campaign]    [roam] !! POST-CASCADE Route 4 — forcing EAST to Cerulean (Mt. Moon is finished ground; Celadon road is Cerulean → Route 9 → Rock Tunnel)

   [Bridge] INPUT OWNER = 'agent' (sole writer; others dropped+logged)

   [kira-voice] -> T2·savor· (route) "Route 4 — Mt. Moon's behind us. Cerulean east, then Rock Tunnel."  fired=True  [age 0.0s + post 9ms]

   [travel] start map=(3, 22) coords=(107, 12) -> map (3, 3) (budget 300s, surf-capable)

   [travel] east connection band rows: [2, 3, 4, 5, 6, 7, 8, 10, 11, 12]

   [travel] step 0: (107, 12)->(0, 22) map=(3, 22) (path 2 to exit)

   [travel] MAP TRANSITION (3, 22) -> (3, 3)

   [campaign]    [world] learned 14 warp(s) on (3, 3): (10, 11)->(7, 0), (30, 11)->(7, 1), (15, 17)->(7, 2), (22, 19)->(7, 3), (31, 21)->(7, 5), (13, 28)->(7, 6)

   [travel] east connection band rows: [0, 1, 2, 3, 4, 5, 6, 7, 8, 9, 11, 16, 18, 19, 21, 30, 31, 32, 33, 34, 35, 36, 37, 38, 39]

   [travel] ARRIVED at target map (3, 3) coords=(0, 22)

   [kira-voice] ·dedup· (repeat text, T1, looping?) 'made it to a new area'

   [campaign]    ⛰️  CAMPAIGN SAVE [new_area] -> campaign/kira_campaign.state  (map=(3, 3) coords=(0, 22) badges=8 party=5)

   [campaign]    [sanctity] bundle VALID (schema/encoding/truth/monotonic all clean)

   [campaign]    📌 AUTO-CHECKPOINT [gain-new_area] -> checkpoints/20260808_145610_cerulean-city_8b_38h44m_gain-new-area  (4 bundle file(s))

   [campaign]    [world] learned 14 warp(s) on (3, 3): (10, 11)->(7, 0), (30, 11)->(7, 1), (15, 17)->(7, 2), (22, 19)->(7, 3), (31, 21)->(7, 5), (13, 28)->(7, 6)

   [campaign]    [lap] checklist owes 'zapdos' — victory_lap is the endgame action (head_to_league/enter_league held until the lap clears)

   [campaign]    [roam] grass she KNOWS: routing west -> (3, 22) toward Route 4 (backward — no forward grass reachable, visited grass, avoiding any wall)

   [campaign]    [roam] !! BORDER PING-PONG HOLD: ['victory_lap'] off the menu on this thrashed map (85s left) — the breaker owns the rhythm

   [campaign] -- ROAM TICK 68/100000000 --

   [campaign]    [roam] STATE IN: Cerulean City (0, 22) | badges=8 (Boulder, Cascade, Thunder, Rainbow, Soul, Marsh, Volcano, Earth) | party=[blastoise L69, lapras L26, moltres L50, articuno L50, kadabra L19] | 8 badge(s) earned (Boulder, Cascade, Thunder, Rainbow, Soul, Marsh, Volcano, Earth). All 8 badges earned. Pokédex: 19 caught. All 8 badges — Victory Road and the Elite Four are next. This is the endgame.

   [campaign]    [roam] PROGRESS: GREEN (unchanged 0 ticks) | fp[(3, 3) (0,22) f4 -- badge8 $2910 party:686d bag:212a]

   [campaign]    [roam] OPTIONS OFFERED: ['battle', 'wander_catch', 'talk_npc', 'travel:3,22', 'travel:3,43', 'travel:3,21', 'swap_keeper']

   [campaign]    [soul] ORACLE decision: kind=action ctx={'place': 'You\'re in Cerulean City — outdoors under open sky (a town with a Pokémon Center and a Mart; tall grass around — wild Pokémon live in it).. From here: NORTH → Route 24 — wild Pokémon to catch/train; SOUTH → Route 5; EAST → Route 9 — wild Pokémon to catch/train; WEST → Route 4 — wild Pokémon to catch/train, a Pokémon Center. Places you\'ve been with wild Pokémon you can walk back to: Route 3; Route 25; Route 10. You can walk to anywhere you\'ve already been. You have SURF — you can cross water. Field moves ready: STRENGTH.. HOW POKÉMON WORKS (what you\'re playing for): the GOAL is to earn 8 Gym Badges, beat the Elite Four, and roll the credits — that\'s beating the game. You build a TEAM of up to 6 Pokémon you like AND that cover each other (types/roles) — a solo carry with a dead-weight bench is a losing setup; a real trainer fields a balanced, levelled squad. CATCHING wild Pokémon is central (\'gotta catch \'em all\') — you catch to build that team and to fill the Pokédex. When you meet a wild Pokémon, weigh it: is it cool/strong/useful, does it cover a gap, is it better than a bench-warmer? — keep your best ~6, and build a squad you actually like. THE ARC: build a team -> beat the 8 gyms prepared -> Elite Four -> credits. ALSO NORMAL: you entered your own name (and your rival\'s) when the game began — people in this world knowing your names is ordinary, not a mystery to react to. RIGHT NOW your team is thin/lopsided (a strong lead but weak or too few others) — that\'s why tough trainers wall you. Building up a real squad (catch a good new teammate, level the weak ones) is how a prepared trainer gets past these. THE MAIN QUEST IS A FIXED PATH you\'re always on: beat the 8 Gym Leaders in order, then the Elite Four, then you win the game. All 8 badges are yours — the Elite Four is the final challenge before the credits. Word on the road about the Elite Four: the Elite Four open with an ice-and-water lady — folks say lightning and grass are how you slip past her; and then the dragon master himself — and everyone says the same thing: ice is the only thing a dragon truly fears. YOUR STORY SO FAR (what you\'ve actually done — your past, not the future): All eight Gym Badges are yours. The Elite Four and the Champion are the summit.. Time to pick up my zapdos from Power Plant (static L50 — Surf up the Route 10 water from the east bank). This has been on the plan since the start.. THINGS YOU\'VE HEARD AND READ (from people and signs — your own notes, use them when they point somewhere): "I had a vision of your arrival. I have had psychic powers since I was a child. It started when a spoon I carelessly tossed, bent. I dislike battling, but if you"; "Sealed within that TM06 lies TOXIC! It is a secret technique dating back some four hundred years."; "KIRA put the TM06 in the TM CASE."; "KIRA received TM06 from KOGA.". YOUR PLAN — right now: You\'re ready — stop grinding and push forward to the next objective. Next: Press on through the league. Bigger picture: Take on the Elite Four. Your team right now: blastoise (L69), lapras (L26), moltres (L50), articuno (L50), abra the kadabra (L19). Remember YOU are the one playing this — narrate your plan to chat in your own voice (first person: "I\'m grinding", "my team"), and never ask anyone what you\'re doing or who\'s on your team — you know.. RECALIBRATE — before the last detour you\'d set out to: "head back to Route 3 — wild Pokémon to catch and level up". That\'s still available. Unless something fundamental has actually changed, pick it back up and continue — don\'t lose the thread to aimless wandering.', 'progress': '8 badge(s) earned (Boulder, Cascade, Thunder, Rainbow, Soul, Marsh, Volcano, Earth). All 8 badges earned. Pokédex: 19 caught. All 8 badges — Victory Road and the Elite Four are next. This is the endgame.', 'party': 'blastoise (L69), lapras (L26), moltres (L50), articuno (L50), abra the kadabra (L19)', 'goal': {'short': "You're ready — stop grinding and push forward to the next objective", 'medium': 'Press on through the league', 'long': 'Take on the Elite Four'}, 'strategy': "1) WAR PREP: the Elite Four is five fights with NO Center between them — full restores, revives, ethers, and a levelled WHOLE team, or don't walk in.\n2) TEAM BUILD: zapdos (static) — a LEGENDARY upgrade over any raised electric: L50 on capture, out-levels the whole badge-8 curve. Weaken carefully and BALL it — never KO.\n3) DEX PUSH: 19/50 species caught — at 50 the Route 15 aide (by Fuchsia) hands over the EXP. SHARE (the whole bench levels off every fight). Catch every NEW species you cross; never wander just to hunt.\n4) STANDING ORDERS: the goal is ROLL CREDITS. Forward progress beats wandering; heal beats fighting hurt; type advantage decides fights; build the planned team, not just the ace."} options=['battle', 'wander_catch', 'talk_npc', 'travel:3,22', 'travel:3,43', 'travel:3,21', 'swap_keeper']

   [kira-voice] ORACLE kind=action options=['battle', 'wander_catch', 'talk_npc', 'travel:3,22', 'travel:3,43', 'travel:3,21', 'swap_keeper'] -> pick='travel:3,43'

   [campaign]    [soul] ORACLE pick -> 'travel:3,43'

   [campaign]    [roam] DECISION THINK: 3392ms (world stayed live — pumped idle, not a freeze)

   [campaign]    [roam] PICK OUT: travel:3,43

   [campaign]    [roam] RATIONALE: Routing to a place I need then on to the Elite Four.

   [campaign]    [roam] TRAVEL: Cerulean City -> Route 24 (next hop north -> Route 24)

   [Bridge] INPUT OWNER = 'agent' (sole writer; others dropped+logged)

   [travel] start map=(3, 3) coords=(0, 22) -> map (3, 43) (budget 300s, surf-capable)

   [travel] north connection band cols: [0, 1, 2, 3, 4, 5, 6, 7, 8, 9, 10, 11, 16, 17, 18, 19, 20, 22, 23, 24, 26, 27, 28, 30, 31, 32, 33, 34, 35, 36, 37, 38, 39, 40, 41, 42, 43, 44, 45, 46, 47, 48]

   [travel] step 0: (0, 22)->(0, 21) map=(3, 3) (path 45 to exit)

   [travel] step 10: (8, 20)->(8, 19) map=(3, 3) (path 35 to exit)

   [travel] step 20: (10, 12)->(11, 12) map=(3, 3) (path 25 to exit)

   [travel] step 30: (20, 12)->(21, 12) map=(3, 3) (path 15 to exit)

   [travel] HEARTBEAT step=40 map=(3, 3) coords=(22, 4) elapsed=5s

   [travel] step 40: (22, 4)->(22, 3) map=(3, 3) (path 5 to exit)

   [travel] MAP TRANSITION (3, 3) -> (3, 43)

   [travel] north connection band cols: [0, 1, 2, 3, 4, 5, 6, 7, 8, 9, 10, 11, 12, 13, 14, 15, 16, 17, 18, 19, 20, 21, 22, 23, 24]

   [travel] ARRIVED at target map (3, 43) coords=(10, 39)

   [kira-voice] ·dedup· (repeat text, T1, looping?) 'made it to a new area'

   [campaign]    [roam] arrived at Route 24 (grass) — starting to hunt

   [campaign]    CATCH: 39 reachable grass tile(s) (nearest (5, 31)); avoiding 0 warp tile(s) - traversing grass to catch one

   [Bridge] INPUT OWNER = 'agent' (sole writer; others dropped+logged)

   [travel] start map=(3, 43) coords=(10, 39) -> coord (5, 31) (budget 80s, surf-capable)

   [travel] step 0: (10, 39)->(10, 38) map=(3, 43) (path 46 to exit)

   [egress] blocker on (10, 28) (committed step) — holding position, waiting up to 12s for it to wander off (live bodies=[(10, 22), (10, 28), (12, 25), (12, 31)])

   [egress] wait on (10, 28) TIMED OUT (12s) — re-pathing around it

   [travel] step 10: (10, 29)->(11, 29) map=(3, 43) (path 38 to exit)

   [kira-voice] -> T1·brisk· (beat) 'the route opens up ahead, grass swaying at the edges of the path'  fired=True  [age 0.0s + post 17ms]

   [travel] step 20: (11, 20)->(11, 19) map=(3, 43) (path 28 to exit)

   [travel] step 30: (6, 15)->(5, 15) map=(3, 43) (path 18 to exit)

   [egress] blocker on (5, 21) (committed step) — holding position, waiting up to 12s for it to wander off (live bodies=[(5, 21), (10, 22), (10, 28), (12, 19), (12, 25)])

   [egress] wait on (5, 21) TIMED OUT (12s) — re-pathing around it

   [kira-voice] -> T1·brisk· (beat) 'you walk on under open sky, the next town somewhere past the horizon'  fired=True  [age 0.0s + post 6ms]

   [travel] HEARTBEAT step=40 map=(3, 43) coords=(4, 23) elapsed=30s

   [travel] step 40: (4, 23)->(4, 24) map=(3, 43) (path 10 to exit)

   [campaign]    [roam] watchdog: SCENE callback owns the screen (evolution/naming/cutscene) — deliberate stillness, watch resets until the world returns

   [travel] ENCOUNTER -> on-time beat, warm up, hand off

   [kira-voice] -> T1·brisk· (beat) 'a wild Pokemon leaps out at you'  fired=True  [age 0.0s + post 4ms]

   [campaign]    [soul] ORACLE decision: kind=catch_judgment ctx={'place': "a wild oddish (L12, grass/poison) just appeared. sizing it up: a grass/poison type — I have zero grass/poison coverage. it's only L12 so it needs raising, but the gap's worth it. your call — is this one joining the team?"} options=['catch', 'skip']

   [kira-voice] ORACLE kind=catch_judgment options=['catch', 'skip'] -> pick='skip'

   [campaign]    [soul] ORACLE pick -> 'skip'

   [campaign]    CATCH-JUDGMENT: oddish L12 -> skip (lean=catch, oracle='skip') — a grass/poison type — I have zero grass/poison coverage. it's only L12 so it needs raising, but the gap's worth it

   [Bridge] INPUT OWNER = 'agent' (sole writer; others dropped+logged)

   [kira-voice] -> T1·brisk· (roster) "a oddish… a grass/poison type — I have zero grass/poison coverage. it's only L12 so it needs raising, but the gap's worth it. not this one — moving on."  fired=True  [age 0.0s + post 3ms]

   [kira-voice] -> T1·brisk· (event) 'a battle started against oddish — your blastoise is up front'  fired=True  [age 0.0s + post 6ms]

   [play-live]    [engine] JUST FIGHT: L69 vs L12 + connecting damage — skipping bag/switch hierarchy this turn

   [play-live]    [engine] action menu: Earthquake - a solid hit -> slot 2 (eff x1) vs oddish 33/33 | [0]Skull Bash(p100,pp=15,ref=0,sc=50) [1]Surf(p95*STAB,pp=15,ref=0,sc=71.25) [2]Earthquake(p100,pp=10,ref=0,sc=100)

   [play-live]    [engine] STREAM COMMIT: Earthquake - a solid hit slot 2 (menu_up=1 action=True moves=False)

   [play-live]    [engine] battle-progress: move resolved

   [play-live]    [engine] battle-progress: enemy fainted

   [kira-voice] -> T1·brisk· (event) "the enemy's oddish went down to your blastoise — that's the battle, you won"  fired=True  [age 0.0s + post 16ms]

   [Bridge] INPUT OWNER = 'agent' (sole writer; others dropped+logged)

   [travel] battle outcome=win; resuming pathfind

   [Bridge] INPUT OWNER = 'agent' (sole writer; others dropped+logged)

   [kira-voice] ·dedup· (repeat text, T1, looping?) 'the route opens up ahead, grass swaying at the edges of the path'

   [travel] step 50: (4, 29)->(4, 30) map=(3, 43) (path 4 to exit)

   [travel] reached target coord (5, 31)

   [Bridge] INPUT OWNER = 'agent' (sole writer; others dropped+logged)

   [travel] start map=(3, 43) coords=(5, 31) -> coord (3, 19) (budget 80s, surf-capable)

   [travel] step 0: (5, 31)->(5, 30) map=(3, 43) (path 15 to exit)

   [campaign]    [roam] watchdog: SCENE callback owns the screen (evolution/naming/cutscene) — deliberate stillness, watch resets until the world returns

   [travel] ENCOUNTER -> on-time beat, warm up, hand off

   [kira-voice] ·dedup· (repeat text, T1, looping?) 'a wild Pokemon leaps out at you'

   [campaign]    [soul] ORACLE decision: kind=catch_judgment ctx={'place': "a wild weedle (L7, bug/poison) just appeared. sizing it up: a bug/poison type — I have zero bug/poison coverage. it's only L7 so it needs raising, but the gap's worth it. your call — is this one joining the team?"} options=['catch', 'skip']

   [kira-voice] ORACLE kind=catch_judgment options=['catch', 'skip'] -> pick='skip'

   [campaign]    [soul] ORACLE pick -> 'skip'

   [campaign]    CATCH-JUDGMENT: weedle L7 -> skip (lean=catch, oracle='skip') — a bug/poison type — I have zero bug/poison coverage. it's only L7 so it needs raising, but the gap's worth it

   [Bridge] INPUT OWNER = 'agent' (sole writer; others dropped+logged)

   [kira-voice] -> T1·brisk· (roster) "a weedle… a bug/poison type — I have zero bug/poison coverage. it's only L7 so it needs raising, but the gap's worth it. not this one — moving on."  fired=True  [age 0.0s + post 4ms]

   [kira-voice] -> T1·brisk· (event) 'a battle started against weedle — your blastoise is up front'  fired=True  [age 0.0s + post 2ms]

   [play-live]    [engine] JUST FIGHT: L69 vs L7 + connecting damage — skipping bag/switch hierarchy this turn

   [play-live]    [engine] action menu: Surf - a STAB hit -> slot 1 (eff x1) vs weedle 24/24 | [0]Skull Bash(p100,pp=15,ref=0,sc=50) [1]Surf(p95*STAB,pp=15,ref=0,sc=142.5) [2]Earthquake(p100,pp=9,ref=0,sc=100)

   [play-live]    [engine] STREAM COMMIT: Surf - a STAB hit slot 1 (menu_up=1 action=True moves=False)

   [play-live]    [engine] !! WRONG SLOT FIRED: chose 1 but slot 0 was consumed (cursor desync survived the force-write; wrong-fires 1) — LOUD

   [play-live]    [engine] battle-progress: move resolved

   [play-live]    [engine] battle-progress: enemy fainted

   [kira-voice] -> T1·brisk· (event) "the enemy's weedle went down to your blastoise — that's the battle, you won"  fired=True  [age 0.0s + post 2ms]

   [Bridge] INPUT OWNER = 'agent' (sole writer; others dropped+logged)

   [travel] battle outcome=win; resuming pathfind

   [Bridge] INPUT OWNER = 'agent' (sole writer; others dropped+logged)

   [kira-voice] -> T1·brisk· (beat) 'the route opens up ahead, grass swaying at the edges of the path'  fired=True  [age 0.0s + post 6ms]

   [travel] reached target coord (3, 19)

   [Bridge] INPUT OWNER = 'agent' (sole writer; others dropped+logged)

   [travel] start map=(3, 43) coords=(3, 19) -> coord (3, 26) (budget 80s, surf-capable)

   [travel] step 0: (3, 19)->(3, 20) map=(3, 43) (path 8 to exit)

   [campaign]    [roam] watchdog: SCENE callback owns the screen (evolution/naming/cutscene) — deliberate stillness, watch resets until the world returns

   [travel] ENCOUNTER -> on-time beat, warm up, hand off

   [kira-voice] ·dedup· (repeat text, T1, looping?) 'a wild Pokemon leaps out at you'

   [campaign]    [soul] ORACLE decision: kind=catch_judgment ctx={'place': "a wild kakuna (L8, bug/poison) just appeared. sizing it up: a bug/poison type — I have zero bug/poison coverage. it's only L8 so it needs raising, but the gap's worth it. your call — is this one joining the team?"} options=['catch', 'skip']

   [kira-voice] ORACLE kind=catch_judgment options=['catch', 'skip'] -> pick='skip'

   [campaign]    [soul] ORACLE pick -> 'skip'

   [campaign]    CATCH-JUDGMENT: kakuna L8 -> skip (lean=catch, oracle='skip') — a bug/poison type — I have zero bug/poison coverage. it's only L8 so it needs raising, but the gap's worth it

   [Bridge] INPUT OWNER = 'agent' (sole writer; others dropped+logged)

   [kira-voice] -> T1·brisk· (roster) "a kakuna… a bug/poison type — I have zero bug/poison coverage. it's only L8 so it needs raising, but the gap's worth it. not this one — moving on."  fired=True  [age 0.0s + post 3ms]

   [pkmn-audio] !! PCM queue full — dropped frame audio (total drops 1; bursts here = audible crackle)

   [kira-voice] -> T1·brisk· (event) 'a battle started against kakuna — your blastoise is up front'  fired=True  [age 0.0s + post 2ms]

   [play-live]    [engine] JUST FIGHT: L69 vs L8 + connecting damage — skipping bag/switch hierarchy this turn

   [play-live]    [engine] action menu: Surf - a STAB hit -> slot 1 (eff x1) vs kakuna 26/26 | [0]Skull Bash(p100,pp=14,ref=0,sc=50) [1]Surf(p95*STAB,pp=15,ref=0,sc=142.5) [2]Earthquake(p100,pp=9,ref=0,sc=100)

   [play-live]    [engine] STREAM COMMIT: Surf - a STAB hit slot 1 (menu_up=1 action=True moves=False)

   [play-live]    [engine] battle-progress: move resolved

   [play-live]    [engine] battle-progress: enemy fainted

   [kira-voice] -> T1·brisk· (event) "the enemy's kakuna went down to your blastoise — that's the battle, you won"  fired=True  [age 0.0s + post 2ms]

   [Bridge] INPUT OWNER = 'agent' (sole writer; others dropped+logged)

   [travel] battle outcome=win; resuming pathfind

   [Bridge] INPUT OWNER = 'agent' (sole writer; others dropped+logged)

   [kira-voice] ·dedup· (repeat text, T1, looping?) 'the route opens up ahead, grass swaying at the edges of the path'

   [travel] step 10: (3, 25)->(3, 26) map=(3, 43) (path 2 to exit)

   [travel] reached target coord (3, 26)

   [Bridge] INPUT OWNER = 'agent' (sole writer; others dropped+logged)

   [travel] start map=(3, 43) coords=(3, 26) -> coord (5, 31) (budget 80s, surf-capable)

   [travel] step 0: (3, 26)->(3, 27) map=(3, 43) (path 8 to exit)

   [travel] reached target coord (5, 31)

   [Bridge] INPUT OWNER = 'agent' (sole writer; others dropped+logged)

   [travel] start map=(3, 43) coords=(5, 31) -> coord (3, 19) (budget 80s, surf-capable)

   [campaign]    [roam] watchdog: SCENE callback owns the screen (evolution/naming/cutscene) — deliberate stillness, watch resets until the world returns

   [travel] ENCOUNTER -> on-time beat, warm up, hand off

   [kira-voice] -> T1·brisk· (beat) 'a wild Pokemon leaps out at you'  fired=True  [age 0.0s + post 4ms]

   [campaign]    [soul] ORACLE decision: kind=catch_judgment ctx={'place': "a wild oddish (L13, grass/poison) just appeared. sizing it up: a grass/poison type — I don't have ANY grass/poison coverage, and L13 is workable. that's a real gap filled. your call — is this one joining the team?"} options=['catch', 'skip']

   [kira-voice] ORACLE kind=catch_judgment options=['catch', 'skip'] -> pick='skip'

   [campaign]    [soul] ORACLE pick -> 'skip'

   [campaign]    CATCH-JUDGMENT: oddish L13 -> skip (lean=catch, oracle='skip') — a grass/poison type — I don't have ANY grass/poison coverage, and L13 is workable. that's a real gap filled

   [Bridge] INPUT OWNER = 'agent' (sole writer; others dropped+logged)

   [kira-voice] -> T1·brisk· (event) 'a battle started against oddish — your blastoise is up front'  fired=True  [age 0.0s + post 3ms]

   [play-live]    [engine] JUST FIGHT: L69 vs L13 + connecting damage — skipping bag/switch hierarchy this turn

   [play-live]    [engine] action menu: Earthquake - a solid hit -> slot 2 (eff x1) vs oddish 37/37 | [0]Skull Bash(p100,pp=14,ref=0,sc=50) [1]Surf(p95*STAB,pp=14,ref=0,sc=71.25) [2]Earthquake(p100,pp=9,ref=0,sc=100)

   [play-live]    [engine] STREAM COMMIT: Earthquake - a solid hit slot 2 (menu_up=1 action=True moves=False)

   [play-live]    [engine] battle-progress: move resolved

   [play-live]    [engine] battle-progress: enemy fainted

   [kira-voice] -> T1·brisk· (event) "the enemy's oddish went down to your blastoise — that's the battle, you won"  fired=True  [age 0.0s + post 3ms]

   [Bridge] INPUT OWNER = 'agent' (sole writer; others dropped+logged)

   [travel] battle outcome=win; resuming pathfind

   [Bridge] INPUT OWNER = 'agent' (sole writer; others dropped+logged)

   [kira-voice] ·dedup· (repeat text, T1, looping?) 'the route opens up ahead, grass swaying at the edges of the path'

   [travel] step 10: (5, 25)->(5, 24) map=(3, 43) (path 9 to exit)

   [campaign]    [roam] watchdog: SCENE callback owns the screen (evolution/naming/cutscene) — deliberate stillness, watch resets until the world returns

   [travel] ENCOUNTER -> on-time beat, warm up, hand off

   [kira-voice] ·dedup· (repeat text, T1, looping?) 'a wild Pokemon leaps out at you'

   [campaign]    [soul] ORACLE decision: kind=catch_judgment ctx={'place': "a wild pidgey (L13, normal/flying) just appeared. sizing it up: I've already got one of those — a twin pidgey doesn't make the team stronger. your call — is this one joining the team?"} options=['catch', 'skip']

   [kira-voice] ORACLE kind=catch_judgment options=['catch', 'skip'] -> pick='skip'

   [campaign]    [soul] ORACLE pick -> 'skip'

   [campaign]    CATCH-JUDGMENT: pidgey L13 -> skip (lean=skip, oracle='skip') — I've already got one of those — a twin pidgey doesn't make the team stronger

   [Bridge] INPUT OWNER = 'agent' (sole writer; others dropped+logged)

   [kira-voice] -> T1·brisk· (roster) "a pidgey… I've already got one of those — a twin pidgey doesn't make the team stronger. not this one — moving on."  fired=True  [age 0.0s + post 5ms]

   [kira-voice] -> T1·brisk· (event) 'a battle started against pidgey — your blastoise is up front'  fired=True  [age 0.0s + post 2ms]

   [play-live]    [engine] JUST FIGHT: L69 vs L13 + connecting damage — skipping bag/switch hierarchy this turn

   [play-live]    [engine] action menu: Surf - a STAB hit -> slot 1 (eff x1) vs pidgey 33/33 | [0]Skull Bash(p100,pp=14,ref=0,sc=50) [1]Surf(p95*STAB,pp=14,ref=0,sc=142.5) [2]Earthquake(p100,pp=8,ref=0,sc=0)

   [play-live]    [engine] STREAM COMMIT: Surf - a STAB hit slot 1 (menu_up=1 action=True moves=False)

   [campaign]    [health] publish skipped: [WinError 5] Access is denied: 'G:\\JonnyD\\NeuroAI_Bot\\pokemon_agent\\states\\campaign\\health.json.tmp' -> 'G:\\JonnyD\\NeuroAI_Bot\\pokemon_agent\\states\\campaign\\health.json'

   [play-live]    [engine] battle-progress: enemy fainted

   [kira-voice] -> T1·brisk· (event) "the enemy's pidgey went down to your blastoise — that's the battle, you won"  fired=True  [age 0.0s + post 3ms]

   [Bridge] INPUT OWNER = 'agent' (sole writer; others dropped+logged)

   [travel] battle outcome=win; resuming pathfind

   [Bridge] INPUT OWNER = 'agent' (sole writer; others dropped+logged)

   [kira-voice] -> T1·brisk· (beat) 'you walk on under open sky, the next town somewhere past the horizon'  fired=True  [age 0.0s + post 12ms]

   [travel] step 20: (4, 20)->(4, 19) map=(3, 43) (path 3 to exit)

   [travel] reached target coord (3, 19)

   [Bridge] INPUT OWNER = 'agent' (sole writer; others dropped+logged)

   [travel] start map=(3, 43) coords=(3, 19) -> coord (3, 26) (budget 80s, surf-capable)

   [travel] step 0: (3, 19)->(3, 20) map=(3, 43) (path 8 to exit)

   [campaign]    [roam] watchdog: SCENE callback owns the screen (evolution/naming/cutscene) — deliberate stillness, watch resets until the world returns

   [travel] ENCOUNTER -> on-time beat, warm up, hand off

   [kira-voice] ·dedup· (repeat text, T1, looping?) 'a wild Pokemon leaps out at you'

   [campaign]    [soul] ORACLE decision: kind=catch_judgment ctx={'place': "a wild weedle (L7, bug/poison) just appeared. sizing it up: a bug/poison type — I have zero bug/poison coverage. it's only L7 so it needs raising, but the gap's worth it. your call — is this one joining the team?"} options=['catch', 'skip']

   [Bridge] INPUT OWNER = 'agent' (sole writer; others dropped+logged)

   [pkmn-audio-child] parent closed the pipe (EOF) � clean shutdown.

   [pkmn-audio-child] stopped after 30571 frames.

   [pkmn-audio] stopped (isolated); audio child closed; frame-stepping restored.



================================================================

   PLAY-LIVE RESULT: window-closed

   final: map=(3, 43) coords=(3, 21)  badge=True

   [kira-voice] === 61 fired, 50 gated (0 failed) | by tier: T3=0 T2=29 T1=32 (incl ambient trickle) ===

================================================================

